county_id,crop_type,year,month,yield_bu_acre,prediction,residual,abs_error,ape
19001,corn,2022,1,164.2,184.80168061522232,-20.601680615222335,20.601680615222335,12.546699522059887
19001,corn,2022,2,164.2,191.30890352039216,-27.108903520392175,27.108903520392175,16.50968545699889
19001,corn,2022,3,164.2,190.51734318137952,-26.317343181379528,26.317343181379528,16.027614604981444
19001,corn,2022,4,164.2,187.76819110062291,-23.568191100622926,23.568191100622926,14.353344153850747
19001,corn,2022,5,164.2,183.50113250223225,-19.301132502232264,19.301132502232264,11.754648296121964
19001,corn,2022,6,164.2,186.18468539447804,-21.98468539447805,21.98468539447805,13.388967962532309
19001,corn,2022,7,164.2,186.54775259671473,-22.34775259671474,22.34775259671474,13.610080753175849
19001,corn,2022,8,164.2,187.12715305290178,-22.927153052901787,22.927153052901787,13.962943393971855
19001,corn,2022,9,164.2,187.71280543967433,-23.512805439674338,23.512805439674338,14.319613544259646
19001,corn,2022,10,164.2,188.25764546186093,-24.057645461860943,24.057645461860943,14.651428417698506
19001,corn,2022,11,164.2,187.12996053841044,-22.929960538410455,22.929960538410455,13.964653190262155
19001,corn,2022,12,164.2,188.58874996736148,-24.38874996736149,24.38874996736149,14.853075497784102
19005,corn,2022,1,215.9,193.81904986765198,22.080950132348022,22.080950132348022,10.227397004329793
19005,corn,2022,2,215.9,191.99183465652703,23.908165343472973,23.908165343472973,11.073721789473355
19005,corn,2022,3,215.9,183.3189555924811,32.5810444075189,32.5810444075189,15.090803338359843
19005,corn,2022,4,215.9,183.20705984200015,32.69294015799986,32.69294015799986,15.142630920796599
19005,corn,2022,5,215.9,183.3625572505026,32.537442749497416,32.537442749497416,15.07060803589505
19005,corn,2022,6,215.9,188.81201596110887,27.087984038891136,27.087984038891136,12.546541935567918
19005,corn,2022,7,215.9,188.7813373217069,27.118662678293106,27.118662678293106,12.560751587907875
19005,corn,2022,8,215.9,191.1921078042099,24.707892195790095,24.707892195790095,11.444137191195042
19005,corn,2022,9,215.9,187.38633817846363,28.513661821536374,28.513661821536374,13.206883659813048
19005,corn,2022,10,215.9,186.4142850194648,29.485714980535192,29.485714980535192,13.657116711688369
19005,corn,2022,11,215.9,185.58696828538658,30.31303171461343,30.31303171461343,14.040311123026136
19005,corn,2022,12,215.9,187.23750998923558,28.66249001076443,28.66249001076443,13.275817513091445
19007,corn,2022,1,146.1,184.864754766744,-38.764754766744005,38.764754766744005,26.53302858777824
19007,corn,2022,2,146.1,192.10782826268576,-46.00782826268576,46.00782826268576,31.49064220580819
19007,corn,2022,3,146.1,187.9725800967048,-41.87258009670481,41.87258009670481,28.660219094253808
19007,corn,2022,4,146.1,182.08350351369168,-35.98350351369169,35.98350351369169,24.62936585468288
19007,corn,2022,5,146.1,181.6996920386208,-35.599692038620816,35.599692038620816,24.366661217399603
19007,corn,2022,6,146.1,182.9249447377223,-36.82494473772232,36.82494473772232,25.205300984067296
19007,corn,2022,7,146.1,183.49711817912555,-37.397118179125556,37.397118179125556,25.59693236079778
19007,corn,2022,8,146.1,185.1594618161306,-39.05946181613061,39.05946181613061,26.734744569562363
19007,corn,2022,9,146.1,187.26395719448067,-41.16395719448067,41.16395719448067,28.175193151595263
19007,corn,2022,10,146.1,185.77452294520356,-39.67452294520356,39.67452294520356,27.155730968654048
19007,corn,2022,11,146.1,182.97013722855775,-36.87013722855775,36.87013722855775,25.236233558218856
19007,corn,2022,12,146.1,181.94730071154555,-35.84730071154556,35.84730071154556,24.536140117416537
19009,corn,2022,1,197.9,192.72980508361832,5.170194916381689,5.170194916381689,2.6125290128255125
19009,corn,2022,2,197.9,191.34217801776916,6.557821982230848,6.557821982230848,3.3137048924865327
19009,corn,2022,3,197.9,191.17000631349617,6.729993686503832,6.729993686503832,3.400704237748273
19009,corn,2022,4,197.9,193.0103091971046,4.889690802895416,4.889690802895416,2.470788682615167
19009,corn,2022,5,197.9,186.39397528673166,11.506024713268346,11.506024713268346,5.814059986492342
19009,corn,2022,6,197.9,186.5846472671356,11.315352732864397,11.315352732864397,5.71771234606589
19009,corn,2022,7,197.9,184.91921139054776,12.980788609452247,12.980788609452247,6.559266604068846
19009,corn,2022,8,197.9,186.03585203234388,11.864147967656123,11.864147967656123,5.995021711801982
19009,corn,2022,9,197.9,187.44006977875597,10.459930221244036,10.459930221244036,5.2854624665204835
19009,corn,2022,10,197.9,186.25127836472055,11.648721635279458,11.648721635279458,5.886165555977492
19009,corn,2022,11,197.9,189.18081131222056,8.71918868777945,8.71918868777945,4.405855830105836
19009,corn,2022,12,197.9,189.48332496863935,8.416675031360654,8.416675031360654,4.2529939521781985
19011,corn,2022,1,221.7,193.4414293731129,28.258570626887092,28.258570626887092,12.746310612037481
19011,corn,2022,2,221.7,190.13461122362153,31.565388776378455,31.565388776378455,14.237883976715587
19011,corn,2022,3,221.7,187.21709935575026,34.482900644249725,34.482900644249725,15.553856853518145
19011,corn,2022,4,221.7,189.1873319015291,32.5126680984709,32.5126680984709,14.665163779193009
19011,corn,2022,5,221.7,189.16467954600193,32.535320453998054,32.535320453998054,14.675381350472735
19011,corn,2022,6,221.7,190.32833216747505,31.371667832524935,31.371667832524935,14.150504209528613
19011,corn,2022,7,221.7,188.79988441443706,32.90011558556293,32.90011558556293,14.839925839225499
19011,corn,2022,8,221.7,191.50258857521433,30.197411424785656,30.197411424785656,13.620844124846936
19011,corn,2022,9,221.7,188.45750613794485,33.24249386205514,33.24249386205514,14.994358981531414
19011,corn,2022,10,221.7,188.2760135341837,33.423986465816284,33.423986465816284,15.076223033746633
19011,corn,2022,11,221.7,189.50286421667303,32.19713578332696,32.19713578332696,14.522839775970661
19011,corn,2022,12,221.7,188.6308836423035,33.06911635769649,33.06911635769649,14.91615532597947
19013,corn,2022,1,202.5,192.60662631382243,9.893373686177569,9.893373686177569,4.885616635149416
19013,corn,2022,2,202.5,192.3240317691857,10.175968230814306,10.175968230814306,5.025169496698423
19013,corn,2022,3,202.5,188.70344976745002,13.796550232549976,13.796550232549976,6.813111225950605
19013,corn,2022,4,202.5,189.92535445189185,12.574645548108151,12.574645548108151,6.209701505238593
19013,corn,2022,5,202.5,187.2902863052344,15.209713694765611,15.209713694765611,7.5109697258101775
19013,corn,2022,6,202.5,188.95095685817734,13.549043141822665,13.549043141822665,6.69088550213465
19013,corn,2022,7,202.5,186.353243618995,16.14675638100499,16.14675638100499,7.973706854817279
19013,corn,2022,8,202.5,188.20513611420117,14.294863885798833,14.294863885798833,7.059192042369794
19013,corn,2022,9,202.5,187.39970904730274,15.100290952697264,15.100290952697264,7.4569338038011175
19013,corn,2022,10,202.5,187.41069183791305,15.089308162086951,15.089308162086951,7.451510203499728
19013,corn,2022,11,202.5,188.47963485920272,14.020365140797281,14.020365140797281,6.9236371065665585
19013,corn,2022,12,202.5,189.05781556967457,13.442184430325426,13.442184430325426,6.638115768061939
19015,corn,2022,1,202.4,191.77904196989402,10.620958030105982,10.620958030105982,5.247508908155129
19015,corn,2022,2,202.4,192.2093806314248,10.190619368575199,10.190619368575199,5.034890992379051
19015,corn,2022,3,202.4,192.54104559075398,9.858954409246024,9.858954409246024,4.8710249057539645
19015,corn,2022,4,202.4,192.40626213064886,9.99373786935115,9.99373786935115,4.937617524382979
19015,corn,2022,5,202.4,189.3632058028285,13.036794197171503,13.036794197171503,6.441103852357462
19015,corn,2022,6,202.4,187.7922812804244,14.607718719575615,14.607718719575615,7.217252331806135
19015,corn,2022,7,202.4,185.25872260150337,17.14127739849664,17.14127739849664,8.469010572379764
19015,corn,2022,8,202.4,187.07542516934916,15.324574830650846,15.324574830650846,7.571430252297849
19015,corn,2022,9,202.4,187.28362054017157,15.116379459828437,15.116379459828437,7.468566926792705
19015,corn,2022,10,202.4,188.82197924857667,13.578020751423338,13.578020751423338,6.708508276394929
19015,corn,2022,11,202.4,190.63223707198424,11.76776292801577,11.76776292801577,5.814112118584867
19015,corn,2022,12,202.4,188.88455309462435,13.515446905375654,13.515446905375654,6.677592344553189
19017,corn,2022,1,210.8,193.72776273038366,17.072237269616352,17.072237269616352,8.098784283499217
19017,corn,2022,2,210.8,190.96355669648992,19.836443303510094,19.836443303510094,9.410077468458299
19017,corn,2022,3,210.8,190.20858637021283,20.591413629787183,20.591413629787183,9.768222784529023
19017,corn,2022,4,210.8,190.7948558340168,20.00514416598321,20.00514416598321,9.490106340599246
19017,corn,2022,5,210.8,189.1713977692847,21.628602230715302,21.628602230715302,10.260247737530978
19017,corn,2022,6,210.8,184.5871838273799,26.21281617262011,26.21281617262011,12.434922283026616
19017,corn,2022,7,210.8,185.35402681604663,25.445973183953384,25.445973183953384,12.071144774171435
19017,corn,2022,8,210.8,186.5549534316252,24.245046568374818,24.245046568374818,11.501445241164523
19017,corn,2022,9,210.8,186.76858738929823,24.03141261070178,24.03141261070178,11.400100858966686
19017,corn,2022,10,210.8,186.8322505434393,23.96774945656071,23.96774945656071,11.369900121708117
19017,corn,2022,11,210.8,188.56279383564188,22.237206164358128,22.237206164358128,10.548959281004803
19017,corn,2022,12,210.8,187.36742446319232,23.43257553680769,23.43257553680769,11.116022550667784
19019,corn,2022,1,209.7,194.21349418062675,15.486505819373235,15.486505819373235,7.385076690211367
19019,corn,2022,2,209.7,189.38813203585784,20.311867964142152,20.311867964142152,9.686155443081617
19019,corn,2022,3,209.7,188.27301387696266,21.426986123037324,21.426986123037324,10.21792375919758
19019,corn,2022,4,209.7,190.70054994907923,18.999450050920757,18.999450050920757,9.060300453467217
19019,corn,2022,5,209.7,188.5676595441626,21.13234045583738,21.13234045583738,10.07741557264539
19019,corn,2022,6,209.7,190.60890479256895,19.09109520743104,19.09109520743104,9.104003437020047
19019,corn,2022,7,209.7,188.3850609285352,21.314939071464778,21.314939071464778,10.164491688824405
19019,corn,2022,8,209.7,190.98045057593393,18.71954942406606,18.71954942406606,8.926823759688155
19019,corn,2022,9,209.7,186.68101203046598,23.01898796953401,23.01898796953401,10.977104420378641
19019,corn,2022,10,209.7,188.5128042346941,21.187195765305887,21.187195765305887,10.10357451850543
19019,corn,2022,11,209.7,190.35753167664328,19.342468323356712,19.342468323356712,9.223876167552081
19019,corn,2022,12,209.7,190.09396408064018,19.60603591935981,19.60603591935981,9.349564100791516
19021,corn,2022,1,197.0,197.38919240163284,-0.3891924016328403,0.3891924016328403,0.19755959473748236
19021,corn,2022,2,197.0,197.24026603659885,-0.24026603659885382,0.24026603659885382,0.12196245512632173
19021,corn,2022,3,197.0,195.23594287974672,1.764057120253284,1.764057120253284,0.8954604671336467
19021,corn,2022,4,197.0,195.56548136908276,1.434518630917239,1.434518630917239,0.7281820461508828
19021,corn,2022,5,197.0,193.81504639945766,3.184953600542343,3.184953600542343,1.6167277160113416
19021,corn,2022,6,197.0,194.07280370735376,2.9271962926462436,2.9271962926462436,1.4858864429676364
19021,corn,2022,7,197.0,186.938101187424,10.061898812576004,10.061898812576004,5.107562849023353
19021,corn,2022,8,197.0,191.00448088321627,5.995519116783726,5.995519116783726,3.043410719179556
19021,corn,2022,9,197.0,191.03504514784,5.964954852159991,5.964954852159991,3.0278958640406044
19021,corn,2022,10,197.0,188.4016859881131,8.598314011886913,8.598314011886913,4.364626401973052
19021,corn,2022,11,197.0,195.69437814527583,1.3056218547241656,1.3056218547241656,0.662752210519881
19021,corn,2022,12,197.0,196.6861135414022,0.31388645859780695,0.31388645859780695,0.1593332277146228
19023,corn,2022,1,212.4,198.19323990515028,14.206760094849727,14.206760094849727,6.6886817772362175
19023,corn,2022,2,212.4,196.88891264574818,15.511087354251828,15.511087354251828,7.3027718240357
19023,corn,2022,3,212.4,193.7345916804626,18.66540831953742,18.66540831953742,8.787857024264321
19023,corn,2022,4,212.4,193.09257763702814,19.307422362971863,19.307422362971863,9.090123523056432
19023,corn,2022,5,212.4,193.483373161765,18.916626838235004,18.916626838235004,8.90613316301083
19023,corn,2022,6,212.4,194.70692466226996,17.69307533773005,17.69307533773005,8.330073134524506
19023,corn,2022,7,212.4,186.79666200227817,25.603337997721837,25.603337997721837,12.054302258814424
19023,corn,2022,8,212.4,192.0830067420454,20.316993257954607,20.316993257954607,9.565439386984279
19023,corn,2022,9,212.4,191.11046504530609,21.28953495469392,21.28953495469392,10.023321541757966
19023,corn,2022,10,212.4,187.60805790761563,24.791942092384375,24.791942092384375,11.672289120708273
19023,corn,2022,11,212.4,192.56105585639443,19.838944143605573,19.838944143605573,9.3403691824885
19023,corn,2022,12,212.4,194.86480960241775,17.535190397582255,17.535190397582255,8.255739358560383
19025,corn,2022,1,202.3,200.08506762626232,2.214932373737696,2.214932373737696,1.094875122954867
19025,corn,2022,2,202.3,197.77596880705897,4.524031192941038,4.524031192941038,2.2362981675437656
19025,corn,2022,3,202.3,195.0487965668951,7.251203433104905,7.251203433104905,3.584381331243156
19025,corn,2022,4,202.3,194.29688751263686,8.003112487363154,8.003112487363154,3.956061536017377
19025,corn,2022,5,202.3,193.88959514952828,8.410404850471735,8.410404850471735,4.157392412492207
19025,corn,2022,6,202.3,193.74820694893074,8.551793051069268,8.551793051069268,4.227282773637799
19025,corn,2022,7,202.3,189.53745848073316,12.762541519266847,12.762541519266847,6.308720474180348
19025,corn,2022,8,202.3,194.18381641949918,8.11618358050083,8.11618358050083,4.011954315620776
19025,corn,2022,9,202.3,191.98569790670817,10.314302093291843,10.314302093291843,5.098518088626714
19025,corn,2022,10,202.3,189.46395434102448,12.836045658975536,12.836045658975536,6.345054700432791
19025,corn,2022,11,202.3,197.48880828430887,4.8111917156911375,4.8111917156911375,2.3782460285176157
19025,corn,2022,12,202.3,199.8644052638895,2.4355947361105166,2.4355947361105166,1.2039519209641703
19027,corn,2022,1,195.7,197.99710443624207,-2.29710443624208,2.29710443624208,1.173788674625488
19027,corn,2022,2,195.7,195.81584302738082,-0.11584302738083352,0.11584302738083352,0.05919418874850973
19027,corn,2022,3,195.7,193.82134625228397,1.8786537477160152,1.8786537477160152,0.959966145996942
19027,corn,2022,4,195.7,195.21640792983618,0.4835920701638088,0.4835920701638088,0.2471088759140566
19027,corn,2022,5,195.7,193.19949676596005,2.5005032340399396,2.5005032340399396,1.2777226540827489
19027,corn,2022,6,195.7,193.616320606957,2.083679393042985,2.083679393042985,1.0647314220965687
19027,corn,2022,7,195.7,187.39946075560923,8.300539244390762,8.300539244390762,4.2414610344357495
19027,corn,2022,8,195.7,192.03742117983134,3.6625788201686476,3.6625788201686476,1.8715272458705405
19027,corn,2022,9,195.7,190.80649747104707,4.893502528952922,4.893502528952922,2.500512278463425
19027,corn,2022,10,195.7,187.8117660394356,7.888233960564378,7.888233960564378,4.03077872282288
19027,corn,2022,11,195.7,196.00620821020232,-0.30620821020232825,0.30620821020232825,0.1564681707727789
19027,corn,2022,12,195.7,196.48974879686446,-0.7897487968644725,0.7897487968644725,0.4035507393277836
19029,corn,2022,1,179.2,198.55415963502898,-19.354159635028992,19.354159635028992,10.800312296333143
19029,corn,2022,2,179.2,196.37664967943755,-17.17664967943756,17.17664967943756,9.585183972900424
19029,corn,2022,3,179.2,192.65721997673654,-13.457219976736553,13.457219976736553,7.509609362018166
19029,corn,2022,4,179.2,193.47060459785953,-14.270604597859545,14.270604597859545,7.96350703005555
19029,corn,2022,5,179.2,189.82619886827467,-10.626198868274685,10.626198868274685,5.929798475599713
19029,corn,2022,6,179.2,193.14359348735096,-13.943593487350967,13.943593487350967,7.781023151423532
19029,corn,2022,7,179.2,188.82807611110775,-9.62807611110776,9.62807611110776,5.372810329859242
19029,corn,2022,8,179.2,190.2227530856616,-11.022753085661606,11.022753085661606,6.151089891552235
19029,corn,2022,9,179.2,191.09747382633114,-11.89747382633115,11.89747382633115,6.639215304872294
19029,corn,2022,10,179.2,187.68491464526272,-8.484914645262734,8.484914645262734,4.734885404722508
19029,corn,2022,11,179.2,188.8647265351461,-9.664726535146116,9.664726535146116,5.39326257541636
19029,corn,2022,12,179.2,195.6183383243924,-16.41833832439241,16.41833832439241,9.162019154236836
19031,corn,2022,1,221.4,197.4483587757101,23.951641224289915,23.951641224289915,10.818266135632301
19031,corn,2022,2,221.4,192.64564102913013,28.754358970869873,28.754358970869873,12.987515343662995
19031,corn,2022,3,221.4,191.81748174332492,29.582518256675087,29.582518256675087,13.36157102830853
19031,corn,2022,4,221.4,194.1993807934822,27.200619206517814,27.200619206517814,12.28573586563587
19031,corn,2022,5,221.4,191.69108425016066,29.70891574983935,29.70891574983935,13.418661133622109
19031,corn,2022,6,221.4,189.62169531546235,31.77830468453766,31.77830468453766,14.35334448262767
19031,corn,2022,7,221.4,186.95365168067667,34.446348319323334,34.446348319323334,15.558422908456789
19031,corn,2022,8,221.4,191.2651600952637,30.13483990473631,30.13483990473631,13.611038800693906
19031,corn,2022,9,221.4,190.1759280674166,31.2240719325834,31.2240719325834,14.103013519685364
19031,corn,2022,10,221.4,187.32361077436877,34.07638922563123,34.07638922563123,15.39132304680724
19031,corn,2022,11,221.4,191.74543163700113,29.654568362998873,29.654568362998873,13.394113985094341
19031,corn,2022,12,221.4,193.68111132725002,27.718888672749983,27.718888672749983,12.519823248757897
19033,corn,2022,1,216.9,194.45235243388618,22.44764756611383,22.44764756611383,10.349307314944136
19033,corn,2022,2,216.9,197.4784730533329,19.421526946667115,19.421526946667115,8.954138749039704
19033,corn,2022,3,216.9,194.43633747650279,22.46366252349722,22.46366252349722,10.356690882202498
19033,corn,2022,4,216.9,193.7114538013024,23.188546198697594,23.188546198697594,10.690892668832454
19033,corn,2022,5,216.9,193.7267230390519,23.1732769609481,23.1732769609481,10.683852909611849
19033,corn,2022,6,216.9,193.84118186750757,23.058818132492434,23.058818132492434,10.631082587594483
19033,corn,2022,7,216.9,186.54288272325343,30.35711727674658,30.35711727674658,13.995904691907135
19033,corn,2022,8,216.9,192.00442626189687,24.89557373810314,24.89557373810314,11.477903982527957
19033,corn,2022,9,216.9,191.80115568446055,25.098844315539452,25.098844315539452,11.571620246906155
19033,corn,2022,10,216.9,189.28270635918278,27.617293640817223,27.617293640817223,12.73273104694201
19033,corn,2022,11,216.9,193.323047958377,23.576952041623002,23.576952041623002,10.869964057917473
19033,corn,2022,12,216.9,194.7442374010411,22.155762598958916,22.155762598958916,10.214736099105078
19035,corn,2022,1,198.8,198.32929425972054,0.4707057402794703,0.4707057402794703,0.23677351120697704
19035,corn,2022,2,198.8,195.92447698145483,2.8755230185451808,2.8755230185451808,1.4464401501736321
19035,corn,2022,3,198.8,195.27942117270226,3.5205788272977543,3.5205788272977543,1.7709149030672808
19035,corn,2022,4,198.8,196.22310823103376,2.5768917689662487,2.5768917689662487,1.2962232238260807
19035,corn,2022,5,198.8,194.0827154198518,4.717284580148203,4.717284580148203,2.372879567478975
19035,corn,2022,6,198.8,193.92359894398004,4.876401056019972,4.876401056019972,2.45291803622735
19035,corn,2022,7,198.8,188.46927286689927,10.330727133100737,10.330727133100737,5.196542823491316
19035,corn,2022,8,198.8,191.77728720261578,7.02271279738423,7.02271279738423,3.5325517089457894
19035,corn,2022,9,198.8,191.09399102004954,7.706008979950468,7.706008979950468,3.87626206234933
19035,corn,2022,10,198.8,189.47639557579907,9.323604424200937,9.323604424200937,4.689941863280149
19035,corn,2022,11,198.8,196.339564012819,2.4604359871810004,2.4604359871810004,1.2376438567308854
19035,corn,2022,12,198.8,197.36838318709113,1.431616812908885,1.431616812908885,0.7201291815437048
19037,corn,2022,1,214.6,192.89537530598267,21.704624694017326,21.704624694017326,10.11399100373594
19037,corn,2022,2,214.6,194.63575520769734,19.96424479230265,19.96424479230265,9.303003165099092
19037,corn,2022,3,214.6,194.25000799741318,20.349992002586816,20.349992002586816,9.482754894029272
19037,corn,2022,4,214.6,193.1287411133257,21.471258886674292,21.471258886674292,10.005246452317937
19037,corn,2022,5,214.6,192.2651994469548,22.3348005530452,22.3348005530452,10.40764238259329
19037,corn,2022,6,214.6,191.31404359470366,23.285956405296332,23.285956405296332,10.850865053726157
19037,corn,2022,7,214.6,185.36589491179578,29.234105088204217,29.234105088204217,13.622602557411097
19037,corn,2022,8,214.6,187.08376653003256,27.516233469967432,27.516233469967432,12.822103201289577
19037,corn,2022,9,214.6,189.6437272453337,24.956272754666287,24.956272754666287,11.629204452314207
19037,corn,2022,10,214.6,186.70034593909588,27.899654060904112,27.899654060904112,13.00077076463379
19037,corn,2022,11,214.6,192.27655904470396,22.323440955296036,22.323440955296036,10.402349000603932
19037,corn,2022,12,214.6,191.74319116813342,22.856808831866573,22.856808831866573,10.650889483628413
19041,corn,2022,1,191.5,196.3756941557894,-4.875694155789404,4.875694155789404,2.546054389446164
19041,corn,2022,2,191.5,196.49558158668782,-4.99558158668782,4.99558158668782,2.6086587920040833
19041,corn,2022,3,191.5,195.78678285423797,-4.28678285423797,4.28678285423797,2.2385289056072946
19041,corn,2022,4,191.5,195.39345094926233,-3.8934509492623306,3.8934509492623306,2.0331336549672745
19041,corn,2022,5,191.5,193.35635823834085,-1.856358238340846,1.856358238340846,0.9693776701518778
19041,corn,2022,6,191.5,194.11909457861142,-2.619094578611424,2.619094578611424,1.367673409196566
19041,corn,2022,7,191.5,188.00936430741072,3.4906356925892794,3.4906356925892794,1.82278626244871
19041,corn,2022,8,191.5,190.33254701581717,1.1674529841828303,1.1674529841828303,0.6096360230719741
19041,corn,2022,9,191.5,190.70273614134,0.7972638586599885,0.7972638586599885,0.41632577475717414
19041,corn,2022,10,191.5,187.2868113110861,4.2131886889139025,4.2131886889139025,2.200098532069923
19041,corn,2022,11,191.5,194.72461522327376,-3.2246152232737586,3.2246152232737586,1.6838721792552265
19041,corn,2022,12,191.5,195.61702901896365,-4.117029018963649,4.117029018963649,2.1498846052029497
19043,corn,2022,1,215.4,198.32399378019338,17.07600621980663,17.07600621980663,7.927579489232419
19043,corn,2022,2,215.4,196.9737113661719,18.426288633828108,18.426288633828108,8.55445154773821
19043,corn,2022,3,215.4,195.97645825734338,19.423541742656624,19.423541742656624,9.017428849887011
19043,corn,2022,4,215.4,190.8680340963904,24.531965903609603,24.531965903609603,11.389027810403714
19043,corn,2022,5,215.4,189.63626326209632,25.763736737903685,25.763736737903685,11.960880565414895
19043,corn,2022,6,215.4,195.1597738725259,20.240226127474102,20.240226127474102,9.396576660851487
19043,corn,2022,7,215.4,194.53341184312401,20.86658815687599,20.86658815687599,9.687366832347257
19043,corn,2022,8,215.4,196.86240082092402,18.537599179075983,18.537599179075983,8.606127752588664
19043,corn,2022,9,215.4,193.65843065907285,21.741569340927157,21.741569340927157,10.093579081210379
19043,corn,2022,10,215.4,189.85692525762607,25.543074742373932,25.543074742373932,11.858437670554284
19043,corn,2022,11,215.4,192.94961481441385,22.450385185586157,22.450385185586157,10.422648646975931
19043,corn,2022,12,215.4,195.43099308410993,19.969006915890077,19.969006915890077,9.270662449345439
19045,corn,2022,1,225.2,198.98268695712142,26.217313042878573,26.217313042878573,11.641790871615708
19045,corn,2022,2,225.2,193.55462457362177,31.645375426378223,31.645375426378223,14.052120526810935
19045,corn,2022,3,225.2,193.8482282683064,31.35177173169359,31.35177173169359,13.921745884411008
19045,corn,2022,4,225.2,192.97596470746123,32.22403529253876,32.22403529253876,14.309074286207265
19045,corn,2022,5,225.2,192.9394073945055,32.26059260549448,32.26059260549448,14.325307551285293
19045,corn,2022,6,225.2,195.95832610142028,29.241673898579705,29.241673898579705,12.984757503809815
19045,corn,2022,7,225.2,188.21225114100932,36.98774885899067,36.98774885899067,16.424400026194792
19045,corn,2022,8,225.2,195.60856389133926,29.59143610866073,29.59143610866073,13.140069320009207
19045,corn,2022,9,225.2,193.9682921202532,31.23170787974678,31.23170787974678,13.868431562942622
19045,corn,2022,10,225.2,188.0357855349745,37.16421446502548,37.16421446502548,16.502759531538846
19045,corn,2022,11,225.2,191.86546430820835,33.33453569179164,33.33453569179164,14.802191692625064
19045,corn,2022,12,225.2,193.05365016474659,32.1463498352534,32.1463498352534,14.274578079597427
19047,corn,2022,1,216.4,202.68017144473765,13.719828555262353,13.719828555262353,6.340031679880939
19047,corn,2022,2,216.4,197.28868219131925,19.111317808680752,19.111317808680752,8.831477730443972
19047,corn,2022,3,216.4,196.55894626188206,19.84105373811795,19.84105373811795,9.168693964010142
19047,corn,2022,4,216.4,197.6934375099078,18.70656249009221,18.70656249009221,8.644437379894738
19047,corn,2022,5,216.4,194.97745811905486,21.422541880945147,21.422541880945147,9.899511035556907
19047,corn,2022,6,216.4,200.763319724374,15.636680275625991,15.636680275625991,7.225822678200551
19047,corn,2022,7,216.4,193.16036241400528,23.23963758599473,23.23963758599473,10.7392040600715
19047,corn,2022,8,216.4,195.9910901749051,20.408909825094895,20.408909825094895,9.431104355404294
19047,corn,2022,9,216.4,193.26934173222728,23.13065826777273,23.13065826777273,10.68884393150311
19047,corn,2022,10,216.4,188.70154126857108,27.69845873142893,27.69845873142893,12.799657454449598
19047,corn,2022,11,216.4,189.3116144554414,27.088385544558605,27.088385544558605,12.517738236857026
19047,corn,2022,12,216.4,201.54576609178184,14.854233908218163,14.854233908218163,6.864248571265325
19049,corn,2022,1,187.2,200.77417275511587,-13.574172755115882,13.574172755115882,7.251160659784126
19049,corn,2022,2,187.2,197.20247445623653,-10.002474456236541,10.002474456236541,5.3432021667930245
19049,corn,2022,3,187.2,193.80900520023783,-6.609005200237846,6.609005200237846,3.5304514958535504
19049,corn,2022,4,187.2,193.7222408611822,-6.522240861182212,6.522240861182212,3.484103024135797
19049,corn,2022,5,187.2,192.12507830879886,-4.925078308798874,4.925078308798874,2.6309178999993987
19049,corn,2022,6,187.2,196.0964514761696,-8.896451476169602,8.896451476169602,4.752377925304275
19049,corn,2022,7,187.2,190.0438526473498,-2.84385264734982,2.84385264734982,1.5191520552082374
19049,corn,2022,8,187.2,192.59407865375408,-5.394078653754093,5.394078653754093,2.881452272304537
19049,corn,2022,9,187.2,191.82404866404733,-4.624048664047336,4.624048664047336,2.4701114658372525
19049,corn,2022,10,187.2,190.15284519613806,-2.952845196138071,2.952845196138071,1.5773745705865765
19049,corn,2022,11,187.2,192.844459140648,-5.644459140648024,5.644459140648024,3.0152025323974487
19049,corn,2022,12,187.2,197.13543289012372,-9.935432890123735,9.935432890123735,5.307389364382337
19051,corn,2022,1,154.9,184.67005952561382,-29.770059525613817,29.770059525613817,19.21888929994436
19051,corn,2022,2,154.9,192.17428243449334,-37.27428243449333,37.27428243449333,24.06344895706477
19051,corn,2022,3,154.9,184.52101502702766,-29.621015027027653,29.621015027027653,19.122669481618885
19051,corn,2022,4,154.9,182.39844343161158,-27.498443431611577,27.498443431611577,17.75238439742516
19051,corn,2022,5,154.9,182.85325219420915,-27.953252194209142,27.953252194209142,18.045998834221525
19051,corn,2022,6,154.9,184.65021760215046,-29.750217602150457,29.750217602150457,19.206079794803394
19051,corn,2022,7,154.9,184.21340651531375,-29.313406515313744,29.313406515313744,18.924084257788085
19051,corn,2022,8,154.9,185.45683883007516,-30.55683883007515,30.55683883007515,19.726816546207328
19051,corn,2022,9,154.9,190.00122033237795,-35.10122033237795,35.10122033237795,22.66056832303289
19051,corn,2022,10,154.9,185.35326814579258,-30.453268145792578,30.453268145792578,19.659953612519416
19051,corn,2022,11,154.9,185.66822865353052,-30.768228653530514,30.768228653530514,19.86328512171111
19051,corn,2022,12,154.9,185.7879405495922,-30.8879405495922,30.8879405495922,19.940568463261588
19053,corn,2022,1,148.7,192.1324699240746,-43.43246992407461,43.43246992407461,29.208116963062952
19053,corn,2022,2,148.7,194.18139705634758,-45.48139705634759,45.48139705634759,30.586010125317813
19053,corn,2022,3,148.7,185.64085398998827,-36.940853989988284,36.940853989988284,24.842537989232202
19053,corn,2022,4,148.7,182.40929061860578,-33.70929061860579,33.70929061860579,22.66932792105299
19053,corn,2022,5,148.7,183.30780041541377,-34.60780041541378,34.60780041541378,23.27357122758156
19053,corn,2022,6,148.7,188.23766578547813,-39.53766578547814,39.53766578547814,26.58888082412787
19053,corn,2022,7,148.7,185.63539477615782,-36.935394776157835,36.935394776157835,24.83886669546593
19053,corn,2022,8,148.7,188.58887289792338,-39.88887289792339,39.88887289792339,26.825065835859714
19053,corn,2022,9,148.7,190.2790692375007,-41.579069237500704,41.579069237500704,27.961714349361603
19053,corn,2022,10,148.7,187.17320610481306,-38.47320610481307,38.47320610481307,25.87303705770886
19053,corn,2022,11,148.7,184.7696162068799,-36.069616206879914,36.069616206879914,24.256634974364434
19053,corn,2022,12,148.7,185.65951564018337,-36.95951564018338,36.95951564018338,24.855087854864415
19055,corn,2022,1,230.8,196.66993049005904,34.13006950994097,34.13006950994097,14.78772509096229
19055,corn,2022,2,230.8,195.17546825430585,35.624531745694156,35.624531745694156,15.435239057926411
19055,corn,2022,3,230.8,191.87915022695216,38.92084977304785,38.92084977304785,16.863453107906345
19055,corn,2022,4,230.8,194.20758579759217,36.59241420240784,36.59241420240784,15.854598874526793
19055,corn,2022,5,230.8,188.80830291636389,41.991697083636126,41.991697083636126,18.193976206081512
19055,corn,2022,6,230.8,189.8471841110913,40.9528158889087,40.9528158889087,17.7438543712776
19055,corn,2022,7,230.8,187.41939374903657,43.38060625096344,43.38060625096344,18.795756607869773
19055,corn,2022,8,230.8,191.3116140919949,39.488385908005114,39.488385908005114,17.109352646449356
19055,corn,2022,9,230.8,189.87467892528318,40.925321074716834,40.925321074716834,17.73194154017194
19055,corn,2022,10,230.8,187.0438621988133,43.756137801186725,43.756137801186725,18.958465251814005
19055,corn,2022,11,230.8,188.82555653119445,41.97444346880556,41.97444346880556,18.186500636397557
19055,corn,2022,12,230.8,190.5593994008374,40.240600599162605,40.240600599162605,17.435268890451734
19057,corn,2022,1,194.8,194.22224990967666,0.5777500903233488,0.5777500903233488,0.2965862886670168
19057,corn,2022,2,194.8,194.56204484557378,0.23795515442623127,0.23795515442623127,0.12215357003399963
19057,corn,2022,3,194.8,191.20972115789056,3.5902788421094556,3.5902788421094556,1.8430589538549567
19057,corn,2022,4,194.8,188.92146624324133,5.878533756758685,5.878533756758685,3.0177278012108237
19057,corn,2022,5,194.8,185.69777356039012,9.102226439609893,9.102226439609893,4.6726008416888565
19057,corn,2022,6,194.8,187.14787093554096,7.6521290644590465,7.6521290644590465,3.9281976716935554
19057,corn,2022,7,194.8,187.02421794057906,7.775782059420948,7.775782059420948,3.9916745684912462
19057,corn,2022,8,194.8,186.99495937836588,7.805040621634134,7.805040621634134,4.0066943642885695
19057,corn,2022,9,194.8,187.91392617599814,6.886073824001869,6.886073824001869,3.534945494867489
19057,corn,2022,10,194.8,185.6761562565488,9.123843743451204,9.123843743451204,4.683698020252158
19057,corn,2022,11,194.8,188.82602259837296,5.973977401627053,5.973977401627053,3.066723512128877
19057,corn,2022,12,194.8,188.49475103315706,6.305248966842953,6.305248966842953,3.236780783800284
19059,corn,2022,1,203.4,192.24750831624831,11.152491683751691,11.152491683751691,5.483034259464942
19059,corn,2022,2,203.4,193.29618542441702,10.103814575582987,10.103814575582987,4.96746045997197
19059,corn,2022,3,203.4,194.55135051979622,8.84864948020379,8.84864948020379,4.350368476009729
19059,corn,2022,4,203.4,195.47420628473023,7.925793715269776,7.925793715269776,3.896653743987107
19059,corn,2022,5,203.4,193.02485235386698,10.37514764613303,10.37514764613303,5.10085921638792
19059,corn,2022,6,203.4,190.5925933398727,12.807406660127299,12.807406660127299,6.296660108223843
19059,corn,2022,7,203.4,185.66483613055652,17.735163869443483,17.735163869443483,8.719352934829637
19059,corn,2022,8,203.4,186.95238412843537,16.447615871564636,16.447615871564636,8.086340153178288
19059,corn,2022,9,203.4,190.95914068158143,12.440859318418575,12.440859318418575,6.116450009055346
19059,corn,2022,10,203.4,187.82412501310242,15.575874986897588,15.575874986897588,7.657755647442276
19059,corn,2022,11,203.4,192.69998888884345,10.700011111156556,10.700011111156556,5.260575767530264
19059,corn,2022,12,203.4,191.14719040438368,12.252809595616327,12.252809595616327,6.02399685133546
19061,corn,2022,1,223.7,197.88955065135625,25.810449348643743,25.810449348643743,11.537974675298948
19061,corn,2022,2,223.7,198.10358017170321,25.596419828296774,25.596419828296774,11.442297643404906
19061,corn,2022,3,223.7,194.25742280652722,29.442577193472772,29.442577193472772,13.161634865209107
19061,corn,2022,4,223.7,187.09230594184444,36.607694058155545,36.607694058155545,16.36463748688223
19061,corn,2022,5,223.7,187.75639710589192,35.94360289410807,35.94360289410807,16.067770627674598
19061,corn,2022,6,223.7,193.70375597348297,29.99624402651702,29.99624402651702,13.409139037334386
19061,corn,2022,7,223.7,192.07747139985202,31.622528600147973,31.622528600147973,14.136132588354034
19061,corn,2022,8,223.7,194.50115474595208,29.19884525404791,29.19884525404791,13.052680042041981
19061,corn,2022,9,223.7,191.68649417929157,32.01350582070842,32.01350582070842,14.310910067370772
19061,corn,2022,10,223.7,189.9335576495476,33.766442350452394,33.766442350452394,15.094520496402502
19061,corn,2022,11,223.7,188.51069585587948,35.18930414412051,35.18930414412051,15.73057851771145
19061,corn,2022,12,223.7,192.87301135698934,30.82698864301065,30.82698864301065,13.780504534202349
19063,corn,2022,1,213.7,192.08679700094086,21.613202999059126,21.613202999059126,10.11380580208663
19063,corn,2022,2,213.7,194.6312754232452,19.06872457675479,19.06872457675479,8.92312801907103
19063,corn,2022,3,213.7,193.68839133550625,20.011608664493735,20.011608664493735,9.364346590778538
19063,corn,2022,4,213.7,194.46617608476535,19.233823915234638,19.233823915234638,9.000385547606289
19063,corn,2022,5,213.7,192.9496851802686,20.750314819731386,20.750314819731386,9.710020973201399
19063,corn,2022,6,213.7,191.20046541155412,22.49953458844587,22.49953458844587,10.528560874331244
19063,corn,2022,7,213.7,185.67494624597217,28.025053754027823,28.025053754027823,13.11420390923155
19063,corn,2022,8,213.7,189.14298677276128,24.557013227238713,24.557013227238713,11.491349193841232
19063,corn,2022,9,213.7,190.4526042344029,23.247395765597076,23.247395765597076,10.878519310059467
19063,corn,2022,10,213.7,187.82600716476446,25.873992835235526,25.873992835235526,12.107624162487378
19063,corn,2022,11,213.7,193.0137521228358,20.686247877164192,20.686247877164192,9.68004112174272
19063,corn,2022,12,213.7,192.7114921800743,20.9885078199257,20.9885078199257,9.821482367770567
19065,corn,2022,1,209.8,199.0223591412704,10.777640858729598,10.777640858729598,5.137102411215251
19065,corn,2022,2,209.8,198.89932937979285,10.900670620207165,10.900670620207165,5.195743860918572
19065,corn,2022,3,209.8,192.3224839480057,17.477516051994314,17.477516051994314,8.330560558624553
19065,corn,2022,4,209.8,191.44997252603787,18.350027473962143,18.350027473962143,8.746438262136389
19065,corn,2022,5,209.8,190.11885675736204,19.681143242637972,19.681143242637972,9.3809071699895
19065,corn,2022,6,209.8,196.37638996878576,13.423610031214253,13.423610031214253,6.398288861398595
19065,corn,2022,7,209.8,190.21109940370644,19.58890059629357,19.58890059629357,9.336940227022673
19065,corn,2022,8,209.8,194.49401445816375,15.305985541836264,15.305985541836264,7.295512651018238
19065,corn,2022,9,209.8,189.52882210858522,20.271177891414794,20.271177891414794,9.662143894859291
19065,corn,2022,10,209.8,188.04809244565016,21.751907554349856,21.751907554349856,10.367925431053315
19065,corn,2022,11,209.8,188.63587414179887,21.164125858201146,21.164125858201146,10.087762563489584
19065,corn,2022,12,209.8,195.09851371864664,14.701486281353368,14.701486281353368,7.007381449644122
19067,corn,2022,1,204.6,194.29979431865237,10.30020568134762,10.30020568134762,5.034313627247126
19067,corn,2022,2,204.6,193.565322885604,11.034677114396004,11.034677114396004,5.393292822285437
19067,corn,2022,3,204.6,193.30067634543857,11.29932365456142,11.29932365456142,5.522641082385836
19067,corn,2022,4,204.6,192.5874927544373,12.012507245562688,12.012507245562688,5.871215662542858
19067,corn,2022,5,204.6,193.189052570978,11.410947429022002,11.410947429022002,5.5771981569022495
19067,corn,2022,6,204.6,192.3999915320948,12.200008467905207,12.200008467905207,5.9628584887122225
19067,corn,2022,7,204.6,184.20325894304514,20.396741056954852,20.396741056954852,9.969081650515568
19067,corn,2022,8,204.6,189.836467171341,14.763532828658981,14.763532828658981,7.215802946558641
19067,corn,2022,9,204.6,190.87193265448076,13.728067345519236,13.728067345519236,6.70971033505339
19067,corn,2022,10,204.6,187.29553672198298,17.30446327801701,17.30446327801701,8.45770443695846
19067,corn,2022,11,204.6,193.28740849232608,11.312591507673915,11.312591507673915,5.52912585907816
19067,corn,2022,12,204.6,192.31020513337117,12.289794866628824,12.289794866628824,6.006742359056121
19069,corn,2022,1,220.1,197.04635851283774,23.053641487162253,23.053641487162253,10.474166963726603
19069,corn,2022,2,220.1,197.18704552786105,22.91295447213895,22.91295447213895,10.410247374892753
19069,corn,2022,3,220.1,193.92590085335058,26.17409914664941,26.17409914664941,11.891912379213727
19069,corn,2022,4,220.1,193.05402112604577,27.045978873954226,27.045978873954226,12.28804128757575
19069,corn,2022,5,220.1,193.79281405544378,26.30718594455621,26.30718594455621,11.952378893483058
19069,corn,2022,6,220.1,195.29185039406386,24.808149605936137,24.808149605936137,11.271308317099562
19069,corn,2022,7,220.1,186.33764157704294,33.76235842295705,33.76235842295705,15.339554031329872
19069,corn,2022,8,220.1,192.43671279440673,27.663287205593264,27.663287205593264,12.568508498679357
19069,corn,2022,9,220.1,192.28374002570183,27.816259974298163,27.816259974298163,12.638009983779266
19069,corn,2022,10,220.1,189.29025805376233,30.809741946237665,30.809741946237665,13.998065400380586
19069,corn,2022,11,220.1,193.5371424809327,26.562857519067308,26.562857519067308,12.0685404448284
19069,corn,2022,12,220.1,196.2508465737184,23.84915342628159,23.84915342628159,10.83559901239509
19071,corn,2022,1,191.6,199.47634086998232,-7.876340869982329,7.876340869982329,4.110825088717291
19071,corn,2022,2,191.6,195.54770422542356,-3.947704225423564,3.947704225423564,2.060388426630253
19071,corn,2022,3,191.6,192.2029993052582,-0.6029993052582086,0.6029993052582086,0.3147178002391485
19071,corn,2022,4,191.6,192.01448045223836,-0.41448045223836516,0.41448045223836516,0.21632591452941816
19071,corn,2022,5,191.6,189.69281880644806,1.907181193551935,1.907181193551935,0.9953972826471477
19071,corn,2022,6,191.6,194.5447756639238,-2.9447756639237923,2.9447756639237923,1.5369392817973866
19071,corn,2022,7,191.6,189.73973033582124,1.8602696641787588,1.8602696641787588,0.9709131858970557
19071,corn,2022,8,191.6,193.53725456511572,-1.9372545651157225,1.9372545651157225,1.0110931968244898
19071,corn,2022,9,191.6,192.5264305064805,-0.9264305064805001,0.9264305064805001,0.4835232288520355
19071,corn,2022,10,191.6,189.75127470245687,1.848725297543126,1.848725297543126,0.9648879423502745
19071,corn,2022,11,191.6,191.0372807614938,0.5627192385061903,0.5627192385061903,0.293694800890496
19071,corn,2022,12,191.6,196.82673656713908,-5.226736567139085,5.226736567139085,2.7279418408867877
19073,corn,2022,1,197.3,197.60891934847405,-0.3089193484740349,0.3089193484740349,0.15657341534416366
19073,corn,2022,2,197.3,195.7054463453909,1.5945536546091148,1.5945536546091148,0.8081873566189126
19073,corn,2022,3,197.3,192.33057977477444,4.969420225225576,4.969420225225576,2.5187127345289286
19073,corn,2022,4,197.3,193.54490417625937,3.755095823740646,3.755095823740646,1.9032416744757457
19073,corn,2022,5,197.3,192.32330833863065,4.976691661369358,4.976691661369358,2.522398206472052
19073,corn,2022,6,197.3,193.50446562027665,3.795534379723364,3.795534379723364,1.9237376481111828
19073,corn,2022,7,197.3,187.9366451400551,9.363354859944906,9.363354859944906,4.745744987301016
19073,corn,2022,8,197.3,189.83656109761355,7.463438902386457,7.463438902386457,3.782787076729071
19073,corn,2022,9,197.3,190.56740097704582,6.73259902295419,6.73259902295419,3.4123664586691285
19073,corn,2022,10,197.3,189.99137860586336,7.308621394136651,7.308621394136651,3.704319003617157
19073,corn,2022,11,197.3,196.23349104658388,1.0665089534161325,1.0665089534161325,0.5405519277324544
19073,corn,2022,12,197.3,195.60421955527525,1.695780444724761,1.695780444724761,0.8594933830333304
19075,corn,2022,1,207.5,201.39212688669392,6.107873113306084,6.107873113306084,2.94355330761739
19075,corn,2022,2,207.5,196.76972636996518,10.730273630034816,10.730273630034816,5.171216207245695
19075,corn,2022,3,207.5,193.24371835386174,14.256281646138262,14.256281646138262,6.870497178861814
19075,corn,2022,4,207.5,190.7897895627556,16.7102104372444,16.7102104372444,8.05311346373224
19075,corn,2022,5,207.5,193.6334677455575,13.86653225444249,13.86653225444249,6.6826661467192725
19075,corn,2022,6,207.5,200.2224309689048,7.277569031095197,7.277569031095197,3.507262183660336
19075,corn,2022,7,207.5,192.3413425372187,15.158657462781292,15.158657462781292,7.305377090497009
19075,corn,2022,8,207.5,197.10985774699975,10.39014225300025,10.39014225300025,5.007297471325421
19075,corn,2022,9,207.5,193.61939010989158,13.880609890108417,13.880609890108417,6.689450549449839
19075,corn,2022,10,207.5,189.2456361320546,18.254363867945386,18.254363867945386,8.79728379178091
19075,corn,2022,11,207.5,194.78348215223897,12.716517847761025,12.716517847761025,6.128442336270374
19075,corn,2022,12,207.5,198.56182689000698,8.938173109993016,8.938173109993016,4.307553306020731
19077,corn,2022,1,193.6,198.98192801373543,-5.381928013735433,5.381928013735433,2.7799214946980544
19077,corn,2022,2,193.6,196.7654864422308,-3.165486442230815,3.165486442230815,1.6350653110696358
19077,corn,2022,3,193.6,193.09108239114948,0.5089176088505099,0.5089176088505099,0.26287066572856915
19077,corn,2022,4,193.6,189.3409495852153,4.259050414784696,4.259050414784696,2.19992273490945
19077,corn,2022,5,193.6,188.36233568512267,5.237664314877321,5.237664314877321,2.7054051213209305
19077,corn,2022,6,193.6,194.84151419774707,-1.2415141977470796,1.2415141977470796,0.6412779947040701
19077,corn,2022,7,193.6,191.00927172784162,2.5907282721583726,2.5907282721583726,1.338186090990895
19077,corn,2022,8,193.6,194.02570486107226,-0.425704861072262,0.425704861072262,0.21988887452079653
19077,corn,2022,9,193.6,191.93444519491092,1.665554805089073,1.665554805089073,0.860307234033612
19077,corn,2022,10,193.6,189.16578499595556,4.434215004044432,4.434215004044432,2.290400312006422
19077,corn,2022,11,193.6,192.45143067181772,1.1485693281822762,1.1485693281822762,0.5932692810858865
19077,corn,2022,12,193.6,196.95862409263367,-3.3586240926336757,3.3586240926336757,1.7348264941289648
19079,corn,2022,1,208.6,199.68566738696947,8.914332613030524,8.914332613030524,4.273409689851642
19079,corn,2022,2,208.6,197.49257193310302,11.107428066896972,11.107428066896972,5.324749792376305
19079,corn,2022,3,208.6,193.73040269829679,14.869597301703209,14.869597301703209,7.128282503213428
19079,corn,2022,4,208.6,192.74867488066545,15.851325119334547,15.851325119334547,7.598909453180512
19079,corn,2022,5,208.6,192.95100763570872,15.648992364291274,15.648992364291274,7.5019138850869
19079,corn,2022,6,208.6,196.00169873767754,12.598301262322451,12.598301262322451,6.039454104660811
19079,corn,2022,7,208.6,190.61088163737014,17.989118362629853,17.989118362629853,8.623738428873372
19079,corn,2022,8,208.6,193.4716835760916,15.128316423908387,15.128316423908387,7.252308928048125
19079,corn,2022,9,208.6,191.51796085574242,17.08203914425758,17.08203914425758,8.188897001082253
19079,corn,2022,10,208.6,189.96238833330278,18.63761166669721,18.63761166669721,8.93461728988361
19079,corn,2022,11,208.6,194.46430354984668,14.135696450153318,14.135696450153318,6.7764604267273825
19079,corn,2022,12,208.6,196.37139811631832,12.228601883681677,12.228601883681677,5.86222525583973
19081,corn,2022,1,211.5,196.32875599610168,15.171244003898323,15.171244003898323,7.17316501366351
19081,corn,2022,2,211.5,196.78745437449692,14.712545625503083,14.712545625503083,6.9562863477555945
19081,corn,2022,3,211.5,194.10534321077375,17.394656789226246,17.394656789226246,8.224424013818556
19081,corn,2022,4,211.5,193.45126754116984,18.04873245883016,18.04873245883016,8.533679649565087
19081,corn,2022,5,211.5,193.6019686358392,17.8980313641608,17.8980313641608,8.462426176908181
19081,corn,2022,6,211.5,195.0498599673968,16.4501400326032,16.4501400326032,7.77784398704643
19081,corn,2022,7,211.5,186.26750896127731,25.232491038722685,25.232491038722685,11.930255810270774
19081,corn,2022,8,211.5,191.34603589611288,20.15396410388712,20.15396410388712,9.529061042027006
19081,corn,2022,9,211.5,191.3813557131399,20.118644286860103,20.118644286860103,9.512361364945674
19081,corn,2022,10,211.5,189.48686724472256,22.01313275527744,22.01313275527744,10.408100593511792
19081,corn,2022,11,211.5,192.27157445204077,19.228425547959233,19.228425547959233,9.0914541597916
19081,corn,2022,12,211.5,194.44820591926268,17.051794080737324,17.051794080737324,8.06231398616422
19083,corn,2022,1,215.6,200.0743098879967,15.525690112003304,15.525690112003304,7.201154968461644
19083,corn,2022,2,215.6,197.41505852410978,18.184941475890213,18.184941475890213,8.43457396840919
19083,corn,2022,3,215.6,193.7970261283341,21.8029738716659,21.8029738716659,10.112696600958209
19083,corn,2022,4,215.6,192.71101309841396,22.888986901586037,22.888986901586037,10.616413219659572
19083,corn,2022,5,215.6,193.04074335102592,22.55925664897407,22.55925664897407,10.463477109913761
19083,corn,2022,6,215.6,196.36018523197532,19.239814768024672,19.239814768024672,8.923847295002167
19083,corn,2022,7,215.6,191.74849119042642,23.851508809573573,23.851508809573573,11.06285195249238
19083,corn,2022,8,215.6,194.96717845901483,20.632821540985162,20.632821540985162,9.569954332553415
19083,corn,2022,9,215.6,191.75041526860485,23.84958473139514,23.84958473139514,11.061959522910547
19083,corn,2022,10,215.6,189.30696508690957,26.293034913090423,26.293034913090423,12.195285210153257
19083,corn,2022,11,215.6,193.88944822237255,21.710551777627444,21.710551777627444,10.06982921040234
19083,corn,2022,12,215.6,197.91439199364405,17.68560800635595,17.68560800635595,8.202972173634485
19085,corn,2022,1,172.4,201.18909253869035,-28.78909253869034,28.78909253869034,16.699009593207855
19085,corn,2022,2,172.4,197.0104320796336,-24.610432079633597,24.610432079633597,14.275192621597213
19085,corn,2022,3,172.4,194.60017833483315,-22.20017833483314,22.20017833483314,12.877133604891613
19085,corn,2022,4,172.4,193.85114642018755,-21.45114642018754,21.45114642018754,12.442660336535697
19085,corn,2022,5,172.4,192.9315451680392,-20.5315451680392,20.5315451680392,11.909248937377727
19085,corn,2022,6,172.4,195.26946916468737,-22.86946916468736,22.86946916468736,13.26535334378617
19085,corn,2022,7,172.4,193.86994163627313,-21.46994163627312,21.46994163627312,12.453562434033131
19085,corn,2022,8,172.4,195.61830469484804,-23.21830469484803,23.21830469484803,13.46769413854294
19085,corn,2022,9,172.4,195.09900474594104,-22.69900474594104,22.69900474594104,13.166476070731461
19085,corn,2022,10,172.4,189.69422544005113,-17.29422544005112,17.29422544005112,10.031453271491369
19085,corn,2022,11,172.4,188.83678908488525,-16.43678908488525,16.43678908488525,9.534100397265224
19085,corn,2022,12,172.4,201.14217606500054,-28.742176065000535,28.742176065000535,16.67179586136922
19087,corn,2022,1,167.7,191.8821266657111,-24.18212666571111,24.18212666571111,14.419872788140198
19087,corn,2022,2,167.7,192.92676528004858,-25.226765280048596,25.226765280048596,15.042793846182825
19087,corn,2022,3,167.7,191.76801833238795,-24.068018332387965,24.068018332387965,14.351829655568258
19087,corn,2022,4,167.7,186.57239255729075,-18.872392557290766,18.872392557290766,11.253662824860326
19087,corn,2022,5,167.7,185.05885958117383,-17.358859581173846,17.358859581173846,10.35113868883354
19087,corn,2022,6,167.7,183.70343928467747,-16.003439284677484,16.003439284677484,9.54289760565145
19087,corn,2022,7,167.7,186.23511793937888,-18.535117939378893,18.535117939378893,11.05254498472206
19087,corn,2022,8,167.7,185.20171962643175,-17.501719626431765,17.501719626431765,10.436326551241363
19087,corn,2022,9,167.7,189.40625810165193,-21.70625810165194,21.70625810165194,12.943505129190186
19087,corn,2022,10,167.7,185.61390702748162,-17.913907027481628,17.913907027481628,10.682115102851299
19087,corn,2022,11,167.7,188.50502491348163,-20.805024913481645,20.805024913481645,12.40609714578512
19087,corn,2022,12,167.7,187.06194645499116,-19.36194645499117,19.36194645499117,11.545585244478932
19089,corn,2022,1,217.3,191.98912877636369,25.310871223636326,25.310871223636326,11.64789287788142
19089,corn,2022,2,217.3,192.74415045700664,24.55584954299337,24.55584954299337,11.30043697330574
19089,corn,2022,3,217.3,192.08053673065518,25.21946326934483,25.21946326934483,11.605827551470238
19089,corn,2022,4,217.3,192.8976337143393,24.40236628566072,24.40236628566072,11.229805009507924
19089,corn,2022,5,217.3,191.36476884983844,25.93523115016157,25.93523115016157,11.935219121105185
19089,corn,2022,6,217.3,192.0326526221827,25.267347377817316,25.267347377817316,11.62786349646448
19089,corn,2022,7,217.3,185.1713180688314,32.128681931168614,32.128681931168614,14.78540355783185
19089,corn,2022,8,217.3,186.4540907539743,30.845909246025712,30.845909246025712,14.195080186850303
19089,corn,2022,9,217.3,189.2352826852468,28.06471731475321,28.06471731475321,12.915194346411967
19089,corn,2022,10,217.3,185.54540013971507,31.75459986028494,31.75459986028494,14.613253502201998
19089,corn,2022,11,217.3,190.37694100292222,26.92305899707779,26.92305899707779,12.389810859216652
19089,corn,2022,12,217.3,191.06900675616362,26.230993243836394,26.230993243836394,12.071326849441506
19091,corn,2022,1,195.5,193.58491779755968,1.915082202440317,1.915082202440317,0.9795816892277835
19091,corn,2022,2,195.5,194.0240456765141,1.4759543234858938,1.4759543234858938,0.7549638483303805
19091,corn,2022,3,195.5,193.7002064710492,1.7997935289508007,1.7997935289508007,0.9206105007420976
19091,corn,2022,4,195.5,192.5566083466587,2.9433916533413083,2.9433916533413083,1.5055711781796974
19091,corn,2022,5,195.5,192.43688863536494,3.0631113646350627,3.0631113646350627,1.5668088821662725
19091,corn,2022,6,195.5,190.30263936381192,5.19736063618808,5.19736063618808,2.658496489098762
19091,corn,2022,7,195.5,183.81572244511042,11.684277554889576,11.684277554889576,5.976612560045819
19091,corn,2022,8,195.5,190.1146062126113,5.3853937873886935,5.3853937873886935,2.754677129099076
19091,corn,2022,9,195.5,191.7311411582765,3.7688588417234996,3.7688588417234996,1.9278050341296673
19091,corn,2022,10,195.5,189.5054343381859,5.994565661814107,5.994565661814107,3.0662739958128427
19091,corn,2022,11,195.5,194.86977391199918,0.6302260880008248,0.6302260880008248,0.3223662854224168
19091,corn,2022,12,195.5,193.35558147193444,2.1444185280655574,2.1444185280655574,1.0968892726678043
19093,corn,2022,1,221.2,198.59610406695538,22.603895933044612,22.603895933044612,10.218759463401723
19093,corn,2022,2,221.2,196.3798364677971,24.820163532202884,24.820163532202884,11.220688757777072
19093,corn,2022,3,221.2,194.5455589492948,26.654441050705202,26.654441050705202,12.049928142271792
19093,corn,2022,4,221.2,196.21263751111402,24.987362488885964,24.987362488885964,11.296275989550617
19093,corn,2022,5,221.2,194.44797945352204,26.75202054647795,26.75202054647795,12.094041838371588
19093,corn,2022,6,221.2,196.34959848622134,24.85040151377865,24.85040151377865,11.23435873136467
19093,corn,2022,7,221.2,188.1328110996415,33.0671889003585,33.0671889003585,14.949000407033683
19093,corn,2022,8,221.2,193.53785272313823,27.66214727686176,27.66214727686176,12.505491535651792
19093,corn,2022,9,221.2,191.71868656562773,29.481313434372254,29.481313434372254,13.327899382627603
19093,corn,2022,10,221.2,187.80828011425953,33.39171988574046,33.39171988574046,15.095714234059882
19093,corn,2022,11,221.2,194.9952957008668,26.204704299133198,26.204704299133198,11.846611346805243
19093,corn,2022,12,221.2,196.61004260806402,24.589957391935968,24.589957391935968,11.116617265793838
19095,corn,2022,1,205.9,196.48621326693268,9.413786733067326,9.413786733067326,4.5720188115917075
19095,corn,2022,2,205.9,194.69407324060543,11.205926759394572,11.205926759394572,5.44241221923
19095,corn,2022,3,205.9,192.00505371450024,13.89494628549977,13.89494628549977,6.748395476201928
19095,corn,2022,4,205.9,190.53877646721645,15.361223532783555,15.361223532783555,7.460526242245534
19095,corn,2022,5,205.9,187.10977100081857,18.790228999181437,18.790228999181437,9.125900436707838
19095,corn,2022,6,205.9,190.03221747509727,15.867782524902736,15.867782524902736,7.7065480936875845
19095,corn,2022,7,205.9,187.80266047659765,18.097339523402354,18.097339523402354,8.789382964255637
19095,corn,2022,8,205.9,192.68876350352187,13.211236496478136,13.211236496478136,6.416336326604243
19095,corn,2022,9,205.9,190.8973947417999,15.002605258200106,15.002605258200106,7.286355152112728
19095,corn,2022,10,205.9,188.16626631598157,17.733733684018432,17.733733684018432,8.612789550276071
19095,corn,2022,11,205.9,190.21312753351552,15.686872466484488,15.686872466484488,7.618685025004608
19095,corn,2022,12,205.9,191.07611675066588,14.82388324933413,14.82388324933413,7.199554759268641
19097,corn,2022,1,219.2,196.9804733136651,22.219526686334888,22.219526686334888,10.136645386101682
19097,corn,2022,2,219.2,196.94147554846163,22.258524451538364,22.258524451538364,10.154436337380641
19097,corn,2022,3,219.2,195.9198088262362,23.280191173763797,23.280191173763797,10.620525170512682
19097,corn,2022,4,219.2,187.55369545763833,31.646304542361662,31.646304542361662,14.43718272917959
19097,corn,2022,5,219.2,188.90155390107418,30.298446098925808,30.298446098925808,13.822283804254475
19097,corn,2022,6,219.2,194.66329123755028,24.536708762449706,24.536708762449706,11.193753997467933
19097,corn,2022,7,219.2,192.40630521696494,26.79369478303505,26.79369478303505,12.223400904669274
19097,corn,2022,8,219.2,194.59917580581407,24.60082419418592,24.60082419418592,11.223003738223504
19097,corn,2022,9,219.2,195.42186820488547,23.77813179511452,23.77813179511452,10.847687862734725
19097,corn,2022,10,219.2,190.74374152951015,28.456258470489843,28.456258470489843,12.981869740186971
19097,corn,2022,11,219.2,189.92351876958975,29.27648123041024,29.27648123041024,13.356058955479124
19097,corn,2022,12,219.2,193.94033573721524,25.259664262784753,25.259664262784753,11.523569462949249
19099,corn,2022,1,203.6,199.27926374189042,4.3207362581095765,4.3207362581095765,2.122169085515509
19099,corn,2022,2,203.6,195.5452939225993,8.054706077400681,8.054706077400681,3.9561424741653637
19099,corn,2022,3,203.6,192.53247005417595,11.067529945824049,11.067529945824049,5.435918440974484
19099,corn,2022,4,203.6,192.52885291974607,11.071147080253922,11.071147080253922,5.4376950295942645
19099,corn,2022,5,203.6,191.93289111919802,11.667108880801976,11.667108880801976,5.730407112378181
19099,corn,2022,6,203.6,197.56174689593314,6.038253104066854,6.038253104066854,2.965743174885488
19099,corn,2022,7,203.6,191.48107043874356,12.118929561256437,12.118929561256437,5.952322967218289
19099,corn,2022,8,203.6,196.78113415139964,6.818865848600353,6.818865848600353,3.3491482556976195
19099,corn,2022,9,203.6,193.9742546507513,9.625745349248689,9.625745349248689,4.72777276485692
19099,corn,2022,10,203.6,190.26552866019568,13.33447133980431,13.33447133980431,6.549347416406833
19099,corn,2022,11,203.6,193.39929579522556,10.20070420477444,10.20070420477444,5.01016905931947
19099,corn,2022,12,203.6,200.0480421587056,3.5519578412943815,3.5519578412943815,1.744576542875433
19101,corn,2022,1,178.0,191.04509652170017,-13.045096521700174,13.045096521700174,7.328705911067514
19101,corn,2022,2,178.0,192.9328697259528,-14.932869725952798,14.932869725952798,8.389252655029662
19101,corn,2022,3,178.0,192.4442462561862,-14.444246256186204,14.444246256186204,8.114745087745058
19101,corn,2022,4,178.0,184.93727774785185,-6.9372777478518515,6.9372777478518515,3.8973470493549724
19101,corn,2022,5,178.0,183.8241577450824,-5.8241577450824025,5.8241577450824025,3.2719987331923615
19101,corn,2022,6,178.0,183.7092003214681,-5.709200321468103,5.709200321468103,3.2074159109371365
19101,corn,2022,7,178.0,186.05653667883507,-8.056536678835073,8.056536678835073,4.526144201592738
19101,corn,2022,8,178.0,185.49822457094405,-7.498224570944046,7.498224570944046,4.21248571401351
19101,corn,2022,9,178.0,190.09189503367077,-12.091895033670767,12.091895033670767,6.7931994571184084
19101,corn,2022,10,178.0,187.4776350024057,-9.477635002405691,9.477635002405691,5.324514046295332
19101,corn,2022,11,178.0,187.74968529222863,-9.749685292228634,9.749685292228634,5.4773512877688955
19101,corn,2022,12,178.0,187.35348684939677,-9.353486849396774,9.353486849396774,5.254767892919536
19103,corn,2022,1,205.2,197.43236221707073,7.767637782929256,7.767637782929256,3.78539852969262
19103,corn,2022,2,205.2,195.8845362666991,9.315463733300902,9.315463733300902,4.539699675097906
19103,corn,2022,3,205.2,193.24875867841527,11.951241321584718,11.951241321584718,5.824191677185535
19103,corn,2022,4,205.2,186.4108971126342,18.7891028873658,18.7891028873658,9.156482888579825
19103,corn,2022,5,205.2,186.173156977453,19.026843022546984,19.026843022546984,9.272340654262663
19103,corn,2022,6,205.2,192.038186327394,13.161813672606002,13.161813672606002,6.414139216669591
19103,corn,2022,7,205.2,189.9731489698742,15.2268510301258,15.2268510301258,7.420492704739669
19103,corn,2022,8,205.2,192.96121636030455,12.238783639695441,12.238783639695441,5.964319512522145
19103,corn,2022,9,205.2,190.8687306160129,14.331269383987092,14.331269383987092,6.984049407401118
19103,corn,2022,10,205.2,188.18274173740667,17.017258262593316,17.017258262593316,8.293010849217016
19103,corn,2022,11,205.2,186.5354581371038,18.664541862896186,18.664541862896186,9.095780634939663
19103,corn,2022,12,205.2,192.683847483053,12.516152516946988,12.516152516946988,6.099489530675921
19105,corn,2022,1,218.2,195.79347216636282,22.40652783363717,22.40652783363717,10.268802856845634
19105,corn,2022,2,218.2,193.7430518686784,24.45694813132158,24.45694813132158,11.208500518479186
19105,corn,2022,3,218.2,193.40694168089632,24.793058319103665,24.793058319103665,11.362538184740451
19105,corn,2022,4,218.2,191.917841455341,26.282158544658984,26.282158544658984,12.044985584170021
19105,corn,2022,5,218.2,186.9725242431465,31.227475756853494,31.227475756853494,14.311400438521307
19105,corn,2022,6,218.2,189.33879175667144,28.861208243328548,28.861208243328548,13.226951532231231
19105,corn,2022,7,218.2,188.37557629313622,29.82442370686377,29.82442370686377,13.668388499937567
19105,corn,2022,8,218.2,191.3194273589311,26.88057264106888,26.88057264106888,12.319235857501779
19105,corn,2022,9,218.2,190.5946180257851,27.60538197421488,27.60538197421488,12.65141245381067
19105,corn,2022,10,218.2,186.97519097539526,31.224809024604724,31.224809024604724,14.310178288086492
19105,corn,2022,11,218.2,185.73999475555914,32.46000524444085,32.46000524444085,14.876262715142463
19105,corn,2022,12,218.2,189.53273890370298,28.66726109629701,28.66726109629701,13.138066496928053
19107,corn,2022,1,170.4,195.91312982988018,-25.51312982988017,25.51312982988017,14.972494031619817
19107,corn,2022,2,170.4,195.92149774533672,-25.521497745336717,25.521497745336717,14.977404780127182
19107,corn,2022,3,170.4,192.64125908096392,-22.241259080963914,22.241259080963914,13.052382089767555
19107,corn,2022,4,170.4,191.8935095039064,-21.49350950390638,21.49350950390638,12.613561915438018
19107,corn,2022,5,170.4,187.93646897314937,-17.53646897314937,17.53646897314937,10.291355031190944
19107,corn,2022,6,170.4,187.9132046066712,-17.513204606671195,17.513204606671195,10.27770223396197
19107,corn,2022,7,170.4,186.93049478314174,-16.530494783141734,16.530494783141734,9.700994591045617
19107,corn,2022,8,170.4,191.4761847950473,-21.076184795047283,21.076184795047283,12.368653048736668
19107,corn,2022,9,170.4,190.99834500401278,-20.59834500401277,20.59834500401277,12.088230636157729
19107,corn,2022,10,170.4,188.4944274173433,-18.094427417343297,18.094427417343297,10.618795432713203
19107,corn,2022,11,170.4,190.04629307212045,-19.646293072120443,19.646293072120443,11.529514713685705
19107,corn,2022,12,170.4,191.4964290090479,-21.09642900904788,21.09642900904788,12.380533456014014
19109,corn,2022,1,197.6,198.66902500132932,-1.0690250013293223,1.0690250013293223,0.5410045553286045
19109,corn,2022,2,197.6,197.74414301368117,-0.14414301368117322,0.14414301368117322,0.07294686927184879
19109,corn,2022,3,197.6,197.23540944052593,0.3645905594740668,0.3645905594740668,0.18450939244639009
19109,corn,2022,4,197.6,196.65732194310604,0.9426780568939535,0.9426780568939535,0.4770637939746728
19109,corn,2022,5,197.6,194.37198139233573,3.228018607664268,3.228018607664268,1.6336126557005404
19109,corn,2022,6,197.6,196.42298124393008,1.1770187560699128,1.1770187560699128,0.5956572652175672
19109,corn,2022,7,197.6,190.91520071960272,6.684799280397272,6.684799280397272,3.382995587245583
19109,corn,2022,8,197.6,194.97591162820015,2.624088371799843,2.624088371799843,1.3279799452428356
19109,corn,2022,9,197.6,194.42824371763567,3.1717562823643277,3.1717562823643277,1.6051398190102872
19109,corn,2022,10,197.6,189.703117051838,7.896882948161988,7.896882948161988,3.996398253118415
19109,corn,2022,11,197.6,200.53705997628956,-2.937059976289561,2.937059976289561,1.4863663847619235
19109,corn,2022,12,197.6,198.35185476871806,-0.7518547687180615,0.7518547687180615,0.3804933040071161
19111,corn,2022,1,178.2,197.30866866476467,-19.10866866476468,19.10866866476468,10.723158622202401
19111,corn,2022,2,178.2,196.34320040212418,-18.143200402124194,18.143200402124194,10.181369473694835
19111,corn,2022,3,178.2,191.9794791866659,-13.779479186665924,13.779479186665924,7.732592136176164
19111,corn,2022,4,178.2,190.42177041577867,-12.221770415778678,12.221770415778678,6.858457023444825
19111,corn,2022,5,178.2,187.55872047851506,-9.358720478515067,9.358720478515067,5.2518072270006
19111,corn,2022,6,178.2,191.22390433080454,-13.023904330804555,13.023904330804555,7.308588288891446
19111,corn,2022,7,178.2,190.9946220390746,-12.794622039074625,12.794622039074625,7.179922580849958
19111,corn,2022,8,178.2,188.27999369129574,-10.079993691295755,10.079993691295755,5.656562116327585
19111,corn,2022,9,178.2,193.62700960087946,-15.427009600879472,15.427009600879472,8.657132211492408
19111,corn,2022,10,178.2,188.363464402894,-10.163464402894022,10.163464402894022,5.703403144160506
19111,corn,2022,11,178.2,188.85159237813454,-10.651592378134552,10.651592378134552,5.977324566854407
19111,corn,2022,12,178.2,191.88596726172054,-13.685967261720549,13.685967261720549,7.680116308485157
19113,corn,2022,1,215.0,199.42869875512122,15.571301244878782,15.571301244878782,7.242465695292457
19113,corn,2022,2,215.0,196.65652014090946,18.343479859090536,18.343479859090536,8.531851097251412
19113,corn,2022,3,215.0,195.24158763422966,19.75841236577034,19.75841236577034,9.189959239893183
19113,corn,2022,4,215.0,194.3462095950729,20.653790404927094,20.653790404927094,9.606414141826555
19113,corn,2022,5,215.0,189.6494547278125,25.350545272187503,25.350545272187503,11.790951289389536
19113,corn,2022,6,215.0,193.6325885756896,21.367411424310404,21.367411424310404,9.938330895028095
19113,corn,2022,7,215.0,191.99914768092384,23.00085231907616,23.00085231907616,10.698070846081935
19113,corn,2022,8,215.0,195.22981591848347,19.770184081516533,19.770184081516533,9.195434456519317
19113,corn,2022,9,215.0,191.79183488592386,23.208165114076138,23.208165114076138,10.794495401895878
19113,corn,2022,10,215.0,190.84808911586427,24.15191088413573,24.15191088413573,11.233446922853828
19113,corn,2022,11,215.0,189.56962197418804,25.43037802581196,25.43037802581196,11.828082802703237
19113,corn,2022,12,215.0,194.18921443515046,20.81078556484954,20.81078556484954,9.679435146441646
19115,corn,2022,1,196.3,196.35124910173272,-0.051249101732707913,0.051249101732707913,0.026107540363070763
19115,corn,2022,2,196.3,194.9541708146431,1.345829185356905,1.345829185356905,0.685598158612789
19115,corn,2022,3,196.3,193.60015881616525,2.6998411838347636,2.6998411838347636,1.3753648414848516
19115,corn,2022,4,196.3,188.1750427758294,8.1249572241706,8.1249572241706,4.1390510566330105
19115,corn,2022,5,196.3,187.37318890931675,8.926811090683259,8.926811090683259,4.547534941764268
19115,corn,2022,6,196.3,188.78863017824023,7.511369821759786,7.511369821759786,3.8264746926947453
19115,corn,2022,7,196.3,187.97908916685654,8.320910833143472,8.320910833143472,4.238874596609002
19115,corn,2022,8,196.3,189.40504996767086,6.894950032329149,6.894950032329149,3.5124554418385885
19115,corn,2022,9,196.3,189.95934702655273,6.340652973447277,6.340652973447277,3.230083022642525
19115,corn,2022,10,196.3,186.83642812783827,9.463571872161737,9.463571872161737,4.8209739542342005
19115,corn,2022,11,196.3,189.8948408362768,6.405159163723198,6.405159163723198,3.2629440467260302
19115,corn,2022,12,196.3,189.04557219536406,7.254427804635952,7.254427804635952,3.6955821725094
19117,corn,2022,1,139.5,186.73327945928784,-47.23327945928784,47.23327945928784,33.858981691245766
19117,corn,2022,2,139.5,192.298023033389,-52.798023033389,52.798023033389,37.84804518522509
19117,corn,2022,3,139.5,188.34697817562426,-48.84697817562426,48.84697817562426,35.01575496460521
19117,corn,2022,4,139.5,181.9562031942631,-42.45620319426311,42.45620319426311,30.43455426112051
19117,corn,2022,5,139.5,182.841080861683,-43.341080861683,43.341080861683,31.068875169665233
19117,corn,2022,6,139.5,184.67782336442122,-45.177823364421215,45.177823364421215,32.38553646195069
19117,corn,2022,7,139.5,184.46642742942234,-44.96642742942234,44.96642742942234,32.233998157292
19117,corn,2022,8,139.5,185.57577194132384,-46.075771941323836,46.075771941323836,33.0292271980816
19117,corn,2022,9,139.5,189.9831187721114,-50.483118772111396,50.483118772111396,36.188615607248316
19117,corn,2022,10,139.5,185.8772156033548,-46.37721560335481,46.37721560335481,33.245315844698794
19117,corn,2022,11,139.5,184.86480626279578,-45.36480626279578,45.36480626279578,32.51957438193246
19117,corn,2022,12,139.5,185.3564973016273,-45.856497301627286,45.856497301627286,32.87204107643533
19119,corn,2022,1,190.8,202.1250877651664,-11.325087765166387,11.325087765166387,5.935580589709846
19119,corn,2022,2,190.8,200.7274980068816,-9.927498006881592,9.927498006881592,5.203091198575257
19119,corn,2022,3,190.8,196.1022314986747,-5.302231498674701,5.302231498674701,2.7789473263494235
19119,corn,2022,4,190.8,198.18443470318473,-7.3844347031847235,7.3844347031847235,3.8702487962184082
19119,corn,2022,5,190.8,192.98404916060497,-2.184049160604957,2.184049160604957,1.1446798535665392
19119,corn,2022,6,190.8,196.95753329415828,-6.15753329415827,6.15753329415827,3.2272187076301204
19119,corn,2022,7,190.8,194.37645451746997,-3.576454517469955,3.576454517469955,1.874452053181318
19119,corn,2022,8,190.8,195.41643338134472,-4.616433381344706,4.616433381344706,2.419514350809594
19119,corn,2022,9,190.8,192.38489930827566,-1.5848993082756522,1.5848993082756522,0.8306600148195241
19119,corn,2022,10,190.8,192.2877145271593,-1.4877145271592838,1.4877145271592838,0.7797245949472137
19119,corn,2022,11,190.8,195.50947627057917,-4.7094762705791595,4.7094762705791595,2.4682789678087835
19119,corn,2022,12,190.8,198.95477120799026,-8.154771207990251,8.154771207990251,4.273989102720257
19121,corn,2022,1,166.9,193.57317147168334,-26.673171471683332,26.673171471683332,15.98152874277012
19121,corn,2022,2,166.9,193.6262701183308,-26.726270118330802,26.726270118330802,16.01334339025213
19121,corn,2022,3,166.9,190.69117084131233,-23.791170841312322,23.791170841312322,14.254745860582577
19121,corn,2022,4,166.9,184.12896917373195,-17.22896917373194,17.22896917373194,10.322929403074859
19121,corn,2022,5,166.9,185.8215524729518,-18.921552472951788,18.921552472951788,11.33705960033061
19121,corn,2022,6,166.9,189.35927071765263,-22.45927071765263,22.45927071765263,13.456723018365865
19121,corn,2022,7,166.9,188.484943832656,-21.584943832655995,21.584943832655995,12.932860295180342
19121,corn,2022,8,166.9,191.92817357811262,-25.028173578112614,25.028173578112614,14.995909873045305
19121,corn,2022,9,166.9,191.48696388095377,-24.58696388095376,24.58696388095376,14.731554152758394
19121,corn,2022,10,166.9,188.4233050501327,-21.523305050132706,21.523305050132706,12.895928729857822
19121,corn,2022,11,166.9,187.5162057202581,-20.616205720258108,20.616205720258108,12.352430030112707
19121,corn,2022,12,166.9,190.85610385528645,-23.956103855286443,23.956103855286443,14.35356731892537
19123,corn,2022,1,186.3,196.7624127362649,-10.462412736264895,10.462412736264895,5.615895188547984
19123,corn,2022,2,186.3,194.19117374403015,-7.891173744030141,7.891173744030141,4.235734698888964
19123,corn,2022,3,186.3,191.67043766647222,-5.370437666472213,5.370437666472213,2.8826825906989875
19123,corn,2022,4,186.3,191.94355445096488,-5.643554450964871,5.643554450964871,3.0292831191437846
19123,corn,2022,5,186.3,189.39921575318235,-3.099215753182335,3.099215753182335,1.6635618642954024
19123,corn,2022,6,186.3,189.80322285537125,-3.5032228553712343,3.5032228553712343,1.8804202122228848
19123,corn,2022,7,186.3,188.46334742453536,-2.1633474245353455,2.1633474245353455,1.1612170824129604
19123,corn,2022,8,186.3,191.6245020840788,-5.3245020840788015,5.3245020840788015,2.858025810026195
19123,corn,2022,9,186.3,191.54515181316546,-5.2451518131654495,5.2451518131654495,2.815433072015807
19123,corn,2022,10,186.3,189.15234933084886,-2.8523493308488526,2.8523493308488526,1.531051707379953
19123,corn,2022,11,186.3,191.75847383360465,-5.458473833604643,5.458473833604643,2.9299376455204738
19123,corn,2022,12,186.3,194.52051810090637,-8.22051810090636,8.22051810090636,4.412516425607279
19125,corn,2022,1,175.2,195.77178364755625,-20.57178364755626,20.57178364755626,11.741885643582341
19125,corn,2022,2,175.2,194.24262342155802,-19.042623421558034,19.042623421558034,10.869077295409838
19125,corn,2022,3,175.2,191.34351309349958,-16.143513093499593,16.143513093499593,9.214333957476937
19125,corn,2022,4,175.2,189.75277253904187,-14.552772539041882,14.552772539041882,8.306377020001076
19125,corn,2022,5,175.2,186.08959497376782,-10.889594973767828,10.889594973767828,6.215522245301272
19125,corn,2022,6,175.2,188.19903933754878,-12.999039337548794,12.999039337548794,7.4195430008840155
19125,corn,2022,7,175.2,186.66570642560765,-11.465706425607664,11.465706425607664,6.544352982652776
19125,corn,2022,8,175.2,190.5196691784493,-15.319669178449317,15.319669178449317,8.744103412356917
19125,corn,2022,9,175.2,191.9920801650555,-16.792080165055523,16.792080165055523,9.58452064215498
19125,corn,2022,10,175.2,188.14835660660634,-12.948356606606353,12.948356606606353,7.390614501487645
19125,corn,2022,11,175.2,187.93457551150667,-12.734575511506677,12.734575511506677,7.268593328485546
19125,corn,2022,12,175.2,189.93630691698215,-14.736306916982159,14.736306916982159,8.41113408503548
19127,corn,2022,1,214.1,197.5411857430752,16.55881425692479,16.55881425692479,7.734149582870057
19127,corn,2022,2,214.1,195.8127411778623,18.287258822137687,18.287258822137687,8.54145671281536
19127,corn,2022,3,214.1,192.2564498595505,21.84355014044951,21.84355014044951,10.202498897921302
19127,corn,2022,4,214.1,192.544220962652,21.555779037348003,21.555779037348003,10.068089228093417
19127,corn,2022,5,214.1,192.1190594590366,21.98094054096339,21.98094054096339,10.266670033144974
19127,corn,2022,6,214.1,195.62840372134883,18.471596278651162,18.471596278651162,8.627555478118246
19127,corn,2022,7,214.1,189.2900875950607,24.809912404939297,24.809912404939297,11.588002057421438
19127,corn,2022,8,214.1,192.8998714866693,21.200128513330696,21.200128513330696,9.901975017903176
19127,corn,2022,9,214.1,192.51747262722668,21.582527372773313,21.582527372773313,10.080582612224807
19127,corn,2022,10,214.1,189.28513450421394,24.81486549578605,24.81486549578605,11.590315504804321
19127,corn,2022,11,214.1,193.33485373153124,20.765146268468754,20.765146268468754,9.698807224880316
19127,corn,2022,12,214.1,195.08144497830838,19.01855502169161,19.01855502169161,8.883024297847554
19129,corn,2022,1,191.1,195.14729965901913,-4.0472996590191315,4.0472996590191315,2.117896210894365
19129,corn,2022,2,191.1,194.23223922051596,-3.13223922051597,3.13223922051597,1.6390576768791052
19129,corn,2022,3,191.1,191.68361409935216,-0.583614099352161,0.583614099352161,0.30539722624393567
19129,corn,2022,4,191.1,191.7765281176155,-0.6765281176155042,0.6765281176155042,0.35401785327865215
19129,corn,2022,5,191.1,186.31954908730714,4.7804509126928565,4.7804509126928565,2.501544172000448
19129,corn,2022,6,191.1,189.0562318871494,2.043768112850586,2.043768112850586,1.0694757262431114
19129,corn,2022,7,191.1,186.03437958852044,5.065620411479557,5.065620411479557,2.65076944609082
19129,corn,2022,8,191.1,188.01543209466575,3.0845679053342394,3.0845679053342394,1.614111933717551
19129,corn,2022,9,191.1,190.24343437529376,0.856565624706235,0.856565624706235,0.4482290029859943
19129,corn,2022,10,191.1,186.53823247919374,4.5617675208062565,4.5617675208062565,2.387110162640637
19129,corn,2022,11,191.1,188.59015276886248,2.5098472311375133,2.5098472311375133,1.3133685144623304
19129,corn,2022,12,191.1,193.1223693473386,-2.0223693473386106,2.0223693473386106,1.0582780467496655
19131,corn,2022,1,217.9,191.3960893810267,26.503910618973293,26.503910618973293,12.16333667690376
19131,corn,2022,2,217.9,193.47415377577457,24.425846224225438,24.425846224225438,11.209658661874913
19131,corn,2022,3,217.9,192.61996530380387,25.28003469619614,25.28003469619614,11.601668056996852
19131,corn,2022,4,217.9,194.00818657020417,23.891813429795832,23.891813429795832,10.96457706736844
19131,corn,2022,5,217.9,192.99954339929744,24.90045660070257,24.90045660070257,11.427469757091586
19131,corn,2022,6,217.9,189.56060119688698,28.339398803113028,28.339398803113028,13.005690134517224
19131,corn,2022,7,217.9,184.95928381227282,32.94071618772719,32.94071618772719,15.117354836038178
19131,corn,2022,8,217.9,189.78470226938063,28.115297730619375,28.115297730619375,12.902844300421926
19131,corn,2022,9,217.9,190.40313323249256,27.49686676750744,27.49686676750744,12.619030182426544
19131,corn,2022,10,217.9,186.12652511695205,31.773474883047953,31.773474883047953,14.581677321270286
19131,corn,2022,11,217.9,193.68370625279334,24.216293747206663,24.216293747206663,11.113489558148997
19131,corn,2022,12,217.9,191.80986419549535,26.090135804504655,26.090135804504655,11.973444609685476
19133,corn,2022,1,168.6,202.11351323068675,-33.513513230686755,33.513513230686755,19.877528606575776
19133,corn,2022,2,168.6,197.55544148641877,-28.955441486418778,28.955441486418778,17.174045958729998
19133,corn,2022,3,168.6,195.99257203700628,-27.39257203700629,27.39257203700629,16.24707712752449
19133,corn,2022,4,168.6,196.63192927314833,-28.031929273148336,28.031929273148336,16.626292570076117
19133,corn,2022,5,168.6,193.303337849338,-24.703337849338,24.703337849338,14.652039056546856
19133,corn,2022,6,168.6,195.21302112513388,-26.613021125133884,26.613021125133884,15.784710038632197
19133,corn,2022,7,168.6,194.4679885888755,-25.867988588875505,25.867988588875505,15.342816482132566
19133,corn,2022,8,168.6,196.2650885045512,-27.665088504551193,27.665088504551193,16.40871204303155
19133,corn,2022,9,168.6,195.0321791436838,-26.43217914368381,26.43217914368381,15.677449076918037
19133,corn,2022,10,168.6,192.6322843972468,-24.032284397246798,24.032284397246798,14.254023960407352
19133,corn,2022,11,168.6,193.74374621055222,-25.143746210552223,25.143746210552223,14.913253980161462
19133,corn,2022,12,168.6,200.1948835163903,-31.594883516390297,31.594883516390297,18.739551314584993
19135,corn,2022,1,145.4,186.83344983105934,-41.433449831059335,41.433449831059335,28.496182827413573
19135,corn,2022,2,145.4,193.09036665522842,-47.69036665522842,47.69036665522842,32.79942686054223
19135,corn,2022,3,145.4,187.92355386175026,-42.52355386175026,42.52355386175026,29.24591049638945
19135,corn,2022,4,145.4,182.37131818727704,-36.971318187277035,36.971318187277035,25.4273164974395
19135,corn,2022,5,145.4,182.52487707319247,-37.124877073192465,37.124877073192465,25.53292783575823
19135,corn,2022,6,145.4,185.304858632581,-39.90485863258098,39.90485863258098,27.444882140702187
19135,corn,2022,7,145.4,183.99779900269672,-38.59779900269672,38.59779900269672,26.545941542432406
19135,corn,2022,8,145.4,186.57583785017601,-41.17583785017601,41.17583785017601,28.319008150052277
19135,corn,2022,9,145.4,191.34734786121274,-45.947347861212734,45.947347861212734,31.600651899045896
19135,corn,2022,10,145.4,185.98883703702606,-40.58883703702605,40.58883703702605,27.915293698092196
19135,corn,2022,11,145.4,185.9278079145434,-40.52780791454339,40.52780791454339,27.87332043641223
19135,corn,2022,12,145.4,185.6362103025362,-40.23621030253619,40.23621030253619,27.6727718724458
19137,corn,2022,1,187.8,191.21315886302807,-3.413158863028059,3.413158863028059,1.8174434840404998
19137,corn,2022,2,187.8,193.37089028151044,-5.5708902815104295,5.5708902815104295,2.966395251070516
19137,corn,2022,3,187.8,192.5609629966619,-4.7609629966619025,4.7609629966619025,2.5351240663801398
19137,corn,2022,4,187.8,191.53963007665843,-3.7396300766584147,3.7396300766584147,1.991283320904374
19137,corn,2022,5,187.8,186.20633699635044,1.5936630036495671,1.5936630036495671,0.8485958485886939
19137,corn,2022,6,187.8,187.2825553310222,0.5174446689778165,0.5174446689778165,0.27552964269319297
19137,corn,2022,7,187.8,184.8082895745211,2.9917104254789137,2.9917104254789137,1.5930300455159283
19137,corn,2022,8,187.8,186.02363282451878,1.7763671754812265,1.7763671754812265,0.945882415059226
19137,corn,2022,9,187.8,190.58968725054248,-2.789687250542471,2.789687250542471,1.485456469937418
19137,corn,2022,10,187.8,186.44603494287807,1.3539650571219397,1.3539650571219397,0.7209611592768582
19137,corn,2022,11,187.8,188.3132196302477,-0.5132196302476757,0.5132196302476757,0.2732798883107964
19137,corn,2022,12,187.8,193.98465872368325,-6.184658723683242,6.184658723683242,3.2932155078185525
19139,corn,2022,1,213.1,195.55445133608703,17.545548663912967,17.545548663912967,8.233481306388066
19139,corn,2022,2,213.1,194.01435580328862,19.08564419671137,19.08564419671137,8.956191551718147
19139,corn,2022,3,213.1,193.7108707314845,19.38912926851549,19.38912926851549,9.098605944868837
19139,corn,2022,4,213.1,192.48583975298845,20.61416024701154,20.61416024701154,9.673467971380358
19139,corn,2022,5,213.1,189.27276936575208,23.82723063424791,23.82723063424791,11.181243845259461
19139,corn,2022,6,213.1,188.2156002611389,24.884399738861106,24.884399738861106,11.67733446215913
19139,corn,2022,7,213.1,186.01602600738227,27.08397399261773,27.08397399261773,12.709513839801845
19139,corn,2022,8,213.1,189.71107968153848,23.388920318461516,23.388920318461516,10.975560919034029
19139,corn,2022,9,213.1,189.3899761685559,23.71002383144409,23.71002383144409,11.126242999269868
19139,corn,2022,10,213.1,186.84642049735106,26.253579502648932,26.253579502648932,12.319840217104145
19139,corn,2022,11,213.1,189.34378947778507,23.75621052221493,23.75621052221493,11.147916716196587
19139,corn,2022,12,213.1,188.57790764297266,24.522092357027333,24.522092357027333,11.507316920238072
19141,corn,2022,1,201.2,197.95255541632486,3.247444583675133,3.247444583675133,1.6140380634568254
19141,corn,2022,2,201.2,197.12534370220507,4.074656297794917,4.074656297794917,2.0251770863791836
19141,corn,2022,3,201.2,195.36344804639597,5.836551953604015,5.836551953604015,2.900870752288278
19141,corn,2022,4,201.2,195.49814391797398,5.701856082026012,5.701856082026012,2.833924494048714
19141,corn,2022,5,201.2,192.91403817196164,8.285961828038353,8.285961828038353,4.118271286301368
19141,corn,2022,6,201.2,194.23996405661546,6.960035943384526,6.960035943384526,3.4592623973084122
19141,corn,2022,7,201.2,189.75621991572444,11.443780084275545,11.443780084275545,5.687763461369555
19141,corn,2022,8,201.2,190.6473547739123,10.55264522608769,10.55264522608769,5.2448534920912975
19141,corn,2022,9,201.2,191.47744659256463,9.722553407435356,9.722553407435356,4.832283005683577
19141,corn,2022,10,201.2,190.27554276255194,10.924457237448053,10.924457237448053,5.429650714437402
19141,corn,2022,11,201.2,197.41074783502538,3.789252164974613,3.789252164974613,1.8833261257329093
19141,corn,2022,12,201.2,197.55561353756647,3.6443864624335163,3.6443864624335163,1.8113252795395212
19143,corn,2022,1,197.6,194.23539118538773,3.364608814612268,3.364608814612268,1.7027372543584354
19143,corn,2022,2,197.6,193.80058691287155,3.7994130871284426,3.7994130871284426,1.9227799023929366
19143,corn,2022,3,197.6,193.95949554317517,3.6405044568248286,3.6405044568248286,1.8423605550732938
19143,corn,2022,4,197.6,195.31889080094479,2.2811091990552086,2.2811091990552086,1.1544074894004093
19143,corn,2022,5,197.6,193.60842788522868,3.9915721147713157,3.9915721147713157,2.020026373872123
19143,corn,2022,6,197.6,190.59537511851812,7.004624881481874,7.004624881481874,3.544850648523216
19143,corn,2022,7,197.6,187.51858088503835,10.081419114961648,10.081419114961648,5.101932750486664
19143,corn,2022,8,197.6,188.1741646977724,9.425835302227597,9.425835302227597,4.770159565904654
19143,corn,2022,9,197.6,191.5840368317935,6.015963168206497,6.015963168206497,3.044515773383855
19143,corn,2022,10,197.6,190.5957261391704,7.004273860829585,7.004273860829585,3.5446730064927054
19143,corn,2022,11,197.6,194.56833027327795,3.0316697267220434,3.0316697267220434,1.534245813118443
19143,corn,2022,12,197.6,193.53720927637266,4.06279072362733,4.06279072362733,2.0560681799733453
19145,corn,2022,1,174.5,196.32964202016217,-21.82964202016217,21.82964202016217,12.509823507256257
19145,corn,2022,2,174.5,196.68167858390203,-22.181678583902027,22.181678583902027,12.711563658396576
19145,corn,2022,3,174.5,193.04400506951697,-18.54400506951697,18.54400506951697,10.626937002588521
19145,corn,2022,4,174.5,190.4737818080618,-15.973781808061801,15.973781808061801,9.154029689433697
19145,corn,2022,5,174.5,187.4988740537713,-12.998874053771289,12.998874053771289,7.449211492132543
19145,corn,2022,6,174.5,190.66671775003985,-16.16671775003985,16.16671775003985,9.264594699163238
19145,corn,2022,7,174.5,187.17682037447034,-12.676820374470338,12.676820374470338,7.264653509725122
19145,corn,2022,8,174.5,191.9681938426781,-17.46819384267809,17.46819384267809,10.010426270875698
19145,corn,2022,9,174.5,191.72360760652546,-17.223607606525462,17.223607606525462,9.87026223869654
19145,corn,2022,10,174.5,187.9374833057884,-13.43748330578839,13.43748330578839,7.700563499019135
19145,corn,2022,11,174.5,190.24890664169726,-15.74890664169726,15.74890664169726,9.025161399253443
19145,corn,2022,12,174.5,195.15436427991145,-20.654364279911448,20.654364279911448,11.83631190825871
19147,corn,2022,1,195.9,195.22115608123804,0.6788439187619701,0.6788439187619701,0.34652573698926503
19147,corn,2022,2,195.9,197.36199178199612,-1.4619917819961188,1.4619917819961188,0.7462949372108825
19147,corn,2022,3,195.9,194.76265581314905,1.137344186850953,1.137344186850953,0.580573857504315
19147,corn,2022,4,195.9,194.14462240368755,1.7553775963124565,1.7553775963124565,0.8960579868874203
19147,corn,2022,5,195.9,192.66604218204859,3.2339578179514206,3.2339578179514206,1.6508207340231857
19147,corn,2022,6,195.9,193.31149672673257,2.5885032732674347,2.5885032732674347,1.3213390879364137
19147,corn,2022,7,195.9,187.57682931279155,8.32317068720846,8.32317068720846,4.248683352326932
19147,corn,2022,8,195.9,190.296002764084,5.603997235916012,5.603997235916012,2.8606417743318078
19147,corn,2022,9,195.9,190.57314655649367,5.326853443506337,5.326853443506337,2.719169700615792
19147,corn,2022,10,195.9,187.34871516957122,8.551284830428784,8.551284830428784,4.365127529570589
19147,corn,2022,11,195.9,194.73284399785246,1.16715600214755,1.16715600214755,0.5957917315709801
19147,corn,2022,12,195.9,195.25073872202393,0.6492612779760805,0.6492612779760805,0.33142484837982666
19149,corn,2022,1,171.8,202.74270980451917,-30.942709804519154,30.942709804519154,18.010890456646774
19149,corn,2022,2,171.8,197.0511136684026,-25.25111366840258,25.25111366840258,14.69797070337752
19149,corn,2022,3,171.8,199.97655252279856,-28.176552522798545,28.176552522798545,16.400787265889722
19149,corn,2022,4,171.8,198.37519082922725,-26.57519082922724,26.57519082922724,15.468679178828426
19149,corn,2022,5,171.8,194.5016902340023,-22.701690234002285,22.701690234002285,13.214022254948944
19149,corn,2022,6,171.8,198.23811452712266,-26.43811452712265,26.43811452712265,15.38889087725416
19149,corn,2022,7,171.8,195.30568217203367,-23.50568217203366,23.50568217203366,13.682003592569068
19149,corn,2022,8,171.8,196.69380874425127,-24.89380874425126,24.89380874425126,14.489993448341826
19149,corn,2022,9,171.8,195.63880642596024,-23.83880642596023,23.83880642596023,13.875905952246931
19149,corn,2022,10,171.8,191.85770838615554,-20.057708386155525,20.057708386155525,11.675033984956649
19149,corn,2022,11,171.8,201.73575909223217,-29.93575909223216,29.93575909223216,17.424772463464585
19149,corn,2022,12,171.8,199.4274558032151,-27.6274558032151,27.6274558032151,16.081173342965716
19151,corn,2022,1,198.3,196.75077727512078,1.549222724879229,1.549222724879229,0.7812520044776746
19151,corn,2022,2,198.3,197.77258958298088,0.5274104170191265,0.5274104170191265,0.26596591881952925
19151,corn,2022,3,198.3,194.82168251770003,3.4783174822999854,3.4783174822999854,1.7540683218860238
19151,corn,2022,4,198.3,194.25255549812937,4.047444501870643,4.047444501870643,2.0410713574738493
19151,corn,2022,5,198.3,193.04218488386923,5.257815116130786,5.257815116130786,2.651444839198581
19151,corn,2022,6,198.3,193.20038656150268,5.099613438497329,5.099613438497329,2.571665879222052
19151,corn,2022,7,198.3,186.2980439299989,12.001956070001114,12.001956070001114,6.052423635905756
19151,corn,2022,8,198.3,191.63559334788962,6.664406652110387,6.664406652110387,3.360769869949766
19151,corn,2022,9,198.3,191.44025827205186,6.859741727948148,6.859741727948148,3.45927469891485
19151,corn,2022,10,198.3,188.32898325841668,9.971016741583327,9.971016741583327,5.028248482896282
19151,corn,2022,11,198.3,195.86848856711563,2.4315114328843777,2.4315114328843777,1.2261782314091667
19151,corn,2022,12,198.3,196.04506112119785,2.2549388788021645,2.2549388788021645,1.1371350876460737
19153,corn,2022,1,188.6,195.85410975903022,-7.254109759030229,7.254109759030229,3.846293615604575
19153,corn,2022,2,188.6,197.1608829958337,-8.560882995833708,8.560882995833708,4.53917444105711
19153,corn,2022,3,188.6,193.51999649221491,-4.919996492214921,4.919996492214921,2.60869379226666
19153,corn,2022,4,188.6,187.3234916290239,1.276508370976103,1.276508370976103,0.6768337067741798
19153,corn,2022,5,188.6,188.17210529948605,0.42789470051394574,0.42789470051394574,0.22687948065426605
19153,corn,2022,6,188.6,192.03908693951936,-3.4390869395193704,3.4390869395193704,1.8234819403602176
19153,corn,2022,7,188.6,189.48740276300975,-0.8874027630097601,0.8874027630097601,0.4705210832501379
19153,corn,2022,8,188.6,193.34466192500884,-4.744661925008842,4.744661925008842,2.515727425773511
19153,corn,2022,9,188.6,192.9189476600678,-4.318947660067806,4.318947660067806,2.2900040615417847
19153,corn,2022,10,188.6,189.0081567926746,-0.40815679267461746,0.40815679267461746,0.21641399399502514
19153,corn,2022,11,188.6,188.72071197938257,-0.12071197938257683,0.12071197938257683,0.06400423084972261
19153,corn,2022,12,188.6,194.27050536760532,-5.67050536760533,5.67050536760533,3.0066306296952967
19155,corn,2022,1,195.0,200.5309667625832,-5.530966762583205,5.530966762583205,2.8363932115811306
19155,corn,2022,2,195.0,194.8685514889589,0.1314485110410999,0.1314485110410999,0.06740949284158969
19155,corn,2022,3,195.0,194.83975364363104,0.16024635636895823,0.16024635636895823,0.08217761865074781
19155,corn,2022,4,195.0,195.50305780439754,-0.5030578043975424,0.5030578043975424,0.25797836122950896
19155,corn,2022,5,195.0,193.52500564921053,1.4749943507894727,1.4749943507894727,0.7564073593792168
19155,corn,2022,6,195.0,197.48459591898134,-2.4845959189813414,2.4845959189813414,1.2741517533237647
19155,corn,2022,7,195.0,193.29495914157656,1.7050408584234447,1.7050408584234447,0.8743799273966383
19155,corn,2022,8,195.0,194.4966114559805,0.5033885440194865,0.5033885440194865,0.25814797129204436
19155,corn,2022,9,195.0,195.02819814412007,-0.02819814412006849,0.02819814412006849,0.014460586728240252
19155,corn,2022,10,195.0,192.26651729338903,2.733482706610971,2.733482706610971,1.4017860033902416
19155,corn,2022,11,195.0,192.4410870559693,2.558912944030709,2.558912944030709,1.3122630482208764
19155,corn,2022,12,195.0,201.62373953154122,-6.623739531541219,6.623739531541219,3.3967895033544715
19157,corn,2022,1,193.3,196.50344846386662,-3.203448463866607,3.203448463866607,1.6572418333505468
19157,corn,2022,2,193.3,193.90996069234637,-0.6099606923463625,0.6099606923463625,0.3155513152335036
19157,corn,2022,3,193.3,191.56028164552893,1.73971835447108,1.73971835447108,0.9000094953290636
19157,corn,2022,4,193.3,191.2530508460455,2.0469491539545004,2.0469491539545004,1.0589493812490949
19157,corn,2022,5,193.3,191.23567707253636,2.0643229274636496,2.0643229274636496,1.0679373654752455
19157,corn,2022,6,193.3,192.65404807298373,0.6459519270162843,0.6459519270162843,0.33417068133279065
19157,corn,2022,7,193.3,188.07568748433494,5.224312515665076,5.224312515665076,2.7026965937222327
19157,corn,2022,8,193.3,192.36331270716485,0.9366872928351597,0.9366872928351597,0.4845769750828555
19157,corn,2022,9,193.3,191.28151355852725,2.01848644147276,2.01848644147276,1.044224749856575
19157,corn,2022,10,193.3,188.8866665966607,4.413333403339323,4.413333403339323,2.283152303848589
19157,corn,2022,11,193.3,192.0105359057169,1.2894640942831188,1.2894640942831188,0.6670792003533982
19157,corn,2022,12,193.3,194.00385906929597,-0.7038590692959588,0.7038590692959588,0.3641278165007546
19159,corn,2022,1,151.8,190.39570316428208,-38.59570316428207,38.59570316428207,25.42536440334787
19159,corn,2022,2,151.8,194.58511732923347,-42.78511732923346,42.78511732923346,28.185189281444963
19159,corn,2022,3,151.8,189.05173543008254,-37.25173543008253,37.25173543008253,24.54001016474475
19159,corn,2022,4,151.8,183.4122334327651,-31.612233432765095,31.612233432765095,20.824923209990178
19159,corn,2022,5,151.8,183.74396091870034,-31.943960918700327,31.943960918700327,21.043452515612863
19159,corn,2022,6,151.8,188.58429969417384,-36.784299694173825,36.784299694173825,24.232081484962993
19159,corn,2022,7,151.8,186.12602615595193,-34.32602615595192,34.32602615595192,22.612665451878737
19159,corn,2022,8,151.8,188.009975617511,-36.20997561751099,36.20997561751099,23.853738878465737
19159,corn,2022,9,151.8,190.23451782960475,-38.434517829604744,38.434517829604744,25.319181705931975
19159,corn,2022,10,151.8,187.6442652814293,-35.8442652814293,35.8442652814293,23.612822978543672
19159,corn,2022,11,151.8,184.1528643069111,-32.3528643069111,32.3528643069111,21.312822336568576
19159,corn,2022,12,151.8,185.84404567431622,-34.04404567431621,34.04404567431621,22.42690755883808
19161,corn,2022,1,212.4,201.80437364767968,10.595626352320323,10.595626352320323,4.988524647985086
19161,corn,2022,2,212.4,198.81567252187594,13.584327478124067,13.584327478124067,6.395634405896453
19161,corn,2022,3,212.4,196.2151790033274,16.184820996672613,16.184820996672613,7.619972220655656
19161,corn,2022,4,212.4,196.4375060732301,15.962493926769895,15.962493926769895,7.515298458931212
19161,corn,2022,5,212.4,193.7128725833818,18.68712741661821,18.68712741661821,8.79808258786168
19161,corn,2022,6,212.4,198.11453334806845,14.285466651931557,14.285466651931557,6.7257375950713545
19161,corn,2022,7,212.4,190.00805193725768,22.39194806274233,22.39194806274233,10.542348428786408
19161,corn,2022,8,212.4,195.63498036685635,16.765019633143652,16.765019633143652,7.893135420500777
19161,corn,2022,9,212.4,191.70726031938275,20.69273968061725,20.69273968061725,9.742344482399835
19161,corn,2022,10,212.4,188.65195423726988,23.74804576273013,23.74804576273013,11.180812505993469
19161,corn,2022,11,212.4,197.6464583999963,14.7535416000037,14.7535416000037,6.946111864408522
19161,corn,2022,12,212.4,201.06260699718578,11.337393002814224,11.337393002814224,5.337755651042478
19163,corn,2022,1,216.2,199.27963496740765,16.920365032592343,16.920365032592343,7.826255796758716
19163,corn,2022,2,216.2,192.04386735124103,24.156132648758955,24.156132648758955,11.173049328750674
19163,corn,2022,3,216.2,193.7693146538627,22.430685346137295,22.430685346137295,10.37497009534565
19163,corn,2022,4,216.2,193.7207977819621,22.479202218037898,22.479202218037898,10.397410831654902
19163,corn,2022,5,216.2,193.62300696768702,22.57699303231297,22.57699303231297,10.442642475630421
19163,corn,2022,6,216.2,195.4417147387553,20.75828526124468,20.75828526124468,9.601427040353691
19163,corn,2022,7,216.2,188.8867606895349,27.313239310465093,27.313239310465093,12.633320680141116
19163,corn,2022,8,216.2,193.8508805171717,22.349119482828286,22.349119482828286,10.337243054037137
19163,corn,2022,9,216.2,192.37423712021638,23.82576287978361,23.82576287978361,11.020241850038673
19163,corn,2022,10,216.2,188.3000142555861,27.899985744413897,27.899985744413897,12.904711260135937
19163,corn,2022,11,216.2,191.26778891528795,24.932211084712037,24.932211084712037,11.532012527618889
19163,corn,2022,12,216.2,193.11652053908668,23.08347946091331,23.08347946091331,10.676910018923826
19165,corn,2022,1,209.0,201.76587827882375,7.234121721176251,7.234121721176251,3.4613022589360054
19165,corn,2022,2,209.0,196.9640249520998,12.035975047900195,12.035975047900195,5.758839735837413
19165,corn,2022,3,209.0,194.29726618399272,14.702733816007282,14.702733816007282,7.034800868903006
19165,corn,2022,4,209.0,196.4152220801768,12.58477791982321,12.58477791982321,6.021424842020675
19165,corn,2022,5,209.0,193.7341335984772,15.2658664015228,15.2658664015228,7.30424229737933
19165,corn,2022,6,209.0,199.23004278820736,9.769957211792644,9.769957211792644,4.674620675498872
19165,corn,2022,7,209.0,191.98952235849677,17.01047764150323,17.01047764150323,8.13898451746566
19165,corn,2022,8,209.0,196.13515890120428,12.864841098795722,12.864841098795722,6.155426363060154
19165,corn,2022,9,209.0,191.73127529710965,17.268724702890353,17.268724702890353,8.262547704732226
19165,corn,2022,10,209.0,187.4630927832379,21.536907216762103,21.536907216762103,10.304740295101485
19165,corn,2022,11,209.0,192.16785272313166,16.83214727686834,16.83214727686834,8.053658984147532
19165,corn,2022,12,209.0,199.06962369322716,9.930376306772843,9.930376306772843,4.751376223336289
19167,corn,2022,1,196.9,202.472451860461,-5.572451860461001,5.572451860461001,2.830092361839005
19167,corn,2022,2,196.9,198.62501728076202,-1.7250172807620174,1.7250172807620174,0.8760880044499835
19167,corn,2022,3,196.9,199.96512266419845,-3.065122664198441,3.065122664198441,1.5566900275258713
19167,corn,2022,4,196.9,197.82246826632831,-0.922468266328309,0.922468266328309,0.4684958183485572
19167,corn,2022,5,196.9,193.53469953289485,3.3653004671051576,3.3653004671051576,1.7091419335221725
19167,corn,2022,6,196.9,197.7099048993191,-0.8099048993190934,0.8099048993190934,0.41132803418948366
19167,corn,2022,7,196.9,196.02027821686443,0.8797217831355795,0.8797217831355795,0.44678607574178747
19167,corn,2022,8,196.9,196.40509358456328,0.49490641543673064,0.49490641543673064,0.25134911906385504
19167,corn,2022,9,196.9,194.04512590555169,2.85487409444832,2.85487409444832,1.4499106624927984
19167,corn,2022,10,196.9,191.35741905977395,5.54258094022606,5.54258094022606,2.8149217573519856
19167,corn,2022,11,196.9,198.2408128675523,-1.3408128675523017,1.3408128675523017,0.6809613344602852
19167,corn,2022,12,196.9,198.9877733099462,-2.0877733099461864,2.0877733099461864,1.0603216403992821
19169,corn,2022,1,207.1,196.63439605188833,10.465603948111664,10.465603948111664,5.053406058962658
19169,corn,2022,2,207.1,195.35859346644688,11.741406533553118,11.741406533553118,5.669438210310536
19169,corn,2022,3,207.1,192.8867413472892,14.213258652710806,14.213258652710806,6.8629930722891395
19169,corn,2022,4,207.1,192.79040979008374,14.309590209916252,14.309590209916252,6.909507585666949
19169,corn,2022,5,207.1,192.47132389644213,14.628676103557865,14.628676103557865,7.063580928806308
19169,corn,2022,6,207.1,193.17489496368555,13.925105036314449,13.925105036314449,6.7238556428365275
19169,corn,2022,7,207.1,188.11167519570543,18.988324804294564,18.988324804294564,9.16867445885783
19169,corn,2022,8,207.1,192.40397005067302,14.69602994932697,14.69602994932697,7.096103307255901
19169,corn,2022,9,207.1,192.02437134041443,15.075628659585561,15.075628659585561,7.279395779616399
19169,corn,2022,10,207.1,190.24701333473362,16.85298666526637,16.85298666526637,8.137608240109305
19169,corn,2022,11,207.1,195.03741942919675,12.062580570803249,12.062580570803249,5.824519831387373
19169,corn,2022,12,207.1,194.41398927571362,12.686010724286376,12.686010724286376,6.125548394150834
19171,corn,2022,1,203.3,201.62841320994949,1.671586790050526,1.671586790050526,0.8222266552142282
19171,corn,2022,2,203.3,197.25747045023928,6.042529549760729,6.042529549760729,2.972223093832134
19171,corn,2022,3,203.3,191.5819614700217,11.718038529978315,11.718038529978315,5.763914672886529
19171,corn,2022,4,203.3,189.19732964915832,14.102670350841692,14.102670350841692,6.93687670971062
19171,corn,2022,5,203.3,192.8861888226478,10.413811177352216,10.413811177352216,5.1223862161102875
19171,corn,2022,6,203.3,200.1179407950838,3.1820592049162144,3.1820592049162144,1.5652037407359636
19171,corn,2022,7,203.3,193.6475962560578,9.652403743942216,9.652403743942216,4.7478621465529836
19171,corn,2022,8,203.3,196.92920100705362,6.370798992946391,6.370798992946391,3.1336935528511507
19171,corn,2022,9,203.3,193.9403436799991,9.359656320000909,9.359656320000909,4.60386439744265
19171,corn,2022,10,203.3,189.57431336056678,13.725686639433235,13.725686639433235,6.751444485702525
19171,corn,2022,11,203.3,193.91830397364706,9.381696026352955,9.381696026352955,4.614705374497272
19171,corn,2022,12,203.3,197.32425932289158,5.975740677108433,5.975740677108433,2.93937072164704
19173,corn,2022,1,172.1,189.13686874890854,-17.036868748908546,17.036868748908546,9.89940078379346
19173,corn,2022,2,172.1,196.47147666098124,-24.371476660981244,24.371476660981244,14.161229901790382
19173,corn,2022,3,172.1,192.44016976814405,-20.34016976814405,20.34016976814405,11.818808697352733
19173,corn,2022,4,172.1,186.16014221556193,-14.060142215561939,14.060142215561939,8.169751432633317
19173,corn,2022,5,172.1,185.75686088970122,-13.656860889701221,13.656860889701221,7.935421783672994
19173,corn,2022,6,172.1,190.13660261754356,-18.036602617543565,18.036602617543565,10.480303670856227
19173,corn,2022,7,172.1,187.5044618363675,-15.404461836367517,15.404461836367517,8.950878463897453
19173,corn,2022,8,172.1,189.5740211918907,-17.4740211918907,17.4740211918907,10.153411500227019
19173,corn,2022,9,172.1,191.6786419488626,-19.57864194886261,19.57864194886261,11.37631722769472
19173,corn,2022,10,172.1,187.82163727480958,-15.72163727480958,15.72163727480958,9.135175639052633
19173,corn,2022,11,172.1,190.11648351737497,-18.01648351737498,18.01648351737498,10.468613316313178
19173,corn,2022,12,172.1,191.99938428232548,-19.899384282325485,19.899384282325485,11.562686974041538
19175,corn,2022,1,149.4,183.40602840862599,-34.00602840862598,34.00602840862598,22.76173253589423
19175,corn,2022,2,149.4,191.05786902589105,-41.657869025891046,41.657869025891046,27.88344646980659
19175,corn,2022,3,149.4,187.59563412953167,-38.19563412953167,38.19563412953167,25.566020167022536
19175,corn,2022,4,149.4,182.91852619707285,-33.518526197072845,33.518526197072845,22.43542583472078
19175,corn,2022,5,149.4,182.7198149813346,-33.31981498133459,33.31981498133459,22.302419666221276
19175,corn,2022,6,149.4,184.7952502132706,-35.3952502132706,35.3952502132706,23.69159987501379
19175,corn,2022,7,149.4,184.18385576600187,-34.783855766001864,34.783855766001864,23.282366643910215
19175,corn,2022,8,149.4,185.74668730468815,-36.346687304688146,36.346687304688146,24.32843862428925
19175,corn,2022,9,149.4,189.77356907361215,-40.373569073612146,40.373569073612146,27.02380794753155
19175,corn,2022,10,149.4,186.2017075815656,-36.80170758156561,36.80170758156561,24.63300373598769
19175,corn,2022,11,149.4,185.77422045298175,-36.374220452981746,36.374220452981746,24.34686777308015
19175,corn,2022,12,149.4,186.84176152226595,-37.44176152226595,37.44176152226595,25.06142002829046
19177,corn,2022,1,151.9,186.28277249693681,-34.38277249693681,34.38277249693681,22.635136601011723
19177,corn,2022,2,151.9,192.696134247419,-40.79613424741899,40.79613424741899,26.8572312359572
19177,corn,2022,3,151.9,185.69719316691987,-33.79719316691987,33.79719316691987,22.249633421277068
19177,corn,2022,4,151.9,182.4185810677754,-30.518581067775386,30.518581067775386,20.091231776020663
19177,corn,2022,5,151.9,183.17116234487193,-31.271162344871925,31.271162344871925,20.586676988065783
19177,corn,2022,6,151.9,184.77308299534144,-32.873082995341434,32.873082995341434,21.641265961383432
19177,corn,2022,7,151.9,184.70434848105344,-32.80434848105344,32.80434848105344,21.59601611655921
19177,corn,2022,8,151.9,184.96215714684848,-33.06215714684848,33.06215714684848,21.765738740519076
19177,corn,2022,9,151.9,189.6738224475015,-37.77382244750149,37.77382244750149,24.86755921494502
19177,corn,2022,10,151.9,185.68369062448582,-33.783690624485814,33.783690624485814,22.240744321583815
19177,corn,2022,11,151.9,186.3547621514622,-34.454762151462205,34.454762151462205,22.68252939530099
19177,corn,2022,12,151.9,186.52705499928132,-34.62705499928131,34.62705499928131,22.795954574905405
19179,corn,2022,1,170.8,188.71561798532306,-17.915617985323053,17.915617985323053,10.48923769632497
19179,corn,2022,2,170.8,192.49781410147057,-21.697814101470556,21.697814101470556,12.703638232711098
19179,corn,2022,3,170.8,188.66966043581868,-17.869660435818673,17.869660435818673,10.46233046593599
19179,corn,2022,4,170.8,184.73365754499923,-13.933657544999221,13.933657544999221,8.157879124706803
19179,corn,2022,5,170.8,182.96046718687074,-12.160467186870733,12.160467186870733,7.119711467722912
19179,corn,2022,6,170.8,184.70548362109685,-13.905483621096835,13.905483621096835,8.14138385310119
19179,corn,2022,7,170.8,184.25207354989598,-13.452073549895971,13.452073549895971,7.8759212821404985
19179,corn,2022,8,170.8,186.61082264225828,-15.810822642258273,15.810822642258273,9.25692192169688
19179,corn,2022,9,170.8,190.51581753119513,-19.715817531195114,19.715817531195114,11.543218695079107
19179,corn,2022,10,170.8,186.32437002590703,-15.524370025907018,15.524370025907018,9.089209617041579
19179,corn,2022,11,170.8,186.92076575485765,-16.120765754857644,16.120765754857644,9.438387444296044
19179,corn,2022,12,170.8,187.3288357278759,-16.5288357278759,16.5288357278759,9.677304290325468
19181,corn,2022,1,157.8,196.2094415217655,-38.4094415217655,38.4094415217655,24.340583980839988
19181,corn,2022,2,157.8,194.44148033127942,-36.64148033127941,36.64148033127941,23.220202998275923
19181,corn,2022,3,157.8,191.78931141675199,-33.989311416751974,33.989311416751974,21.53948758983015
19181,corn,2022,4,157.8,184.0341535797956,-26.23415357979559,26.23415357979559,16.624938897208864
19181,corn,2022,5,157.8,186.07141766481172,-28.271417664811707,28.271417664811707,17.915980776179786
19181,corn,2022,6,157.8,189.66783041523698,-31.867830415236966,31.867830415236966,20.195076308768673
19181,corn,2022,7,157.8,187.70391459763334,-29.90391459763333,29.90391459763333,18.950516221567383
19181,corn,2022,8,157.8,191.72304382711775,-33.92304382711774,33.92304382711774,21.49749291959299
19181,corn,2022,9,157.8,191.92914791883206,-34.12914791883205,34.12914791883205,21.628103877586845
19181,corn,2022,10,157.8,188.1058792280461,-30.30587922804608,30.30587922804608,19.205246659091305
19181,corn,2022,11,157.8,187.0421904601463,-29.242190460146276,29.242190460146276,18.531172661689656
19181,corn,2022,12,157.8,189.9067418446653,-32.106741844665294,32.106741844665294,20.346477721587636
19183,corn,2022,1,185.7,195.31398667679596,-9.613986676795975,9.613986676795975,5.177160299836282
19183,corn,2022,2,185.7,195.1927763704816,-9.492776370481607,9.492776370481607,5.111888190889395
19183,corn,2022,3,185.7,192.64470115732854,-6.944701157328552,6.944701157328552,3.7397421418032053
19183,corn,2022,4,185.7,188.45623514467536,-2.7562351446753723,2.7562351446753723,1.4842407887320261
19183,corn,2022,5,185.7,186.72596980026086,-1.0259698002608673,1.0259698002608673,0.5524877761232457
19183,corn,2022,6,185.7,187.26522617535244,-1.56522617535245,1.56522617535245,0.8428789312614162
19183,corn,2022,7,185.7,186.88345022396857,-1.1834502239685776,1.1834502239685776,0.637291450710058
19183,corn,2022,8,185.7,189.91475472025328,-4.214754720253296,4.214754720253296,2.2696578999748502
19183,corn,2022,9,185.7,190.5985757949733,-4.898575794973311,4.898575794973311,2.637897574029785
19183,corn,2022,10,185.7,187.12243385112907,-1.4224338511290853,1.4224338511290853,0.7659848417496421
19183,corn,2022,11,185.7,189.3305957061169,-3.6305957061169067,3.6305957061169067,1.9550865407199285
19183,corn,2022,12,185.7,189.0721404944074,-3.372140494407404,3.372140494407404,1.8159076437304276
19185,corn,2022,1,170.1,189.1336506305344,-19.033650630534396,19.033650630534396,11.189682910367075
19185,corn,2022,2,170.1,192.9039454691235,-22.803945469123505,22.803945469123505,13.4061995703254
19185,corn,2022,3,170.1,189.86126085306594,-19.76126085306595,19.76126085306595,11.61743730338974
19185,corn,2022,4,170.1,183.7324858944931,-13.6324858944931,13.6324858944931,8.014394999702
19185,corn,2022,5,170.1,182.8534632877387,-12.753463287738697,12.753463287738697,7.497626859340797
19185,corn,2022,6,170.1,183.8524808647786,-13.752480864778619,13.752480864778619,8.084938779999188
19185,corn,2022,7,170.1,183.66268948762638,-13.562689487626386,13.562689487626386,7.973362426588117
19185,corn,2022,8,170.1,185.57094168341007,-15.470941683410075,15.470941683410075,9.095203811528558
19185,corn,2022,9,170.1,190.1470765294287,-20.047076529428693,20.047076529428693,11.78546533182169
19185,corn,2022,10,170.1,186.60109945163117,-16.501099451631177,16.501099451631177,9.70082272288723
19185,corn,2022,11,170.1,185.541827586018,-15.441827586018007,15.441827586018007,9.07808794004586
19185,corn,2022,12,170.1,185.6443271701962,-15.544327170196198,15.544327170196198,9.138346366958377
19187,corn,2022,1,201.5,199.75006846354376,1.7499315364562449,1.7499315364562449,0.8684523754125284
19187,corn,2022,2,201.5,196.91659976854174,4.583400231458256,4.583400231458256,2.274640313378787
19187,corn,2022,3,201.5,195.18176711950485,6.318232880495145,6.318232880495145,3.1355994444144644
19187,corn,2022,4,201.5,194.06491109643352,7.435088903566481,7.435088903566481,3.6898704236061937
19187,corn,2022,5,201.5,193.41031728209617,8.089682717903827,8.089682717903827,4.014730877371626
19187,corn,2022,6,201.5,196.6563627048157,4.843637295184294,4.843637295184294,2.4037902209351336
19187,corn,2022,7,201.5,190.73766866101298,10.762331338987025,10.762331338987025,5.341107364261551
19187,corn,2022,8,201.5,194.45764784526745,7.042352154732555,7.042352154732555,3.494963848502509
19187,corn,2022,9,201.5,194.09967911815937,7.400320881840628,7.400320881840628,3.6726158222534133
19187,corn,2022,10,201.5,190.89537140238124,10.604628597618756,10.604628597618756,5.262842976485735
19187,corn,2022,11,201.5,195.85496771243612,5.645032287563879,5.645032287563879,2.8015048573518007
19187,corn,2022,12,201.5,198.96025855430588,2.539741445694119,2.539741445694119,1.2604175909151956
19189,corn,2022,1,217.6,188.9726790478294,28.627320952170606,28.627320952170606,13.155937937578404
19189,corn,2022,2,217.6,193.48679507344025,24.113204926559746,24.113204926559746,11.081436087573412
19189,corn,2022,3,217.6,193.43817429525137,24.161825704748622,24.161825704748622,11.103780195196977
19189,corn,2022,4,217.6,193.13670228752073,24.46329771247926,24.46329771247926,11.242324316396719
19189,corn,2022,5,217.6,193.46235083880583,24.13764916119416,24.13764916119416,11.092669651284082
19189,corn,2022,6,217.6,189.32395532601586,28.27604467398413,28.27604467398413,12.994505824441237
19189,corn,2022,7,217.6,185.42296002063958,32.177039979360416,32.177039979360416,14.787242637573723
19189,corn,2022,8,217.6,189.66404600613413,27.935953993865866,27.935953993865866,12.83821415159277
19189,corn,2022,9,217.6,190.7730624999482,26.8269375000518,26.8269375000518,12.328555836420865
19189,corn,2022,10,217.6,188.30533203386543,29.29466796613457,29.29466796613457,13.46262314620155
19189,corn,2022,11,217.6,192.66868799139817,24.93131200860182,24.93131200860182,11.457404415717749
19189,corn,2022,12,217.6,192.72207512534354,24.877924874656458,24.877924874656458,11.432869887250211
19191,corn,2022,1,212.4,198.95715209669078,13.442847903309229,13.442847903309229,6.329024436586265
19191,corn,2022,2,212.4,196.962455391464,15.437544608536001,15.437544608536001,7.268147179160075
19191,corn,2022,3,212.4,191.18384171395073,21.21615828604928,21.21615828604928,9.988775087593822
19191,corn,2022,4,212.4,184.6417010469848,27.758298953015213,27.758298953015213,13.06887897976234
19191,corn,2022,5,212.4,187.75165724176912,24.648342758230882,24.648342758230882,11.604681147942976
19191,corn,2022,6,212.4,193.7454670723996,18.6545329276004,18.6545329276004,8.78273678323936
19191,corn,2022,7,212.4,190.19711741209346,22.202882587906544,22.202882587906544,10.453334551745076
19191,corn,2022,8,212.4,192.91939274084615,19.480607259153857,19.480607259153857,9.171660668151533
19191,corn,2022,9,212.4,189.1010689914154,23.298931008584617,23.298931008584617,10.969364881631176
19191,corn,2022,10,212.4,186.02047953916423,26.379520460835778,26.379520460835778,12.419736563482004
19191,corn,2022,11,212.4,186.2268760270956,26.173123972904392,26.173123972904392,12.322563075755363
19191,corn,2022,12,212.4,196.09605377135094,16.303946228649068,16.303946228649068,7.676057546444946
19193,corn,2022,1,200.2,201.60266424506392,-1.4026642450639315,1.4026642450639315,0.7006314910409248
19193,corn,2022,2,200.2,197.5482758890319,2.6517241109680754,2.6517241109680754,1.3245375179660717
19193,corn,2022,3,200.2,199.20738477215795,0.9926152278420375,0.9926152278420375,0.49581180211889986
19193,corn,2022,4,200.2,196.88690695419237,3.3130930458076193,3.3130930458076193,1.6548916312725375
19193,corn,2022,5,200.2,193.57099142819334,6.629008571806651,6.629008571806651,3.311193092810515
19193,corn,2022,6,200.2,197.99535205761322,2.204647942386771,2.204647942386771,1.1012227484449406
19193,corn,2022,7,200.2,193.2673086532842,6.932691346715785,6.932691346715785,3.4628827905673254
19193,corn,2022,8,200.2,196.13330521496945,4.066694785030535,4.066694785030535,2.0313160764388285
19193,corn,2022,9,200.2,196.1105130791687,4.089486920831291,4.089486920831291,2.0427007596559896
19193,corn,2022,10,200.2,190.71065149815644,9.489348501843551,9.489348501843551,4.739934316605171
19193,corn,2022,11,200.2,197.6406673040058,2.5593326959941862,2.5593326959941862,1.2783879600370562
19193,corn,2022,12,200.2,200.01548034848662,0.18451965151336935,0.18451965151336935,0.0921676580985861
19195,corn,2022,1,219.5,188.75810649019562,30.741893509804385,30.741893509804385,14.005418455491746
19195,corn,2022,2,219.5,193.78872153946972,25.71127846053028,25.71127846053028,11.713566496824729
19195,corn,2022,3,219.5,193.79634752985487,25.70365247014513,25.70365247014513,11.710092241523977
19195,corn,2022,4,219.5,193.9507762647258,25.54922373527421,25.54922373527421,11.639737464817408
19195,corn,2022,5,219.5,193.50708680752808,25.992913192471917,25.992913192471917,11.84187389178675
19195,corn,2022,6,219.5,188.68625464483833,30.81374535516167,30.81374535516167,14.038152781394839
19195,corn,2022,7,219.5,186.189610083421,33.310389916579,33.310389916579,15.175576271789975
19195,corn,2022,8,219.5,189.75499762549944,29.745002374500558,29.745002374500558,13.551253929157431
19195,corn,2022,9,219.5,190.71200365778662,28.787996342213376,28.787996342213376,13.115260292580125
19195,corn,2022,10,219.5,188.9676168365568,30.5323831634432,30.5323831634432,13.9099695505436
19195,corn,2022,11,219.5,193.5849110261937,25.91508897380629,25.91508897380629,11.806418666882138
19195,corn,2022,12,219.5,193.23721474194087,26.262785258059125,26.262785258059125,11.964822441029215
19197,corn,2022,1,209.7,197.3519633842179,12.348036615782092,12.348036615782092,5.888429478198423
19197,corn,2022,2,209.7,196.57259909620507,13.127400903794921,13.127400903794921,6.2600862679041125
19197,corn,2022,3,209.7,193.91974005050292,15.780259949497065,15.780259949497065,7.525159727943284
19197,corn,2022,4,209.7,193.27483949366786,16.425160506332134,16.425160506332134,7.83269456668199
19197,corn,2022,5,209.7,192.54142864243195,17.158571357568036,17.158571357568036,8.182437461882706
19197,corn,2022,6,209.7,194.68800242328865,15.011997576711337,15.011997576711337,7.158797127663967
19197,corn,2022,7,209.7,185.43625695158647,24.263743048413517,24.263743048413517,11.570692917698388
19197,corn,2022,8,209.7,191.5530641342127,18.1469358657873,18.1469358657873,8.653760546393562
19197,corn,2022,9,209.7,191.43225238016532,18.267747619834665,18.267747619834665,8.711372255524399
19197,corn,2022,10,209.7,190.175948034418,19.524051965581975,19.524051965581975,9.310468271617538
19197,corn,2022,11,209.7,193.33149610489397,16.368503895106016,16.368503895106016,7.805676630951844
19197,corn,2022,12,209.7,194.38875344262496,15.311246557375028,15.311246557375028,7.30150050423225
