county_id,crop_type,year,month,yield_bu_acre,prediction,residual,abs_error,ape
19001,corn,2022,1,164.2,184.82257921803907,-20.62257921803908,20.62257921803908,12.559427051180924
19001,corn,2022,2,164.2,186.14639593156747,-21.94639593156748,21.94639593156748,13.36564916660626
19001,corn,2022,3,164.2,188.4753505611196,-24.27535056111961,24.27535056111961,14.784013740024124
19001,corn,2022,4,164.2,187.70462382647338,-23.50462382647339,23.50462382647339,14.314630832200606
19001,corn,2022,5,164.2,187.95370404096334,-23.753704040963356,23.753704040963356,14.466324020075128
19001,corn,2022,6,164.2,186.84194286509094,-22.641942865090954,22.641942865090954,13.789246568264893
19001,corn,2022,7,164.2,183.9129866309675,-19.71298663096752,19.71298663096752,12.00547297866475
19001,corn,2022,8,164.2,187.21352026644382,-23.013520266443834,23.013520266443834,14.015542184192348
19001,corn,2022,9,164.2,191.2474944102484,-27.04749441024842,27.04749441024842,16.472286486143982
19001,corn,2022,10,164.2,191.96780658840032,-27.767806588400333,27.767806588400333,16.910966253593383
19001,corn,2022,11,164.2,188.89731909913084,-24.69731909913085,24.69731909913085,15.040998233331823
19001,corn,2022,12,164.2,188.20258323600973,-24.00258323600974,24.00258323600974,14.617894784415189
19005,corn,2022,1,215.9,194.7441453968856,21.155854603114392,21.155854603114392,9.798913665175725
19005,corn,2022,2,215.9,194.91273694360288,20.987263056397126,20.987263056397126,9.720825871420622
19005,corn,2022,3,215.9,190.49348653609385,25.40651346390615,25.40651346390615,11.767722771610075
19005,corn,2022,4,215.9,190.64410013353293,25.255899866467075,25.255899866467075,11.697961957604019
19005,corn,2022,5,215.9,190.83882246829566,25.061177531704345,25.061177531704345,11.607770973461948
19005,corn,2022,6,215.9,186.73596059176612,29.16403940823389,29.16403940823389,13.508123857449695
19005,corn,2022,7,215.9,186.5010099409631,29.39899005903692,29.39899005903692,13.616947688298712
19005,corn,2022,8,215.9,193.17153514824358,22.728464851756428,22.728464851756428,10.527311186547674
19005,corn,2022,9,215.9,184.54602730998613,31.353972690013876,31.353972690013876,14.522451454383454
19005,corn,2022,10,215.9,186.38005091930555,29.51994908069446,29.51994908069446,13.672973173086827
19005,corn,2022,11,215.9,187.4189200409153,28.481079959084695,28.481079959084695,13.191792477575126
19005,corn,2022,12,215.9,189.3754269458726,26.524573054127416,26.524573054127416,12.28558270223595
19007,corn,2022,1,146.1,188.7986168755299,-42.69861687552989,42.69861687552989,29.225610455530386
19007,corn,2022,2,146.1,191.5344072283724,-45.43440722837241,45.43440722837241,31.098156898269956
19007,corn,2022,3,146.1,183.79635583984208,-37.696355839842084,37.696355839842084,25.80174937703086
19007,corn,2022,4,146.1,184.26907521138205,-38.16907521138205,38.16907521138205,26.125308152896682
19007,corn,2022,5,146.1,182.54907349292864,-36.44907349292865,36.44907349292865,24.948031138212627
19007,corn,2022,6,146.1,182.8816627777973,-36.781662777797294,36.781662777797294,25.17567609705496
19007,corn,2022,7,146.1,184.0260668990133,-37.92606689901331,37.92606689901331,25.958978028072078
19007,corn,2022,8,146.1,183.44659293278744,-37.346592932787445,37.346592932787445,25.56234971443357
19007,corn,2022,9,146.1,182.5944156616468,-36.4944156616468,36.4944156616468,24.979066161291446
19007,corn,2022,10,146.1,186.70208095668656,-40.602080956686564,40.602080956686564,27.790609826616404
19007,corn,2022,11,146.1,185.08429177181068,-38.98429177181069,38.98429177181069,26.68329347830985
19007,corn,2022,12,146.1,184.3314822262306,-38.23148222623061,38.23148222623061,26.168023426578106
19009,corn,2022,1,197.9,190.119181776798,7.7808182232020044,7.7808182232020044,3.931691876302175
19009,corn,2022,2,197.9,190.16646433234257,7.733535667657435,7.733535667657435,3.907799731004262
19009,corn,2022,3,197.9,186.33678917224265,11.56321082775736,11.56321082775736,5.842956456673754
19009,corn,2022,4,197.9,189.21519293295015,8.68480706704986,8.68480706704986,4.388482600833683
19009,corn,2022,5,197.9,188.7319607022805,9.168039297719503,9.168039297719503,4.632662606225115
19009,corn,2022,6,197.9,192.25611807183517,5.643881928164831,5.643881928164831,2.851885764610829
19009,corn,2022,7,197.9,185.97063757381986,11.929362426180148,11.929362426180148,6.027974950065765
19009,corn,2022,8,197.9,184.6790897369674,13.220910263032607,13.220910263032607,6.680601446706724
19009,corn,2022,9,197.9,186.38517139887824,11.514828601121764,11.514828601121764,5.818508641294474
19009,corn,2022,10,197.9,186.54639118850102,11.353608811498987,11.353608811498987,5.737043361040418
19009,corn,2022,11,197.9,187.78133330944837,10.118666690551635,10.118666690551635,5.113020055862372
19009,corn,2022,12,197.9,188.28840862382384,9.611591376176165,9.611591376176165,4.856792004131463
19011,corn,2022,1,221.7,193.10874673813106,28.59125326186893,28.59125326186893,12.896370438371191
19011,corn,2022,2,221.7,188.2607825723792,33.439217427620775,33.439217427620775,15.083093111240768
19011,corn,2022,3,221.7,190.9072298249155,30.792770175084485,30.792770175084485,13.889386637385876
19011,corn,2022,4,221.7,187.18549568594855,34.514504314051436,34.514504314051436,15.568112004533802
19011,corn,2022,5,221.7,188.15371389418323,33.54628610581676,33.54628610581676,15.131387508261959
19011,corn,2022,6,221.7,188.61201023919728,33.087989760802714,33.087989760802714,14.924668363014307
19011,corn,2022,7,221.7,191.69249706131373,30.007502938686258,30.007502938686258,13.535184004820145
19011,corn,2022,8,221.7,194.47621756580526,27.22378243419473,27.22378243419473,12.279559059176695
19011,corn,2022,9,221.7,193.31132628928725,28.388673710712737,28.388673710712737,12.804994907854189
19011,corn,2022,10,221.7,189.41863616548082,32.28136383451917,32.28136383451917,14.560831679981584
19011,corn,2022,11,221.7,191.3603355745044,30.339664425495585,30.339664425495585,13.685008762063863
19011,corn,2022,12,221.7,188.89216581417074,32.80783418582925,32.80783418582925,14.798301391894114
19013,corn,2022,1,202.5,192.31928916818984,10.18071083181016,10.18071083181016,5.027511521881561
19013,corn,2022,2,202.5,191.24801597480734,11.251984025192655,11.251984025192655,5.556535321082793
19013,corn,2022,3,202.5,190.60582034088915,11.894179659110847,11.894179659110847,5.873668967462146
19013,corn,2022,4,202.5,189.99482566221602,12.505174337783984,12.505174337783984,6.17539473470814
19013,corn,2022,5,202.5,188.14063878200622,14.35936121799378,14.35936121799378,7.091042576787052
19013,corn,2022,6,202.5,188.64053072966917,13.859469270330834,13.859469270330834,6.844182355718931
19013,corn,2022,7,202.5,190.38691017707103,12.11308982292897,12.11308982292897,5.981772752063689
19013,corn,2022,8,202.5,193.2427100828288,9.257289917171192,9.257289917171192,4.571501193664786
19013,corn,2022,9,202.5,186.3327060811983,16.167293918801704,16.167293918801704,7.983848848790965
19013,corn,2022,10,202.5,188.56161591759664,13.93838408240336,13.93838408240336,6.88315263328561
19013,corn,2022,11,202.5,190.07138740094567,12.428612599054333,12.428612599054333,6.137586468668807
19013,corn,2022,12,202.5,188.4228356845454,14.07716431545461,14.07716431545461,6.951686081705979
19015,corn,2022,1,202.4,191.4617484827925,10.938251517207505,10.938251517207505,5.40427446502347
19015,corn,2022,2,202.4,192.0439592880722,10.356040711927818,10.356040711927818,5.116620905102677
19015,corn,2022,3,202.4,188.52101644203083,13.878983557969178,13.878983557969178,6.857205315202163
19015,corn,2022,4,202.4,192.07310655513797,10.326893444862037,10.326893444862037,5.102220081453575
19015,corn,2022,5,202.4,188.5015124110203,13.89848758897972,13.89848758897972,6.86684169415994
19015,corn,2022,6,202.4,190.13372465712226,12.266275342877748,12.266275342877748,6.060412718813116
19015,corn,2022,7,202.4,185.8728805030413,16.527119496958704,16.527119496958704,8.165572873991454
19015,corn,2022,8,202.4,193.31962030823715,9.080379691762857,9.080379691762857,4.486353602649633
19015,corn,2022,9,202.4,190.54790702882656,11.852092971173448,11.852092971173448,5.855777159670676
19015,corn,2022,10,202.4,189.50760451905504,12.89239548094497,12.89239548094497,6.369760613115104
19015,corn,2022,11,202.4,191.11675616165957,11.28324383834044,11.28324383834044,5.574725216571363
19015,corn,2022,12,202.4,188.07580505761047,14.32419494238954,14.32419494238954,7.07717141422408
19017,corn,2022,1,210.8,192.89899233527152,17.901007664728496,17.901007664728496,8.491939119890178
19017,corn,2022,2,210.8,185.62542562343972,25.174574376560287,25.174574376560287,11.942397711840743
19017,corn,2022,3,210.8,190.4112640761868,20.388735923813215,20.388735923813215,9.672075865186534
19017,corn,2022,4,210.8,190.51113528238793,20.288864717612086,20.288864717612086,9.624698632643303
19017,corn,2022,5,210.8,192.41833371608587,18.381666283914143,18.381666283914143,8.719955542653768
19017,corn,2022,6,210.8,188.32801009935767,22.471989900642342,22.471989900642342,10.660336765010598
19017,corn,2022,7,210.8,189.20431690761973,21.595683092380284,21.595683092380284,10.244631447998238
19017,corn,2022,8,210.8,187.50844035525023,23.291559644749782,23.291559644749782,11.049126966200086
19017,corn,2022,9,210.8,185.519989283724,25.280010716276024,25.280010716276024,11.992414950795077
19017,corn,2022,10,210.8,186.8637511651909,23.936248834809106,23.936248834809106,11.354956752755742
19017,corn,2022,11,210.8,188.6993094639165,22.100690536083505,22.100690536083505,10.484198546529177
19017,corn,2022,12,210.8,187.35046593554682,23.44953406445319,23.44953406445319,11.124067393004358
19019,corn,2022,1,209.7,193.6305446059664,16.069455394033582,16.069455394033582,7.6630688574313695
19019,corn,2022,2,209.7,186.47060994738706,23.229390052612928,23.229390052612928,11.077439223945126
19019,corn,2022,3,209.7,190.99882768699146,18.701172313008527,18.701172313008527,8.918060235101825
19019,corn,2022,4,209.7,188.37634236705517,21.323657632944816,21.323657632944816,10.168649324246456
19019,corn,2022,5,209.7,188.90196089683272,20.79803910316727,20.79803910316727,9.917996711095503
19019,corn,2022,6,209.7,189.1483570192016,20.55164298079839,20.55164298079839,9.800497368048829
19019,corn,2022,7,209.7,191.89650254295498,17.80349745704501,17.80349745704501,8.489984481185033
19019,corn,2022,8,209.7,194.54057495668968,15.159425043310307,15.159425043310307,7.229101117458421
19019,corn,2022,9,209.7,185.1808195302235,24.5191804697765,24.5191804697765,11.692503800561042
19019,corn,2022,10,209.7,190.01943650050973,19.680563499490262,19.680563499490262,9.38510419622807
19019,corn,2022,11,209.7,190.79155860727104,18.908441392728946,18.908441392728946,9.016900997963255
19019,corn,2022,12,209.7,189.14546578498718,20.554534215012808,20.554534215012808,9.801876115885937
19021,corn,2022,1,197.0,199.25400800290683,-2.2540080029068292,2.2540080029068292,1.1441664989374767
19021,corn,2022,2,197.0,194.53647180383012,2.463528196169875,2.463528196169875,1.2505219269897843
19021,corn,2022,3,197.0,201.57646621177216,-4.576466211772157,4.576466211772157,2.3230792953158157
19021,corn,2022,4,197.0,189.15525717020967,7.844742829790334,7.844742829790334,3.9821029592844335
19021,corn,2022,5,197.0,190.4138982671164,6.586101732883606,6.586101732883606,3.3431988491794953
19021,corn,2022,6,197.0,191.62168521745355,5.378314782546454,5.378314782546454,2.7301090266733268
19021,corn,2022,7,197.0,187.0619003990623,9.938099600937704,9.938099600937704,5.044720609613048
19021,corn,2022,8,197.0,194.21736815380547,2.7826318461945334,2.7826318461945334,1.4125034752256516
19021,corn,2022,9,197.0,190.80685036070864,6.193149639291363,6.193149639291363,3.143730781366174
19021,corn,2022,10,197.0,189.30358031930263,7.696419680697375,7.696419680697375,3.9068120206585655
19021,corn,2022,11,197.0,197.68712204300854,-0.687122043008543,0.687122043008543,0.3487929152327629
19021,corn,2022,12,197.0,201.89008403754258,-4.890084037542579,4.890084037542579,2.482276161189126
19023,corn,2022,1,212.4,200.0322935773836,12.367706422616408,12.367706422616408,5.82283729878362
19023,corn,2022,2,212.4,197.21545756212296,15.184542437877042,15.184542437877042,7.149031279603127
19023,corn,2022,3,212.4,199.02758084073852,13.372419159261483,13.372419159261483,6.295865894190905
19023,corn,2022,4,212.4,190.02636715847993,22.373632841520077,22.373632841520077,10.533725443276873
19023,corn,2022,5,212.4,196.3335949203127,16.066405079687314,16.066405079687314,7.564220847310412
19023,corn,2022,6,212.4,193.2533962599371,19.146603740062915,19.146603740062915,9.014408540519263
19023,corn,2022,7,212.4,185.22935405787845,27.170645942121553,27.170645942121553,12.792206187439525
19023,corn,2022,8,212.4,188.98625972611347,23.413740273886532,23.413740273886532,11.023418208044507
19023,corn,2022,9,212.4,190.8337197008637,21.56628029913631,21.56628029913631,10.153615960045343
19023,corn,2022,10,212.4,186.19068344303005,26.209316556969952,26.209316556969952,12.339602898761747
19023,corn,2022,11,212.4,186.85276593231694,25.547234067683064,25.547234067683064,12.027887979135151
19023,corn,2022,12,212.4,192.696467649469,19.703532350530992,19.703532350530992,9.276615984242463
19025,corn,2022,1,202.3,201.4734868778579,0.8265131221421029,0.8265131221421029,0.40855814243307115
19025,corn,2022,2,202.3,200.1400486519386,2.159951348061412,2.159951348061412,1.0676971567283302
19025,corn,2022,3,202.3,202.66914167378582,-0.36914167378580487,0.36914167378580487,0.18247240424409533
19025,corn,2022,4,202.3,190.1881175677008,12.111882432299211,12.111882432299211,5.987089684774697
19025,corn,2022,5,202.3,190.1522768137934,12.147723186206605,12.147723186206605,6.004806320418489
19025,corn,2022,6,202.3,192.5899377793465,9.710062220653498,9.710062220653498,4.799833030476272
19025,corn,2022,7,202.3,191.33648014721288,10.96351985278713,10.96351985278713,5.419436407704958
19025,corn,2022,8,202.3,196.62268592155127,5.677314078448745,5.677314078448745,2.80638362750803
19025,corn,2022,9,202.3,192.44752031881694,9.85247968118307,9.85247968118307,4.870232170629298
19025,corn,2022,10,202.3,191.33516294699535,10.964837053004658,10.964837053004658,5.420087520022075
19025,corn,2022,11,202.3,198.1723765695082,4.127623430491809,4.127623430491809,2.0403477165060844
19025,corn,2022,12,202.3,204.34065858786624,-2.0406585878662327,2.0406585878662327,1.0087289114514248
19027,corn,2022,1,195.7,199.1131579223526,-3.4131579223526103,3.4131579223526103,1.7440766082537613
19027,corn,2022,2,195.7,192.53257827227043,3.167421727729561,3.167421727729561,1.6185088031321213
19027,corn,2022,3,195.7,201.34246846700665,-5.642468467006665,5.642468467006665,2.883223539604837
19027,corn,2022,4,195.7,193.78488236829418,1.9151176317058116,1.9151176317058116,0.9785986876371037
19027,corn,2022,5,195.7,192.23028038758227,3.4697196124177196,3.4697196124177196,1.772978851516464
19027,corn,2022,6,195.7,193.8099358090347,1.8900641909652904,1.8900641909652904,0.9657967250716866
19027,corn,2022,7,195.7,189.74392303729044,5.956076962709545,5.956076962709545,3.0434731541694156
19027,corn,2022,8,195.7,193.13661204955685,2.5633879504431434,2.5633879504431434,1.309855876567779
19027,corn,2022,9,195.7,189.61961964328904,6.080380356710947,6.080380356710947,3.106990473536509
19027,corn,2022,10,195.7,185.7852386637937,9.914761336206283,9.914761336206283,5.066306252532592
19027,corn,2022,11,195.7,197.5476693241222,-1.8476693241222222,1.8476693241222222,0.9441335330210641
19027,corn,2022,12,195.7,199.5367347518524,-3.8367347518524184,3.8367347518524184,1.9605185241964327
19029,corn,2022,1,179.2,200.2923719544109,-21.092371954410908,21.092371954410908,11.77029684955966
19029,corn,2022,2,179.2,192.89348661545142,-13.693486615451434,13.693486615451434,7.64145458451531
19029,corn,2022,3,179.2,196.74355135813767,-17.543551358137677,17.543551358137677,9.789928213246473
19029,corn,2022,4,179.2,192.59874757597382,-13.398747575973829,13.398747575973829,7.476979674092539
19029,corn,2022,5,179.2,186.874340676624,-7.674340676624013,7.674340676624013,4.282556181151794
19029,corn,2022,6,179.2,196.04640227611634,-16.84640227611635,16.84640227611635,9.400894127297072
19029,corn,2022,7,179.2,191.08663618573576,-11.886636185735767,11.886636185735767,6.633167514361478
19029,corn,2022,8,179.2,185.57602314213622,-6.3760231421362334,6.3760231421362334,3.5580486284242374
19029,corn,2022,9,179.2,192.14100777622525,-12.941007776225263,12.941007776225263,7.2215445179828475
19029,corn,2022,10,179.2,190.38214627769423,-11.182146277694244,11.182146277694244,6.240036985320449
19029,corn,2022,11,179.2,194.54846242875902,-15.348462428759035,15.348462428759035,8.564990194619998
19029,corn,2022,12,179.2,198.3555116591426,-19.155511659142604,19.155511659142604,10.689459631217971
19031,corn,2022,1,221.4,198.5287785045648,22.871221495435208,22.871221495435208,10.330271678155018
19031,corn,2022,2,221.4,188.08070418076173,33.31929581923828,33.31929581923828,15.049365772013676
19031,corn,2022,3,221.4,195.67328310536837,25.726716894631636,25.726716894631636,11.62001666424193
19031,corn,2022,4,221.4,194.2182596837304,27.18174031626961,27.18174031626961,12.27720881493659
19031,corn,2022,5,221.4,186.2698217270787,35.13017827292131,35.13017827292131,15.867289192828055
19031,corn,2022,6,221.4,195.21500301456732,26.18499698543269,26.18499698543269,11.827008575172849
19031,corn,2022,7,221.4,183.9759184343801,37.4240815656199,37.4240815656199,16.903379207597062
19031,corn,2022,8,221.4,194.23869071865929,27.16130928134072,27.16130928134072,12.267980705212612
19031,corn,2022,9,221.4,190.457393486584,30.942606513415996,30.942606513415996,13.975883700729899
19031,corn,2022,10,221.4,185.73511420449796,35.664885795502045,35.664885795502045,16.10880117231348
19031,corn,2022,11,221.4,194.32500089720327,27.07499910279674,27.07499910279674,12.228996884732041
19031,corn,2022,12,221.4,187.50795480398043,33.89204519601958,33.89204519601958,15.308060160803786
19033,corn,2022,1,216.9,195.51574161180486,21.38425838819515,21.38425838819515,9.85904028962432
19033,corn,2022,2,216.9,195.23615482961327,21.663845170386736,21.663845170386736,9.987941526227171
19033,corn,2022,3,216.9,200.90404262291668,15.995957377083329,15.995957377083329,7.374807458314121
19033,corn,2022,4,216.9,188.4931988470212,28.4068011529788,28.4068011529788,13.096727133692394
19033,corn,2022,5,216.9,192.9697583745784,23.930241625421615,23.930241625421615,11.032845378248785
19033,corn,2022,6,216.9,193.49010610390934,23.409893896090665,23.409893896090665,10.792943243932994
19033,corn,2022,7,216.9,188.24494626709364,28.655053732906367,28.655053732906367,13.21118198843078
19033,corn,2022,8,216.9,189.7806062364394,27.119393763560595,27.119393763560595,12.503178314228029
19033,corn,2022,9,216.9,191.67657491337496,25.223425086625042,25.223425086625042,11.629057209140175
19033,corn,2022,10,216.9,184.67642032427673,32.22357967572327,32.22357967572327,14.856422164925437
19033,corn,2022,11,216.9,193.58120407057066,23.318795929429342,23.318795929429342,10.750943259303524
19033,corn,2022,12,216.9,196.54829899142786,20.35170100857215,20.35170100857215,9.382988016861296
19035,corn,2022,1,198.8,199.9598400289596,-1.159840028959593,1.159840028959593,0.5834205377060326
19035,corn,2022,2,198.8,196.7547784679002,2.0452215320998164,2.0452215320998164,1.0287834668510143
19035,corn,2022,3,198.8,201.55533889324548,-2.755338893245465,2.755338893245465,1.385985358775385
19035,corn,2022,4,198.8,192.47454624071528,6.325453759284727,6.325453759284727,3.1818177863605266
19035,corn,2022,5,198.8,192.42413064474508,6.375869355254935,6.375869355254935,3.2071777440920193
19035,corn,2022,6,198.8,191.90627983581618,6.893720164183833,6.893720164183833,3.467666078563296
19035,corn,2022,7,198.8,193.9955839449242,4.804416055075819,4.804416055075819,2.416708277201116
19035,corn,2022,8,198.8,198.27477015205233,0.5252298479476849,0.5252298479476849,0.26420012472217547
19035,corn,2022,9,198.8,190.78676751003385,8.013232489966157,8.013232489966157,4.0308010512908234
19035,corn,2022,10,198.8,194.84538915551045,3.954610844489565,3.954610844489565,1.9892408674494795
19035,corn,2022,11,198.8,198.4874523754237,0.31254762457632523,0.31254762457632523,0.1572171149780308
19035,corn,2022,12,198.8,202.032301263077,-3.2323012630769767,3.2323012630769767,1.6259060679461652
19037,corn,2022,1,214.6,194.53233977273982,20.067660227260177,20.067660227260177,9.351193022954417
19037,corn,2022,2,214.6,187.88778778499858,26.712212215001415,26.712212215001415,12.447442784250427
19037,corn,2022,3,214.6,195.30592519315567,19.29407480684432,19.29407480684432,8.990715194242462
19037,corn,2022,4,214.6,191.40106876542114,23.19893123457885,23.19893123457885,10.810312784053519
19037,corn,2022,5,214.6,194.13494635343181,20.46505364656818,20.46505364656818,9.536371689919935
19037,corn,2022,6,214.6,184.98629235404968,29.613707645950313,29.613707645950313,13.799490981337517
19037,corn,2022,7,214.6,181.9659024291473,32.6340975708527,32.6340975708527,15.206942018104709
19037,corn,2022,8,214.6,181.64088135016883,32.95911864983117,32.95911864983117,15.358396388551338
19037,corn,2022,9,214.6,188.78565258793387,25.814347412066127,25.814347412066127,12.029052848120283
19037,corn,2022,10,214.6,183.41066144129604,31.18933855870395,31.18933855870395,14.533708554848069
19037,corn,2022,11,214.6,187.13703824141513,27.462961758584868,27.462961758584868,12.79727947743936
19037,corn,2022,12,214.6,187.353008431722,27.24699156827799,27.24699156827799,12.696640991741843
19041,corn,2022,1,191.5,199.82287806587044,-8.32287806587044,8.32287806587044,4.346150426042006
19041,corn,2022,2,191.5,195.5907537115084,-4.090753711508398,4.090753711508398,2.1361638180200515
19041,corn,2022,3,191.5,201.03932793839508,-9.539327938395076,9.539327938395076,4.981372291590118
19041,corn,2022,4,191.5,192.44849612531902,-0.9484961253190249,0.9484961253190249,0.49529823776450393
19041,corn,2022,5,191.5,193.25718160408618,-1.7571816040861847,1.7571816040861847,0.9175883050058407
19041,corn,2022,6,191.5,193.12699281781738,-1.6269928178173814,1.6269928178173814,0.8496046046043766
19041,corn,2022,7,191.5,187.09293840403512,4.407061595964876,4.407061595964876,2.301337648023434
19041,corn,2022,8,191.5,188.0421370028827,3.457862997117303,3.457862997117303,1.805672583351072
19041,corn,2022,9,191.5,191.9393941082324,-0.439394108232392,0.439394108232392,0.22944862048688874
19041,corn,2022,10,191.5,182.578104666812,8.92189533318799,8.92189533318799,4.658953176599473
19041,corn,2022,11,191.5,196.75693773762106,-5.256937737621058,5.256937737621058,2.745137199802119
19041,corn,2022,12,191.5,201.00442545519826,-9.504425455198259,9.504425455198259,4.963146451800657
19043,corn,2022,1,215.4,198.56916983615795,16.83083016384205,16.83083016384205,7.8137558792210084
19043,corn,2022,2,215.4,197.4425664699944,17.957433530005602,17.957433530005602,8.336784368619128
19043,corn,2022,3,215.4,204.14338773445527,11.256612265544732,11.256612265544732,5.225910986789569
19043,corn,2022,4,215.4,194.99531060316502,20.404689396834982,20.404689396834982,9.472929153590986
19043,corn,2022,5,215.4,190.98160848773594,24.418391512264066,24.418391512264066,11.336300609221944
19043,corn,2022,6,215.4,191.42378878267013,23.976211217329876,23.976211217329876,11.131017278240424
19043,corn,2022,7,215.4,198.91692965686795,16.483070343132056,16.483070343132056,7.652307494490277
19043,corn,2022,8,215.4,198.2066995893616,17.193300410638415,17.193300410638415,7.982033616823776
19043,corn,2022,9,215.4,193.67884309980582,21.721156900194188,21.721156900194188,10.084102553479196
19043,corn,2022,10,215.4,186.73415036767778,28.66584963232222,28.66584963232222,13.308193886871969
19043,corn,2022,11,215.4,190.9478542677763,24.4521457322237,24.4521457322237,11.351971092025858
19043,corn,2022,12,215.4,192.61759007604022,22.78240992395979,22.78240992395979,10.576791979554221
19045,corn,2022,1,225.2,198.3746552230558,26.825344776944178,26.825344776944178,11.911787201129743
19045,corn,2022,2,225.2,193.23819114364048,31.96180885635951,31.96180885635951,14.192632707086815
19045,corn,2022,3,225.2,195.92714652303968,29.272853476960307,29.272853476960307,12.998602787282554
19045,corn,2022,4,225.2,194.96862301545008,30.23137698454991,30.23137698454991,13.42423489544845
19045,corn,2022,5,225.2,187.21478538040398,37.98521461959601,37.98521461959601,16.867324431436952
19045,corn,2022,6,225.2,199.45411937444914,25.745880625550853,25.745880625550853,11.432451432304997
19045,corn,2022,7,225.2,183.84278369141435,41.357216308585635,41.357216308585635,18.364660883030922
19045,corn,2022,8,225.2,197.53505147212454,27.664948527875453,27.664948527875453,12.284613023035282
19045,corn,2022,9,225.2,200.28812136801528,24.911878631984706,24.911878631984706,11.062113069264967
19045,corn,2022,10,225.2,187.45213882592853,37.74786117407146,37.74786117407146,16.76192769718981
19045,corn,2022,11,225.2,192.35012994924264,32.849870050757346,32.849870050757346,14.586976043853173
19045,corn,2022,12,225.2,195.38037017762448,29.819629822375504,29.819629822375504,13.241398677786636
19047,corn,2022,1,216.4,202.88708760350391,13.512912396496091,13.512912396496091,6.2444142312828514
19047,corn,2022,2,216.4,199.39331157503534,17.006688424964665,17.006688424964665,7.858913320223968
19047,corn,2022,3,216.4,203.1292208535939,13.270779146406113,13.270779146406113,6.132522710908555
19047,corn,2022,4,216.4,202.15578894106113,14.244211058938873,14.244211058938873,6.582352615036448
19047,corn,2022,5,216.4,194.32168159678565,22.078318403214354,22.078318403214354,10.202550093906817
19047,corn,2022,6,216.4,198.64327725679993,17.756722743200072,17.756722743200072,8.205509585582288
19047,corn,2022,7,216.4,192.36285971099207,24.037140289007937,24.037140289007937,11.107735808229176
19047,corn,2022,8,216.4,192.01847104890268,24.381528951097323,24.381528951097323,11.266880291634623
19047,corn,2022,9,216.4,195.37756573458114,21.022434265418866,21.022434265418866,9.714618422097443
19047,corn,2022,10,216.4,186.41233050089025,29.987669499109757,29.987669499109757,13.857518252823361
19047,corn,2022,11,216.4,193.46065288043883,22.939347119561177,22.939347119561177,10.600437670776884
19047,corn,2022,12,216.4,205.66750991366362,10.732490086336384,10.732490086336384,4.9595610380482364
19049,corn,2022,1,187.2,202.39246505737623,-15.19246505737624,15.19246505737624,8.115633043470213
19049,corn,2022,2,187.2,199.93357055892324,-12.733570558923248,12.733570558923248,6.802121025065838
19049,corn,2022,3,187.2,201.16247553384054,-13.962475533840546,13.962475533840546,7.458587357820805
19049,corn,2022,4,187.2,192.5646387321937,-5.3646387321937254,5.3646387321937254,2.8657258184795547
19049,corn,2022,5,187.2,191.13098125035347,-3.930981250353483,3.930981250353483,2.099883146556348
19049,corn,2022,6,187.2,194.6914022498922,-7.491402249892218,7.491402249892218,4.00181744118174
19049,corn,2022,7,187.2,192.45237078786542,-5.252370787865431,5.252370787865431,2.805753625996491
19049,corn,2022,8,187.2,190.65301125711193,-3.453011257111939,3.453011257111939,1.8445572954657794
19049,corn,2022,9,187.2,193.63834462238952,-6.438344622389536,6.438344622389536,3.4392866572593674
19049,corn,2022,10,187.2,193.89689088020197,-6.696890880201977,6.696890880201977,3.577398974466868
19049,corn,2022,11,187.2,185.9631064675817,1.2368935324182928,1.2368935324182928,0.6607337245824214
19049,corn,2022,12,187.2,201.22807944162713,-14.028079441627142,14.028079441627142,7.49363218035638
19051,corn,2022,1,154.9,191.8759081359135,-36.9759081359135,36.9759081359135,23.87082513616107
19051,corn,2022,2,154.9,187.2785777200213,-32.3785777200213,32.3785777200213,20.902890716605096
19051,corn,2022,3,154.9,190.8882570527044,-35.9882570527044,35.9882570527044,23.233219530474113
19051,corn,2022,4,154.9,184.5140044400762,-29.6140044400762,29.6140044400762,19.118143602373273
19051,corn,2022,5,154.9,180.40815625700526,-25.508156257005254,25.508156257005254,16.467499197550197
19051,corn,2022,6,154.9,180.65563825243322,-25.755638252433215,25.755638252433215,16.627268077749008
19051,corn,2022,7,154.9,183.935385491057,-29.035385491056985,29.035385491056985,18.744600058784368
19051,corn,2022,8,154.9,186.5653957523813,-31.6653957523813,31.6653957523813,20.442476276553453
19051,corn,2022,9,154.9,190.00554568740043,-35.10554568740042,35.10554568740042,22.663360676178453
19051,corn,2022,10,154.9,185.64437737702985,-30.74437737702985,30.74437737702985,19.847887267288474
19051,corn,2022,11,154.9,188.91776505426617,-34.017765054266164,34.017765054266164,21.961113656724443
19051,corn,2022,12,154.9,189.83222200274813,-34.93222200274812,34.93222200274812,22.55146675451783
19053,corn,2022,1,148.7,195.97267133756407,-47.27267133756408,47.27267133756408,31.79063304476401
19053,corn,2022,2,148.7,189.46175819220008,-40.76175819220009,40.76175819220009,27.412076793678608
19053,corn,2022,3,148.7,195.5815210424597,-46.881521042459724,46.881521042459724,31.527586444155837
19053,corn,2022,4,148.7,185.06500681888437,-36.36500681888438,36.36500681888438,24.455283671072216
19053,corn,2022,5,148.7,181.72006137630962,-33.02006137630963,33.02006137630963,22.205824731882736
19053,corn,2022,6,148.7,190.4218995568836,-41.72189955688361,41.72189955688361,28.05776701875159
19053,corn,2022,7,148.7,185.0664646185614,-36.36646461856142,36.36646461856142,24.456264034002302
19053,corn,2022,8,148.7,183.31657116229897,-34.61657116229898,34.61657116229898,23.279469510624736
19053,corn,2022,9,148.7,190.83791308015446,-42.137913080154476,42.137913080154476,28.337534014898775
19053,corn,2022,10,148.7,187.08996830514727,-38.38996830514728,38.38996830514728,25.817060057261116
19053,corn,2022,11,148.7,184.47421940931022,-35.774219409310234,35.774219409310234,24.05798211789525
19053,corn,2022,12,148.7,186.43618838919824,-37.73618838919825,37.73618838919825,25.377396361263116
19055,corn,2022,1,230.8,197.18221589954152,33.61778410045849,33.61778410045849,14.565764341619797
19055,corn,2022,2,230.8,191.14636913109527,39.65363086890474,39.65363086890474,17.180949249958726
19055,corn,2022,3,230.8,195.57206155544674,35.227938444553274,35.227938444553274,15.263404871990153
19055,corn,2022,4,230.8,188.7989882748302,42.0010117251698,42.0010117251698,18.19801201263856
19055,corn,2022,5,230.8,186.13245076715012,44.66754923284989,44.66754923284989,19.353357553227855
19055,corn,2022,6,230.8,191.35207905080398,39.44792094919603,39.44792094919603,17.09182016862913
19055,corn,2022,7,230.8,184.13563630097775,46.66436369902226,46.66436369902226,20.218528465780874
19055,corn,2022,8,230.8,182.03815851690072,48.76184148309929,48.76184148309929,21.127314334098475
19055,corn,2022,9,230.8,189.73165774629152,41.068342253708494,41.068342253708494,17.793909122057407
19055,corn,2022,10,230.8,185.25662781529837,45.54337218470164,45.54337218470164,19.732830236005906
19055,corn,2022,11,230.8,182.19281562171193,48.60718437828808,48.60718437828808,21.060305189899513
19055,corn,2022,12,230.8,187.7733064991523,43.0266935008477,43.0266935008477,18.642414861719107
19057,corn,2022,1,194.8,196.1787196652449,-1.378719665244887,1.378719665244887,0.7077616351359789
19057,corn,2022,2,194.8,189.9944729441448,4.805527055855208,4.805527055855208,2.4669030060858357
19057,corn,2022,3,194.8,190.01451467769343,4.7854853223065845,4.7854853223065845,2.456614641841162
19057,corn,2022,4,194.8,190.24099912586513,4.559000874134881,4.559000874134881,2.3403495247098975
19057,corn,2022,5,194.8,185.18867064749165,9.611329352508363,9.611329352508363,4.933947306215792
19057,corn,2022,6,194.8,181.86343761206751,12.936562387932497,12.936562387932497,6.640945784359598
19057,corn,2022,7,194.8,183.14609056632438,11.653909433675636,11.653909433675636,5.9824997092790735
19057,corn,2022,8,194.8,186.02906210228227,8.770937897717744,8.770937897717744,4.502534855091244
19057,corn,2022,9,194.8,188.74853009881232,6.051469901187687,6.051469901187687,3.106504056051174
19057,corn,2022,10,194.8,186.57913209278055,8.220867907219457,8.220867907219457,4.220158063254341
19057,corn,2022,11,194.8,192.1775119934481,2.6224880065519187,2.6224880065519187,1.3462464099342497
19057,corn,2022,12,194.8,193.0266890855927,1.7733109144073183,1.7733109144073183,0.9103238780325043
19059,corn,2022,1,203.4,194.1470208908863,9.25297910911371,9.25297910911371,4.549153937617359
19059,corn,2022,2,203.4,189.70613432455545,13.693865675444556,13.693865675444556,6.732480666393586
19059,corn,2022,3,203.4,200.22794935106683,3.1720506489331797,3.1720506489331797,1.5595135933791444
19059,corn,2022,4,203.4,191.03296256859738,12.367037431402622,12.367037431402622,6.08015606263649
19059,corn,2022,5,203.4,191.38457130465133,12.015428695348675,12.015428695348675,5.907290410692564
19059,corn,2022,6,203.4,185.46983431493396,17.930165685066044,17.930165685066044,8.815224033955774
19059,corn,2022,7,203.4,187.03970893908996,16.360291060910043,16.360291060910043,8.043407601234042
19059,corn,2022,8,203.4,191.6509687405229,11.749031259477107,11.749031259477107,5.776318219998577
19059,corn,2022,9,203.4,190.36256897968858,13.03743102031143,13.03743102031143,6.4097497641649115
19059,corn,2022,10,203.4,184.59133939284513,18.808660607154877,18.808660607154877,9.247129108729045
19059,corn,2022,11,203.4,188.1414909579876,15.258509042012406,15.258509042012406,7.501725192729797
19059,corn,2022,12,203.4,186.93887736941934,16.46112263058066,16.46112263058066,8.092980644336608
19061,corn,2022,1,223.7,198.9720766718603,24.727923328139696,24.727923328139696,11.054056025095974
19061,corn,2022,2,223.7,198.9267261053922,24.773273894607797,24.773273894607797,11.074328964956548
19061,corn,2022,3,223.7,200.94890549620524,22.751094503794747,22.751094503794747,10.170359635133995
19061,corn,2022,4,223.7,192.56502211266263,31.134977887337357,31.134977887337357,13.918184124871416
19061,corn,2022,5,223.7,189.15610139619744,34.543898603802546,34.543898603802546,15.442064641842892
19061,corn,2022,6,223.7,193.18586420120673,30.514135798793262,30.514135798793262,13.640650781758277
19061,corn,2022,7,223.7,197.1908659904408,26.509134009559176,26.509134009559176,11.85030577092498
19061,corn,2022,8,223.7,196.48461019910667,27.21538980089332,27.21538980089332,12.166021368302781
19061,corn,2022,9,223.7,194.4023643955151,29.297635604484896,29.297635604484896,13.096842022568126
19061,corn,2022,10,223.7,188.66646324447996,35.03353675552003,35.03353675552003,15.660946247438549
19061,corn,2022,11,223.7,183.09902654525845,40.600973454741535,40.600973454741535,18.149742268547847
19061,corn,2022,12,223.7,192.27366169809855,31.42633830190144,31.42633830190144,14.04843017519063
19063,corn,2022,1,213.7,194.70433547810308,18.995664521896913,18.995664521896913,8.888939879221766
19063,corn,2022,2,213.7,188.74357782382046,24.95642217617953,24.95642217617953,11.678250901347464
19063,corn,2022,3,213.7,199.23198023549153,14.468019764508455,14.468019764508455,6.770247901033437
19063,corn,2022,4,213.7,190.4174605313338,23.282539468666187,23.282539468666187,10.894964655435746
19063,corn,2022,5,213.7,192.56144622133607,21.13855377866392,21.13855377866392,9.891695731709836
19063,corn,2022,6,213.7,184.9028091286727,28.797190871327302,28.797190871327302,13.475522167209784
19063,corn,2022,7,213.7,188.37354615762763,25.32645384237236,25.32645384237236,11.851405635176585
19063,corn,2022,8,213.7,193.08327264887845,20.61672735112154,20.61672735112154,9.64750928924733
19063,corn,2022,9,213.7,190.05419229706254,23.645807702937446,23.645807702937446,11.064954470256176
19063,corn,2022,10,213.7,184.795774129599,28.90422587040098,28.90422587040098,13.525608736734199
19063,corn,2022,11,213.7,189.18434079706824,24.515659202931744,24.515659202931744,11.471997755232449
19063,corn,2022,12,213.7,189.76579527264036,23.934204727359628,23.934204727359628,11.199908623004037
19065,corn,2022,1,209.8,197.07426072384305,12.725739276156958,12.725739276156958,6.065652657844116
19065,corn,2022,2,209.8,199.51148563608942,10.288514363910593,10.288514363910593,4.90396299519094
19065,corn,2022,3,209.8,202.78131992502594,7.018680074974071,7.018680074974071,3.3454147163842087
19065,corn,2022,4,209.8,190.6790085752472,19.120991424752816,19.120991424752816,9.113913929815451
19065,corn,2022,5,209.8,187.74051291241062,22.05948708758939,22.05948708758939,10.514531500280928
19065,corn,2022,6,209.8,193.12276867193657,16.677231328063442,16.677231328063442,7.949109307942537
19065,corn,2022,7,209.8,184.93049520812937,24.86950479187064,24.86950479187064,11.85391076828915
19065,corn,2022,8,209.8,191.14248050131908,18.657519498680927,18.657519498680927,8.893002620915597
19065,corn,2022,9,209.8,189.83363805398412,19.966361946015894,19.966361946015894,9.516855074364106
19065,corn,2022,10,209.8,183.95502017138136,25.844979828618648,25.844979828618648,12.318865504584673
19065,corn,2022,11,209.8,186.0699309951223,23.73006900487772,23.73006900487772,11.310805054755823
19065,corn,2022,12,209.8,192.93051775583552,16.869482244164487,16.869482244164487,8.040744634968773
19067,corn,2022,1,204.6,198.2680499483788,6.331950051621192,6.331950051621192,3.0947947466379238
19067,corn,2022,2,204.6,188.91331417264755,15.686685827352449,15.686685827352449,7.667001870651245
19067,corn,2022,3,204.6,196.8009066707635,7.799093329236484,7.799093329236484,3.8118735724518493
19067,corn,2022,4,204.6,189.78416222005018,14.815837779949817,14.815837779949817,7.241367438880654
19067,corn,2022,5,204.6,196.41605297219164,8.183947027808358,8.183947027808358,3.99997410938825
19067,corn,2022,6,204.6,186.25724441384963,18.34275558615036,18.34275558615036,8.965178683357948
19067,corn,2022,7,204.6,184.32813332918857,20.27186667081142,20.27186667081142,9.908048226203041
19067,corn,2022,8,204.6,186.31586348814042,18.284136511859572,18.284136511859572,8.936528109413281
19067,corn,2022,9,204.6,189.29147844577327,15.30852155422673,15.30852155422673,7.482170847618147
19067,corn,2022,10,204.6,182.331327072414,22.268672927585982,22.268672927585982,10.88400436343401
19067,corn,2022,11,204.6,187.69346934128987,16.906530658710125,16.906530658710125,8.263211465645222
19067,corn,2022,12,204.6,187.69857734428922,16.901422655710775,16.901422655710775,8.260714885489136
19069,corn,2022,1,220.1,199.6298794545438,20.470120545456183,20.470120545456183,9.300372805750197
19069,corn,2022,2,220.1,197.629872880438,22.470127119561994,22.470127119561994,10.209053666316217
19069,corn,2022,3,220.1,200.07959179176515,20.02040820823484,20.02040820823484,9.096050980570123
19069,corn,2022,4,220.1,188.2979362075924,31.80206379240761,31.80206379240761,14.448915852979377
19069,corn,2022,5,220.1,193.0465672376385,27.053432762361496,27.053432762361496,12.291427879310085
19069,corn,2022,6,220.1,194.49292429934985,25.607075700650142,25.607075700650142,11.63429154959116
19069,corn,2022,7,220.1,187.03194818430202,33.06805181569797,33.06805181569797,15.024103505542014
19069,corn,2022,8,220.1,194.12331033575745,25.976689664242542,25.976689664242542,11.802221564853495
19069,corn,2022,9,220.1,192.0812735201862,28.018726479813807,28.018726479813807,12.729998400642348
19069,corn,2022,10,220.1,187.2102079928199,32.88979200718009,32.88979200718009,14.943113133657471
19069,corn,2022,11,220.1,186.4991466921763,33.600853307823684,33.600853307823684,15.266175969024845
19069,corn,2022,12,220.1,198.71504652896246,21.384953471037534,21.384953471037534,9.716017024551356
19071,corn,2022,1,191.6,200.71432439577225,-9.114324395772258,9.114324395772258,4.756954277542932
19071,corn,2022,2,191.6,195.34329941397473,-3.7432994139747393,3.7432994139747393,1.9537053308845194
19071,corn,2022,3,191.6,192.25135887273797,-0.6513588727379727,0.6513588727379727,0.33995765800520494
19071,corn,2022,4,191.6,189.48474380209262,2.115256197907371,2.115256197907371,1.103995927926603
19071,corn,2022,5,191.6,186.14490291314792,5.455097086852078,5.455097086852078,2.847127915893569
19071,corn,2022,6,191.6,193.47573060954883,-1.8757306095488389,1.8757306095488389,0.9789825728334232
19071,corn,2022,7,191.6,188.73934405102187,2.8606559489781205,2.8606559489781205,1.4930354639760546
19071,corn,2022,8,191.6,190.43971434245768,1.1602856575423175,1.1602856575423175,0.6055770655231303
19071,corn,2022,9,191.6,194.29706273182578,-2.697062731825781,2.697062731825781,1.4076527827900738
19071,corn,2022,10,191.6,192.01640730547052,-0.4164073054705284,0.4164073054705284,0.21733157905559938
19071,corn,2022,11,191.6,195.37200889120274,-3.772008891202745,3.772008891202745,1.9686894004189694
19071,corn,2022,12,191.6,193.3443109780433,-1.744310978043302,1.744310978043302,0.9103919509620574
19073,corn,2022,1,197.3,200.66898020597608,-3.3689802059760723,3.3689802059760723,1.7075419188930927
19073,corn,2022,2,197.3,197.28889693186105,0.011103068138965,0.011103068138965,0.0056275053922782555
19073,corn,2022,3,197.3,200.87398880781635,-3.5739888078163347,3.5739888078163347,1.811448964934787
19073,corn,2022,4,197.3,191.922212933845,5.377787066155008,5.377787066155008,2.7256903528408554
19073,corn,2022,5,197.3,189.64088436013392,7.659115639866087,7.659115639866087,3.8819643385028315
19073,corn,2022,6,197.3,193.5166776090339,3.783322390966106,3.783322390966106,1.9175480947623442
19073,corn,2022,7,197.3,190.90198474505416,6.398015254945847,6.398015254945847,3.24278522805162
19073,corn,2022,8,197.3,188.00679687315028,9.293203126849733,9.293203126849733,4.710189116497583
19073,corn,2022,9,197.3,188.01008537496156,9.289914625038449,9.289914625038449,4.708522364439153
19073,corn,2022,10,197.3,193.1166671980488,4.183332801951224,4.183332801951224,2.120290320299657
19073,corn,2022,11,197.3,196.54712322558512,0.7528767744148865,0.7528767744148865,0.38158985018493996
19073,corn,2022,12,197.3,200.38590413704452,-3.0859041370445084,3.0859041370445084,1.5640669726530707
19075,corn,2022,1,207.5,202.1051448286986,5.394855171301401,5.394855171301401,2.59993020303682
19075,corn,2022,2,207.5,196.70565188036488,10.794348119635117,10.794348119635117,5.202095479342225
19075,corn,2022,3,207.5,200.70799161980318,6.792008380196819,6.792008380196819,3.273257050697262
19075,corn,2022,4,207.5,190.04135292308274,17.45864707691726,17.45864707691726,8.413805820201087
19075,corn,2022,5,207.5,191.43408225281036,16.065917747189644,16.065917747189644,7.742610962501033
19075,corn,2022,6,207.5,202.0987853422339,5.401214657766104,5.401214657766104,2.6029950157908934
19075,corn,2022,7,207.5,197.40469834049816,10.095301659501843,10.095301659501843,4.865205619037032
19075,corn,2022,8,207.5,200.51745661907367,6.98254338092633,6.98254338092633,3.3650811474343763
19075,corn,2022,9,207.5,192.150995903015,15.349004096984999,15.349004096984999,7.397110408185542
19075,corn,2022,10,207.5,193.25648331151893,14.243516688481066,14.243516688481066,6.864345392039067
19075,corn,2022,11,207.5,196.65989175355298,10.840108246447016,10.840108246447016,5.2241485525045865
19075,corn,2022,12,207.5,202.5631447330901,4.936855266909902,4.936855266909902,2.3792073575469406
19077,corn,2022,1,193.6,199.0860518297871,-5.486051829787101,5.486051829787101,2.8337044575346595
19077,corn,2022,2,193.6,199.047960567976,-5.447960567975997,5.447960567975997,2.8140292189958664
19077,corn,2022,3,193.6,200.68429549562765,-7.084295495627657,7.084295495627657,3.6592435411299884
19077,corn,2022,4,193.6,191.30147776449704,2.2985222355029578,2.2985222355029578,1.1872532208176434
19077,corn,2022,5,193.6,190.13508431440528,3.4649156855947183,3.4649156855947183,1.7897291764435528
19077,corn,2022,6,193.6,193.13381452983765,0.466185470162344,0.466185470162344,0.24079828004253306
19077,corn,2022,7,193.6,196.66417624208515,-3.0641762420851535,3.0641762420851535,1.582735662234067
19077,corn,2022,8,193.6,190.3689958053898,3.2310041946101933,3.2310041946101933,1.6689071253151826
19077,corn,2022,9,193.6,195.27599453866043,-1.675994538660433,1.675994538660433,0.8656996583989839
19077,corn,2022,10,193.6,192.73267676649462,0.867323233505374,0.867323233505374,0.44799753796765185
19077,corn,2022,11,193.6,196.11083110613373,-2.510831106133736,2.510831106133736,1.2969168936641198
19077,corn,2022,12,193.6,200.87831497680807,-7.278314976808076,7.278314976808076,3.759460215293428
19079,corn,2022,1,208.6,200.84233943783812,7.757660562161874,7.757660562161874,3.7189168562616843
19079,corn,2022,2,208.6,196.16999018036776,12.430009819632232,12.430009819632232,5.95877747825131
19079,corn,2022,3,208.6,201.5222200924193,7.077779907580691,7.077779907580691,3.3929913267405043
19079,corn,2022,4,208.6,191.1124245138386,17.487575486161404,17.487575486161404,8.383305602186674
19079,corn,2022,5,208.6,191.29568497886677,17.30431502113322,17.30431502113322,8.295453030265207
19079,corn,2022,6,208.6,196.3099683859493,12.29003161405069,12.29003161405069,5.891673832239065
19079,corn,2022,7,208.6,193.49345658323026,15.106543416769739,15.106543416769739,7.241871244856059
19079,corn,2022,8,208.6,194.6380334617398,13.961966538260185,13.961966538260185,6.693176672224442
19079,corn,2022,9,208.6,190.5815983916345,18.018401608365508,18.018401608365508,8.637776418200147
19079,corn,2022,10,208.6,190.73709573058343,17.86290426941656,17.86290426941656,8.563233110937949
19079,corn,2022,11,208.6,188.01004087884618,20.58995912115381,20.58995912115381,9.870546079172488
19079,corn,2022,12,208.6,200.04811633274957,8.551883667250422,8.551883667250422,4.099656599832417
19081,corn,2022,1,211.5,199.02998227977127,12.470017720228725,12.470017720228725,5.895989465829184
19081,corn,2022,2,211.5,193.16438988403996,18.335610115960037,18.335610115960037,8.66931920376361
19081,corn,2022,3,211.5,199.57686788936263,11.923132110637368,11.923132110637368,5.637414709521214
19081,corn,2022,4,211.5,188.48302924490486,23.016970755095144,23.016970755095144,10.882728489406688
19081,corn,2022,5,211.5,192.91270557682475,18.58729442317525,18.58729442317525,8.788318876205793
19081,corn,2022,6,211.5,194.94377469293616,16.55622530706384,16.55622530706384,7.828002509250043
19081,corn,2022,7,211.5,189.50860249236925,21.99139750763075,21.99139750763075,10.397823880676478
19081,corn,2022,8,211.5,194.6743267053648,16.82567329463521,16.82567329463521,7.955401084933905
19081,corn,2022,9,211.5,190.81307784853908,20.68692215146092,20.68692215146092,9.781050662629276
19081,corn,2022,10,211.5,184.80652152487107,26.693478475128927,26.693478475128927,12.62103001188129
19081,corn,2022,11,211.5,186.7514755151915,24.748524484808513,24.748524484808513,11.701430016457925
19081,corn,2022,12,211.5,194.4319594063586,17.0680405936414,17.0680405936414,8.069995552549125
19083,corn,2022,1,215.6,201.4202544781271,14.179745521872889,14.179745521872889,6.576876401610803
19083,corn,2022,2,215.6,196.21546348274242,19.384536517257573,19.384536517257573,8.990972410601843
19083,corn,2022,3,215.6,201.16625632063995,14.433743679360049,14.433743679360049,6.6946863076809136
19083,corn,2022,4,215.6,190.1123370474709,25.487662952529092,25.487662952529092,11.821736063325181
19083,corn,2022,5,215.6,191.90546040112457,23.694539598875423,23.694539598875423,10.990046196138879
19083,corn,2022,6,215.6,198.24342464612184,17.356575353878156,17.356575353878156,8.050359626103042
19083,corn,2022,7,215.6,188.6051091482314,26.994890851768588,26.994890851768588,12.520821359818454
19083,corn,2022,8,215.6,196.0042930884082,19.595706911591805,19.595706911591805,9.08891786251939
19083,corn,2022,9,215.6,190.3508995479046,25.249100452095405,25.249100452095405,11.711085552919947
19083,corn,2022,10,215.6,190.3354650817663,25.264534918233693,25.264534918233693,11.718244396212288
19083,corn,2022,11,215.6,192.0259470222034,23.574052977796583,23.574052977796583,10.934161863542014
19083,corn,2022,12,215.6,201.18499592719562,14.41500407280438,14.41500407280438,6.685994467905557
19085,corn,2022,1,172.4,201.28499387859878,-28.884993878598777,28.884993878598777,16.754636820532934
19085,corn,2022,2,172.4,199.12072118155058,-26.720721181550573,26.720721181550573,15.499258225957407
19085,corn,2022,3,172.4,200.49848908849165,-28.098489088491647,28.098489088491647,16.298427545528796
19085,corn,2022,4,172.4,197.22679556098356,-24.826795560983555,24.826795560983555,14.40069348084893
19085,corn,2022,5,172.4,193.77374455846132,-21.37374455846131,21.37374455846131,12.39776366500076
19085,corn,2022,6,172.4,195.54066333832677,-23.14066333832676,23.14066333832676,13.422658548913432
19085,corn,2022,7,172.4,190.69753296168153,-18.297532961681526,18.297532961681526,10.613418191230583
19085,corn,2022,8,172.4,192.46873689660413,-20.068736896604122,20.068736896604122,11.640798663923505
19085,corn,2022,9,172.4,196.418826341346,-24.018826341346,24.018826341346,13.932033840687936
19085,corn,2022,10,172.4,192.95357758179205,-20.55357758179204,20.55357758179204,11.922028759740162
19085,corn,2022,11,172.4,194.32505052239802,-21.92505052239801,21.92505052239801,12.717546706727385
19085,corn,2022,12,172.4,203.06720762317147,-30.667207623171464,30.667207623171464,17.788403493718945
19087,corn,2022,1,167.7,195.71291594268826,-28.012915942688267,28.012915942688267,16.704183627124788
19087,corn,2022,2,167.7,191.06154804945325,-23.361548049453262,23.361548049453262,13.930559361629852
19087,corn,2022,3,167.7,192.37990270090813,-24.679902700908144,24.679902700908144,14.71669809237218
19087,corn,2022,4,167.7,187.0665024463005,-19.3665024463005,19.3665024463005,11.548301995408767
19087,corn,2022,5,167.7,183.82768374718535,-16.12768374718536,16.12768374718536,9.616984941672845
19087,corn,2022,6,167.7,179.57718563675874,-11.877185636758753,11.877185636758753,7.0824004989616896
19087,corn,2022,7,167.7,190.16009838201984,-22.46009838201985,22.46009838201985,13.393022291007664
19087,corn,2022,8,167.7,184.4082131275469,-16.708213127546912,16.708213127546912,9.96315630742213
19087,corn,2022,9,167.7,188.42553823375113,-20.725538233751138,20.725538233751138,12.358699006410935
19087,corn,2022,10,167.7,189.32354983611876,-21.62354983611877,21.62354983611877,12.894185948788772
19087,corn,2022,11,167.7,192.13370684250293,-24.433706842502943,24.433706842502943,14.569890782649342
19087,corn,2022,12,167.7,186.05170910845112,-18.351709108451132,18.351709108451132,10.943177762940449
19089,corn,2022,1,217.3,193.2738894495075,24.02611055049252,24.02611055049252,11.056654648178792
19089,corn,2022,2,217.3,188.51686158040033,28.78313841959968,28.78313841959968,13.245806911918859
19089,corn,2022,3,217.3,193.53322878780153,23.766771212198478,23.766771212198478,10.937308427150702
19089,corn,2022,4,217.3,188.17977558835975,29.120224411640265,29.120224411640265,13.400931620635188
19089,corn,2022,5,217.3,194.77690923065495,22.52309076934506,22.52309076934506,10.364975043416964
19089,corn,2022,6,217.3,188.54564366992375,28.754356330076263,28.754356330076263,13.232561587701916
19089,corn,2022,7,217.3,182.51395812920322,34.786041870796794,34.786041870796794,16.008302747720567
19089,corn,2022,8,217.3,182.752570347657,34.547429652343,34.547429652343,15.898495007981131
19089,corn,2022,9,217.3,183.0977362913254,34.20226370867462,34.20226370867462,15.739651959813447
19089,corn,2022,10,217.3,182.53011938773713,34.76988061226288,34.76988061226288,16.00086544512788
19089,corn,2022,11,217.3,186.04154241564922,31.258457584350793,31.258457584350793,14.384932160308693
19089,corn,2022,12,217.3,187.23373193189067,30.066268068109338,30.066268068109338,13.836294555043413
19091,corn,2022,1,195.5,196.44329522260497,-0.9432952226049736,0.9432952226049736,0.48250395018157216
19091,corn,2022,2,195.5,190.10047703748256,5.3995229625174375,5.3995229625174375,2.7619043286534204
19091,corn,2022,3,195.5,196.50354989071843,-1.003549890718432,1.003549890718432,0.513324752285643
19091,corn,2022,4,195.5,187.92003866459436,7.579961335405642,7.579961335405642,3.8772180743762874
19091,corn,2022,5,195.5,193.1723589218222,2.3276410781778054,2.3276410781778054,1.1906092471497727
19091,corn,2022,6,195.5,186.86746721321862,8.632532786781383,8.632532786781383,4.415617793750068
19091,corn,2022,7,195.5,187.2956992430728,8.20430075692721,8.20430075692721,4.19657327720062
19091,corn,2022,8,195.5,192.799750365118,2.700249634881999,2.700249634881999,1.3812018592746798
19091,corn,2022,9,195.5,192.71304979373136,2.786950206268642,2.786950206268642,1.4255499776310192
19091,corn,2022,10,195.5,190.67134322306427,4.8286567769357305,4.8286567769357305,2.469901164673008
19091,corn,2022,11,195.5,195.09565871709052,0.4043412829094848,0.4043412829094848,0.20682418563145005
19091,corn,2022,12,195.5,196.95845173653893,-1.4584517365389331,1.4584517365389331,0.7460111184342368
19093,corn,2022,1,221.2,199.08522485996426,22.114775140035732,22.114775140035732,9.997637947574924
19093,corn,2022,2,221.2,194.32618445730353,26.873815542696462,26.873815542696462,12.149102867403466
19093,corn,2022,3,221.2,201.81989781811987,19.38010218188012,19.38010218188012,8.761348183490108
19093,corn,2022,4,221.2,194.13575979913924,27.064240200860752,27.064240200860752,12.235189964222764
19093,corn,2022,5,221.2,193.6739444322088,27.52605556779119,27.52605556779119,12.443967254878476
19093,corn,2022,6,221.2,198.02825668497218,23.17174331502781,23.17174331502781,10.475471661404978
19093,corn,2022,7,221.2,188.2676121021853,32.93238789781469,32.93238789781469,14.888059628306824
19093,corn,2022,8,221.2,198.4336138874992,22.766386112500783,22.766386112500783,10.29221795321012
19093,corn,2022,9,221.2,192.45952099295306,28.74047900704693,28.74047900704693,12.992983276241832
19093,corn,2022,10,221.2,190.6323855975189,30.567614402481098,30.567614402481098,13.818993852839556
19093,corn,2022,11,221.2,197.34745560996942,23.852544390030573,23.852544390030573,10.783247915927022
19093,corn,2022,12,221.2,200.89234506712748,20.30765493287251,20.30765493287251,9.18067582860421
19095,corn,2022,1,205.9,198.94690677289094,6.953093227109065,6.953093227109065,3.3769272594021684
19095,corn,2022,2,205.9,189.11001653438416,16.789983465615848,16.789983465615848,8.15443587450988
19095,corn,2022,3,205.9,199.60230520928323,6.2976947907167755,6.2976947907167755,3.0586181596487494
19095,corn,2022,4,205.9,191.67480961795223,14.22519038204777,14.22519038204777,6.908786003908582
19095,corn,2022,5,205.9,185.50239370225654,20.397606297743465,20.397606297743465,9.906559639506296
19095,corn,2022,6,205.9,190.48125175164122,15.418748248358781,15.418748248358781,7.488464423680807
19095,corn,2022,7,205.9,180.63339709861447,25.26660290138554,25.26660290138554,12.271298155116824
19095,corn,2022,8,205.9,193.6621116351642,12.237888364835811,12.237888364835811,5.943607753684221
19095,corn,2022,9,205.9,192.92168410514566,12.978315894854347,12.978315894854347,6.303213159229893
19095,corn,2022,10,205.9,188.45688188029263,17.44311811970738,17.44311811970738,8.47164551709926
19095,corn,2022,11,205.9,193.83205011807587,12.067949881924136,12.067949881924136,5.861073279224932
19095,corn,2022,12,205.9,195.13052300867741,10.769476991322591,10.769476991322591,5.230440500885183
19097,corn,2022,1,219.2,196.23392784284596,22.96607215715403,22.96607215715403,10.477222699431584
19097,corn,2022,2,219.2,197.90918885179045,21.290811148209542,21.290811148209542,9.71296129024158
19097,corn,2022,3,219.2,199.41615742664968,19.783842573350313,19.783842573350313,9.025475626528427
19097,corn,2022,4,219.2,193.1754072904086,26.02459270959139,26.02459270959139,11.872533170434028
19097,corn,2022,5,219.2,187.3575808410492,31.842419158950776,31.842419158950776,14.526651076163677
19097,corn,2022,6,219.2,194.9656334545883,24.23436654541169,24.23436654541169,11.055824153928691
19097,corn,2022,7,219.2,197.57532709152153,21.62467290847846,21.62467290847846,9.865270487444553
19097,corn,2022,8,219.2,197.54842064120095,21.65157935879904,21.65157935879904,9.877545327919272
19097,corn,2022,9,219.2,198.71044576500282,20.489554234997172,20.489554234997172,9.347424377279733
19097,corn,2022,10,219.2,188.31081378549663,30.889186214503354,30.889186214503354,14.091782032163941
19097,corn,2022,11,219.2,188.0363879719269,31.16361202807309,31.16361202807309,14.216976290179328
19097,corn,2022,12,219.2,191.00323365994097,28.196766340059014,28.196766340059014,12.863488293822545
19099,corn,2022,1,203.6,200.1635954021185,3.4364045978815057,3.4364045978815057,1.6878215117296196
19099,corn,2022,2,203.6,195.06043886712428,8.539561132875718,8.539561132875718,4.194283464084341
19099,corn,2022,3,203.6,199.66587508469053,3.934124915309468,3.934124915309468,1.9322813925881472
19099,corn,2022,4,203.6,191.76510461243993,11.834895387560067,11.834895387560067,5.812816987996103
19099,corn,2022,5,203.6,192.01384391193554,11.586156088064456,11.586156088064456,5.690646408676059
19099,corn,2022,6,203.6,196.19232544246603,7.407674557533966,7.407674557533966,3.6383470321876064
19099,corn,2022,7,203.6,192.94759141354152,10.652408586458478,10.652408586458478,5.23202779295603
19099,corn,2022,8,203.6,197.8748418652993,5.725158134700706,5.725158134700706,2.811963720383451
19099,corn,2022,9,203.6,196.2642835114273,7.3357164885727,7.3357164885727,3.6030041692400294
19099,corn,2022,10,203.6,191.32831118208915,12.271688817910842,12.271688817910842,6.027352071665444
19099,corn,2022,11,203.6,196.12278809537787,7.4772119046221235,7.4772119046221235,3.6725009354725557
19099,corn,2022,12,203.6,202.3365257982427,1.2634742017573046,1.2634742017573046,0.6205668967373795
19101,corn,2022,1,178.0,194.84951203310231,-16.849512033102314,16.849512033102314,9.466017996124895
19101,corn,2022,2,178.0,190.18363055835255,-12.183630558352547,12.183630558352547,6.844736268737386
19101,corn,2022,3,178.0,191.8963042342827,-13.896304234282695,13.896304234282695,7.806912491170054
19101,corn,2022,4,178.0,185.54933173703418,-7.54933173703418,7.54933173703418,4.241197605075382
19101,corn,2022,5,178.0,183.63641793283213,-5.636417932832131,5.636417932832131,3.166526928557377
19101,corn,2022,6,178.0,179.9065754336142,-1.9065754336141936,1.9065754336141936,1.0711097941652772
19101,corn,2022,7,178.0,186.24439147593355,-8.244391475933554,8.244391475933554,4.631680604457053
19101,corn,2022,8,178.0,186.08589336409233,-8.085893364092328,8.085893364092328,4.542636721400185
19101,corn,2022,9,178.0,192.28780247690813,-14.287802476908126,14.287802476908126,8.02685532410569
19101,corn,2022,10,178.0,190.07016551003534,-12.070165510035338,12.070165510035338,6.780991859570415
19101,corn,2022,11,178.0,189.7598828346855,-11.759882834685499,11.759882834685499,6.606675749823314
19101,corn,2022,12,178.0,192.6475534180524,-14.64755341805241,14.64755341805241,8.228962594411467
19103,corn,2022,1,205.2,198.09263102718768,7.10736897281231,7.10736897281231,3.463630103709703
19103,corn,2022,2,205.2,196.5692587668087,8.630741233191287,8.630741233191287,4.206014246194584
19103,corn,2022,3,205.2,200.47158894805105,4.728411051948939,4.728411051948939,2.3042938849653702
19103,corn,2022,4,205.2,192.00675983914033,13.19324016085966,13.19324016085966,6.429454269424785
19103,corn,2022,5,205.2,184.79000248931823,20.409997510681762,20.409997510681762,9.946392549065187
19103,corn,2022,6,205.2,196.90407962680953,8.295920373190455,8.295920373190455,4.042846185765329
19103,corn,2022,7,205.2,192.0527404966563,13.14725950334369,13.14725950334369,6.407046541590493
19103,corn,2022,8,205.2,193.17888234676255,12.02111765323744,12.02111765323744,5.858244470388616
19103,corn,2022,9,205.2,192.6764932497917,12.523506750208298,12.523506750208298,6.103073465013791
19103,corn,2022,10,205.2,189.44069474220933,15.759305257790658,15.759305257790658,7.679973322510067
19103,corn,2022,11,205.2,192.71561603232834,12.484383967671647,12.484383967671647,6.084007781516398
19103,corn,2022,12,205.2,192.78571646554528,12.414283534454711,12.414283534454711,6.049845777024713
19105,corn,2022,1,218.2,196.45316029881062,21.746839701189373,21.746839701189373,9.966470990462591
19105,corn,2022,2,218.2,192.33471241302823,25.86528758697176,25.86528758697176,11.853935649391275
19105,corn,2022,3,218.2,189.1146645858296,29.0853354141704,29.0853354141704,13.329667925834283
19105,corn,2022,4,218.2,191.62854534967673,26.57145465032326,26.57145465032326,12.17756858401616
19105,corn,2022,5,218.2,184.4610955526325,33.7389044473675,33.7389044473675,15.462376007042852
19105,corn,2022,6,218.2,191.1873342775747,27.012665722425282,27.012665722425282,12.379773474988673
19105,corn,2022,7,218.2,182.66980548053684,35.53019451946315,35.53019451946315,16.283315545125184
19105,corn,2022,8,218.2,194.86124757352792,23.33875242647207,23.33875242647207,10.696036859061445
19105,corn,2022,9,218.2,191.0399705454327,27.16002945456728,27.16002945456728,12.447309557546875
19105,corn,2022,10,218.2,183.97260829084536,34.22739170915463,34.22739170915463,15.6862473460837
19105,corn,2022,11,218.2,184.18534783447666,34.01465216552333,34.01465216552333,15.588749846710966
19105,corn,2022,12,218.2,186.52121777968372,31.678782220316265,31.678782220316265,14.518231998311762
19107,corn,2022,1,170.4,199.20086349261302,-28.80086349261302,28.80086349261302,16.901915195195432
19107,corn,2022,2,170.4,190.69374911058003,-20.293749110580023,20.293749110580023,11.909477177570436
19107,corn,2022,3,170.4,197.05733945719717,-26.657339457197168,26.657339457197168,15.643978554693172
19107,corn,2022,4,170.4,190.3244128862357,-19.9244128862357,19.9244128862357,11.69273056703973
19107,corn,2022,5,170.4,185.5466475041484,-15.146647504148405,15.146647504148405,8.88887764327958
19107,corn,2022,6,170.4,190.69004985328297,-20.290049853282966,20.290049853282966,11.907306251926622
19107,corn,2022,7,170.4,183.58750046674422,-13.187500466744211,13.187500466744211,7.7391434663991845
19107,corn,2022,8,170.4,191.54340661451354,-21.143406614513538,21.143406614513538,12.408102473306066
19107,corn,2022,9,170.4,190.754834522345,-20.354834522344987,20.354834522344987,11.945325423911376
19107,corn,2022,10,170.4,187.60045531657104,-17.200455316571038,17.200455316571038,10.094163918175491
19107,corn,2022,11,170.4,193.06572769427078,-22.66572769427077,22.66572769427077,13.301483388656553
19107,corn,2022,12,170.4,195.52967091308437,-25.129670913084368,25.129670913084368,14.747459456035427
19109,corn,2022,1,197.6,200.63426814932916,-3.034268149329165,3.034268149329165,1.535560804316379
19109,corn,2022,2,197.6,197.9753493962171,-0.3753493962171035,0.3753493962171035,0.18995414788314954
19109,corn,2022,3,197.6,204.58340946624497,-6.983409466244979,6.983409466244979,3.534114102350698
19109,corn,2022,4,197.6,198.13972548317517,-0.5397254831751752,0.5397254831751752,0.27314042670808464
19109,corn,2022,5,197.6,193.49869047697814,4.101309523021854,4.101309523021854,2.0755614995049867
19109,corn,2022,6,197.6,194.77843460365506,2.821565396344937,2.821565396344937,1.4279177107008791
19109,corn,2022,7,197.6,194.58434020732128,3.0156597926787185,3.0156597926787185,1.5261436197766793
19109,corn,2022,8,197.6,195.01651546937725,2.5834845306227407,2.5834845306227407,1.3074314426228444
19109,corn,2022,9,197.6,195.56502396237366,2.034976037626336,2.034976037626336,1.029846172887822
19109,corn,2022,10,197.6,187.47223547504106,10.127764524958934,10.127764524958934,5.12538690534359
19109,corn,2022,11,197.6,196.17080296601793,1.4291970339820637,1.4291970339820637,0.7232778512054978
19109,corn,2022,12,197.6,203.51646616994103,-5.916466169941032,5.916466169941032,2.9941630414681333
19111,corn,2022,1,178.2,197.06718020930626,-18.86718020930627,18.86718020930627,10.587643215098916
19111,corn,2022,2,178.2,196.82598977091902,-18.625989770919034,18.625989770919034,10.45229504540911
19111,corn,2022,3,178.2,200.5296166799305,-22.329616679930524,22.329616679930524,12.530649090870105
19111,corn,2022,4,178.2,192.01884175055744,-13.818841750557453,13.818841750557453,7.7546811170356085
19111,corn,2022,5,178.2,185.26764380896273,-7.0676438089627425,7.0676438089627425,3.966130083593009
19111,corn,2022,6,178.2,194.90332067303302,-16.703320673033033,16.703320673033033,9.37335615770653
19111,corn,2022,7,178.2,192.71610007210492,-14.516100072104933,14.516100072104933,8.145959636422521
19111,corn,2022,8,178.2,190.3774369927819,-12.177436992781907,12.177436992781907,6.833578559361339
19111,corn,2022,9,178.2,194.0919939720868,-15.891993972086823,15.891993972086823,8.918066202068925
19111,corn,2022,10,178.2,187.4494182981676,-9.249418298167598,9.249418298167598,5.19047042545881
19111,corn,2022,11,178.2,192.43218812987863,-14.232188129878637,14.232188129878637,7.986637558854453
19111,corn,2022,12,178.2,200.07134597110016,-21.87134597110017,21.87134597110017,12.2734825875983
19113,corn,2022,1,215.0,200.2652751016521,14.734724898347906,14.734724898347906,6.853360417836235
19113,corn,2022,2,215.0,195.79781714987786,19.202182850122142,19.202182850122142,8.931247837266113
19113,corn,2022,3,215.0,198.72322776014164,16.27677223985836,16.27677223985836,7.5705917394690045
19113,corn,2022,4,215.0,193.4943898460815,21.505610153918497,21.505610153918497,10.00260937391558
19113,corn,2022,5,215.0,189.77919156972698,25.220808430273024,25.220808430273024,11.73060857222001
19113,corn,2022,6,215.0,192.84538455005347,22.154615449946533,22.154615449946533,10.304472302300713
19113,corn,2022,7,215.0,195.2143220709581,19.785677929041896,19.785677929041896,9.20264089722879
19113,corn,2022,8,215.0,199.6905192692943,15.309480730705701,15.309480730705701,7.12068871195614
19113,corn,2022,9,215.0,194.1238514746523,20.876148525347702,20.876148525347702,9.709836523417534
19113,corn,2022,10,215.0,188.37955891150466,26.62044108849534,26.62044108849534,12.381600506276902
19113,corn,2022,11,215.0,189.81590224045496,25.18409775954504,25.18409775954504,11.713533841648855
19113,corn,2022,12,215.0,195.66358876572548,19.33641123427452,19.33641123427452,8.993679643848616
19115,corn,2022,1,196.3,200.12613569866699,-3.826135698666974,3.826135698666974,1.9491266931568891
19115,corn,2022,2,196.3,191.78030600701092,4.51969399298909,4.51969399298909,2.302442176764692
19115,corn,2022,3,196.3,197.78680623688118,-1.486806236881165,1.486806236881165,0.757415301518678
19115,corn,2022,4,196.3,191.04466518618037,5.255334813819644,5.255334813819644,2.677195524105779
19115,corn,2022,5,196.3,185.7006929759117,10.599307024088318,10.599307024088318,5.399545096326194
19115,corn,2022,6,196.3,191.92053815660663,4.379461843393386,4.379461843393386,2.2310045050399316
19115,corn,2022,7,196.3,187.0281592504241,9.271840749575915,9.271840749575915,4.723301451643359
19115,corn,2022,8,196.3,186.29855421494045,10.001445785059559,10.001445785059559,5.094980022954436
19115,corn,2022,9,196.3,190.21969437976387,6.080305620236146,6.080305620236146,3.097455741332728
19115,corn,2022,10,196.3,187.65413825480354,8.64586174519647,8.64586174519647,4.404412503920769
19115,corn,2022,11,196.3,193.46368222881793,2.836317771182081,2.836317771182081,1.444889338350525
19115,corn,2022,12,196.3,186.60775473174178,9.692245268258233,9.692245268258233,4.937465750513619
19117,corn,2022,1,139.5,193.3104746404381,-53.81047464043809,53.81047464043809,38.5738169465506
19117,corn,2022,2,139.5,187.09371749637535,-47.59371749637535,47.59371749637535,34.117360212455445
19117,corn,2022,3,139.5,192.2566350102989,-52.75663501029891,52.75663501029891,37.81837635146875
19117,corn,2022,4,139.5,182.68971713065972,-43.189717130659716,43.189717130659716,30.960370702981876
19117,corn,2022,5,139.5,180.7901617820711,-41.290161782071095,41.290161782071095,29.59868228105455
19117,corn,2022,6,139.5,180.16716213465637,-40.667162134656365,40.667162134656365,29.152087551724993
19117,corn,2022,7,139.5,181.92184821986945,-42.421848219869446,42.421848219869446,30.409927039332935
19117,corn,2022,8,139.5,180.30329480875668,-40.803294808756675,40.803294808756675,29.249673698033458
19117,corn,2022,9,139.5,190.81551812155843,-51.315518121558426,51.315518121558426,36.78531764986267
19117,corn,2022,10,139.5,185.5958920323544,-46.09589203235441,46.09589203235441,33.04365020240459
19117,corn,2022,11,139.5,187.65259256896815,-48.152592568968146,48.152592568968146,34.517987504636665
19117,corn,2022,12,139.5,189.37097158291118,-49.87097158291118,49.87097158291118,35.74980041785748
19119,corn,2022,1,190.8,201.50740586778196,-10.707405867781944,10.707405867781944,5.611847939089069
19119,corn,2022,2,190.8,200.914208441229,-10.114208441228982,10.114208441228982,5.300947820350619
19119,corn,2022,3,190.8,203.43838419457765,-12.63838419457764,12.63838419457764,6.623891087304842
19119,corn,2022,4,190.8,196.76194593077557,-5.961945930775556,5.961945930775556,3.124709607324715
19119,corn,2022,5,190.8,191.88385337445627,-1.083853374456254,1.083853374456254,0.5680573241384979
19119,corn,2022,6,190.8,197.2320603507441,-6.432060350744081,6.432060350744081,3.3711008127589523
19119,corn,2022,7,190.8,189.3165091156463,1.4834908843536994,1.4834908843536994,0.7775109456780395
19119,corn,2022,8,190.8,196.2349830308111,-5.4349830308110825,5.4349830308110825,2.8485236010540262
19119,corn,2022,9,190.8,192.53131238240022,-1.7313123824002048,1.7313123824002048,0.9073964268344888
19119,corn,2022,10,190.8,193.43787710835963,-2.6378771083596178,2.6378771083596178,1.3825351720962358
19119,corn,2022,11,190.8,197.8380710658066,-7.038071065806577,7.038071065806577,3.6887164915128805
19119,corn,2022,12,190.8,203.4727900841968,-12.672790084196777,12.672790084196777,6.641923524212147
19121,corn,2022,1,166.9,195.63583688019628,-28.735836880196274,28.735836880196274,17.21739777123803
19121,corn,2022,2,166.9,190.7072764198228,-23.807276419822784,23.807276419822784,14.264395697916587
19121,corn,2022,3,166.9,194.43963691708538,-27.539636917085375,27.539636917085375,16.500681196576018
19121,corn,2022,4,166.9,187.8734101169848,-20.97341011698478,20.97341011698478,12.566453035940551
19121,corn,2022,5,166.9,183.76483820214798,-16.86483820214798,16.86483820214798,10.104756262521256
19121,corn,2022,6,166.9,190.74817022746404,-23.84817022746404,23.84817022746404,14.288897679726805
19121,corn,2022,7,166.9,187.74397545953858,-20.84397545953857,20.84397545953857,12.488900814582724
19121,corn,2022,8,166.9,193.04603978489757,-26.146039784897567,26.146039784897567,15.665691902275356
19121,corn,2022,9,166.9,190.768126190557,-23.868126190557007,23.868126190557007,14.30085451800899
19121,corn,2022,10,166.9,193.67512434128474,-26.775124341284737,26.775124341284737,16.042614943849454
19121,corn,2022,11,166.9,192.82637739416379,-25.92637739416378,25.92637739416378,15.534078726281471
19121,corn,2022,12,166.9,194.17716647479654,-27.27716647479653,27.27716647479653,16.343419098140522
19123,corn,2022,1,186.3,199.85504743775073,-13.555047437750716,13.555047437750716,7.275924550590829
19123,corn,2022,2,186.3,189.8084192881278,-3.508419288127783,3.508419288127783,1.8832094944325188
19123,corn,2022,3,186.3,195.61769476666797,-9.317694766667955,9.317694766667955,5.001446466273728
19123,corn,2022,4,186.3,189.31908332503448,-3.0190833250344724,3.0190833250344724,1.6205492888000388
19123,corn,2022,5,186.3,184.8384766392998,1.4615233607001983,1.4615233607001983,0.7844999252282331
19123,corn,2022,6,186.3,188.8633231578343,-2.563323157834276,2.563323157834276,1.3759115178927943
19123,corn,2022,7,186.3,183.29352093937428,3.006479060625736,3.006479060625736,1.6137837147749523
19123,corn,2022,8,186.3,188.4533634700217,-2.153363470021702,2.153363470021702,1.1558580085999475
19123,corn,2022,9,186.3,191.46145920345973,-5.161459203459714,5.161459203459714,2.7705095026622186
19123,corn,2022,10,186.3,188.57464132242453,-2.2746413224245146,2.2746413224245146,1.2209561580378498
19123,corn,2022,11,186.3,195.93629568106036,-9.636295681060346,9.636295681060346,5.172461449844523
19123,corn,2022,12,186.3,195.58429435693802,-9.284294356938005,9.284294356938005,4.983518173342998
19125,corn,2022,1,175.2,199.95496479007764,-24.75496479007765,24.75496479007765,14.12954611305802
19125,corn,2022,2,175.2,188.5670355766155,-13.367035576615507,13.367035576615507,7.629586516333052
19125,corn,2022,3,175.2,195.21558958806628,-20.01558958806629,20.01558958806629,11.424423280859756
19125,corn,2022,4,175.2,188.90640133342754,-13.70640133342755,13.70640133342755,7.823288432321661
19125,corn,2022,5,175.2,187.0365696320199,-11.836569632019916,11.836569632019916,6.756032894988537
19125,corn,2022,6,175.2,188.7184024608637,-13.518402460863712,13.518402460863712,7.715983139762393
19125,corn,2022,7,175.2,188.003113184561,-12.803113184561,12.803113184561,7.307713004886415
19125,corn,2022,8,175.2,190.82927501761966,-15.629275017619676,15.629275017619676,8.920819073983834
19125,corn,2022,9,175.2,190.53937914133147,-15.339379141331477,15.339379141331477,8.755353391170935
19125,corn,2022,10,175.2,191.83133510416715,-16.631335104167164,16.631335104167164,9.492771178177605
19125,corn,2022,11,175.2,192.27109210879289,-17.071092108792897,17.071092108792897,9.743774034699143
19125,corn,2022,12,175.2,193.97734767564614,-18.777347675646155,18.777347675646155,10.71766419842817
19127,corn,2022,1,214.1,199.58710974201517,14.512890257984822,14.512890257984822,6.778556869679973
19127,corn,2022,2,214.1,192.29535388676325,21.804646113236743,21.804646113236743,10.18432793705593
19127,corn,2022,3,214.1,199.83625527627953,14.263744723720464,14.263744723720464,6.6621881007568735
19127,corn,2022,4,214.1,189.86046468673274,24.239535313267254,24.239535313267254,11.321595195360699
19127,corn,2022,5,214.1,190.43909736062943,23.660902639370562,23.660902639370562,11.051332386441178
19127,corn,2022,6,214.1,196.6926168799606,17.407383120039384,17.407383120039384,8.130491882316388
19127,corn,2022,7,214.1,197.9729630799202,16.127036920079803,16.127036920079803,7.532478710920039
19127,corn,2022,8,214.1,194.78236003936865,19.31763996063134,19.31763996063134,9.022718337520477
19127,corn,2022,9,214.1,199.43250491722713,14.66749508277286,14.66749508277286,6.850768371215723
19127,corn,2022,10,214.1,189.40956585191336,24.690434148086638,24.690434148086638,11.53219717332398
19127,corn,2022,11,214.1,196.74419923451273,17.35580076548726,17.35580076548726,8.106399236565744
19127,corn,2022,12,214.1,197.53145491186922,16.568545088130776,16.568545088130776,7.738694576427266
19129,corn,2022,1,191.1,197.01578183151292,-5.9157818315129305,5.9157818315129305,3.095647216908912
19129,corn,2022,2,191.1,190.7705730278637,0.3294269721363037,0.3294269721363037,0.17238460080392656
19129,corn,2022,3,191.1,196.15877058590064,-5.058770585900646,5.058770585900646,2.647185026635608
19129,corn,2022,4,191.1,188.43074850774272,2.669251492257274,2.669251492257274,1.396782570516627
19129,corn,2022,5,191.1,182.9389238301332,8.161076169866789,8.161076169866789,4.270578843467708
19129,corn,2022,6,191.1,188.98389411037488,2.1161058896251177,2.1161058896251177,1.107329089285776
19129,corn,2022,7,191.1,182.35039193339136,8.74960806660863,8.74960806660863,4.57854948540483
19129,corn,2022,8,191.1,186.08085323215656,5.019146767843438,5.019146767843438,2.6264504279662155
19129,corn,2022,9,191.1,189.83674136035347,1.2632586396465229,1.2632586396465229,0.6610458606208911
19129,corn,2022,10,191.1,191.36505707610948,-0.2650570761094855,0.2650570761094855,0.13870072009915516
19129,corn,2022,11,191.1,187.57547812083394,3.524521879166059,3.524521879166059,1.8443337933888324
19129,corn,2022,12,191.1,188.5164397485946,2.5835602514054017,2.5835602514054017,1.3519415234983787
19131,corn,2022,1,217.9,195.9179246939628,21.982075306037217,21.982075306037217,10.088148373582936
19131,corn,2022,2,217.9,189.192317080241,28.70768291975901,28.70768291975901,13.174705332610834
19131,corn,2022,3,217.9,199.47843226720138,18.42156773279862,18.42156773279862,8.454138473060405
19131,corn,2022,4,217.9,187.72006384197852,30.17993615802149,30.17993615802149,13.850360788444924
19131,corn,2022,5,217.9,192.40330526133724,25.496694738662768,25.496694738662768,11.701099008105906
19131,corn,2022,6,217.9,185.98578036499538,31.914219635004628,31.914219635004628,14.646268763196248
19131,corn,2022,7,217.9,183.5546023511593,34.3453976488407,34.3453976488407,15.76199983884383
19131,corn,2022,8,217.9,186.4660203329383,31.433979667061692,31.433979667061692,14.425874101450983
19131,corn,2022,9,217.9,189.79415406159524,28.10584593840477,28.10584593840477,12.898506626160977
19131,corn,2022,10,217.9,182.61192944245198,35.288070557548025,35.288070557548025,16.19461705256908
19131,corn,2022,11,217.9,188.225024213364,29.674975786635997,29.674975786635997,13.618621288038549
19131,corn,2022,12,217.9,187.48160183307633,30.41839816692368,30.41839816692368,13.959797231263735
19133,corn,2022,1,168.6,201.30222913832483,-32.70222913832484,32.70222913832484,19.39633993969445
19133,corn,2022,2,168.6,198.07267646167602,-29.47267646167603,29.47267646167603,17.480828269084242
19133,corn,2022,3,168.6,202.4713604637271,-33.871360463727115,33.871360463727115,20.089774889517862
19133,corn,2022,4,168.6,199.4936323170956,-30.89363231709561,30.89363231709561,18.32362533635564
19133,corn,2022,5,168.6,190.7375991921585,-22.13759919215852,22.13759919215852,13.1302486311735
19133,corn,2022,6,168.6,193.38935022367687,-24.789350223676877,24.789350223676877,14.703054699689726
19133,corn,2022,7,168.6,192.76625612794953,-24.166256127949538,24.166256127949538,14.333485247894151
19133,corn,2022,8,168.6,197.74296045040214,-29.142960450402143,29.142960450402143,17.285267171057026
19133,corn,2022,9,168.6,196.78400165290952,-28.18400165290953,28.18400165290953,16.716489711096994
19133,corn,2022,10,168.6,200.28497568180882,-31.684975681808822,31.684975681808822,18.792986762638687
19133,corn,2022,11,168.6,196.84324346486991,-28.24324346486992,28.24324346486992,16.751627203362943
19133,corn,2022,12,168.6,201.14815058070147,-32.548150580701474,32.548150580701474,19.30495289484073
19135,corn,2022,1,145.4,192.79611766197715,-47.396117661977144,47.396117661977144,32.59705478815484
19135,corn,2022,2,145.4,187.58039549495467,-42.180395494954666,42.180395494954666,29.009900615512148
19135,corn,2022,3,145.4,192.25004578398492,-46.85004578398491,46.85004578398491,32.221489535065274
19135,corn,2022,4,145.4,183.59475508081127,-38.19475508081126,38.19475508081126,26.268744897394264
19135,corn,2022,5,145.4,179.99904729781042,-34.599047297810415,34.599047297810415,23.79576843040606
19135,corn,2022,6,145.4,181.20526858610992,-35.80526858610992,35.80526858610992,24.625356661698707
19135,corn,2022,7,145.4,184.5000976401791,-39.10009764017909,39.10009764017909,26.891401403149302
19135,corn,2022,8,145.4,183.3628680023467,-37.96286800234668,37.96286800234668,26.109262725135267
19135,corn,2022,9,145.4,198.4805596330001,-53.08055963300009,53.08055963300009,36.50657471320501
19135,corn,2022,10,145.4,185.83232836951262,-40.43232836951262,40.43232836951262,27.80765362414898
19135,corn,2022,11,145.4,189.47258048927162,-44.072580489271616,44.072580489271616,30.311265811053378
19135,corn,2022,12,145.4,189.06126757154584,-43.661267571545835,43.661267571545835,30.028382098724784
19137,corn,2022,1,187.8,193.85243774099854,-6.052437740998528,6.052437740998528,3.2228102987212606
19137,corn,2022,2,187.8,189.9348754723308,-2.1348754723307763,2.1348754723307763,1.13678140166708
19137,corn,2022,3,187.8,194.2430962971803,-6.44309629718029,6.44309629718029,3.4308286992440302
19137,corn,2022,4,187.8,189.43085631336064,-1.6308563133606242,1.6308563133606242,0.8684005928437828
19137,corn,2022,5,187.8,182.94540208414682,4.854597915853191,4.854597915853191,2.5849829157897712
19137,corn,2022,6,187.8,184.92199032033847,2.8780096796615453,2.8780096796615453,1.5324865173916642
19137,corn,2022,7,187.8,182.961244985849,4.838755014151019,4.838755014151019,2.576546865895111
19137,corn,2022,8,187.8,184.87157081059507,2.9284291894049375,2.9284291894049375,1.5593339666692958
19137,corn,2022,9,187.8,190.14888816176816,-2.3488881617681443,2.3488881617681443,1.2507391702705772
19137,corn,2022,10,187.8,183.83022863320144,3.969771366798568,3.969771366798568,2.1138292687958296
19137,corn,2022,11,187.8,188.7822641379302,-0.9822641379302013,0.9822641379302013,0.5230373471406823
19137,corn,2022,12,187.8,190.59162483750956,-2.791624837509545,2.791624837509545,1.4864881988868717
19139,corn,2022,1,213.1,196.7521176630144,16.347882336985606,16.347882336985606,7.671460505389772
19139,corn,2022,2,213.1,190.1351336915196,22.964866308480396,22.964866308480396,10.776567953299107
19139,corn,2022,3,213.1,197.17487125561243,15.925128744387564,15.925128744387564,7.473077777751086
19139,corn,2022,4,213.1,191.36177662927852,21.73822337072147,21.73822337072147,10.200949493534244
19139,corn,2022,5,213.1,186.65138234297274,26.448617657027256,26.448617657027256,12.41136445660594
19139,corn,2022,6,213.1,191.11937865301982,21.980621346980172,21.980621346980172,10.31469795728774
19139,corn,2022,7,213.1,185.5040943013229,27.595905698677086,27.595905698677086,12.949744579388591
19139,corn,2022,8,213.1,187.62165010576658,25.478349894233418,25.478349894233418,11.956053446378892
19139,corn,2022,9,213.1,190.52736219385184,22.57263780614815,22.57263780614815,10.592509528929213
19139,corn,2022,10,213.1,185.88564691026906,27.214353089730935,27.214353089730935,12.770695959517099
19139,corn,2022,11,213.1,193.36709685680353,19.732903143196467,19.732903143196467,9.259926392865541
19139,corn,2022,12,213.1,187.587882940289,25.512117059710988,25.512117059710988,11.971899136419985
19141,corn,2022,1,201.2,198.36774109107725,2.8322589089227392,2.8322589089227392,1.4076833543353575
19141,corn,2022,2,201.2,195.8956298949108,5.304370105089191,5.304370105089191,2.6363668514359797
19141,corn,2022,3,201.2,201.2194903304857,-0.01949033048572346,0.01949033048572346,0.009687042984952019
19141,corn,2022,4,201.2,190.4917703654323,10.708229634567687,10.708229634567687,5.32218172692231
19141,corn,2022,5,201.2,192.90128551876768,8.29871448123231,8.29871448123231,4.12460958311745
19141,corn,2022,6,201.2,193.8110951606953,7.3889048393047005,7.3889048393047005,3.6724179121792746
19141,corn,2022,7,201.2,189.1567766727808,12.04322332721918,12.04322332721918,5.985697478737167
19141,corn,2022,8,201.2,194.7701551106987,6.429844889301279,6.429844889301279,3.1957479569091847
19141,corn,2022,9,201.2,192.14436533927503,9.055634660724962,9.055634660724962,4.500812455628709
19141,corn,2022,10,201.2,188.09461197182588,13.105388028174104,13.105388028174104,6.513612340046772
19141,corn,2022,11,201.2,199.30396714100186,1.896032858998126,1.896032858998126,0.9423622559632833
19141,corn,2022,12,201.2,203.08244734825107,-1.8824473482510768,1.8824473482510768,0.9356100140412907
19143,corn,2022,1,197.6,196.8388249536356,0.7611750463644,0.7611750463644,0.38521004370668016
19143,corn,2022,2,197.6,190.2034542560282,7.396545743971785,7.396545743971785,3.743191165977624
19143,corn,2022,3,197.6,200.17425670100377,-2.574256701003776,2.574256701003776,1.302761488362235
19143,corn,2022,4,197.6,192.90957747264227,4.690422527357725,4.690422527357725,2.3736956110109944
19143,corn,2022,5,197.6,190.0659933593889,7.534006640611096,7.534006640611096,3.812756397070393
19143,corn,2022,6,197.6,185.92953032994623,11.670469670053762,11.670469670053762,5.906108132618301
19143,corn,2022,7,197.6,185.20600508329812,12.393994916701871,12.393994916701871,6.272264633958437
19143,corn,2022,8,197.6,193.62502394849415,3.9749760515058483,3.9749760515058483,2.0116275564300854
19143,corn,2022,9,197.6,190.90729760931526,6.69270239068473,6.69270239068473,3.386995136986199
19143,corn,2022,10,197.6,185.4096971269857,12.190302873014303,12.190302873014303,6.169181615897927
19143,corn,2022,11,197.6,188.40742309462647,9.192576905373528,9.192576905373528,4.65211381850887
19143,corn,2022,12,197.6,188.17530748595271,9.42469251404728,9.42469251404728,4.769581231805304
19145,corn,2022,1,174.5,197.63225822382086,-23.132258223820855,23.132258223820855,13.256308437719689
19145,corn,2022,2,174.5,192.84039247455135,-18.34039247455135,18.34039247455135,10.510253567078138
19145,corn,2022,3,174.5,193.61928081790995,-19.119280817909953,19.119280817909953,10.956607918573038
19145,corn,2022,4,174.5,190.97663734440883,-16.47663734440883,16.47663734440883,9.442199051237152
19145,corn,2022,5,174.5,185.36668156929645,-10.866681569296446,10.866681569296446,6.227324681545241
19145,corn,2022,6,174.5,193.3681568323936,-18.868156832393595,18.868156832393595,10.812697325153922
19145,corn,2022,7,174.5,189.34989041011752,-14.849890410117524,14.849890410117524,8.509965851070215
19145,corn,2022,8,174.5,187.28236765279868,-12.782367652798683,12.782367652798683,7.32513905604509
19145,corn,2022,9,174.5,192.16473583743002,-17.664735837430015,17.664735837430015,10.123057786492845
19145,corn,2022,10,174.5,191.05827095174016,-16.558270951740155,16.558270951740155,9.488980488103241
19145,corn,2022,11,174.5,193.84251739258596,-19.34251739258596,19.34251739258596,11.084537187728344
19145,corn,2022,12,174.5,196.1395387888365,-21.63953878883649,21.63953878883649,12.40088182741346
19147,corn,2022,1,195.9,197.97173165259693,-2.071731652596924,2.071731652596924,1.0575455092378374
19147,corn,2022,2,195.9,195.10684823026344,0.7931517697365678,0.7931517697365678,0.404875839579667
19147,corn,2022,3,195.9,200.45697955022197,-4.556979550221968,4.556979550221968,2.326176391129131
19147,corn,2022,4,195.9,191.7613617873741,4.138638212625892,4.138638212625892,2.112627979900915
19147,corn,2022,5,195.9,192.17320631520178,3.726793684798224,3.726793684798224,1.9023959595703033
19147,corn,2022,6,195.9,189.87645842053405,6.023541579465956,6.023541579465956,3.07480427742009
19147,corn,2022,7,195.9,189.164158318812,6.735841681187992,6.735841681187992,3.438408208875953
19147,corn,2022,8,195.9,192.62843189114975,3.2715681088502606,3.2715681088502606,1.6700194532160595
19147,corn,2022,9,195.9,191.53455350839062,4.36544649160939,4.36544649160939,2.228405559780189
19147,corn,2022,10,195.9,190.37957545954757,5.520424540452439,5.520424540452439,2.8179808782299327
19147,corn,2022,11,195.9,194.2183957300039,1.6816042699961145,1.6816042699961145,0.8583993210802012
19147,corn,2022,12,195.9,198.75733762813613,-2.857337628136122,2.857337628136122,1.4585694885840337
19149,corn,2022,1,171.8,199.6374796441055,-27.837479644105485,27.837479644105485,16.20342237724417
19149,corn,2022,2,171.8,198.52307759261228,-26.72307759261227,26.72307759261227,15.554759949134034
19149,corn,2022,3,171.8,205.2010835190745,-33.40108351907449,33.40108351907449,19.44184139643451
19149,corn,2022,4,171.8,201.0731959120508,-29.273195912050795,29.273195912050795,17.039112870809543
19149,corn,2022,5,171.8,193.808196634437,-22.008196634436985,22.008196634436985,12.810358925749115
19149,corn,2022,6,171.8,197.0773751078489,-25.277375107848883,25.277375107848883,14.713256756605869
19149,corn,2022,7,171.8,191.92467893999395,-20.12467893999394,20.12467893999394,11.71401568102092
19149,corn,2022,8,171.8,200.3105075799718,-28.5105075799718,28.5105075799718,16.595173213022
19149,corn,2022,9,171.8,197.83039229501884,-26.030392295018828,26.030392295018828,15.151567110022599
19149,corn,2022,10,171.8,194.30765871546666,-22.507658715466647,22.507658715466647,13.101081906558
19149,corn,2022,11,171.8,202.9286454287623,-31.128645428762297,31.128645428762297,18.119118410222523
19149,corn,2022,12,171.8,204.4953301270073,-32.69533012700728,32.69533012700728,19.031041983124144
19151,corn,2022,1,198.3,199.35753222061322,-1.0575322206132114,1.0575322206132114,0.5332991531080239
19151,corn,2022,2,198.3,195.4915838488357,2.808416151164323,2.808416151164323,1.4162461680102485
19151,corn,2022,3,198.3,200.88340342982883,-2.58340342982882,2.58340342982882,1.3027753050069693
19151,corn,2022,4,198.3,189.09790805736426,9.202091942635747,9.202091942635747,4.640490137486508
19151,corn,2022,5,198.3,192.41629730289094,5.883702697109072,5.883702697109072,2.9670714559299403
19151,corn,2022,6,198.3,191.6035258185733,6.696474181426709,6.696474181426709,3.3769410899781684
19151,corn,2022,7,198.3,188.47452667643725,9.825473323562761,9.825473323562761,4.954852911529381
19151,corn,2022,8,198.3,193.66014387336767,4.639856126632338,4.639856126632338,2.3398165035967415
19151,corn,2022,9,198.3,191.32096334239966,6.979036657600346,6.979036657600346,3.519433513666337
19151,corn,2022,10,198.3,191.73218508786837,6.567814912131638,6.567814912131638,3.312059965774906
19151,corn,2022,11,198.3,198.4858448471296,-0.18584484712960148,0.18584484712960148,0.0937190353654067
19151,corn,2022,12,198.3,198.82884530679024,-0.528845306790231,0.528845306790231,0.2666895142663797
19153,corn,2022,1,188.6,196.0234318380992,-7.423431838099219,7.423431838099219,3.936072024442852
19153,corn,2022,2,188.6,198.4513956373154,-9.851395637315392,9.851395637315392,5.223433529859698
19153,corn,2022,3,188.6,201.05655558940796,-12.45655558940797,12.45655558940797,6.604748456738053
19153,corn,2022,4,188.6,190.18018157438556,-1.5801815743855627,1.5801815743855627,0.8378481306392167
19153,corn,2022,5,188.6,189.59903099600936,-0.9990309960093668,0.9990309960093668,0.529708905625327
19153,corn,2022,6,188.6,191.26104574884417,-2.661045748844174,2.661045748844174,1.4109468445621283
19153,corn,2022,7,188.6,195.7307114785767,-7.1307114785767,7.1307114785767,3.780865046965377
19153,corn,2022,8,188.6,194.43301330621182,-5.833013306211825,5.833013306211825,3.0927960266234495
19153,corn,2022,9,188.6,199.9288056408901,-11.328805640890096,11.328805640890096,6.0067898414051415
19153,corn,2022,10,188.6,193.32405244834172,-4.724052448341723,4.724052448341723,2.5047998135428013
19153,corn,2022,11,188.6,196.56548233642457,-7.9654823364245715,7.9654823364245715,4.223479499694895
19153,corn,2022,12,188.6,196.9881850012218,-8.388185001221814,8.388185001221814,4.447606045186539
19155,corn,2022,1,195.0,200.59504331685557,-5.595043316855566,5.595043316855566,2.8692529830028546
19155,corn,2022,2,195.0,197.86643480111536,-2.8664348011153606,2.8664348011153606,1.469966564674544
19155,corn,2022,3,195.0,198.00769720815205,-3.0076972081520523,3.0076972081520523,1.54240882469336
19155,corn,2022,4,195.0,198.27281321813732,-3.2728132181373155,3.2728132181373155,1.6783657528909308
19155,corn,2022,5,195.0,196.83430971375415,-1.834309713754152,1.834309713754152,0.9406716480790522
19155,corn,2022,6,195.0,195.35084422757757,-0.35084422757756784,0.35084422757756784,0.17992011670644503
19155,corn,2022,7,195.0,187.54744953164374,7.4525504683562644,7.4525504683562644,3.8218207530032124
19155,corn,2022,8,195.0,193.6004027669512,1.3995972330488087,1.3995972330488087,0.7177421707942608
19155,corn,2022,9,195.0,196.95992245842208,-1.959922458422085,1.959922458422085,1.0050884402164537
19155,corn,2022,10,195.0,195.55693434992565,-0.5569343499256547,0.5569343499256547,0.2856073589362332
19155,corn,2022,11,195.0,197.57746221518317,-2.577462215183175,2.577462215183175,1.3217754949657308
19155,corn,2022,12,195.0,204.76548745013793,-9.765487450137925,9.765487450137925,5.007942282122013
19157,corn,2022,1,193.3,201.17503606156777,-7.875036061567755,7.875036061567755,4.073996927867436
19157,corn,2022,2,193.3,188.7240430941179,4.575956905882123,4.575956905882123,2.3672824138034776
19157,corn,2022,3,193.3,198.80572059730918,-5.505720597309164,5.505720597309164,2.8482775981940835
19157,corn,2022,4,193.3,192.67187910922888,0.6281208907711289,0.6281208907711289,0.3249461411128447
19157,corn,2022,5,193.3,185.97881613472725,7.321183865272758,7.321183865272758,3.787472253115757
19157,corn,2022,6,193.3,194.10696464809214,-0.8069646480921335,0.8069646480921335,0.41746748478641155
19157,corn,2022,7,193.3,182.15574101557328,11.144258984426727,11.144258984426727,5.765265899858627
19157,corn,2022,8,193.3,187.60105663428388,5.698943365716133,5.698943365716133,2.9482376439297115
19157,corn,2022,9,193.3,199.18917623898454,-5.889176238984533,5.889176238984533,3.046650925496395
19157,corn,2022,10,193.3,190.30240566855983,2.997594331440183,2.997594331440183,1.5507471968133382
19157,corn,2022,11,193.3,195.99972630498783,-2.69972630498782,2.69972630498782,1.396650959641914
19157,corn,2022,12,193.3,194.17761166942307,-0.8776116694230609,0.8776116694230609,0.4540153488996694
19159,corn,2022,1,151.8,193.90197016328204,-42.10197016328203,42.10197016328203,27.735158210330717
19159,corn,2022,2,151.8,191.95476290545574,-40.154762905455726,40.154762905455726,26.452412981196126
19159,corn,2022,3,151.8,196.88893856227176,-45.08893856227175,45.08893856227175,29.702858077912875
19159,corn,2022,4,151.8,185.02904129809087,-33.22904129809086,33.22904129809086,21.890014030362888
19159,corn,2022,5,151.8,180.63083879741416,-28.830838797414145,28.830838797414145,18.992647429126578
19159,corn,2022,6,151.8,191.24294857339527,-39.442948573395256,39.442948573395256,25.98349708392309
19159,corn,2022,7,151.8,182.97240897911837,-31.17240897911836,31.17240897911836,20.53518378071038
19159,corn,2022,8,151.8,186.05975686260643,-34.25975686260642,34.25975686260642,22.56900979091332
19159,corn,2022,9,151.8,191.0338294602145,-39.23382946021448,39.23382946021448,25.84573745732179
19159,corn,2022,10,151.8,191.1074337660271,-39.30743376602709,39.30743376602709,25.894225142310333
19159,corn,2022,11,151.8,184.238027060854,-32.43802706085398,32.43802706085398,21.368924282512502
19159,corn,2022,12,151.8,185.36517447483794,-33.56517447483793,33.56517447483793,22.11144563559811
19161,corn,2022,1,212.4,201.32340855560895,11.076591444391056,11.076591444391056,5.2149677233479546
19161,corn,2022,2,212.4,200.66089061237784,11.739109387622165,11.739109387622165,5.526887658955821
19161,corn,2022,3,212.4,202.2157040239805,10.184295976019513,10.184295976019513,4.794866278728584
19161,corn,2022,4,212.4,192.68548444452222,19.71451555547779,19.71451555547779,9.281786984688225
19161,corn,2022,5,212.4,190.24920159367247,22.15079840632754,22.15079840632754,10.428812809005432
19161,corn,2022,6,212.4,196.52514184110723,15.874858158892778,15.874858158892778,7.4740386812112884
19161,corn,2022,7,212.4,188.178717012821,24.221282987178995,24.221282987178995,11.403617225602163
19161,corn,2022,8,212.4,193.1010841956844,19.298915804315612,19.298915804315612,9.08611855193767
19161,corn,2022,9,212.4,192.04426711452157,20.35573288547843,20.35573288547843,9.583678382993611
19161,corn,2022,10,212.4,190.4514355754402,21.948564424559805,21.948564424559805,10.33359906994341
19161,corn,2022,11,212.4,197.98188362601746,14.418116373982542,14.418116373982542,6.788190383230952
19161,corn,2022,12,212.4,204.55067983432966,7.849320165670349,7.849320165670349,3.6955368011630645
19163,corn,2022,1,216.2,197.44296326840745,18.757036731592535,18.757036731592535,8.67578017187444
19163,corn,2022,2,216.2,192.79540793377163,23.40459206622836,23.40459206622836,10.82543573831099
19163,corn,2022,3,216.2,198.08287658209954,18.117123417900444,18.117123417900444,8.379798065633878
19163,corn,2022,4,216.2,195.57293847059154,20.62706152940845,20.62706152940845,9.540731512214826
19163,corn,2022,5,216.2,187.86487199869808,28.33512800130191,28.33512800130191,13.105979649075817
19163,corn,2022,6,216.2,198.23676227963642,17.963237720363566,17.963237720363566,8.308620592212565
19163,corn,2022,7,216.2,187.73623602189522,28.463763978104765,28.463763978104765,13.165478250742261
19163,corn,2022,8,216.2,199.2972433194666,16.9027566805334,16.9027566805334,7.8181113230959305
19163,corn,2022,9,216.2,194.7601515572618,21.439848442738196,21.439848442738196,9.916673655290563
19163,corn,2022,10,216.2,188.2670761545092,27.93292384549079,27.93292384549079,12.91994627451008
19163,corn,2022,11,216.2,194.74770748827308,21.45229251172691,21.45229251172691,9.922429468883863
19163,corn,2022,12,216.2,193.67824562069956,22.521754379300432,22.521754379300432,10.41709268237763
19165,corn,2022,1,209.0,201.81891118715447,7.18108881284553,7.18108881284553,3.4359276616485794
19165,corn,2022,2,209.0,197.66742153615337,11.33257846384663,11.33257846384663,5.4222863463381
19165,corn,2022,3,209.0,200.21897266985806,8.781027330141939,8.781027330141939,4.201448483321501
19165,corn,2022,4,209.0,201.85695805903234,7.143041940967663,7.143041940967663,3.417723416730939
19165,corn,2022,5,209.0,194.4746470415941,14.525352958405904,14.525352958405904,6.949929645170289
19165,corn,2022,6,209.0,201.0773829656988,7.922617034301197,7.922617034301197,3.79072585373263
19165,corn,2022,7,209.0,190.09506452460573,18.904935475394268,18.904935475394268,9.04542367243745
19165,corn,2022,8,209.0,195.63043077787455,13.369569222125449,13.369569222125449,6.396923072787295
19165,corn,2022,9,209.0,193.5643509897217,15.435649010278297,15.435649010278297,7.3854779953484675
19165,corn,2022,10,209.0,187.1808911594444,21.8191088405556,21.8191088405556,10.439764995481148
19165,corn,2022,11,209.0,195.3381092245139,13.661890775486114,13.661890775486114,6.536789844730198
19165,corn,2022,12,209.0,203.0768263954256,5.9231736045744015,5.9231736045744015,2.8340543562556944
19167,corn,2022,1,196.9,200.9422446932124,-4.042244693212382,4.042244693212382,2.052942962525334
19167,corn,2022,2,196.9,201.10669250519527,-4.206692505195264,4.206692505195264,2.136461404365294
19167,corn,2022,3,196.9,205.81157631098426,-8.911576310984259,8.911576310984259,4.525940229042285
19167,corn,2022,4,196.9,199.6659951076783,-2.765995107678293,2.765995107678293,1.4047715122794786
19167,corn,2022,5,196.9,193.29406384799958,3.6059361520004245,3.6059361520004245,1.8313540639920898
19167,corn,2022,6,196.9,195.8652942462395,1.0347057537605053,1.0347057537605053,0.5254980973897945
19167,corn,2022,7,196.9,194.21415676966944,2.685843230330562,2.685843230330562,1.3640646167245107
19167,corn,2022,8,196.9,199.6355542179657,-2.7355542179656993,2.7355542179656993,1.3893114362446417
19167,corn,2022,9,196.9,196.66983929061587,0.2301607093841369,0.2301607093841369,0.11689218353689027
19167,corn,2022,10,196.9,195.34901370801134,1.5509862919886643,1.5509862919886643,0.787702535291348
19167,corn,2022,11,196.9,200.77878727205035,-3.878787272050346,3.878787272050346,1.9699275124684335
19167,corn,2022,12,196.9,204.1454591035846,-7.245459103584608,7.245459103584608,3.679765923608232
19169,corn,2022,1,207.1,200.22678099180987,6.873219008190119,6.873219008190119,3.3187923747900148
19169,corn,2022,2,207.1,194.45832335783828,12.641676642161713,12.641676642161713,6.1041413047618125
19169,corn,2022,3,207.1,199.666156770951,7.433843229048989,7.433843229048989,3.589494557725249
19169,corn,2022,4,207.1,190.70551652842116,16.394483471578837,16.394483471578837,7.916216065465398
19169,corn,2022,5,207.1,190.35141075996424,16.748589240035756,16.748589240035756,8.08719905361456
19169,corn,2022,6,207.1,190.07591951291965,17.02408048708034,17.02408048708034,8.220222350111223
19169,corn,2022,7,207.1,195.64841044027594,11.451589559724056,11.451589559724056,5.529497614545657
19169,corn,2022,8,207.1,192.65896438220534,14.441035617794654,14.441035617794654,6.972977121098337
19169,corn,2022,9,207.1,199.23918940459623,7.860810595403763,7.860810595403763,3.7956593893789297
19169,corn,2022,10,207.1,194.84867959285378,12.25132040714621,12.25132040714621,5.915654469891941
19169,corn,2022,11,207.1,197.71543235409206,9.384567645907936,9.384567645907936,4.531418467362596
19169,corn,2022,12,207.1,198.01651452230965,9.083485477690346,9.083485477690346,4.386038376480128
19171,corn,2022,1,203.3,203.9158745252658,-0.6158745252657809,0.6158745252657809,0.3029387728803644
19171,corn,2022,2,203.3,196.66339780744528,6.636602192554733,6.636602192554733,3.264437871399278
19171,corn,2022,3,203.3,201.1837683944552,2.1162316055448116,2.1162316055448116,1.0409402880200747
19171,corn,2022,4,203.3,190.98405770134204,12.315942298657973,12.315942298657973,6.058013919654684
19171,corn,2022,5,203.3,191.32969600268015,11.97030399731986,11.97030399731986,5.887999998681682
19171,corn,2022,6,203.3,198.59206452664074,4.707935473359271,4.707935473359271,2.315757734067521
19171,corn,2022,7,203.3,190.8398119850998,12.460188014900211,12.460188014900211,6.128966067339012
19171,corn,2022,8,203.3,198.89662301884536,4.403376981154651,4.403376981154651,2.1659503104548206
19171,corn,2022,9,203.3,195.7848045904276,7.515195409572414,7.515195409572414,3.696603743026273
19171,corn,2022,10,203.3,187.6919016856881,15.608098314311917,15.608098314311917,7.67737251072893
19171,corn,2022,11,203.3,196.92995456427158,6.370045435728429,6.370045435728429,3.1333228901763053
19171,corn,2022,12,203.3,202.06872613786726,1.2312738621327526,1.2312738621327526,0.6056438082305718
19173,corn,2022,1,172.1,192.65945290678135,-20.55945290678136,20.55945290678136,11.946224815096665
19173,corn,2022,2,172.1,192.09797042360205,-19.997970423602055,19.997970423602055,11.619971193260929
19173,corn,2022,3,172.1,194.10084265619724,-22.00084265619725,22.00084265619725,12.783755175012928
19173,corn,2022,4,172.1,187.65348602333393,-15.553486023333932,15.553486023333932,9.037470089095835
19173,corn,2022,5,172.1,182.3525925779554,-10.252592577955397,10.252592577955397,5.957346065052526
19173,corn,2022,6,172.1,192.19567344847712,-20.09567344847713,20.09567344847713,11.676742271050045
19173,corn,2022,7,172.1,183.56229138794748,-11.462291387947488,11.462291387947488,6.660250661212951
19173,corn,2022,8,172.1,184.7500904996108,-12.650090499610798,12.650090499610798,7.350430272870888
19173,corn,2022,9,172.1,192.1566463185862,-20.056646318586218,20.056646318586218,11.654065263559685
19173,corn,2022,10,172.1,191.49588925650121,-19.39588925650122,19.39588925650122,11.270127400639874
19173,corn,2022,11,172.1,194.5105421204379,-22.410542120437896,22.410542120437896,13.021814131573445
19173,corn,2022,12,172.1,193.39969526231405,-21.29969526231406,21.29969526231406,12.376348205876852
19175,corn,2022,1,149.4,191.76512518276627,-42.36512518276626,42.36512518276626,28.35684416517153
19175,corn,2022,2,149.4,187.94726069801015,-38.54726069801015,38.54726069801015,25.80137931593718
19175,corn,2022,3,149.4,192.8058783732874,-43.40587837328741,43.40587837328741,29.053466113311515
19175,corn,2022,4,149.4,184.6714977687776,-35.27149776877761,35.27149776877761,23.60876691350576
19175,corn,2022,5,149.4,181.08439282173666,-31.68439282173665,31.68439282173665,21.207759586169107
19175,corn,2022,6,149.4,185.161548423155,-35.761548423155006,35.761548423155006,23.936779399702147
19175,corn,2022,7,149.4,183.19404012391354,-33.79404012391353,33.79404012391353,22.619839440370505
19175,corn,2022,8,149.4,184.44471860591793,-35.04471860591792,35.04471860591792,23.456973631805837
19175,corn,2022,9,149.4,190.7169717751229,-41.31697177512288,41.31697177512288,27.65526892578506
19175,corn,2022,10,149.4,189.6370197519577,-40.23701975195769,40.23701975195769,26.932409472528573
19175,corn,2022,11,149.4,189.31600831040464,-39.916008310404635,39.916008310404635,26.717542376442193
19175,corn,2022,12,149.4,185.47008647379167,-36.07008647379166,36.07008647379166,24.143297505884647
19177,corn,2022,1,151.9,193.0481464694799,-41.14814646947988,41.14814646947988,27.088970684318554
19177,corn,2022,2,151.9,188.03507527795588,-36.13507527795588,36.13507527795588,23.78872631860163
19177,corn,2022,3,151.9,189.71436162892402,-37.81436162892402,37.81436162892402,24.89424728698092
19177,corn,2022,4,151.9,184.44801695710402,-32.54801695710401,32.54801695710401,21.42726593621067
19177,corn,2022,5,151.9,181.33156911252442,-29.431569112524414,29.431569112524414,19.375621535565777
19177,corn,2022,6,151.9,179.8886021355764,-27.9886021355764,27.9886021355764,18.425676191952864
19177,corn,2022,7,151.9,185.1004894884824,-33.20048948848239,33.20048948848239,21.856806773194464
19177,corn,2022,8,151.9,186.16907243872504,-34.26907243872503,34.26907243872503,22.560284686454928
19177,corn,2022,9,151.9,189.50658000736695,-37.606580007366944,37.606580007366944,24.75745885935941
19177,corn,2022,10,151.9,186.3910054091623,-34.491005409162284,34.491005409162284,22.706389341120662
19177,corn,2022,11,151.9,188.4833129506467,-36.5833129506467,36.5833129506467,24.08381366072857
19177,corn,2022,12,151.9,189.7026009869344,-37.80260098693441,37.80260098693441,24.886504928857413
19179,corn,2022,1,170.8,194.3746768342188,-23.574676834218792,23.574676834218792,13.802504001299058
19179,corn,2022,2,170.8,189.83573315009295,-19.035733150092938,19.035733150092938,11.145042827923266
19179,corn,2022,3,170.8,194.32989133734148,-23.529891337341468,23.529891337341468,13.77628298439196
19179,corn,2022,4,170.8,184.77656914536547,-13.97656914536546,13.97656914536546,8.183003012509051
19179,corn,2022,5,170.8,179.99114478400932,-9.19114478400931,9.19114478400931,5.38123230913894
19179,corn,2022,6,170.8,179.01826694775946,-8.218266947759446,8.218266947759446,4.811631702435273
19179,corn,2022,7,170.8,184.2338621332187,-13.433862133218696,13.433862133218696,7.865258860198299
19179,corn,2022,8,170.8,182.4180813532893,-11.618081353289284,11.618081353289284,6.802155359068666
19179,corn,2022,9,170.8,190.21683166185946,-19.416831661859447,19.416831661859447,11.368168420292415
19179,corn,2022,10,170.8,188.9907742670399,-18.1907742670399,18.1907742670399,10.650336221920314
19179,corn,2022,11,170.8,189.53603456752126,-18.736034567521244,18.736034567521244,10.96957527372438
19179,corn,2022,12,170.8,191.57007570598267,-20.770075705982663,20.770075705982663,12.160465870013267
19181,corn,2022,1,157.8,197.58339830345108,-39.783398303451065,39.783398303451065,25.2112790262681
19181,corn,2022,2,157.8,188.4912561669565,-30.691256166956492,30.691256166956492,19.44946525155671
19181,corn,2022,3,157.8,194.87085948089998,-37.07085948089997,37.07085948089997,23.49230638840302
19181,corn,2022,4,157.8,188.5018669018342,-30.701866901834194,30.701866901834194,19.456189418145875
19181,corn,2022,5,157.8,184.14660021825077,-26.346600218250757,26.346600218250757,16.696197856939644
19181,corn,2022,6,157.8,189.98515567928743,-32.18515567928742,32.18515567928742,20.39616963199456
19181,corn,2022,7,157.8,189.30072692121396,-31.500726921213953,31.500726921213953,19.96243784614319
19181,corn,2022,8,157.8,192.60375535327398,-34.80375535327397,34.80375535327397,22.055611757461325
19181,corn,2022,9,157.8,190.54794090929056,-32.74794090929055,32.74794090929055,20.75281426444268
19181,corn,2022,10,157.8,193.04050125283138,-35.240501252831365,35.240501252831365,22.33238355692735
19181,corn,2022,11,157.8,191.88053694214946,-34.08053694214945,34.08053694214945,21.597298442426773
19181,corn,2022,12,157.8,192.38278940664574,-34.58278940664573,34.58278940664573,21.915582640459906
19183,corn,2022,1,185.7,198.36191543406503,-12.661915434065037,12.661915434065037,6.818478962878319
19183,corn,2022,2,185.7,191.7017635189901,-6.001763518990117,6.001763518990117,3.2319674307970474
19183,corn,2022,3,185.7,196.32633429294194,-10.626334292941948,10.626334292941948,5.722312489467932
19183,corn,2022,4,185.7,190.42095436365798,-4.720954363657995,4.720954363657995,2.54224790719332
19183,corn,2022,5,185.7,185.34012052477513,0.35987947522485797,0.35987947522485797,0.1937961632874841
19183,corn,2022,6,185.7,185.89067212583367,-0.19067212583368587,0.19067212583368587,0.10267750448771454
19183,corn,2022,7,185.7,183.9429568317126,1.757043168287396,1.757043168287396,0.9461729500739882
19183,corn,2022,8,185.7,181.8292638799863,3.8707361200136745,3.8707361200136745,2.0844028648431205
19183,corn,2022,9,185.7,192.07143435899292,-6.3714343589929285,6.3714343589929285,3.431036273017194
19183,corn,2022,10,185.7,187.5826240270816,-1.8826240270816186,1.8826240270816186,1.0137986144758313
19183,corn,2022,11,185.7,192.65168943827993,-6.951689438279942,6.951689438279942,3.7435053517931838
19183,corn,2022,12,185.7,189.86834366886364,-4.168343668863656,4.168343668863656,2.244665411342841
19185,corn,2022,1,170.1,194.307281289829,-24.207281289829012,24.207281289829012,14.231205931704299
19185,corn,2022,2,170.1,189.94311010670756,-19.84311010670757,19.84311010670757,11.665555618287813
19185,corn,2022,3,170.1,193.26554786169422,-23.165547861694222,23.165547861694222,13.618781811695605
19185,corn,2022,4,170.1,183.58081439767022,-13.48081439767023,13.48081439767023,7.92522892279261
19185,corn,2022,5,170.1,180.57749652182673,-10.477496521826737,10.477496521826737,6.159609948163867
19185,corn,2022,6,170.1,185.27937343048026,-15.179373430480268,15.179373430480268,8.923793903868471
19185,corn,2022,7,170.1,182.4390427370218,-12.3390427370218,12.3390427370218,7.2539933786136395
19185,corn,2022,8,170.1,182.7118946754251,-12.611894675425106,12.611894675425106,7.414400161919521
19185,corn,2022,9,170.1,189.58844649792525,-19.488446497925253,19.488446497925253,11.457052614888449
19185,corn,2022,10,170.1,186.35001618687593,-16.25001618687594,16.25001618687594,9.553213513742469
19185,corn,2022,11,170.1,187.3908651740694,-17.29086517406941,17.29086517406941,10.16511768022893
19185,corn,2022,12,170.1,189.373010120047,-19.27301012004702,19.27301012004702,11.33039983541859
19187,corn,2022,1,201.5,200.28273653672593,1.2172634632740653,1.2172634632740653,0.604100974329561
19187,corn,2022,2,201.5,199.07258232920495,2.4274176707950517,2.4274176707950517,1.2046737820322837
19187,corn,2022,3,201.5,203.8713154114512,-2.3713154114512065,2.3713154114512065,1.1768314697028321
19187,corn,2022,4,201.5,197.34950197195352,4.150498028046485,4.150498028046485,2.0598005101967667
19187,corn,2022,5,201.5,193.06759479256158,8.432405207438421,8.432405207438421,4.184816480118323
19187,corn,2022,6,201.5,196.64855268727214,4.851447312727856,4.851447312727856,2.407666160162708
19187,corn,2022,7,201.5,188.30542794963574,13.194572050364258,13.194572050364258,6.548174714820972
19187,corn,2022,8,201.5,196.86142154911443,4.638578450885575,4.638578450885575,2.3020240451045035
19187,corn,2022,9,201.5,196.0640080553108,5.435991944689192,5.435991944689192,2.697762751706795
19187,corn,2022,10,201.5,194.36376703388277,7.136232966117234,7.136232966117234,3.541554821894409
19187,corn,2022,11,201.5,192.3104691688569,9.189530831143088,9.189530831143088,4.560561206522625
19187,corn,2022,12,201.5,202.8583969381458,-1.3583969381458019,1.3583969381458019,0.6741424010649141
19189,corn,2022,1,217.6,193.64508556054855,23.954914439451443,23.954914439451443,11.008692297542023
19189,corn,2022,2,217.6,187.95609374428778,29.64390625571221,29.64390625571221,13.623118683691274
19189,corn,2022,3,217.6,199.97053880881347,17.62946119118652,17.62946119118652,8.1017744444791
19189,corn,2022,4,217.6,187.5878998556181,30.01210014438189,30.01210014438189,13.79232543399903
19189,corn,2022,5,217.6,194.27407643139506,23.325923568604935,23.325923568604935,10.719633992925063
19189,corn,2022,6,217.6,185.57384028586313,32.02615971413687,32.02615971413687,14.717904280393782
19189,corn,2022,7,217.6,189.5506183704,28.049381629599992,28.049381629599992,12.890340822426467
19189,corn,2022,8,217.6,187.9946519617039,29.605348038296086,29.605348038296086,13.605398914658128
19189,corn,2022,9,217.6,191.0117470516769,26.58825294832309,26.58825294832309,12.218866244633771
19189,corn,2022,10,217.6,185.32883760746827,32.27116239253172,32.27116239253172,14.830497423038475
19189,corn,2022,11,217.6,188.24901376282608,29.350986237173913,29.350986237173913,13.488504704583601
19189,corn,2022,12,217.6,186.98695333315177,30.61304666684822,30.61304666684822,14.068495710867749
19191,corn,2022,1,212.4,197.2027734414696,15.197226558530417,15.197226558530417,7.155003087820347
19191,corn,2022,2,212.4,195.64004698276136,16.759953017238644,16.759953017238644,7.890750008116123
19191,corn,2022,3,212.4,200.83814155670495,11.561858443295051,11.561858443295051,5.4434361785758245
19191,corn,2022,4,212.4,190.15547922664774,22.244520773352264,22.244520773352264,10.472938217209164
19191,corn,2022,5,212.4,189.96414607636905,22.435853923630958,22.435853923630958,10.563019738056006
19191,corn,2022,6,212.4,193.25453802328877,19.145461976711232,19.145461976711232,9.013870987152181
19191,corn,2022,7,212.4,188.6965954358955,23.703404564104517,23.703404564104517,11.15979499251625
19191,corn,2022,8,212.4,191.26461101279673,21.13538898720327,21.13538898720327,9.950748110736003
19191,corn,2022,9,212.4,188.7395476149133,23.6604523850867,23.6604523850867,11.139572686010688
19191,corn,2022,10,212.4,181.59251370152182,30.80748629847818,30.80748629847818,14.504466242221364
19191,corn,2022,11,212.4,183.07308821810028,29.326911781899724,29.326911781899724,13.807397260781414
19191,corn,2022,12,212.4,195.76762822384782,16.632371776152183,16.632371776152183,7.8306835104294645
19193,corn,2022,1,200.2,199.90429749599843,0.29570250400155373,0.29570250400155373,0.14770354845232456
19193,corn,2022,2,200.2,198.75838293400136,1.4416170659986278,1.4416170659986278,0.7200884445547592
19193,corn,2022,3,200.2,204.386651514817,-4.186651514817015,4.186651514817015,2.091234522885622
19193,corn,2022,4,200.2,201.12606680991706,-0.9260668099170744,0.9260668099170744,0.46257083412441274
19193,corn,2022,5,200.2,197.1305052040799,3.069494795920093,3.069494795920093,1.5332141837762703
19193,corn,2022,6,200.2,196.77359804759328,3.4264019524067066,3.4264019524067066,1.7114894867166368
19193,corn,2022,7,200.2,193.6650453382285,6.534954661771479,6.534954661771479,3.2642131177679716
19193,corn,2022,8,200.2,199.60499596921983,0.5950040307801601,0.5950040307801601,0.29720481057950054
19193,corn,2022,9,200.2,197.57831703395973,2.621682966040254,2.621682966040254,1.309531951069058
19193,corn,2022,10,200.2,194.32665388016602,5.873346119833968,5.873346119833968,2.9337393205963878
19193,corn,2022,11,200.2,199.05915421999825,1.1408457800017402,1.1408457800017402,0.5698530369639062
19193,corn,2022,12,200.2,202.3020305128518,-2.1020305128517975,2.1020305128517975,1.0499652911347641
19195,corn,2022,1,219.5,193.22691797707486,26.273082022925138,26.273082022925138,11.96951345007979
19195,corn,2022,2,219.5,188.79086779167312,30.709132208326878,30.709132208326878,13.990493033406324
19195,corn,2022,3,219.5,199.76790235140433,19.73209764859567,19.73209764859567,8.989566126922856
19195,corn,2022,4,219.5,187.7139958518939,31.786004148106088,31.786004148106088,14.481095283875211
19195,corn,2022,5,219.5,194.11217536470275,25.38782463529725,25.38782463529725,11.566207123142256
19195,corn,2022,6,219.5,185.39218769857996,34.10781230142004,34.10781230142004,15.538866652127581
19195,corn,2022,7,219.5,189.52832076952973,29.971679230470272,29.971679230470272,13.654523567412424
19195,corn,2022,8,219.5,185.67114531821287,33.828854681787135,33.828854681787135,15.411778898308489
19195,corn,2022,9,219.5,189.96896546404886,29.531034535951136,29.531034535951136,13.453774276059743
19195,corn,2022,10,219.5,185.27445859289807,34.22554140710193,34.22554140710193,15.592501780000878
19195,corn,2022,11,219.5,189.3399158361623,30.160084163837695,30.160084163837695,13.740357250039953
19195,corn,2022,12,219.5,187.3336804565806,32.166319543419405,32.166319543419405,14.654359700874444
19197,corn,2022,1,209.7,198.89809094059416,10.80190905940583,10.80190905940583,5.151124968719995
19197,corn,2022,2,209.7,195.38121275332745,14.318787246672542,14.318787246672542,6.82822472421199
19197,corn,2022,3,209.7,200.6959150703312,9.004084929668778,9.004084929668778,4.2937934810056175
19197,corn,2022,4,209.7,189.49954365841944,20.200456341580548,20.200456341580548,9.633026390834786
19197,corn,2022,5,209.7,192.72230042013416,16.977699579865828,16.977699579865828,8.096184825877838
19197,corn,2022,6,209.7,194.04902305290224,15.650976947097746,15.650976947097746,7.463508320027539
19197,corn,2022,7,209.7,187.43344117531123,22.266558824688758,22.266558824688758,10.618292238764312
19197,corn,2022,8,209.7,189.76239871474425,19.937601285255738,19.937601285255738,9.50767824761838
19197,corn,2022,9,209.7,191.8190428259616,17.8809571740384,17.8809571740384,8.526922829775108
19197,corn,2022,10,209.7,193.28625189466615,16.413748105333838,16.413748105333838,7.827252315371407
19197,corn,2022,11,209.7,187.0688974554996,22.63110254450038,22.63110254450038,10.792132829995413
19197,corn,2022,12,209.7,190.3205309932502,19.379469006749787,19.379469006749787,9.241520747138669
