county_id,crop_type,year,month,yield_bu_acre,prediction,residual,abs_error,ape
19001,corn,2022,1,164.2,187.4412727172139,-23.241272717213917,23.241272717213917,14.154246478205797
19001,corn,2022,2,164.2,186.7592040175482,-22.55920401754821,22.55920401754821,13.738857501551896
19001,corn,2022,3,164.2,186.846710201996,-22.646710201996,22.646710201996,13.792149940314252
19001,corn,2022,4,164.2,186.91086574593982,-22.710865745939827,22.710865745939827,13.83122152615093
19001,corn,2022,5,164.2,186.94307228985429,-22.743072289854297,22.743072289854297,13.850835742907611
19001,corn,2022,6,164.2,186.94329218297094,-22.743292182970947,22.743292182970947,13.850969660761844
19001,corn,2022,7,164.2,186.92005857177108,-22.72005857177109,22.72005857177109,13.836820080250362
19001,corn,2022,8,164.2,186.8881889502774,-22.688188950277407,22.688188950277407,13.817411053762124
19001,corn,2022,9,164.2,186.86481482449653,-22.664814824496545,22.664814824496545,13.803175897988154
19001,corn,2022,10,164.2,186.86479133921964,-22.664791339219647,22.664791339219647,13.80316159513986
19001,corn,2022,11,164.2,186.8967168539721,-22.696716853972106,22.696716853972106,13.822604661371562
19001,corn,2022,12,164.2,186.96062901952237,-22.760629019522383,22.760629019522383,13.861528026505715
19005,corn,2022,1,215.9,209.12368351251362,6.776316487486383,6.776316487486383,3.1386366315360736
19005,corn,2022,2,215.9,208.44161481284792,7.458385187152089,7.458385187152089,3.4545554363835524
19005,corn,2022,3,215.9,208.5291209972957,7.370879002704299,7.370879002704299,3.414024549654608
19005,corn,2022,4,215.9,208.5932765412395,7.306723458760501,7.306723458760501,3.384309151811256
19005,corn,2022,5,215.9,208.625483085154,7.274516914846004,7.274516914846004,3.369391808636407
19005,corn,2022,6,215.9,208.62570297827065,7.274297021729353,7.274297021729353,3.3692899591150316
19005,corn,2022,7,215.9,208.6024693670708,7.29753063292921,7.29753063292921,3.3800512426721676
19005,corn,2022,8,215.9,208.5705997455771,7.329400254422893,7.329400254422893,3.394812530997171
19005,corn,2022,9,215.9,208.54722561979625,7.352774380203755,7.352774380203755,3.4056388977321697
19005,corn,2022,10,215.9,208.54720213451935,7.352797865480653,7.352797865480653,3.40564977558159
19005,corn,2022,11,215.9,208.5791276492718,7.3208723507281945,7.3208723507281945,3.39086259876248
19005,corn,2022,12,215.9,208.6430398148221,7.256960185177917,7.256960185177917,3.3612599282899107
19007,corn,2022,1,146.1,183.51646435893406,-37.416464358934064,37.416464358934064,25.61017409920196
19007,corn,2022,2,146.1,182.83439565926835,-36.73439565926836,36.73439565926836,25.143323517637484
19007,corn,2022,3,146.1,182.9219018437161,-36.82190184371612,36.82190184371612,25.203218236629787
19007,corn,2022,4,146.1,182.98605738765994,-36.886057387659946,36.886057387659946,25.24713031325116
19007,corn,2022,5,146.1,183.0182639315744,-36.918263931574415,36.918263931574415,25.269174491152917
19007,corn,2022,6,146.1,183.01848382469106,-36.918483824691066,36.918483824691066,25.269324999788545
19007,corn,2022,7,146.1,182.99525021349123,-36.89525021349124,36.89525021349124,25.253422459610704
19007,corn,2022,8,146.1,182.96338059199752,-36.863380591997526,36.863380591997526,25.231608892537665
19007,corn,2022,9,146.1,182.94000646621666,-36.840006466216664,36.840006466216664,25.21561017537075
19007,corn,2022,10,146.1,182.9399829809398,-36.839982980939794,36.839982980939794,25.215594100574805
19007,corn,2022,11,146.1,182.97190849569222,-36.871908495692225,36.871908495692225,25.23744592449844
19007,corn,2022,12,146.1,183.03582066124252,-36.93582066124253,36.93582066124253,25.281191417688248
19009,corn,2022,1,197.9,200.40232733495418,-2.502327334954174,2.502327334954174,1.2644402905276269
19009,corn,2022,2,197.9,199.72025863528847,-1.820258635288468,1.820258635288468,0.9197870820052896
19009,corn,2022,3,197.9,199.80776481973626,-1.9077648197362578,1.9077648197362578,0.9640044566630913
19009,corn,2022,4,197.9,199.8719203636801,-1.9719203636800842,1.9719203636800842,0.9964226193431451
19009,corn,2022,5,197.9,199.90412690759456,-2.0041269075945536,2.0041269075945536,1.0126967698810276
19009,corn,2022,6,197.9,199.9043468007112,-2.004346800711204,2.004346800711204,1.0128078831284506
19009,corn,2022,7,197.9,199.88111318951135,-1.9811131895113476,1.9811131895113476,1.0010678067263
19009,corn,2022,8,197.9,199.84924356801767,-1.949243568017664,1.949243568017664,0.9849639050114523
19009,corn,2022,9,197.9,199.8258694422368,-1.9258694422368023,1.9258694422368023,0.9731528257891876
19009,corn,2022,10,197.9,199.8258459569599,-1.925845956959904,1.925845956959904,0.973140958544671
19009,corn,2022,11,197.9,199.85777147171237,-1.9577714717123627,1.9577714717123627,0.9892731034423258
19009,corn,2022,12,197.9,199.92168363726265,-2.0216836372626403,2.0216836372626403,1.0215682856304398
19011,corn,2022,1,221.7,208.99982957843315,12.700170421566838,12.700170421566838,5.728538755781163
19011,corn,2022,2,221.7,208.31776087876744,13.382239121232544,13.382239121232544,6.036192657299298
19011,corn,2022,3,221.7,208.40526706321523,13.294732936784754,13.294732936784754,5.9967221185316895
19011,corn,2022,4,221.7,208.46942260715903,13.230577392840956,13.230577392840956,5.96778411945916
19011,corn,2022,5,221.7,208.50162915107353,13.198370848926459,13.198370848926459,5.953257036051628
19011,corn,2022,6,221.7,208.50184904419018,13.198150955809808,13.198150955809808,5.953157851064415
19011,corn,2022,7,221.7,208.47861543299032,13.221384567009665,13.221384567009665,5.963637603522628
19011,corn,2022,8,221.7,208.44674581149664,13.253254188503348,13.253254188503348,5.978012714706066
19011,corn,2022,9,221.7,208.42337168571578,13.27662831428421,13.27662831428421,5.988555847669919
19011,corn,2022,10,221.7,208.42334820043888,13.276651799561108,13.276651799561108,5.988566440938705
19011,corn,2022,11,221.7,208.45527371519134,13.24472628480865,13.24472628480865,5.974166118542468
19011,corn,2022,12,221.7,208.51918588074162,13.180814119258372,13.180814119258372,5.945337897725923
19013,corn,2022,1,202.5,205.21964884057667,-2.7196488405766672,2.7196488405766672,1.3430364644823047
19013,corn,2022,2,202.5,204.53758014091096,-2.0375801409109613,2.0375801409109613,1.0062124152646723
19013,corn,2022,3,202.5,204.62508632535875,-2.125086325358751,2.125086325358751,1.0494253458561733
19013,corn,2022,4,202.5,204.68924186930258,-2.1892418693025775,2.1892418693025775,1.08110709595189
19013,corn,2022,5,202.5,204.72144841321705,-2.221448413217047,2.221448413217047,1.0970115620824923
19013,corn,2022,6,202.5,204.7216683063337,-2.2216683063336973,2.2216683063336973,1.0971201512759
19013,corn,2022,7,202.5,204.69843469513387,-2.1984346951338694,2.1984346951338694,1.0856467630290714
19013,corn,2022,8,202.5,204.66656507364016,-2.1665650736401574,2.1665650736401574,1.0699086783408185
19013,corn,2022,9,202.5,204.6431909478593,-2.1431909478592956,2.1431909478592956,1.05836590017743
19013,corn,2022,10,202.5,204.64316746258243,-2.1431674625824257,2.1431674625824257,1.0583543025098399
19013,corn,2022,11,202.5,204.67509297733486,-2.175092977334856,2.175092977334856,1.0741199888073363
19013,corn,2022,12,202.5,204.73900514288513,-2.2390051428851336,2.2390051428851336,1.1056815520420413
19015,corn,2022,1,202.4,199.4877155158295,2.912284484170499,2.912284484170499,1.4388757332858195
19015,corn,2022,2,202.4,198.8056468161638,3.594353183836205,3.594353183836205,1.775866197547532
19015,corn,2022,3,202.4,198.8931530006116,3.506846999388415,3.506846999388415,1.732631916693881
19015,corn,2022,4,202.4,198.9573085445554,3.442691455444617,3.442691455444617,1.7009345135595932
19015,corn,2022,5,202.4,198.9895150884699,3.4104849115301192,3.4104849115301192,1.6850221894911657
19015,corn,2022,6,202.4,198.9897349815865,3.4102650184134973,3.4102650184134973,1.6849135466469847
19015,corn,2022,7,202.4,198.96650137038668,3.433498629613325,3.433498629613325,1.6963926035638959
19015,corn,2022,8,202.4,198.93463174889297,3.465368251107037,3.465368251107037,1.7121384639856903
19015,corn,2022,9,202.4,198.91125762311214,3.4887423768878705,3.4887423768878705,1.7236869451027026
19015,corn,2022,10,202.4,198.91123413783524,3.488765862164769,3.488765862164769,1.7236985485003797
19015,corn,2022,11,202.4,198.9431596525877,3.45684034741231,3.45684034741231,1.7079250728321689
19015,corn,2022,12,202.4,199.00707181813797,3.3929281818620325,3.3929281818620325,1.6763479159397392
19017,corn,2022,1,210.8,208.6458357894079,2.154164210592114,2.154164210592114,1.0218995306414203
19017,corn,2022,2,210.8,207.9637670897422,2.83623291025782,2.83623291025782,1.34546153238037
19017,corn,2022,3,210.8,208.05127327418998,2.7487267258100303,2.7487267258100303,1.3039500596821776
19017,corn,2022,4,210.8,208.1154288181338,2.684571181866204,2.684571181866204,1.2735157409232467
19017,corn,2022,5,210.8,208.14763536204828,2.6523646379517345,2.6523646379517345,1.258237494284504
19017,corn,2022,6,210.8,208.14785525516493,2.652144744835084,2.652144744835084,1.2581331806618046
19017,corn,2022,7,210.8,208.1246216439651,2.675378356034912,2.675378356034912,1.2691548178533736
19017,corn,2022,8,210.8,208.0927520224714,2.707247977528624,2.707247977528624,1.2842732341217382
19017,corn,2022,9,210.8,208.06937789669053,2.7306221033094857,2.7306221033094857,1.2953615290841962
19017,corn,2022,10,210.8,208.06935441141366,2.7306455885863556,2.7306455885863556,1.2953726701073793
19017,corn,2022,11,210.8,208.1012799261661,2.6987200738339254,2.6987200738339254,1.280227739010401
19017,corn,2022,12,210.8,208.16519209171636,2.6348079082836477,2.6348079082836477,1.2499088748973661
19019,corn,2022,1,209.7,208.2861629647644,1.4138370352355878,1.4138370352355878,0.674218900923027
19019,corn,2022,2,209.7,207.6040942650987,2.0959057349012937,2.0959057349012937,0.9994781759185951
19019,corn,2022,3,209.7,207.69160044954648,2.008399550453504,2.008399550453504,0.9577489510984759
19019,corn,2022,4,209.7,207.75575599349028,1.944244006509706,1.944244006509706,0.9271549864137845
19019,corn,2022,5,209.7,207.78796253740478,1.9120374625952081,1.9120374625952081,0.9117965963734898
19019,corn,2022,6,209.7,207.7881824305214,1.9118175694785862,1.9118175694785862,0.9116917355644188
19019,corn,2022,7,209.7,207.76494881932157,1.935051180678414,1.935051180678414,0.922771187734103
19019,corn,2022,8,209.7,207.73307919782786,1.966920802172126,1.966920802172126,0.9379689089995834
19019,corn,2022,9,209.7,207.709705072047,1.9902949279529878,1.9902949279529878,0.949115368599422
19019,corn,2022,10,209.7,207.70968158677013,1.9903184132298577,1.9903184132298577,0.9491265680638331
19019,corn,2022,11,209.7,207.74160710152256,1.9583928984774275,1.9583928984774275,0.9339021928838472
19019,corn,2022,12,209.7,207.80551926707287,1.8944807329271214,1.8944807329271214,0.9034242884726379
19021,corn,2022,1,197.0,192.00764490463024,4.99235509536976,4.99235509536976,2.534190403740995
19021,corn,2022,2,197.0,192.10364658479088,4.89635341520912,4.89635341520912,2.4854585864005685
19021,corn,2022,3,197.0,192.19115276923867,4.80884723076133,4.80884723076133,2.441039203432147
19021,corn,2022,4,197.0,192.25530831318247,4.744691686817532,4.744691686817532,2.4084729374708282
19021,corn,2022,5,197.0,192.28751485709697,4.712485142903034,4.712485142903034,2.392124438021845
19021,corn,2022,6,197.0,192.28773475021362,4.712265249786384,4.712265249786384,2.3920128171504484
19021,corn,2022,7,197.0,192.26450113901376,4.73549886098624,4.73549886098624,2.4038065284194112
19021,corn,2022,8,197.0,192.23263151752008,4.767368482479924,4.767368482479924,2.4199840012588445
19021,corn,2022,9,197.0,192.20925739173921,4.790742608260786,4.790742608260786,2.431849039726287
19021,corn,2022,10,197.0,192.20923390646232,4.790766093537684,4.790766093537684,2.4318609611866417
19021,corn,2022,11,197.0,192.24115942121477,4.758840578785225,4.758840578785225,2.415655116134632
19021,corn,2022,12,197.0,192.30507158676505,4.694928413234948,4.694928413234948,2.3832123925050497
19023,corn,2022,1,212.4,193.30944552123722,19.090554478762783,19.090554478762783,8.988019999417505
19023,corn,2022,2,212.4,193.40544720139786,18.994552798602143,18.994552798602143,8.942821468268429
19023,corn,2022,3,212.4,193.49295338584565,18.907046614154353,18.907046614154353,8.901622699696023
19023,corn,2022,4,212.4,193.55710892978945,18.842891070210555,18.842891070210555,8.871417641342068
19023,corn,2022,5,212.4,193.58931547370395,18.810684526296058,18.810684526296058,8.856254485073473
19023,corn,2022,6,212.4,193.58953536682057,18.810464633179436,18.810464633179436,8.856150957240787
19023,corn,2022,7,212.4,193.56630175562074,18.833698244379264,18.833698244379264,8.867089568916791
19023,corn,2022,8,212.4,193.53443213412703,18.865567865872976,18.865567865872976,8.882094098810251
19023,corn,2022,9,212.4,193.5110580083462,18.88894199165381,18.88894199165381,8.893098866127028
19023,corn,2022,10,212.4,193.5110345230693,18.888965476930707,18.888965476930707,8.89310992322538
19023,corn,2022,11,212.4,193.54296003782176,18.85703996217825,18.85703996217825,8.878079078238347
19023,corn,2022,12,212.4,193.60687220337203,18.79312779662797,18.79312779662797,8.847988604815429
19025,corn,2022,1,202.3,190.15170042185045,12.148299578149562,12.148299578149562,6.0050912398168865
19025,corn,2022,2,202.3,190.24770210201106,12.05229789798895,12.05229789798895,5.957636133459689
19025,corn,2022,3,202.3,190.33520828645885,11.96479171354116,11.96479171354116,5.914380481236361
19025,corn,2022,4,202.3,190.39936383040268,11.900636169597334,11.900636169597334,5.8826674095884
19025,corn,2022,5,202.3,190.43157037431715,11.868429625682865,11.868429625682865,5.8667472198135755
19025,corn,2022,6,202.3,190.4317902674338,11.868209732566214,11.868209732566214,5.866638523265553
19025,corn,2022,7,202.3,190.40855665623394,11.89144334376607,11.89144334376607,5.878123254456781
19025,corn,2022,8,202.3,190.37668703474026,11.923312965259754,11.923312965259754,5.893876898299434
19025,corn,2022,9,202.3,190.3533129089594,11.946687091040616,11.946687091040616,5.905431088008213
19025,corn,2022,10,202.3,190.35328942368253,11.946710576317486,11.946710576317486,5.9054426971416145
19025,corn,2022,11,202.3,190.38521493843496,11.914785061565055,11.914785061565055,5.889661424401906
19025,corn,2022,12,202.3,190.44912710398523,11.850872896014778,11.850872896014778,5.858068658435381
19027,corn,2022,1,195.7,192.78643759855876,2.913562401441226,2.913562401441226,1.4887901898013418
19027,corn,2022,2,195.7,192.8824392787194,2.8175607212805858,2.8175607212805858,1.4397346557386745
19027,corn,2022,3,195.7,192.9699454631672,2.730054536832796,2.730054536832796,1.3950202027760839
19027,corn,2022,4,195.7,193.034101007111,2.665898992888998,2.665898992888998,1.3622376049509444
19027,corn,2022,5,195.7,193.0663075510255,2.6336924489745,2.6336924489745,1.345780505352325
19027,corn,2022,6,195.7,193.0665274441421,2.633472555857878,2.633472555857878,1.345668143003515
19027,corn,2022,7,195.7,193.04329383294228,2.656706167057706,2.656706167057706,1.3575401977811479
19027,corn,2022,8,195.7,193.01142421144857,2.688575788551418,2.688575788551418,1.3738251346711385
19027,corn,2022,9,195.7,192.9880500856677,2.71194991433228,2.71194991433228,1.3857689904610526
19027,corn,2022,10,195.7,192.98802660039084,2.7119733996091497,2.7119733996091497,1.3857809911135155
19027,corn,2022,11,195.7,193.01995211514327,2.6800478848567195,2.6800478848567195,1.3694674935394582
19027,corn,2022,12,195.7,193.08386428069358,2.6161357193064134,2.6161357193064134,1.3368092587155922
19029,corn,2022,1,179.2,191.74831958368122,-12.548319583681234,12.548319583681234,7.002410481964976
19029,corn,2022,2,179.2,191.84432126384186,-12.644321263841874,12.644321263841874,7.055982848126047
19029,corn,2022,3,179.2,191.93182744828965,-12.731827448289664,12.731827448289664,7.1048144242687865
19029,corn,2022,4,179.2,191.99598299223345,-12.795982992233462,12.795982992233462,7.140615509058852
19029,corn,2022,5,179.2,192.02818953614795,-12.82818953614796,12.82818953614796,7.158587910796853
19029,corn,2022,6,179.2,192.02840942926457,-12.828409429264582,12.828409429264582,7.158710619009254
19029,corn,2022,7,179.2,192.00517581806474,-12.805175818064754,12.805175818064754,7.145745434187921
19029,corn,2022,8,179.2,191.97330619657103,-12.773306196571042,12.773306196571042,7.127961047193662
19029,corn,2022,9,179.2,191.94993207079017,-12.74993207079018,12.74993207079018,7.114917450217735
19029,corn,2022,10,179.2,191.9499085855133,-12.74990858551331,12.74990858551331,7.114904344594482
19029,corn,2022,11,179.2,191.98183410026573,-12.78183410026574,12.78183410026574,7.132719922023294
19029,corn,2022,12,179.2,192.04574626581604,-12.845746265816047,12.845746265816047,7.168385192977706
19031,corn,2022,1,221.4,208.42399954637844,12.976000453621566,12.976000453621566,5.860885480407211
19031,corn,2022,2,221.4,208.52000122653905,12.879998773460954,12.879998773460954,5.817524287922744
19031,corn,2022,3,221.4,208.60750741098684,12.792492589013165,12.792492589013165,5.778000266040273
19031,corn,2022,4,221.4,208.67166295493064,12.728337045069367,12.728337045069367,5.749023055586886
19031,corn,2022,5,221.4,208.70386949884514,12.696130501154869,12.696130501154869,5.734476287784494
19031,corn,2022,6,221.4,208.7040893919618,12.695910608038218,12.695910608038218,5.734376968400279
19031,corn,2022,7,221.4,208.68085578076193,12.719144219238075,12.719144219238075,5.744870921065074
19031,corn,2022,8,221.4,208.64898615926825,12.751013840731758,12.751013840731758,5.759265510718952
19031,corn,2022,9,221.4,208.62561203348739,12.77438796651262,12.77438796651262,5.769822929770831
19031,corn,2022,10,221.4,208.6255885482105,12.774411451789518,12.774411451789518,5.76983353739364
19031,corn,2022,11,221.4,208.65751406296295,12.74248593703706,12.74248593703706,5.755413702365429
19031,corn,2022,12,221.4,208.72142622851322,12.678573771486782,12.678573771486782,5.726546418919052
19033,corn,2022,1,216.9,195.52943861238558,21.37056138761443,21.37056138761443,9.852725397701443
19033,corn,2022,2,216.9,195.6254402925462,21.274559707453818,21.274559707453818,9.808464595414392
19033,corn,2022,3,216.9,195.71294647699398,21.18705352300603,21.18705352300603,9.76812057307793
19033,corn,2022,4,216.9,195.7771020209378,21.122897979062202,21.122897979062202,9.738542175685662
19033,corn,2022,5,216.9,195.80930856485227,21.090691435147733,21.090691435147733,9.723693607721406
19033,corn,2022,6,216.9,195.80952845796892,21.090471542031082,21.090471542031082,9.723592227769055
19033,corn,2022,7,216.9,195.78629484676907,21.11370515323094,21.11370515323094,9.734303897294117
19033,corn,2022,8,216.9,195.75442522527538,21.145574774724622,21.145574774724622,9.74899712988687
19033,corn,2022,9,216.9,195.73105109949452,21.168948900505484,21.168948900505484,9.759773582529037
19033,corn,2022,10,216.9,195.73102761421762,21.168972385782382,21.168972385782382,9.759784410227008
19033,corn,2022,11,216.9,195.76295312897008,21.137046871029924,21.137046871029924,9.745065408496968
19033,corn,2022,12,216.9,195.82686529452036,21.073134705479646,21.073134705479646,9.715599218755024
19035,corn,2022,1,198.8,196.07971797872202,2.7202820212779955,2.7202820212779955,1.368351117343056
19035,corn,2022,2,198.8,196.17571965888266,2.6242803411173554,2.6242803411173554,1.320060533761245
19035,corn,2022,3,198.8,196.26322584333045,2.5367741566695656,2.5367741566695656,1.2760433383649727
19035,corn,2022,4,198.8,196.32738138727424,2.4726186127257677,2.4726186127257677,1.2437719379908287
19035,corn,2022,5,198.8,196.35958793118874,2.44041206881127,2.44041206881127,1.2275714631847434
19035,corn,2022,6,198.8,196.35980782430536,2.440192175694648,2.440192175694648,1.2274608529651145
19035,corn,2022,7,198.8,196.33657421310554,2.4634257868944758,2.4634257868944758,1.239147780128006
19035,corn,2022,8,198.8,196.30470459161182,2.4952954083881878,2.4952954083881878,1.2551787768552252
19035,corn,2022,9,198.8,196.281330465831,2.518669534169021,2.518669534169021,1.2669363853968918
19035,corn,2022,10,198.8,196.2813069805541,2.5186930194459194,2.5186930194459194,1.2669481989164584
19035,corn,2022,11,198.8,196.31323249530655,2.4867675046934608,2.4867675046934608,1.250889086867938
19035,corn,2022,12,198.8,196.37714466085683,2.422855339143183,2.422855339143183,1.2187401102329893
19037,corn,2022,1,214.6,196.64051562941458,17.959484370585415,17.959484370585415,8.36881843922899
19037,corn,2022,2,214.6,196.7365173095752,17.863482690424803,17.863482690424803,8.324083266740356
19037,corn,2022,3,214.6,196.82402349402298,17.775976505977013,17.775976505977013,8.283306852738589
19037,corn,2022,4,214.6,196.88817903796678,17.711820962033215,17.711820962033215,8.253411445495441
19037,corn,2022,5,214.6,196.92038558188128,17.679614418118717,17.679614418118717,8.238403736308815
19037,corn,2022,6,214.6,196.92060547499793,17.679394525002067,17.679394525002067,8.238301269805252
19037,corn,2022,7,214.6,196.89737186379807,17.702628136201923,17.702628136201923,8.249127742871352
19037,corn,2022,8,214.6,196.8655022423044,17.734497757695607,17.734497757695607,8.263978451861886
19037,corn,2022,9,214.6,196.84212811652353,17.75787188347647,17.75787188347647,8.27487040236555
19037,corn,2022,10,214.6,196.84210463124663,17.757895368753367,17.757895368753367,8.27488134611061
19037,corn,2022,11,214.6,196.8740301459991,17.72596985400091,17.72596985400091,8.26000459179912
19037,corn,2022,12,214.6,196.93794231154936,17.66205768845063,17.66205768845063,8.230222594804582
19041,corn,2022,1,191.5,193.50695447777997,-2.0069544777799706,2.0069544777799706,1.048018004062648
19041,corn,2022,2,191.5,193.60295615794058,-2.102956157940582,2.102956157940582,1.0981494297339855
19041,corn,2022,3,191.5,193.69046234238837,-2.190462342388372,2.190462342388372,1.14384456521586
19041,corn,2022,4,191.5,193.7546178863322,-2.2546178863321984,2.2546178863321984,1.1773461547426625
19041,corn,2022,5,191.5,193.78682443024667,-2.286824430246668,2.286824430246668,1.1941641933402964
19041,corn,2022,6,191.5,193.78704432336332,-2.287044323363318,2.287044323363318,1.1942790200330642
19041,corn,2022,7,191.5,193.7638107121635,-2.2638107121634903,2.2638107121634903,1.1821465859861569
19041,corn,2022,8,191.5,193.73194109066978,-2.2319410906697783,2.2319410906697783,1.1655044859894403
19041,corn,2022,9,191.5,193.70856696488892,-2.2085669648889166,2.2085669648889166,1.153298676182202
19041,corn,2022,10,191.5,193.70854347961205,-2.2085434796120467,2.2085434796120467,1.1532864123300506
19041,corn,2022,11,191.5,193.74046899436448,-2.240468994364477,2.240468994364477,1.1699576994070375
19041,corn,2022,12,191.5,193.80438115991475,-2.3043811599147546,2.3043811599147546,1.2033321983889058
19043,corn,2022,1,215.4,219.57348957173514,-4.173489571735132,4.173489571735132,1.9375531902205811
19043,corn,2022,2,215.4,219.66949125189575,-4.269491251895744,4.269491251895744,1.9821222153647833
19043,corn,2022,3,215.4,219.75699743634354,-4.3569974363435335,4.3569974363435335,2.0227471849320025
19043,corn,2022,4,215.4,219.82115298028737,-4.42115298028736,4.42115298028736,2.052531560021987
19043,corn,2022,5,215.4,219.85335952420184,-4.453359524201829,4.453359524201829,2.067483530270116
19043,corn,2022,6,215.4,219.85357941731849,-4.45357941731848,4.45357941731848,2.067585616210993
19043,corn,2022,7,215.4,219.83034580611863,-4.430345806118623,4.430345806118623,2.056799352887012
19043,corn,2022,8,215.4,219.79847618462495,-4.39847618462494,4.39847618462494,2.0420037997330267
19043,corn,2022,9,215.4,219.77510205884408,-4.375102058844078,4.375102058844078,2.031152302156025
19043,corn,2022,10,215.4,219.7750785735672,-4.375078573567208,4.375078573567208,2.031141399056271
19043,corn,2022,11,215.4,219.80700408831964,-4.407004088319638,4.407004088319638,2.0459629007983464
19043,corn,2022,12,215.4,219.87091625386992,-4.470916253869916,4.470916253869916,2.075634286847686
19045,corn,2022,1,225.2,211.64965255852616,13.550347441473832,13.550347441473832,6.017028171169553
19045,corn,2022,2,225.2,211.7456542386868,13.454345761313192,13.454345761313192,5.974398650671932
19045,corn,2022,3,225.2,211.8331604231346,13.366839576865402,13.366839576865402,5.9355415527821505
19045,corn,2022,4,225.2,211.89731596707838,13.302684032921604,13.302684032921604,5.907053300586859
19045,corn,2022,5,225.2,211.92952251099285,13.270477489007135,13.270477489007135,5.892751993342422
19045,corn,2022,6,225.2,211.9297424041095,13.270257595890484,13.270257595890484,5.89265434986256
19045,corn,2022,7,225.2,211.90650879290968,13.293491207090312,13.293491207090312,5.902971228725716
19045,corn,2022,8,225.2,211.87463917141596,13.325360828584024,13.325360828584024,5.9171229256589815
19045,corn,2022,9,225.2,211.8512650456351,13.348734954364886,13.348734954364886,5.927502199984408
19045,corn,2022,10,225.2,211.85124156035823,13.348758439641756,13.348758439641756,5.927512628615345
19045,corn,2022,11,225.2,211.88316707511066,13.316832924889326,13.316832924889326,5.913336112295438
19045,corn,2022,12,225.2,211.94707924066097,13.25292075933902,13.25292075933902,5.884955932210933
19047,corn,2022,1,216.4,203.29757483103492,13.102425168965084,13.102425168965084,6.054725124290703
19047,corn,2022,2,216.4,203.39357651119556,13.006423488804444,13.006423488804444,6.010362055824604
19047,corn,2022,3,216.4,203.48108269564335,12.918917304356654,12.918917304356654,5.969924817170358
19047,corn,2022,4,216.4,203.54523823958715,12.854761760412856,12.854761760412856,5.940278077824795
19047,corn,2022,5,216.4,203.57744478350165,12.822555216498358,12.822555216498358,5.925395201709038
19047,corn,2022,6,216.4,203.57766467661827,12.822335323381736,12.822335323381736,5.925293587514665
19047,corn,2022,7,216.4,203.55443106541844,12.845568934581564,12.845568934581564,5.936030006738246
19047,corn,2022,8,216.4,203.52256144392473,12.877438556075276,12.877438556075276,5.950757188574526
19047,corn,2022,9,216.4,203.49918731814387,12.900812681856138,12.900812681856138,5.961558540598954
19047,corn,2022,10,216.4,203.499163832867,12.900836167133008,12.900836167133008,5.961569393314699
19047,corn,2022,11,216.4,203.53108934761943,12.868910652380578,12.868910652380578,5.946816382800637
19047,corn,2022,12,216.4,203.59500151316973,12.804998486830272,12.804998486830272,5.91728211036519
19049,corn,2022,1,187.2,192.36499228466187,-5.164992284661878,5.164992284661878,2.759077075139892
19049,corn,2022,2,187.2,192.46099396482248,-5.2609939648224895,5.2609939648224895,2.8103600239436375
19049,corn,2022,3,187.2,192.54850014927027,-5.348500149270279,5.348500149270279,2.8571047805930982
19049,corn,2022,4,187.2,192.61265569321407,-5.412655693214077,5.412655693214077,2.8913759044946996
19049,corn,2022,5,187.2,192.64486223712856,-5.444862237128575,5.444862237128575,2.9085802548763757
19049,corn,2022,6,187.2,192.6450821302452,-5.4450821302452255,5.4450821302452255,2.908697719148091
19049,corn,2022,7,187.2,192.62184851904536,-5.421848519045369,5.421848519045369,2.8962866020541504
19049,corn,2022,8,187.2,192.58997889755167,-5.389978897551686,5.389978897551686,2.8792622315981227
19049,corn,2022,9,187.2,192.5666047717708,-5.366604771770824,5.366604771770824,2.8667760532963804
19049,corn,2022,10,187.2,192.5665812864939,-5.3665812864939255,5.3665812864939255,2.8667635077424816
19049,corn,2022,11,187.2,192.59850680124637,-5.398506801246384,5.398506801246384,2.883817735708539
19049,corn,2022,12,187.2,192.66241896679665,-5.462418966796662,5.462418966796662,2.917958849784542
19051,corn,2022,1,154.9,169.6697700506422,-14.769770050642194,14.769770050642194,9.535035539472043
19051,corn,2022,2,154.9,169.7657717308028,-14.865771730802805,14.865771730802805,9.59701209219032
19051,corn,2022,3,154.9,169.8532779152506,-14.953277915250595,14.953277915250595,9.653504141543316
19051,corn,2022,4,154.9,169.9174334591944,-15.017433459194393,15.017433459194393,9.694921535955062
19051,corn,2022,5,154.9,169.9496400031089,-15.049640003108891,15.049640003108891,9.715713365467328
19051,corn,2022,6,154.9,169.94985989622555,-15.049859896225541,15.049859896225541,9.715855323580078
19051,corn,2022,7,154.9,169.9266262850257,-15.026626285025685,15.026626285025685,9.70085622015861
19051,corn,2022,8,154.9,169.894756663532,-14.994756663532002,14.994756663532002,9.68028190027889
19051,corn,2022,9,154.9,169.87138253775115,-14.97138253775114,14.97138253775114,9.665192083764454
19051,corn,2022,10,154.9,169.87135905247425,-14.971359052474241,14.971359052474241,9.665176922191247
19051,corn,2022,11,154.9,169.9032845672267,-15.0032845672267,15.0032845672267,9.68578732551756
19051,corn,2022,12,154.9,169.96719673277698,-15.067196732776978,15.067196732776978,9.727047600243369
19053,corn,2022,1,148.7,172.65158128013934,-23.95158128013935,23.95158128013935,16.10731760601167
19053,corn,2022,2,148.7,172.74758296029998,-24.04758296029999,24.04758296029999,16.17187825171486
19053,corn,2022,3,148.7,172.83508914474777,-24.13508914474778,24.13508914474778,16.230725719399988
19053,corn,2022,4,148.7,172.89924468869157,-24.19924468869158,24.19924468869158,16.273869999120095
19053,corn,2022,5,148.7,172.93145123260607,-24.231451232606076,24.231451232606076,16.295528737462057
19053,corn,2022,6,148.7,172.9316711257227,-24.2316711257227,24.2316711257227,16.29567661447391
19053,corn,2022,7,148.7,172.90843751452286,-24.20843751452287,24.20843751452287,16.28005212812567
19053,corn,2022,8,148.7,172.87656789302915,-24.17656789302916,24.17656789302916,16.258619968412347
19053,corn,2022,9,148.7,172.85319376724829,-24.153193767248297,24.153193767248297,16.24290098671708
19053,corn,2022,10,148.7,172.85317028197142,-24.153170281971427,24.153170281971427,16.24288519298684
19053,corn,2022,11,148.7,172.88509579672387,-24.185095796723886,24.185095796723886,16.26435494063476
19053,corn,2022,12,148.7,172.94900796227415,-24.249007962274163,24.249007962274163,16.307335549612752
19055,corn,2022,1,230.8,204.1729151318593,26.627084868140713,26.627084868140713,11.536865194168419
19055,corn,2022,2,230.8,204.2689168120199,26.5310831879801,26.5310831879801,11.495270012123093
19055,corn,2022,3,230.8,204.3564229964677,26.44357700353231,26.44357700353231,11.457355720767898
19055,corn,2022,4,230.8,204.42057854041153,26.379421459588485,26.379421459588485,11.429558691329499
19055,corn,2022,5,230.8,204.452785084326,26.347214915674016,26.347214915674016,11.415604382874356
19055,corn,2022,6,230.8,204.45300497744265,26.346995022557365,26.346995022557365,11.415509108560382
19055,corn,2022,7,230.8,204.4297713662428,26.370228633757222,26.370228633757222,11.425575664539524
19055,corn,2022,8,230.8,204.3979017447491,26.402098255250905,26.402098255250905,11.439383992743025
19055,corn,2022,9,230.8,204.37452761896824,26.425472381031767,26.425472381031767,11.449511430256399
19055,corn,2022,10,230.8,204.37450413369137,26.425495866308637,26.425495866308637,11.449521605852961
19055,corn,2022,11,230.8,204.4064296484438,26.393570351556207,26.393570351556207,11.435689060466293
19055,corn,2022,12,230.8,204.47034181399408,26.32965818600593,26.32965818600593,11.407997480938443
19057,corn,2022,1,194.8,185.32213939479416,9.477860605205848,9.477860605205848,4.865431522179593
19057,corn,2022,2,194.8,185.4181410749548,9.381858925045208,9.381858925045208,4.816149345505753
19057,corn,2022,3,194.8,185.5056472594026,9.294352740597418,9.294352740597418,4.771228306261508
19057,corn,2022,4,194.8,185.5698028033464,9.23019719665362,9.23019719665362,4.738294248795492
19057,corn,2022,5,194.8,185.6020093472609,9.197990652739122,9.197990652739122,4.7217611153691585
19057,corn,2022,6,194.8,185.60222924037754,9.197770759622472,9.197770759622472,4.72164823389244
19057,corn,2022,7,194.8,185.57899562917768,9.221004370822328,9.221004370822328,4.733575139025835
19057,corn,2022,8,194.8,185.54712600768397,9.25287399231604,9.25287399231604,4.7499353143306156
19057,corn,2022,9,194.8,185.52375188190314,9.276248118096873,9.276248118096873,4.761934352205787
19057,corn,2022,10,194.8,185.52372839662624,9.276271603373772,9.276271603373772,4.761946408302757
19057,corn,2022,11,194.8,185.5556539113787,9.244346088621313,9.244346088621313,4.745557540360017
19057,corn,2022,12,194.8,185.61956607692898,9.180433923071035,9.180433923071035,4.712748420467677
19059,corn,2022,1,203.4,192.12331355171418,11.27668644828583,11.27668644828583,5.544093632392246
19059,corn,2022,2,203.4,192.2193152318748,11.180684768125218,11.180684768125218,5.496895166236587
19059,corn,2022,3,203.4,192.30682141632258,11.093178583677428,11.093178583677428,5.45387344330257
19059,corn,2022,4,203.4,192.3709769602664,11.029023039733602,11.029023039733602,5.42233187794179
19059,corn,2022,5,203.4,192.40318350418087,10.996816495819132,10.996816495819132,5.406497785555129
19059,corn,2022,6,203.4,192.40340339729752,10.996596602702482,10.996596602702482,5.406389676844878
19059,corn,2022,7,203.4,192.38016978609767,11.019830213902338,11.019830213902338,5.417812297887088
19059,corn,2022,8,203.4,192.34830016460398,11.051699835396022,11.051699835396022,5.433480745032459
19059,corn,2022,9,203.4,192.32492603882312,11.075073961176884,11.075073961176884,5.444972448956186
19059,corn,2022,10,203.4,192.32490255354625,11.075097446453753,11.075097446453753,5.444983995306663
19059,corn,2022,11,203.4,192.35682806829868,11.043171931701323,11.043171931701323,5.42928806868305
19059,corn,2022,12,203.4,192.42074023384896,10.979259766151046,10.979259766151046,5.397866158383011
19061,corn,2022,1,223.7,208.61784688207786,15.082153117922132,15.082153117922132,6.74213371386774
19061,corn,2022,2,223.7,208.7138485622385,14.986151437761492,14.986151437761492,6.699218344998433
19061,corn,2022,3,223.7,208.8013547466863,14.898645253313703,14.898645253313703,6.660100694373582
19061,corn,2022,4,223.7,208.86551029063008,14.834489709369905,14.834489709369905,6.6314214167947725
19061,corn,2022,5,223.7,208.89771683454455,14.802283165455435,14.802283165455435,6.617024213435599
19061,corn,2022,6,223.7,208.8979367276612,14.802063272338785,14.802063272338785,6.616925915216266
19061,corn,2022,7,223.7,208.87470311646138,14.825296883538613,14.825296883538613,6.627311972972112
19061,corn,2022,8,223.7,208.84283349496766,14.857166505032325,14.857166505032325,6.641558562821781
19061,corn,2022,9,223.7,208.8194593691868,14.880540630813186,14.880540630813186,6.652007434426994
19061,corn,2022,10,223.7,208.81943588390993,14.880564116090056,14.880564116090056,6.652017932986168
19061,corn,2022,11,223.7,208.8513613986624,14.848638601337598,14.848638601337598,6.637746357325704
19061,corn,2022,12,223.7,208.91527356421267,14.78472643578732,14.78472643578732,6.6091758765254
19063,corn,2022,1,213.7,183.438813244819,30.261186755181,30.261186755181,14.16059277266308
19063,corn,2022,2,213.7,183.5348149249796,30.16518507502039,30.16518507502039,14.115669197482635
19063,corn,2022,3,213.7,183.6223211094274,30.0776788905726,30.0776788905726,14.074721053145812
19063,corn,2022,4,213.7,183.68647665337122,30.013523346628773,30.013523346628773,14.044699741052305
19063,corn,2022,5,213.7,183.71868319728569,29.981316802714304,29.981316802714304,14.029628826726395
19063,corn,2022,6,213.7,183.71890309040234,29.981096909597653,29.981096909597653,14.029525928683976
19063,corn,2022,7,213.7,183.69566947920248,30.00433052079751,30.00433052079751,14.040397997565519
19063,corn,2022,8,213.7,183.6637998577088,30.036200142291193,30.036200142291193,14.055311250487224
19063,corn,2022,9,213.7,183.64042573192793,30.059574268072055,30.059574268072055,14.066249072565304
19063,corn,2022,10,213.7,183.64040224665106,30.059597753348925,30.059597753348925,14.06626006240006
19063,corn,2022,11,213.7,183.6723277614035,30.027672238596494,30.027672238596494,14.051320654467242
19063,corn,2022,12,213.7,183.73623992695377,29.963760073046217,29.963760073046217,14.02141323025092
19065,corn,2022,1,209.8,206.73712325423503,3.0628767457649815,3.0628767457649815,1.4599031200023742
19065,corn,2022,2,209.8,206.83312493439567,2.9668750656043414,2.9668750656043414,1.4141444545301913
19065,corn,2022,3,209.8,206.92063111884346,2.8793688811565517,2.8793688811565517,1.3724351197123696
19065,corn,2022,4,209.8,206.98478666278726,2.8152133372127537,2.8152133372127537,1.3418557374703306
19065,corn,2022,5,209.8,207.01699320670173,2.7830067932982843,2.7830067932982843,1.3265046679210124
19065,corn,2022,6,209.8,207.01721309981838,2.782786900181634,2.782786900181634,1.3263998570932478
19065,corn,2022,7,209.8,206.99397948861855,2.806020511381462,2.806020511381462,1.3374740283038427
19065,corn,2022,8,209.8,206.96210986712484,2.8378901328751738,2.8378901328751738,1.3526645056602353
19065,corn,2022,9,209.8,206.93873574134398,2.8612642586560355,2.8612642586560355,1.3638056523622666
19065,corn,2022,10,209.8,206.9387122560671,2.8612877439329054,2.8612877439329054,1.3638168464885154
19065,corn,2022,11,209.8,206.97063777081954,2.829362229180475,2.829362229180475,1.3485997279220567
19065,corn,2022,12,209.8,207.03454993636984,2.765450063630169,2.765450063630169,1.3181363506340176
19067,corn,2022,1,204.6,187.88966250833738,16.710337491662614,16.710337491662614,8.167320377156702
19067,corn,2022,2,204.6,187.98566418849802,16.614335811501974,16.614335811501974,8.12039873484945
19067,corn,2022,3,204.6,188.0731703729458,16.526829627054184,16.526829627054184,8.07762933873616
19067,corn,2022,4,204.6,188.1373259168896,16.462674083110386,16.462674083110386,8.046272767893639
19067,corn,2022,5,204.6,188.1695324608041,16.430467539195888,16.430467539195888,8.030531544084011
19067,corn,2022,6,204.6,188.16975235392073,16.430247646079266,16.430247646079266,8.030424069442457
19067,corn,2022,7,204.6,188.1465187427209,16.453481257279094,16.453481257279094,8.04177969563983
19067,corn,2022,8,204.6,188.1146491212272,16.485350878772806,16.485350878772806,8.057356245734509
19067,corn,2022,9,204.6,188.09127499544633,16.508725004553668,16.508725004553668,8.068780549635225
19067,corn,2022,10,204.6,188.09125151016946,16.508748489830538,16.508748489830538,8.06879202826517
19067,corn,2022,11,204.6,188.1231770249219,16.476822975078107,16.476822975078107,8.053188159862223
19067,corn,2022,12,204.6,188.1870891904722,16.4129108095278,16.4129108095278,8.021950542291204
19069,corn,2022,1,220.1,198.80838121947008,21.291618780529916,21.291618780529916,9.673611440495192
19069,corn,2022,2,220.1,198.90438289963072,21.195617100369276,21.195617100369276,9.62999413919549
19069,corn,2022,3,220.1,198.9918890840785,21.108110915921486,21.108110915921486,9.590236672385954
19069,corn,2022,4,220.1,199.0560446280223,21.043955371977688,21.043955371977688,9.561088310757695
19069,corn,2022,5,220.1,199.0882511719368,21.01174882806319,21.01174882806319,9.54645562383607
19069,corn,2022,6,220.1,199.08847106505343,21.01152893494657,21.01152893494657,9.546355717831243
19069,corn,2022,7,220.1,199.0652374538536,21.034762546146396,21.034762546146396,9.556911652042889
19069,corn,2022,8,220.1,199.0333678323599,21.06663216764011,21.06663216764011,9.571391261990055
19069,corn,2022,9,220.1,199.00999370657902,21.09000629342097,21.09000629342097,9.582011037447057
19069,corn,2022,10,220.1,199.00997022130215,21.09002977869784,21.09002977869784,9.582021707722781
19069,corn,2022,11,220.1,199.04189573605458,21.05810426394541,21.05810426394541,9.567516703291872
19069,corn,2022,12,220.1,199.1058079016049,20.994192098395104,20.994192098395104,9.538478917944165
19071,corn,2022,1,191.6,196.4787234342825,-4.878723434282506,4.878723434282506,2.5463065940931657
19071,corn,2022,2,191.6,196.57472511444314,-4.974725114443146,4.974725114443146,2.596411855137341
19071,corn,2022,3,191.6,196.66223129889093,-5.062231298890936,5.062231298890936,2.642083141383578
19071,corn,2022,4,191.6,196.72638684283473,-5.126386842834734,5.126386842834734,2.675567245738379
19071,corn,2022,5,191.6,196.7585933867492,-5.158593386749203,5.158593386749203,2.692376506654073
19071,corn,2022,6,191.6,196.75881327986585,-5.1588132798658535,5.1588132798658535,2.692491273416416
19071,corn,2022,7,191.6,196.73557966866602,-5.1355796686660256,5.1355796686660256,2.680365171537592
19071,corn,2022,8,191.6,196.7037100471723,-5.103710047172314,5.103710047172314,2.6637317573968233
19071,corn,2022,9,191.6,196.68033592139145,-5.080335921391452,5.080335921391452,2.651532318053994
19071,corn,2022,10,191.6,196.68031243611458,-5.080312436114582,5.080312436114582,2.6515200606026004
19071,corn,2022,11,191.6,196.712237950867,-5.112237950867012,5.112237950867012,2.668182646590299
19071,corn,2022,12,191.6,196.7761501164173,-5.176150116417318,5.176150116417318,2.701539726731377
19073,corn,2022,1,197.3,184.06828502471927,13.231714975280738,13.231714975280738,6.706393803994291
19073,corn,2022,2,197.3,184.16428670487988,13.135713295120127,13.135713295120127,6.657736084703561
19073,corn,2022,3,197.3,184.25179288932767,13.048207110672337,13.048207110672337,6.613384242611422
19073,corn,2022,4,197.3,184.3159484332715,12.98405156672851,12.98405156672851,6.580867494540553
19073,corn,2022,5,197.3,184.34815497718597,12.951845022814041,12.951845022814041,6.564543853428302
19073,corn,2022,6,197.3,184.34837487030262,12.95162512969739,12.95162512969739,6.564432402279468
19073,corn,2022,7,197.3,184.32514125910276,12.974858740897247,12.974858740897247,6.576208180890647
19073,corn,2022,8,197.3,184.29327163760908,13.00672836239093,13.00672836239093,6.592361055443958
19073,corn,2022,9,197.3,184.26989751182822,13.030102488171792,13.030102488171792,6.604208052798678
19073,corn,2022,10,197.3,184.26987402655135,13.030125973448662,13.030125973448662,6.6042199561321135
19073,corn,2022,11,197.3,184.30179954130378,12.998200458696232,12.998200458696232,6.58803875250696
19073,corn,2022,12,197.3,184.36571170685406,12.934288293145954,12.934288293145954,6.555645358918374
19075,corn,2022,1,207.5,200.46097403425924,7.039025965740763,7.039025965740763,3.392301670236512
19075,corn,2022,2,207.5,200.55697571441988,6.9430242855801225,6.9430242855801225,3.3460358002795774
19075,corn,2022,3,207.5,200.64448189886767,6.855518101132333,6.855518101132333,3.303864145124016
19075,corn,2022,4,207.5,200.70863744281147,6.791362557188535,6.791362557188535,3.2729458106932694
19075,corn,2022,5,207.5,200.74084398672596,6.759156013274037,6.759156013274037,3.257424584710379
19075,corn,2022,6,207.5,200.74106387984259,6.758936120157415,6.758936120157415,3.2573186121240556
19075,corn,2022,7,207.5,200.71783026864276,6.782169731357243,6.782169731357243,3.268515533184214
19075,corn,2022,8,207.5,200.68596064714905,6.814039352850955,6.814039352850955,3.2838743869161227
19075,corn,2022,9,207.5,200.66258652136818,6.837413478631817,6.837413478631817,3.2951390258466584
19075,corn,2022,10,207.5,200.6625630360913,6.8374369639086865,6.8374369639086865,3.295150344052379
19075,corn,2022,11,207.5,200.69448855084374,6.805511449156256,6.805511449156256,3.279764553810244
19075,corn,2022,12,207.5,200.75840071639405,6.74159928360595,6.74159928360595,3.248963510171542
19077,corn,2022,1,193.6,194.59668614900147,-0.9966861490014765,0.9966861490014765,0.5148172257239032
19077,corn,2022,2,193.6,194.69268782916208,-1.092687829162088,1.092687829162088,0.5644048704349629
19077,corn,2022,3,193.6,194.78019401360987,-1.1801940136098779,1.1801940136098779,0.6096043458728708
19077,corn,2022,4,193.6,194.8443495575537,-1.2443495575537042,1.2443495575537042,0.6427425400587315
19077,corn,2022,5,193.6,194.87655610146817,-1.2765561014681737,1.2765561014681737,0.6593781515848005
19077,corn,2022,6,193.6,194.87677599458482,-1.276775994584824,1.276775994584824,0.6594917327400951
19077,corn,2022,7,193.6,194.85354238338496,-1.2535423833849677,1.2535423833849677,0.6474909005087643
19077,corn,2022,8,193.6,194.82167276189128,-1.2216727618912842,1.2216727618912842,0.6310293191587212
19077,corn,2022,9,193.6,194.79829863611042,-1.1982986361104224,1.1982986361104224,0.6189559070818298
19077,corn,2022,10,193.6,194.79827515083352,-1.198275150833524,1.198275150833524,0.6189437762569856
19077,corn,2022,11,193.6,194.83020066558598,-1.2302006655859827,1.2302006655859827,0.6354342280919333
19077,corn,2022,12,193.6,194.89411283113625,-1.2941128311362604,1.2941128311362604,0.6684467102976552
19079,corn,2022,1,208.6,191.70914030988783,16.890859690112165,16.890859690112165,8.097248173591643
19079,corn,2022,2,208.6,191.80514199004844,16.794858009951554,16.794858009951554,8.051226275144561
19079,corn,2022,3,208.6,191.89264817449623,16.707351825503764,16.707351825503764,8.009277001679656
19079,corn,2022,4,208.6,191.95680371844006,16.643196281559938,16.643196281559938,7.978521707363345
19079,corn,2022,5,208.6,191.98901026235453,16.61098973764547,16.61098973764547,7.963082328689103
19079,corn,2022,6,208.6,191.98923015547118,16.610769844528818,16.610769844528818,7.962976914922732
19079,corn,2022,7,208.6,191.96599654427132,16.634003455728674,16.634003455728674,7.974114791816239
19079,corn,2022,8,208.6,191.93412692277764,16.665873077222358,16.665873077222358,7.989392654469012
19079,corn,2022,9,208.6,191.91075279699677,16.68924720300322,16.68924720300322,8.000597892139606
19079,corn,2022,10,208.6,191.9107293117199,16.68927068828009,16.68927068828009,8.000609150661596
19079,corn,2022,11,208.6,191.94265482647234,16.65734517352766,16.65734517352766,7.985304493541544
19079,corn,2022,12,208.6,192.0065669920226,16.59343300797738,16.59343300797738,7.954665871513606
19081,corn,2022,1,211.5,189.32472776974038,22.175272230259623,22.175272230259623,10.484762283810696
19081,corn,2022,2,211.5,189.42072944990102,22.079270550098983,22.079270550098983,10.439371418486516
19081,corn,2022,3,211.5,189.5082356343488,21.991764365651193,21.991764365651193,10.397997336005291
19081,corn,2022,4,211.5,189.5723911782926,21.927608821707395,21.927608821707395,10.36766374548813
19081,corn,2022,5,211.5,189.6045977222071,21.895402277792897,21.895402277792897,10.352436065150306
19081,corn,2022,6,211.5,189.60481761532373,21.895182384676275,21.895182384676275,10.352332096773651
19081,corn,2022,7,211.5,189.5815840041239,21.918415995876103,21.918415995876103,10.363317255733381
19081,corn,2022,8,211.5,189.54971438263019,21.950285617369815,21.950285617369815,10.37838563469022
19081,corn,2022,9,211.5,189.52634025684932,21.973659743150677,21.973659743150677,10.389437230804102
19081,corn,2022,10,211.5,189.52631677157245,21.973683228427547,21.973683228427547,10.389448334953922
19081,corn,2022,11,211.5,189.5582422863249,21.941757713675088,21.941757713675088,10.374353528924392
19081,corn,2022,12,211.5,189.6221544518752,21.87784554812481,21.87784554812481,10.344135010933716
19083,corn,2022,1,215.6,198.91916489868672,16.680835101313278,16.680835101313278,7.736936503392059
19083,corn,2022,2,215.6,199.01516657884736,16.584833421152638,16.584833421152638,7.692408822427012
19083,corn,2022,3,215.6,199.10267276329512,16.497327236704876,16.497327236704876,7.651821538360333
19083,corn,2022,4,215.6,199.16682830723894,16.43317169276105,16.43317169276105,7.622064792560784
19083,corn,2022,5,215.6,199.1990348511534,16.40096514884658,16.40096514884658,7.607126692414927
19083,corn,2022,6,215.6,199.19925474427006,16.40074525572993,16.40074525572993,7.607024701173437
19083,corn,2022,7,215.6,199.17602113307024,16.423978866929758,16.423978866929758,7.617800958687273
19083,corn,2022,8,215.6,199.14415151157652,16.45584848842347,16.45584848842347,7.632582786838345
19083,corn,2022,9,215.6,199.12077738579566,16.479222614204332,16.479222614204332,7.643424218091063
19083,corn,2022,10,215.6,199.1207539005188,16.479246099481202,16.479246099481202,7.643435111076624
19083,corn,2022,11,215.6,199.15267941527122,16.44732058472877,16.44732058472877,7.628627358408521
19083,corn,2022,12,215.6,199.21659158082153,16.383408419178465,16.383408419178465,7.5989834968360235
19085,corn,2022,1,172.4,205.92898993752306,-33.52898993752305,33.52898993752305,19.44837003336604
19085,corn,2022,2,172.4,206.0249916176837,-33.62499161768369,33.62499161768369,19.504055462693557
19085,corn,2022,3,172.4,206.1124978021315,-33.71249780213148,33.71249780213148,19.554813110285078
19085,corn,2022,4,172.4,206.17665334607528,-33.77665334607528,33.77665334607528,19.592026302827886
19085,corn,2022,5,172.4,206.20885988998978,-33.808859889989776,33.808859889989776,19.610707592801493
19085,corn,2022,6,172.4,206.2090797831064,-33.8090797831064,33.8090797831064,19.61083514101299
19085,corn,2022,7,172.4,206.18584617190658,-33.78584617190657,33.78584617190657,19.597358568391282
19085,corn,2022,8,172.4,206.15397655041286,-33.75397655041286,33.75397655041286,19.57887270905618
19085,corn,2022,9,172.4,206.130602424632,-33.730602424631996,33.730602424631996,19.565314631457074
19085,corn,2022,10,172.4,206.13057893935513,-33.73057893935513,33.73057893935513,19.565301008906687
19085,corn,2022,11,172.4,206.1625044541076,-33.762504454107585,33.762504454107585,19.583819288925515
19085,corn,2022,12,172.4,206.22641661965787,-33.82641661965786,33.82641661965786,19.62089131070642
19087,corn,2022,1,167.7,179.7257527804817,-12.025752780481724,12.025752780481724,7.1709915208597055
19087,corn,2022,2,167.7,179.82175446064232,-12.121754460642336,12.121754460642336,7.228237603245281
19087,corn,2022,3,167.7,179.90926064509011,-12.209260645090126,12.209260645090126,7.280417796714446
19087,corn,2022,4,167.7,179.9734161890339,-12.273416189033924,12.273416189033924,7.31867393502321
19087,corn,2022,5,167.7,180.0056227329484,-12.305622732948422,12.305622732948422,7.337878791263222
19087,corn,2022,6,167.7,180.00584262606506,-12.305842626065072,12.305842626065072,7.338009914171183
19087,corn,2022,7,167.7,179.9826090148652,-12.282609014865216,12.282609014865216,7.324155643926784
19087,corn,2022,8,167.7,179.95073939337152,-12.250739393371532,12.250739393371532,7.305151695510753
19087,corn,2022,9,167.7,179.92736526759066,-12.22736526759067,12.22736526759067,7.2912136360111335
19087,corn,2022,10,167.7,179.92734178231376,-12.227341782313772,12.227341782313772,7.291199631671898
19087,corn,2022,11,167.7,179.95926729706622,-12.25926729706623,12.25926729706623,7.310236909401451
19087,corn,2022,12,167.7,180.0231794626165,-12.323179462616508,12.323179462616508,7.348347920463034
19089,corn,2022,1,217.3,194.17233077803922,23.127669221960787,23.127669221960787,10.64319798525577
19089,corn,2022,2,217.3,194.26833245819986,23.031667541800147,23.031667541800147,10.599018657064034
19089,corn,2022,3,217.3,194.35583864264765,22.944161357352357,22.944161357352357,10.55874889891963
19089,corn,2022,4,217.3,194.41999418659145,22.88000581340856,22.88000581340856,10.529224948646368
19089,corn,2022,5,217.3,194.45220073050592,22.84779926949409,22.84779926949409,10.514403713526962
19089,corn,2022,6,217.3,194.45242062362257,22.84757937637744,22.84757937637744,10.514302520192102
19089,corn,2022,7,217.3,194.42918701242274,22.870812987577267,22.870812987577267,10.524994471963767
19089,corn,2022,8,217.3,194.39731739092903,22.90268260907098,22.90268260907098,10.539660657648863
19089,corn,2022,9,217.3,194.37394326514817,22.92605673485184,22.92605673485184,10.550417273286627
19089,corn,2022,10,217.3,194.3739197798713,22.92608022012871,22.92608022012871,10.550428081053248
19089,corn,2022,11,217.3,194.40584529462373,22.89415470537628,22.89415470537628,10.535736173666029
19089,corn,2022,12,217.3,194.46975746017404,22.830242539825974,22.830242539825974,10.506324224494234
19091,corn,2022,1,195.5,181.803917786219,13.696082213781011,13.696082213781011,7.00566865155039
19091,corn,2022,2,195.5,181.8999194663796,13.6000805336204,13.6000805336204,6.956562932798159
19091,corn,2022,3,195.5,181.9874256508274,13.51257434917261,13.51257434917261,6.911802736149672
19091,corn,2022,4,195.5,182.05158119477122,13.448418805228783,13.448418805228783,6.878986601140043
19091,corn,2022,5,195.5,182.0837877386857,13.416212261314314,13.416212261314314,6.86251266563392
19091,corn,2022,6,195.5,182.08400763180234,13.415992368197664,13.415992368197664,6.862400188336401
19091,corn,2022,7,195.5,182.06077402060248,13.43922597939752,13.43922597939752,6.87428438843863
19091,corn,2022,8,195.5,182.0289043991088,13.471095600891204,13.471095600891204,6.890585985110589
19091,corn,2022,9,195.5,182.00553027332793,13.494469726672065,13.494469726672065,6.902542059678805
19091,corn,2022,10,195.5,182.00550678805106,13.494493211948935,13.494493211948935,6.902554072608151
19091,corn,2022,11,195.5,182.0374323028035,13.462567697196505,13.462567697196505,6.886223886034018
19091,corn,2022,12,195.5,182.10134446835377,13.398655531646227,13.398655531646227,6.853532241251267
19093,corn,2022,1,221.2,194.31026209969036,26.889737900309626,26.889737900309626,12.15630103992298
19093,corn,2022,2,221.2,194.40626377985097,26.793736220149015,26.793736220149015,12.112900642020351
19093,corn,2022,3,221.2,194.49376996429876,26.706230035701225,26.706230035701225,12.073340884132563
19093,corn,2022,4,221.2,194.5579255082426,26.6420744917574,26.6420744917574,12.044337473669712
19093,corn,2022,5,221.2,194.59013205215706,26.60986794784293,26.60986794784293,12.02977755327438
19093,corn,2022,6,221.2,194.5903519452737,26.60964805472628,26.60964805472628,12.029678144089639
19093,corn,2022,7,221.2,194.56711833407385,26.632881665926135,26.632881665926135,12.040181584957566
19093,corn,2022,8,221.2,194.53524871258017,26.66475128741982,26.66475128741982,12.05458918961113
19093,corn,2022,9,221.2,194.5118745867993,26.68812541320068,26.68812541320068,12.065156154249856
19093,corn,2022,10,221.2,194.5118511015224,26.68814889847758,26.68814889847758,12.065166771463645
19093,corn,2022,11,221.2,194.54377661627487,26.65622338372512,26.65622338372512,12.05073389860991
19093,corn,2022,12,221.2,194.60768878182515,26.592311218174842,26.592311218174842,12.02184051454559
19095,corn,2022,1,205.9,187.6277165820278,18.272283417972204,18.272283417972204,8.874348430292473
19095,corn,2022,2,205.9,187.7237182621884,18.176281737811593,18.176281737811593,8.827723039247982
19095,corn,2022,3,205.9,187.8112244466362,18.088775553363803,18.088775553363803,8.785223678175717
19095,corn,2022,4,205.9,187.87537999058,18.024620009420005,18.024620009420005,8.754065084711026
19095,corn,2022,5,205.9,187.9075865344945,17.992413465505507,17.992413465505507,8.73842324696722
19095,corn,2022,6,205.9,187.90780642761115,17.992193572388857,17.992193572388857,8.738316450893082
19095,corn,2022,7,205.9,187.8845728164113,18.015427183588713,18.015427183588713,8.74960038056761
19095,corn,2022,8,205.9,187.8527031949176,18.047296805082397,18.047296805082397,8.765078584304224
19095,corn,2022,9,205.9,187.82932906913675,18.07067093086326,18.07067093086326,8.776430758068605
19095,corn,2022,10,205.9,187.82930558385985,18.070694416140157,18.070694416140157,8.776442164225427
19095,corn,2022,11,205.9,187.8612310986123,18.038768901387698,18.038768901387698,8.76093681466134
19095,corn,2022,12,205.9,187.92514326416259,17.97485673583742,17.97485673583742,8.729896423427595
19097,corn,2022,1,219.2,211.31744631077618,7.882553689223812,7.882553689223812,3.5960555151568485
19097,corn,2022,2,219.2,211.41344799093682,7.786552009063172,7.786552009063172,3.55225912822225
19097,corn,2022,3,219.2,211.5009541753846,7.699045824615382,7.699045824615382,3.5123384236384045
19097,corn,2022,4,219.2,211.5651097193284,7.634890280671584,7.634890280671584,3.4830703835180588
19097,corn,2022,5,219.2,211.5973162632429,7.602683736757086,7.602683736757086,3.4683776171337075
19097,corn,2022,6,219.2,211.59753615635952,7.602463843640464,7.602463843640464,3.468277300930869
19097,corn,2022,7,219.2,211.5743025451597,7.625697454840292,7.625697454840292,3.478876576113272
19097,corn,2022,8,219.2,211.54243292366598,7.657567076334004,7.657567076334004,3.493415637013688
19097,corn,2022,9,219.2,211.51905879788512,7.680941202114866,7.680941202114866,3.5040790155633514
19097,corn,2022,10,219.2,211.51903531260825,7.680964687391736,7.680964687391736,3.504089729649515
19097,corn,2022,11,219.2,211.5509608273607,7.649039172639277,7.649039172639277,3.4895251699996703
19097,corn,2022,12,219.2,211.614872992911,7.585127007089,7.585127007089,3.4603681601683394
19099,corn,2022,1,203.6,198.7732471137015,4.826752886298493,4.826752886298493,2.370703775195724
19099,corn,2022,2,203.6,198.86924879386214,4.730751206137853,4.730751206137853,2.3235516729557237
19099,corn,2022,3,203.6,198.95675497830993,4.643245021690063,4.643245021690063,2.2805722110462003
19099,corn,2022,4,203.6,199.02091052225373,4.579089477746265,4.579089477746265,2.249061629541388
19099,corn,2022,5,203.6,199.05311706616823,4.546882933831768,4.546882933831768,2.2332430912729704
19099,corn,2022,6,203.6,199.05333695928485,4.546663040715146,4.546663040715146,2.233135088759895
19099,corn,2022,7,203.6,199.03010334808502,4.5698966519149735,4.5698966519149735,2.2445464891527376
19099,corn,2022,8,203.6,198.9982337265913,4.6017662734086855,4.6017662734086855,2.260199544896211
19099,corn,2022,9,203.6,198.97485960081045,4.625140399189547,4.625140399189547,2.271679960309208
19099,corn,2022,10,203.6,198.97483611553358,4.625163884466417,4.625163884466417,2.271691495317494
19099,corn,2022,11,203.6,199.006761630286,4.593238369713987,4.593238369713987,2.2560109870893843
19099,corn,2022,12,203.6,199.0706737958363,4.529326204163681,4.529326204163681,2.2246199431059335
19101,corn,2022,1,178.0,180.75920998957295,-2.759209989572952,2.759209989572952,1.5501179716701976
19101,corn,2022,2,178.0,180.85521166973356,-2.8552116697335634,2.8552116697335634,1.6040514998503164
19101,corn,2022,3,178.0,180.94271785418135,-2.9427178541813532,2.9427178541813532,1.6532122776299736
19101,corn,2022,4,178.0,181.00687339812515,-3.006873398125151,3.006873398125151,1.6892547180478377
19101,corn,2022,5,178.0,181.03907994203965,-3.039079942039649,3.039079942039649,1.7073482820447468
19101,corn,2022,6,178.0,181.0392998351563,-3.0392998351562994,3.0392998351562994,1.707471817503539
19101,corn,2022,7,178.0,181.01606622395644,-3.016066223956443,3.016066223956443,1.6944192269418221
19101,corn,2022,8,178.0,180.98419660246276,-2.9841966024627595,2.9841966024627595,1.6765149452037977
19101,corn,2022,9,178.0,180.9608224766819,-2.960822476681898,2.960822476681898,1.6633834138662347
19101,corn,2022,10,178.0,180.960798991405,-2.9607989914049995,2.9607989914049995,1.663370219890449
19101,corn,2022,11,178.0,180.99272450615746,-2.992724506157458,2.992724506157458,1.6813059023356507
19101,corn,2022,12,178.0,181.05663667170774,-3.056636671707736,3.056636671707736,1.7172116133189526
19103,corn,2022,1,205.2,191.6516608788685,13.548339121131477,13.548339121131477,6.602504444995846
19103,corn,2022,2,205.2,191.74766255902915,13.452337440970837,13.452337440970837,6.555720000473117
19103,corn,2022,3,205.2,191.83516874347694,13.364831256523047,13.364831256523047,6.51307566107361
19103,corn,2022,4,205.2,191.89932428742074,13.300675712579249,13.300675712579249,6.481810776110746
19103,corn,2022,5,205.2,191.93153083133524,13.268469168664751,13.268469168664751,6.466115579271321
19103,corn,2022,6,205.2,191.9317507244519,13.2682492755481,13.2682492755481,6.46600841888309
19103,corn,2022,7,205.2,191.90851711325203,13.291482886747957,13.291482886747957,6.477330841495106
19103,corn,2022,8,205.2,191.87664749175835,13.32335250824164,13.32335250824164,6.492861846121658
19103,corn,2022,9,205.2,191.8532733659775,13.346726634022502,13.346726634022502,6.504252745625001
19103,corn,2022,10,205.2,191.8532498807006,13.3467501192994,13.3467501192994,6.504264190691717
19103,corn,2022,11,205.2,191.88517539545305,13.314824604546942,13.314824604546942,6.488705947634962
19103,corn,2022,12,205.2,191.94908756100332,13.250912438996664,13.250912438996664,6.45755966812703
19105,corn,2022,1,218.2,201.4195849448741,16.7804150551259,16.7804150551259,7.690382701707563
19105,corn,2022,2,218.2,201.5155866250347,16.68441337496529,16.68441337496529,7.646385598059252
19105,corn,2022,3,218.2,201.6030928094825,16.5969071905175,16.5969071905175,7.606281938825618
19105,corn,2022,4,218.2,201.6672483534263,16.5327516465737,16.5327516465737,7.576879764699221
19105,corn,2022,5,218.2,201.6994548973408,16.500545102659203,16.500545102659203,7.5621196620802955
19105,corn,2022,6,218.2,201.69967479045744,16.500325209542552,16.500325209542552,7.56201888613316
19105,corn,2022,7,218.2,201.67644117925758,16.52355882074241,16.52355882074241,7.572666737278831
19105,corn,2022,8,218.2,201.6445715577639,16.555428442236092,16.555428442236092,7.587272429989043
19105,corn,2022,9,218.2,201.62119743198303,16.578802568016954,16.578802568016954,7.597984678284581
19105,corn,2022,10,218.2,201.62117394670614,16.578826053293852,16.578826053293852,7.597995441472893
19105,corn,2022,11,218.2,201.6530994614586,16.546900538541394,16.546900538541394,7.58336413315371
19105,corn,2022,12,218.2,201.71701162700887,16.482988372991116,16.482988372991116,7.554073498162748
19107,corn,2022,1,170.4,190.98752959933674,-20.587529599336733,20.587529599336733,12.081883567685876
19107,corn,2022,2,170.4,191.08353127949735,-20.683531279497345,20.683531279497345,12.138222581864639
19107,corn,2022,3,170.4,191.17103746394514,-20.771037463945135,20.771037463945135,12.189575976493623
19107,corn,2022,4,170.4,191.23519300788897,-20.83519300788896,20.83519300788896,12.227225943596807
19107,corn,2022,5,170.4,191.26739955180344,-20.86739955180343,20.86739955180343,12.246126497537224
19107,corn,2022,6,170.4,191.2676194449201,-20.86761944492008,20.86761944492008,12.246255542793474
19107,corn,2022,7,170.4,191.24438583372023,-20.844385833720224,20.844385833720224,12.23262079443675
19107,corn,2022,8,170.4,191.21251621222655,-20.81251621222654,20.81251621222654,12.213917964921677
19107,corn,2022,9,170.4,191.18914208644568,-20.78914208644568,20.78914208644568,12.200200754956384
19107,corn,2022,10,170.4,191.18911860116881,-20.78911860116881,20.78911860116881,12.200186972516907
19107,corn,2022,11,170.4,191.22104411592125,-20.82104411592124,20.82104411592124,12.218922603240163
19107,corn,2022,12,170.4,191.28495628147152,-20.884956281471517,20.884956281471517,12.256429742647605
19109,corn,2022,1,197.6,204.01958732924183,-6.4195873292418355,6.4195873292418355,3.248779012774208
19109,corn,2022,2,197.6,204.11558900940247,-6.5155890094024755,6.5155890094024755,3.29736285900935
19109,corn,2022,3,197.6,204.20309519385026,-6.603095193850265,6.603095193850265,3.341647365308839
19109,corn,2022,4,197.6,204.26725073779406,-6.667250737794063,6.667250737794063,3.3741147458471983
19109,corn,2022,5,197.6,204.29945728170856,-6.699457281708561,6.699457281708561,3.3904136041035233
19109,corn,2022,6,197.6,204.2996771748252,-6.6996771748252115,6.6996771748252115,3.390524886045147
19109,corn,2022,7,197.6,204.27644356362535,-6.676443563625355,6.676443563625355,3.378766985640362
19109,corn,2022,8,197.6,204.24457394213167,-6.644573942131672,6.644573942131672,3.36263863468202
19109,corn,2022,9,197.6,204.2211998163508,-6.62119981635081,6.62119981635081,3.350809623659317
19109,corn,2022,10,197.6,204.2211763310739,-6.621176331073912,6.621176331073912,3.3507977383977288
19109,corn,2022,11,197.6,204.25310184582636,-6.65310184582637,6.65310184582637,3.366954375418204
19109,corn,2022,12,197.6,204.31701401137664,-6.717014011376648,6.717014011376648,3.3992985887533647
19111,corn,2022,1,178.2,193.5828948559629,-15.382894855962917,15.382894855962917,8.632376462380986
19111,corn,2022,2,178.2,193.67889653612352,-15.478896536123528,15.478896536123528,8.686249459104113
19111,corn,2022,3,178.2,193.7664027205713,-15.566402720571318,15.566402720571318,8.735355062049
19111,corn,2022,4,178.2,193.83055826451513,-15.630558264515145,15.630558264515145,8.771357050794133
19111,corn,2022,5,178.2,193.8627648084296,-15.662764808429614,15.662764808429614,8.789430307760727
19111,corn,2022,6,178.2,193.86298470154625,-15.662984701546264,15.662984701546264,8.789553704571418
19111,corn,2022,7,178.2,193.83975109034643,-15.639751090346437,15.639751090346437,8.77651576338184
19111,corn,2022,8,178.2,193.8078814688527,-15.607881468852725,15.607881468852725,8.758631576236098
19111,corn,2022,9,178.2,193.78450734307185,-15.584507343071863,15.584507343071863,8.74551478286861
19111,corn,2022,10,178.2,193.78448385779498,-15.584483857794993,15.584483857794993,8.745501603700895
19111,corn,2022,11,178.2,193.8164093725474,-15.616409372547423,15.616409372547423,8.763417156311686
19111,corn,2022,12,178.2,193.8803215380977,-15.6803215380977,15.6803215380977,8.799282569078395
19113,corn,2022,1,215.0,204.29099889932377,10.709001100676232,10.709001100676232,4.980930744500573
19113,corn,2022,2,215.0,204.3870005794844,10.612999420515592,10.612999420515592,4.936278800239811
19113,corn,2022,3,215.0,204.4745067639322,10.525493236067803,10.525493236067803,4.8955782493338615
19113,corn,2022,4,215.0,204.538662307876,10.461337692124005,10.461337692124005,4.8657384614530255
19113,corn,2022,5,215.0,204.57086885179046,10.429131148209535,10.429131148209535,4.850758673585831
19113,corn,2022,6,215.0,204.57108874490712,10.428911255092885,10.428911255092885,4.850656397717621
19113,corn,2022,7,215.0,204.5478551337073,10.452144866292713,10.452144866292713,4.861462728508238
19113,corn,2022,8,215.0,204.51598551221358,10.484014487786425,10.484014487786425,4.876285808272756
19113,corn,2022,9,215.0,204.4926113864327,10.507388613567286,10.507388613567286,4.887157494682459
19113,corn,2022,10,215.0,204.49258790115584,10.507412098844156,10.507412098844156,4.887168418067049
19113,corn,2022,11,215.0,204.52451341590827,10.475486584091726,10.475486584091726,4.872319341438012
19113,corn,2022,12,215.0,204.58842558145858,10.41157441854142,10.41157441854142,4.842592752809963
19115,corn,2022,1,196.3,191.41901844876838,4.880981551231628,4.880981551231628,2.48649085646033
19115,corn,2022,2,196.3,191.515020128929,4.784979871071016,4.784979871071016,2.4375852628991423
19115,corn,2022,3,196.3,191.60252631337679,4.697473686623226,4.697473686623226,2.393007481723498
19115,corn,2022,4,196.3,191.66668185732058,4.633318142679428,4.633318142679428,2.360325085419984
19115,corn,2022,5,196.3,191.69888840123508,4.6011115987649305,4.6011115987649305,2.3439182877050078
19115,corn,2022,6,196.3,191.69910829435173,4.60089170564828,4.60089170564828,2.3438062687968824
19115,corn,2022,7,196.3,191.67587468315187,4.624125316848136,4.624125316848136,2.355642036091766
19115,corn,2022,8,196.3,191.6440050616582,4.65599493834182,4.65599493834182,2.371877197321355
19115,corn,2022,9,196.3,191.62063093587733,4.679369064122682,4.679369064122682,2.383784546165401
19115,corn,2022,10,196.3,191.62060745060043,4.67939254939958,4.67939254939958,2.3837965101373304
19115,corn,2022,11,196.3,191.6525329653529,4.647467034647121,4.647467034647121,2.3675328755206935
19115,corn,2022,12,196.3,191.71644513090317,4.583554869096844,4.583554869096844,2.3349744620972204
19117,corn,2022,1,139.5,169.46545720989388,-29.965457209893884,29.965457209893884,21.48061448737913
19117,corn,2022,2,139.5,169.56145889005452,-30.061458890054524,30.061458890054524,21.549432896096434
19117,corn,2022,3,139.5,169.6489650745023,-30.148965074502314,30.148965074502314,21.61216134372926
19117,corn,2022,4,139.5,169.7131206184461,-30.213120618446112,30.213120618446112,21.658150980964955
19117,corn,2022,5,139.5,169.74532716236058,-30.24532716236058,30.24532716236058,21.681238109219056
19117,corn,2022,6,139.5,169.74554705547723,-30.245547055477232,30.245547055477232,21.681395738693357
19117,corn,2022,7,139.5,169.7223134442774,-30.222313444277404,30.222313444277404,21.664740820270538
19117,corn,2022,8,139.5,169.6904438227837,-30.190443822783692,30.190443822783692,21.641895213465013
19117,corn,2022,9,139.5,169.66706969700283,-30.16706969700283,30.16706969700283,21.625139567743965
19117,corn,2022,10,139.5,169.66704621172596,-30.16704621172596,30.16704621172596,21.625122732420042
19117,corn,2022,11,139.5,169.69897172647842,-30.19897172647842,30.19897172647842,21.64800840607772
19117,corn,2022,12,139.5,169.7628838920287,-30.262883892028697,30.262883892028697,21.693823578515197
19119,corn,2022,1,190.8,202.84600775184978,-12.046007751849771,12.046007751849771,6.313421253590026
19119,corn,2022,2,190.8,202.9420094320104,-12.142009432010383,12.142009432010383,6.363736599586154
19119,corn,2022,3,190.8,203.02951561645818,-12.229515616458173,12.229515616458173,6.409599379695059
19119,corn,2022,4,190.8,203.093671160402,-12.293671160401999,12.293671160401999,6.443223878617399
19119,corn,2022,5,190.8,203.12587770431648,-12.325877704316468,12.325877704316468,6.4601036186145
19119,corn,2022,6,190.8,203.12609759743313,-12.326097597433119,12.326097597433119,6.460218866579202
19119,corn,2022,7,190.8,203.10286398623327,-12.302863986233262,12.302863986233262,6.448041921505903
19119,corn,2022,8,190.8,203.0709943647396,-12.270994364739579,12.270994364739579,6.43133876558678
19119,corn,2022,9,190.8,203.04762023895873,-12.247620238958717,12.247620238958717,6.419088175554882
19119,corn,2022,10,190.8,203.04759675368186,-12.247596753681847,12.247596753681847,6.419075866709563
19119,corn,2022,11,190.8,203.0795222684343,-12.279522268434278,12.279522268434278,6.435808316789453
19119,corn,2022,12,190.8,203.14343443398457,-12.343434433984555,12.343434433984555,6.469305258901759
19121,corn,2022,1,166.9,180.9611826982518,-14.061182698251798,14.061182698251798,8.424914738317433
19121,corn,2022,2,166.9,181.05718437841242,-14.15718437841241,14.15718437841241,8.482435217742607
19121,corn,2022,3,166.9,181.1446905628602,-14.2446905628602,14.2446905628602,8.534865525979749
19121,corn,2022,4,166.9,181.20884610680403,-14.308846106804026,14.308846106804026,8.573305037030572
19121,corn,2022,5,166.9,181.2410526507185,-14.341052650718495,14.341052650718495,8.59260194770431
19121,corn,2022,6,166.9,181.24127254383515,-14.341272543835146,14.341272543835146,8.592733699122316
19121,corn,2022,7,166.9,181.21803893263532,-14.318038932635318,14.318038932635318,8.5788130213513
19121,corn,2022,8,166.9,181.1861693111416,-14.286169311141606,14.286169311141606,8.559717981510847
19121,corn,2022,9,166.9,181.16279518536075,-14.262795185360744,14.262795185360744,8.545713112858444
19121,corn,2022,10,166.9,181.16277170008388,-14.262771700083874,14.262771700083874,8.545699041392375
19121,corn,2022,11,166.9,181.1946972148363,-14.294697214836305,14.294697214836305,8.564827570303358
19121,corn,2022,12,166.9,181.2586093803866,-14.358609380386582,14.358609380386582,8.603121258470091
19123,corn,2022,1,186.3,186.84273992212042,-0.5427399221204041,0.5427399221204041,0.2913257767688696
19123,corn,2022,2,186.3,186.93874160228106,-0.6387416022810442,0.6387416022810442,0.34285646928665814
19123,corn,2022,3,186.3,187.02624778672885,-0.7262477867288339,0.7262477867288339,0.38982704601655066
19123,corn,2022,4,186.3,187.09040333067264,-0.7904033306726319,0.7904033306726319,0.42426373090318403
19123,corn,2022,5,186.3,187.12260987458714,-0.8226098745871298,0.8226098745871298,0.4415511940886364
19123,corn,2022,6,186.3,187.12282976770376,-0.8228297677037517,0.8228297677037517,0.44166922582058593
19123,corn,2022,7,186.3,187.09959615650394,-0.7995961565039238,0.7995961565039238,0.42919815163925057
19123,corn,2022,8,186.3,187.06772653501022,-0.7677265350102118,0.7677265350102118,0.4120915378476714
19123,corn,2022,9,186.3,187.04435240922936,-0.7443524092293501,0.7443524092293501,0.3995450398439882
19123,corn,2022,10,186.3,187.0443289239525,-0.7443289239524802,0.7443289239524802,0.3995324336835642
19123,corn,2022,11,186.3,187.07625443870495,-0.7762544387049388,0.7762544387049388,0.4166690492243364
19123,corn,2022,12,186.3,187.14016660425523,-0.8401666042552165,0.8401666042552165,0.450975096218581
19125,corn,2022,1,175.2,182.82260192999567,-7.622601929995682,7.622601929995682,4.3508001883537
19125,corn,2022,2,175.2,182.91860361015628,-7.718603610156293,7.718603610156293,4.405595667897428
19125,corn,2022,3,175.2,183.00610979460407,-7.806109794604083,7.806109794604083,4.45554212020781
19125,corn,2022,4,175.2,183.0702653385479,-7.8702653385479096,7.8702653385479096,4.492160581362962
19125,corn,2022,5,175.2,183.10247188246237,-7.902471882462379,7.902471882462379,4.5105433119077505
19125,corn,2022,6,175.2,183.10269177557902,-7.902691775579029,7.902691775579029,4.510668821677529
19125,corn,2022,7,175.2,183.07945816437916,-7.879458164379173,7.879458164379173,4.497407628070304
19125,corn,2022,8,175.2,183.04758854288548,-7.8475885428854895,7.8475885428854895,4.479217204843317
19125,corn,2022,9,175.2,183.02421441710462,-7.824214417104628,7.824214417104628,4.465875808849674
19125,corn,2022,10,175.2,183.02419093182772,-7.824190931827729,7.824190931827729,4.465862404011261
19125,corn,2022,11,175.2,183.05611644658018,-7.856116446580188,7.856116446580188,4.484084729783213
19125,corn,2022,12,175.2,183.12002861213045,-7.920028612130466,7.920028612130466,4.520564276330175
19127,corn,2022,1,214.1,191.66596470816577,22.43403529183422,22.43403529183422,10.478297660828687
19127,corn,2022,2,214.1,191.76196638832639,22.33803361167361,22.33803361167361,10.433458015727982
19127,corn,2022,3,214.1,191.84947257277418,22.25052742722582,22.25052742722582,10.392586374229715
19127,corn,2022,4,214.1,191.91362811671797,22.18637188328202,22.18637188328202,10.362621150528735
19127,corn,2022,5,214.1,191.94583466063247,22.154165339367523,22.154165339367523,10.34757839297876
19127,corn,2022,6,214.1,191.94605455374912,22.153945446250873,22.153945446250873,10.347475687179296
19127,corn,2022,7,214.1,191.92282094254927,22.17717905745073,22.17717905745073,10.358327443928411
19127,corn,2022,8,214.1,191.89095132105558,22.209048678944413,22.209048678944413,10.373212834630738
19127,corn,2022,9,214.1,191.86757719527472,22.232422804725275,22.232422804725275,10.384130221730627
19127,corn,2022,10,214.1,191.86755370999782,22.232446290002173,22.232446290002173,10.384141191033242
19127,corn,2022,11,214.1,191.89947922475028,22.200520775249714,22.200520775249714,10.369229694184828
19127,corn,2022,12,214.1,191.96339139030056,22.136608609699437,22.136608609699437,10.339378145585911
19129,corn,2022,1,191.1,185.91279370193726,5.187206298062733,5.187206298062733,2.7143936672227804
19129,corn,2022,2,191.1,186.0087953820979,5.091204617902093,5.091204617902093,2.664157309210933
19129,corn,2022,3,191.1,186.0963015665457,5.0036984334543035,5.0036984334543035,2.618366527186972
19129,corn,2022,4,191.1,186.1604571104895,4.939542889510506,4.939542889510506,2.5847948139772403
19129,corn,2022,5,191.1,186.19266365440396,4.907336345596036,4.907336345596036,2.567941572787041
19129,corn,2022,6,191.1,186.1928835475206,4.907116452479386,4.907116452479386,2.5678265057453618
19129,corn,2022,7,191.1,186.16964993632078,4.930350063679214,4.930350063679214,2.5799843347353293
19129,corn,2022,8,191.1,186.13778031482707,4.962219685172926,4.962219685172926,2.5966612690596156
19129,corn,2022,9,191.1,186.1144061890462,4.985593810953787,4.985593810953787,2.6088926273960165
19129,corn,2022,10,191.1,186.11438270376934,4.985617296230657,4.985617296230657,2.608904916918188
19129,corn,2022,11,191.1,186.1463082185218,4.953691781478199,4.953691781478199,2.592198734420826
19129,corn,2022,12,191.1,186.21022038407207,4.889779615927921,4.889779615927921,2.5587543777749455
19131,corn,2022,1,217.9,196.08685205110814,21.813147948891867,21.813147948891867,10.010623198206456
19131,corn,2022,2,217.9,196.18285373126878,21.717146268731227,21.717146268731227,9.966565520298865
19131,corn,2022,3,217.9,196.27035991571654,21.629640084283466,21.629640084283466,9.92640664721591
19131,corn,2022,4,217.9,196.33451545966037,21.56548454033964,21.56548454033964,9.89696399281305
19131,corn,2022,5,217.9,196.36672200357484,21.53327799642517,21.53327799642517,9.882183568804576
19131,corn,2022,6,217.9,196.3669418966915,21.53305810330852,21.53305810330852,9.882082654111299
19131,corn,2022,7,217.9,196.34370828549166,21.556291714508347,21.556291714508347,9.892745164987767
19131,corn,2022,8,217.9,196.31183866399795,21.58816133600206,21.58816133600206,9.90737096649934
19131,corn,2022,9,217.9,196.28846453821708,21.61153546178292,21.61153546178292,9.918097963186288
19131,corn,2022,10,217.9,196.28844105294021,21.61155894705979,21.61155894705979,9.918108741193112
19131,corn,2022,11,217.9,196.32036656769264,21.57963343230736,21.57963343230736,9.903457288805582
19131,corn,2022,12,217.9,196.38427873324295,21.515721266757055,21.515721266757055,9.874126327102823
19133,corn,2022,1,168.6,202.35971995646565,-33.75971995646566,33.75971995646566,20.02355869304013
19133,corn,2022,2,168.6,202.45572163662627,-33.85572163662627,33.85572163662627,20.080499191356033
19133,corn,2022,3,168.6,202.54322782107405,-33.94322782107406,33.94322782107406,20.132400842867177
19133,corn,2022,4,168.6,202.60738336501788,-34.00738336501789,34.00738336501789,20.170452766914522
19133,corn,2022,5,168.6,202.63958990893235,-34.039589908932356,34.039589908932356,20.189555106128328
19133,corn,2022,6,168.6,202.639809802049,-34.03980980204901,34.03980980204901,20.18968552909194
19133,corn,2022,7,168.6,202.61657619084914,-34.01657619084915,34.01657619084915,20.17590521402678
19133,corn,2022,8,168.6,202.58470656935546,-33.98470656935547,33.98470656935547,20.15700271017525
19133,corn,2022,9,168.6,202.5613324435746,-33.961332443574605,33.961332443574605,20.143139053128472
19133,corn,2022,10,168.6,202.56130895829773,-33.961308958297735,33.961308958297735,20.143125123545513
19133,corn,2022,11,168.6,202.59323447305016,-33.993234473050165,33.993234473050165,20.162060778796064
19133,corn,2022,12,168.6,202.65714663860044,-34.05714663860044,34.05714663860044,20.199968350296825
19135,corn,2022,1,145.4,169.50303824786565,-24.10303824786564,24.10303824786564,16.577055191104293
19135,corn,2022,2,145.4,169.5990399280263,-24.19903992802628,24.19903992802628,16.64308110593279
19135,corn,2022,3,145.4,169.68654611247408,-24.28654611247407,24.28654611247407,16.703264176392068
19135,corn,2022,4,145.4,169.75070165641787,-24.35070165641787,24.35070165641787,16.747387659159468
19135,corn,2022,5,145.4,169.78290820033237,-24.382908200332366,24.382908200332366,16.769537964465176
19135,corn,2022,6,145.4,169.78312809344902,-24.383128093449017,24.383128093449017,16.769689197695335
19135,corn,2022,7,145.4,169.75989448224917,-24.35989448224916,24.35989448224916,16.753710097832986
19135,corn,2022,8,145.4,169.72802486075545,-24.32802486075545,24.32802486075545,16.731791513586966
19135,corn,2022,9,145.4,169.70465073497462,-24.304650734974615,24.304650734974615,16.715715773710187
19135,corn,2022,10,145.4,169.70462724969772,-24.304627249697717,24.304627249697717,16.71569962152525
19135,corn,2022,11,145.4,169.73655276445018,-24.336552764450175,24.336552764450175,16.737656646802044
19135,corn,2022,12,145.4,169.80046493000046,-24.400464930000453,24.400464930000453,16.78161274415437
19137,corn,2022,1,187.8,184.49275415645093,3.307245843549083,3.307245843549083,1.7610467750527596
19137,corn,2022,2,187.8,184.58875583661154,3.2112441633884714,3.2112441633884714,1.7099276695359271
19137,corn,2022,3,187.8,184.67626202105933,3.1237379789406816,3.1237379789406816,1.6633322571569125
19137,corn,2022,4,187.8,184.74041756500313,3.0595824349968836,3.0595824349968836,1.6291706256639422
19137,corn,2022,5,187.8,184.77262410891763,3.027375891082386,3.027375891082386,1.6120212412579265
19137,corn,2022,6,187.8,184.77284400203428,3.0271559979657354,3.0271559979657354,1.6119041522714244
19137,corn,2022,7,187.8,184.74961039083442,3.0503896091655918,3.0503896091655918,1.6242756172340742
19137,corn,2022,8,187.8,184.71774076934074,3.0822592306592753,3.0822592306592753,1.6412455967301782
19137,corn,2022,9,187.8,184.69436664355987,3.105633356440137,3.105633356440137,1.6536918830884646
19137,corn,2022,10,187.8,184.69434315828298,3.1056568417170354,3.1056568417170354,1.6537043885607217
19137,corn,2022,11,187.8,184.72626867303543,3.0737313269645767,3.0737313269645767,1.636704646945994
19137,corn,2022,12,187.8,184.7901808385857,3.009819161414299,3.009819161414299,1.6026726099117674
19139,corn,2022,1,213.1,196.83845441123648,16.26154558876351,16.26154558876351,7.630945841747307
19139,corn,2022,2,213.1,196.93445609139712,16.16554390860287,16.16554390860287,7.585895780667701
19139,corn,2022,3,213.1,197.0219622758449,16.07803772415508,16.07803772415508,7.544832343573478
19139,corn,2022,4,213.1,197.0861178197887,16.013882180211283,16.013882180211283,7.514726504087885
19139,corn,2022,5,213.1,197.1183243637032,15.981675636296785,15.981675636296785,7.499613156403935
19139,corn,2022,6,213.1,197.11854425681983,15.981455743180163,15.981455743180163,7.499509968643905
19139,corn,2022,7,213.1,197.09531064562,16.00468935437999,16.00468935437999,7.510412648700136
19139,corn,2022,8,213.1,197.0634410241263,16.036558975873703,16.036558975873703,7.5253678910716575
19139,corn,2022,9,213.1,197.04006689834543,16.059933101654565,16.059933101654565,7.536336509457797
19139,corn,2022,10,213.1,197.04004341306856,16.059956586931435,16.059956586931435,7.536347530235305
19139,corn,2022,11,213.1,197.071968927821,16.028031072179004,16.028031072179004,7.521366059211171
19139,corn,2022,12,213.1,197.1358810933713,15.964118906628698,15.964118906628698,7.491374428263116
19141,corn,2022,1,201.2,193.09688620026677,8.103113799733222,8.103113799733222,4.027392544599017
19141,corn,2022,2,201.2,193.19288788042738,8.00711211957261,8.00711211957261,3.979677991835294
19141,corn,2022,3,201.2,193.28039406487517,7.919605935124821,7.919605935124821,3.9361858524477245
19141,corn,2022,4,201.2,193.344549608819,7.8554503911809945,7.8554503911809945,3.904299399195325
19141,corn,2022,5,201.2,193.37675615273346,7.823243847266525,7.823243847266525,3.888292170609605
19141,corn,2022,6,201.2,193.3769760458501,7.823023954149875,7.823023954149875,3.888182879796161
19141,corn,2022,7,201.2,193.3537424346503,7.846257565349703,7.846257565349703,3.8997304002732123
19141,corn,2022,8,201.2,193.32187281315657,7.878127186843415,7.878127186843415,3.915570172387383
19141,corn,2022,9,201.2,193.2984986873757,7.901501312624276,7.901501312624276,3.927187531125386
19141,corn,2022,10,201.2,193.29847520209884,7.901524797901146,7.901524797901146,3.9271992037282044
19141,corn,2022,11,201.2,193.33040071685127,7.869599283148716,7.869599283148716,3.9113316516643724
19141,corn,2022,12,201.2,193.39431288240155,7.805687117598438,7.805687117598438,3.8795661618282495
19143,corn,2022,1,197.6,186.02291587982924,11.577084120170753,11.577084120170753,5.8588482389528105
19143,corn,2022,2,197.6,186.11891755998988,11.481082440010113,11.481082440010113,5.810264392717668
19143,corn,2022,3,197.6,186.20642374443764,11.393576255562351,11.393576255562351,5.765979886418194
19143,corn,2022,4,197.6,186.27057928838147,11.329420711618525,11.329420711618525,5.73351250587982
19143,corn,2022,5,197.6,186.30278583229594,11.297214167704055,11.297214167704055,5.71721364762351
19143,corn,2022,6,197.6,186.3030057254126,11.296994274587405,11.296994274587405,5.717102365681885
19143,corn,2022,7,197.6,186.27977211421276,11.320227885787233,11.320227885787233,5.728860266086657
19143,corn,2022,8,197.6,186.24790249271905,11.352097507280945,11.352097507280945,5.744988617045013
19143,corn,2022,9,197.6,186.2245283669382,11.375471633061807,11.375471633061807,5.756817628067716
19143,corn,2022,10,197.6,186.22450488166132,11.375495118338677,11.375495118338677,5.75682951332929
19143,corn,2022,11,197.6,186.25643039641375,11.343569603586246,11.343569603586246,5.740672876308829
19143,corn,2022,12,197.6,186.32034256196405,11.27965743803594,11.27965743803594,5.7083286629736545
19145,corn,2022,1,174.5,205.7403141376305,-31.24031413763049,31.24031413763049,17.902758818126358
19145,corn,2022,2,174.5,205.83631581779113,-31.33631581779113,31.33631581779113,17.957774107616693
19145,corn,2022,3,174.5,205.92382200223892,-31.42382200223892,31.42382200223892,18.007920918188493
19145,corn,2022,4,174.5,205.98797754618272,-31.48797754618272,31.48797754618272,18.044686272884082
19145,corn,2022,5,174.5,206.02018409009722,-31.520184090097217,31.520184090097217,18.063142745041386
19145,corn,2022,6,174.5,206.02040398321384,-31.52040398321384,31.52040398321384,18.063268758288732
19145,corn,2022,7,174.5,205.997170372014,-31.49717037201401,31.49717037201401,18.04995436791634
19145,corn,2022,8,174.5,205.9653007505203,-31.4653007505203,31.4653007505203,18.0316909745102
19145,corn,2022,9,174.5,205.94192662473944,-31.441926624739438,31.441926624739438,18.0182960600226
19145,corn,2022,10,174.5,205.94190313946257,-31.441903139462568,31.441903139462568,18.018282601411215
19145,corn,2022,11,174.5,205.97382865421503,-31.473828654215026,31.473828654215026,18.036578025338123
19145,corn,2022,12,174.5,206.0377408197653,-31.537740819765304,31.537740819765304,18.07320390817496
19147,corn,2022,1,195.9,189.95754638281056,5.942453617189443,5.942453617189443,3.0334117494586232
19147,corn,2022,2,195.9,190.05354806297117,5.8464519370288315,5.8464519370288315,2.9844062976155343
19147,corn,2022,3,195.9,190.14105424741896,5.758945752581042,5.758945752581042,2.9397374949367236
19147,corn,2022,4,195.9,190.2052097913628,5.694790208637215,5.694790208637215,2.906988365817874
19147,corn,2022,5,195.9,190.23741633527726,5.662583664722746,5.662583664722746,2.890548067750253
19147,corn,2022,6,195.9,190.2376362283939,5.6623637716060955,5.6623637716060955,2.8904358201154134
19147,corn,2022,7,195.9,190.21440261719405,5.685597382805952,5.685597382805952,2.90229575436751
19147,corn,2022,8,195.9,190.18253299570037,5.717467004299635,5.717467004299635,2.918564065492412
19147,corn,2022,9,195.9,190.1591588699195,5.740841130080497,5.740841130080497,2.9304957274530357
19147,corn,2022,10,195.9,190.1591353846426,5.7408646153573955,5.7408646153573955,2.9305077158536985
19147,corn,2022,11,195.9,190.19106089939507,5.708939100604937,5.708939100604937,2.9142108732031327
19147,corn,2022,12,195.9,190.25497306494535,5.645026935054659,5.645026935054659,2.881585980119785
19149,corn,2022,1,171.8,213.37879249119672,-41.57879249119671,41.57879249119671,24.20185826030076
19149,corn,2022,2,171.8,213.47479417135733,-41.67479417135732,41.67479417135732,24.257738167262698
19149,corn,2022,3,171.8,213.56230035580512,-41.76230035580511,41.76230035580511,24.308673082540807
19149,corn,2022,4,171.8,213.62645589974892,-41.82645589974891,41.82645589974891,24.34601623966758
19149,corn,2022,5,171.8,213.65866244366342,-41.858662443663405,41.858662443663405,24.364762772795928
19149,corn,2022,6,171.8,213.65888233678007,-41.858882336780056,41.858882336780056,24.36489076646103
19149,corn,2022,7,171.8,213.6356487255802,-41.8356487255802,41.8356487255802,24.351367127811525
19149,corn,2022,8,171.8,213.60377910408653,-41.803779104086516,41.803779104086516,24.332816707850125
19149,corn,2022,9,171.8,213.58040497830567,-41.780404978305654,41.780404978305654,24.319211279572556
19149,corn,2022,10,171.8,213.58038149302877,-41.780381493028756,41.780381493028756,24.319197609446306
19149,corn,2022,11,171.8,213.61230700778123,-41.812307007781214,41.812307007781214,24.337780563318518
19149,corn,2022,12,171.8,213.6762191733315,-41.87621917333149,41.87621917333149,24.374982056653952
19151,corn,2022,1,198.3,186.5138278864268,11.786172113573201,11.786172113573201,5.943606713854362
19151,corn,2022,2,198.3,186.60982956658742,11.69017043341259,11.69017043341259,5.895194368841446
19151,corn,2022,3,198.3,186.6973357510352,11.6026642489648,11.6026642489648,5.851066187072516
19151,corn,2022,4,198.3,186.76149129497904,11.538508705020973,11.538508705020973,5.818713416551171
19151,corn,2022,5,198.3,186.7936978388935,11.506302161106504,11.506302161106504,5.802472093346698
19151,corn,2022,6,198.3,186.79391773201016,11.506082267989854,11.506082267989854,5.8023612042308885
19151,corn,2022,7,198.3,186.77068412081033,11.529315879189681,11.529315879189681,5.814077599187938
19151,corn,2022,8,198.3,186.73881449931662,11.561185500683393,11.561185500683393,5.830149016986078
19151,corn,2022,9,198.3,186.71544037353576,11.584559626464255,11.584559626464255,5.841936271540219
19151,corn,2022,10,198.3,186.7154168882589,11.584583111741125,11.584583111741125,5.841948114846759
19151,corn,2022,11,198.3,186.74734240301132,11.552657596988695,11.552657596988695,5.825848510836457
19151,corn,2022,12,198.3,186.8112545685616,11.488745431438417,11.488745431438417,5.793618472737476
19153,corn,2022,1,188.6,190.2199197092402,-1.6199197092402073,1.6199197092402073,0.8589181915377558
19153,corn,2022,2,188.6,190.3159213894008,-1.715921389400819,1.715921389400819,0.9098204609760441
19153,corn,2022,3,188.6,190.4034275738486,-1.8034275738486087,1.8034275738486087,0.9562182257945964
19153,corn,2022,4,188.6,190.46758311779243,-1.8675831177924351,1.8675831177924351,0.9902349511094566
19153,corn,2022,5,188.6,190.4997896617069,-1.8997896617069046,1.8997896617069046,1.0073115915731201
19153,corn,2022,6,188.6,190.50000955482355,-1.900009554823555,1.900009554823555,1.0074281838937196
19153,corn,2022,7,188.6,190.47677594362372,-1.876775943623727,1.876775943623727,0.9951091959828882
19153,corn,2022,8,188.6,190.44490632213,-1.844906322130015,1.844906322130015,0.9782111994326697
19153,corn,2022,9,188.6,190.42153219634915,-1.8215321963491533,1.8215321963491533,0.9658177075022022
19153,corn,2022,10,188.6,190.42150871107228,-1.8215087110722834,1.8215087110722834,0.965805255075442
19153,corn,2022,11,188.6,190.4534342258247,-1.8534342258247136,1.8534342258247136,0.9827328874998481
19153,corn,2022,12,188.6,190.51734639137499,-1.9173463913749913,1.9173463913749913,1.0166205680673337
19155,corn,2022,1,195.0,214.07461024411035,-19.074610244110346,19.074610244110346,9.781851407236076
19155,corn,2022,2,195.0,214.170611924271,-19.170611924270986,19.170611924270986,9.831083038087684
19155,corn,2022,3,195.0,214.25811810871878,-19.258118108718776,19.258118108718776,9.875958004471167
19155,corn,2022,4,195.0,214.32227365266257,-19.322273652662574,19.322273652662574,9.908858283416706
19155,corn,2022,5,195.0,214.35448019657707,-19.35448019657707,19.35448019657707,9.925374459783114
19155,corn,2022,6,195.0,214.35470008969372,-19.354700089693722,19.354700089693722,9.92548722548396
19155,corn,2022,7,195.0,214.33146647849387,-19.331466478493866,19.331466478493866,9.913572553073777
19155,corn,2022,8,195.0,214.29959685700015,-19.299596857000154,19.299596857000154,9.897229157435977
19155,corn,2022,9,195.0,214.27622273121932,-19.27622273121932,19.27622273121932,9.885242426266318
19155,corn,2022,10,195.0,214.27619924594242,-19.276199245942422,19.276199245942422,9.885230382534575
19155,corn,2022,11,195.0,214.30812476069488,-19.30812476069488,19.30812476069488,9.901602441381991
19155,corn,2022,12,195.0,214.37203692624516,-19.37203692624516,19.37203692624516,9.934377910894954
19157,corn,2022,1,193.3,190.9739703750785,2.3260296249215173,2.3260296249215173,1.2033262415527766
19157,corn,2022,2,193.3,191.0699720552391,2.2300279447609057,2.2300279447609057,1.1536616372275765
19157,corn,2022,3,193.3,191.1574782396869,2.142521760313116,2.142521760313116,1.108392012577918
19157,corn,2022,4,193.3,191.22163378363072,2.0783662163692895,2.0783662163692895,1.0752023881889754
19157,corn,2022,5,193.3,191.2538403275452,2.04615967245482,2.04615967245482,1.0585409583315157
19157,corn,2022,6,193.3,191.25406022066184,2.0459397793381697,2.0459397793381697,1.0584272008992084
19157,corn,2022,7,193.3,191.23082660946199,2.069173390538026,2.069173390538026,1.0704466583228278
19157,corn,2022,8,193.3,191.1989569879683,2.1010430120317096,2.1010430120317096,1.086933787910869
19157,corn,2022,9,193.3,191.17558286218744,2.1244171378125714,2.1244171378125714,1.0990259378233684
19157,corn,2022,10,193.3,191.17555937691054,2.1244406230894697,2.1244406230894697,1.0990380874751524
19157,corn,2022,11,193.3,191.207484891663,2.092515108337011,2.092515108337011,1.0825220425954531
19157,corn,2022,12,193.3,191.27139705721328,2.0286029427867334,2.0286029427867334,1.0494583252906018
19159,corn,2022,1,151.8,171.13334948353022,-19.333349483530213,19.333349483530213,12.736066853445463
19159,corn,2022,2,151.8,171.22935116369086,-19.429351163690853,19.429351163690853,12.799309066990022
19159,corn,2022,3,151.8,171.31685734813863,-19.516857348138615,19.516857348138615,12.856954774794872
19159,corn,2022,4,151.8,171.38101289208245,-19.58101289208244,19.58101289208244,12.89921797897394
19159,corn,2022,5,151.8,171.41321943599692,-19.61321943599691,19.61321943599691,12.920434411065157
19159,corn,2022,6,151.8,171.41343932911357,-19.61343932911356,19.61343932911356,12.920579268190751
19159,corn,2022,7,151.8,171.39020571791374,-19.590205717913733,19.590205717913733,12.905273858968203
19159,corn,2022,8,151.8,171.35833609642003,-19.55833609642002,19.55833609642002,12.884279378405811
19159,corn,2022,9,151.8,171.33496197063917,-19.53496197063916,19.53496197063916,12.868881403583107
19159,corn,2022,10,151.8,171.3349384853623,-19.53493848536229,19.53493848536229,12.868865932386223
19159,corn,2022,11,151.8,171.36686400011473,-19.56686400011472,19.56686400011472,12.889897233277154
19159,corn,2022,12,151.8,171.43077616566504,-19.630776165665026,19.630776165665026,12.932000109133746
19161,corn,2022,1,212.4,199.691334509916,12.708665490084002,12.708665490084002,5.983364166706216
19161,corn,2022,2,212.4,199.78733619007662,12.61266380992339,12.61266380992339,5.9381656355571515
19161,corn,2022,3,212.4,199.8748423745244,12.5251576254756,12.5251576254756,5.896966866984746
19161,corn,2022,4,212.4,199.93899791846823,12.461002081531774,12.461002081531774,5.866761808630779
19161,corn,2022,5,212.4,199.9712044623827,12.428795537617304,12.428795537617304,5.8515986523621955
19161,corn,2022,6,212.4,199.97142435549935,12.428575644500654,12.428575644500654,5.851495124529498
19161,corn,2022,7,212.4,199.9481907442995,12.45180925570051,12.45180925570051,5.862433736205514
19161,corn,2022,8,212.4,199.9163211228058,12.483678877194194,12.483678877194194,5.877438266098961
19161,corn,2022,9,212.4,199.89294699702495,12.507053002975056,12.507053002975056,5.888443033415751
19161,corn,2022,10,212.4,199.89292351174805,12.507076488251954,12.507076488251954,5.888454090514102
19161,corn,2022,11,212.4,199.9248490265005,12.475150973499495,12.475150973499495,5.87342324552707
19161,corn,2022,12,212.4,199.9887611920508,12.411238807949218,12.411238807949218,5.8433327721041515
19163,corn,2022,1,216.2,208.54510870718562,7.654891292814369,7.654891292814369,3.5406527718845373
19163,corn,2022,2,216.2,208.64111038734626,7.558889612653729,7.558889612653729,3.4962486645021875
19163,corn,2022,3,216.2,208.72861657179402,7.471383428205968,7.471383428205968,3.4557740185966552
19163,corn,2022,4,216.2,208.79277211573785,7.4072278842621415,7.4072278842621415,3.4260998539602876
19163,corn,2022,5,216.2,208.82497865965232,7.375021340347672,7.375021340347672,3.41120321015156
19163,corn,2022,6,216.2,208.82519855276897,7.374801447231022,7.374801447231022,3.4111015019569946
19163,corn,2022,7,216.2,208.8019649415691,7.398035058430878,7.398035058430878,3.421847853113265
19163,corn,2022,8,216.2,208.77009532007543,7.429904679924562,7.429904679924562,3.436588658614506
19163,corn,2022,9,216.2,208.74672119429457,7.453278805705423,7.453278805705423,3.447400002638956
19163,corn,2022,10,216.2,208.7466977090177,7.453302290982293,7.453302290982293,3.4474108653942155
19163,corn,2022,11,216.2,208.77862322377013,7.421376776229863,7.421376776229863,3.432644207321861
19163,corn,2022,12,216.2,208.8425353893204,7.357464610679585,7.357464610679585,3.403082613635331
19165,corn,2022,1,209.0,212.43748121889033,-3.4374812188903263,3.4374812188903263,1.6447278559283858
19165,corn,2022,2,209.0,212.53348289905097,-3.5334828990509664,3.5334828990509664,1.690661674187065
19165,corn,2022,3,209.0,212.62098908349876,-3.620989083498756,3.620989083498756,1.7325306619611274
19165,corn,2022,4,209.0,212.68514462744255,-3.685144627442554,3.685144627442554,1.7632270944701216
19165,corn,2022,5,209.0,212.71735117135705,-3.717351171357052,3.717351171357052,1.7786369240942832
19165,corn,2022,6,209.0,212.71757106447367,-3.717571064473674,3.717571064473674,1.7787421361118056
19165,corn,2022,7,209.0,212.69433745327385,-3.694337453273846,3.694337453273846,1.7676255757291128
19165,corn,2022,8,209.0,212.66246783178013,-3.662467831780134,3.662467831780134,1.752376953004849
19165,corn,2022,9,209.0,212.63909370599927,-3.6390937059992723,3.6390937059992723,1.741193160765202
19165,corn,2022,10,209.0,212.6390702207224,-3.6390702207224024,3.6390702207224024,1.7411819237906232
19165,corn,2022,11,209.0,212.67099573547483,-3.6709957354748326,3.6709957354748326,1.756457289700877
19165,corn,2022,12,209.0,212.73490790102514,-3.7349079010251387,3.7349079010251387,1.7870372732177695
19167,corn,2022,1,196.9,211.13866295930913,-14.238662959309124,14.238662959309124,7.231418465875635
19167,corn,2022,2,196.9,211.23466463946974,-14.334664639469736,14.334664639469736,7.280175032742374
19167,corn,2022,3,196.9,211.32217082391753,-14.422170823917526,14.422170823917526,7.324616975072384
19167,corn,2022,4,196.9,211.38632636786133,-14.486326367861324,14.486326367861324,7.357199780528859
19167,corn,2022,5,196.9,211.41853291177583,-14.518532911775822,14.518532911775822,7.37355658292322
19167,corn,2022,6,196.9,211.41875280489248,-14.518752804892472,14.518752804892472,7.373668260483733
19167,corn,2022,7,196.9,211.39551919369262,-14.495519193692616,14.495519193692616,7.36186855951885
19167,corn,2022,8,196.9,211.36364957219894,-14.463649572198932,14.463649572198932,7.345682870593667
19167,corn,2022,9,196.9,211.34027544641808,-14.44027544641807,14.44027544641807,7.333811806205216
19167,corn,2022,10,196.9,211.34025196114118,-14.440251961141172,14.440251961141172,7.333799878690285
19167,corn,2022,11,196.9,211.37217747589364,-14.47217747589363,14.47217747589363,7.350013954237496
19167,corn,2022,12,196.9,211.4360896414439,-14.536089641443908,14.536089641443908,7.382473154618541
19169,corn,2022,1,207.1,186.57154796955123,20.52845203044876,20.52845203044876,9.91233801566816
19169,corn,2022,2,207.1,186.66754964971184,20.43245035028815,20.43245035028815,9.865982786232811
19169,corn,2022,3,207.1,186.75505583415963,20.34494416584036,20.34494416584036,9.823729679304858
19169,corn,2022,4,207.1,186.81921137810346,20.280788621896534,20.280788621896534,9.792751628148979
19169,corn,2022,5,207.1,186.85141792201793,20.248582077982064,20.248582077982064,9.777200423941123
19169,corn,2022,6,207.1,186.85163781513458,20.248362184865414,20.248362184865414,9.777094246675718
19169,corn,2022,7,207.1,186.82840420393472,20.27159579606527,20.27159579606527,9.788312793850928
19169,corn,2022,8,207.1,186.79653458244104,20.303465417558954,20.303465417558954,9.803701312196502
19169,corn,2022,9,207.1,186.77316045666018,20.326839543339815,20.326839543339815,9.814987708034677
19169,corn,2022,10,207.1,186.7731369713833,20.326863028616685,20.326863028616685,9.814999048100766
19169,corn,2022,11,207.1,186.80506248613574,20.294937513864255,20.294937513864255,9.799583541218858
19169,corn,2022,12,207.1,186.86897465168602,20.231025348313977,20.231025348313977,9.768723007394485
19171,corn,2022,1,203.3,197.9097763917207,5.390223608279314,5.390223608279314,2.6513642933002033
19171,corn,2022,2,203.3,198.0057780718813,5.294221928118702,5.294221928118702,2.60414261097821
19171,corn,2022,3,203.3,198.0932842563291,5.206715743670912,5.206715743670912,2.56109972635067
19171,corn,2022,4,203.3,198.15743980027293,5.142560199727086,5.142560199727086,2.5295426462012225
19171,corn,2022,5,203.3,198.1896463441874,5.110353655812617,5.110353655812617,2.5137007652792014
19171,corn,2022,6,203.3,198.18986623730405,5.110133762695966,5.110133762695966,2.5135926033920146
19171,corn,2022,7,203.3,198.16663262610422,5.133367373895794,5.133367373895794,2.525020843037774
19171,corn,2022,8,203.3,198.1347630046105,5.165236995389506,5.165236995389506,2.540696997240288
19171,corn,2022,9,203.3,198.11138887882964,5.188611121170368,5.188611121170368,2.552194353748336
19171,corn,2022,10,203.3,198.11136539355277,5.188634606447238,5.188634606447238,2.552205905778277
19171,corn,2022,11,203.3,198.1432909083052,5.1567090916948075,5.1567090916948075,2.5365022585808203
19171,corn,2022,12,203.3,198.20720307385548,5.09279692614453,5.09279692614453,2.5050648923485146
19173,corn,2022,1,172.1,176.7575381672298,-4.657538167229802,4.657538167229802,2.7062975986227786
19173,corn,2022,2,172.1,176.85353984739044,-4.753539847390442,4.753539847390442,2.762080097263476
19173,corn,2022,3,172.1,176.94104603183823,-4.841046031838232,4.841046031838232,2.812926224194208
19173,corn,2022,4,172.1,177.00520157578202,-4.90520157578203,4.90520157578203,2.850204285753649
19173,corn,2022,5,172.1,177.03740811969652,-4.937408119696528,4.937408119696528,2.868918140439586
19173,corn,2022,6,172.1,177.03762801281317,-4.937628012813178,4.937628012813178,2.869045910989645
19173,corn,2022,7,172.1,177.01439440161332,-4.914394401613322,4.914394401613322,2.855545846376131
19173,corn,2022,8,172.1,176.98252478011963,-4.882524780119638,4.882524780119638,2.8370277629980465
19173,corn,2022,9,172.1,176.95915065433877,-4.859150654338777,4.859150654338777,2.823446051329911
19173,corn,2022,10,172.1,176.95912716906187,-4.859127169061878,4.859127169061878,2.8234324050330493
19173,corn,2022,11,172.1,176.99105268381433,-4.891052683814337,4.891052683814337,2.8419829656097253
19173,corn,2022,12,172.1,177.0549648493646,-4.954964849364615,4.954964849364615,2.879119610322263
19175,corn,2022,1,149.4,167.6036427374207,-18.203642737420694,18.203642737420694,12.184499824244105
19175,corn,2022,2,149.4,167.6996444175813,-18.299644417581305,18.299644417581305,12.248757976962052
19175,corn,2022,3,149.4,167.7871506020291,-18.387150602029095,18.387150602029095,12.307329720233664
19175,corn,2022,4,149.4,167.85130614597293,-18.45130614597292,18.45130614597292,12.350271851387497
19175,corn,2022,5,149.4,167.8835126898874,-18.48351268988739,18.48351268988739,12.371829109697048
19175,corn,2022,6,149.4,167.88373258300405,-18.48373258300404,18.48373258300404,12.37197629384474
19175,corn,2022,7,149.4,167.8604989718042,-18.460498971804185,18.460498971804185,12.356425014594501
19175,corn,2022,8,149.4,167.8286293503105,-18.4286293503105,18.4286293503105,12.335093273300203
19175,corn,2022,9,149.4,167.80525522452965,-18.40525522452964,18.40525522452964,12.319447941452234
19175,corn,2022,10,149.4,167.80523173925278,-18.40523173925277,18.40523173925277,12.319432221722067
19175,corn,2022,11,149.4,167.8371572540052,-18.4371572540052,18.4371572540052,12.340801374836143
19175,corn,2022,12,149.4,167.90106941955548,-18.501069419555478,18.501069419555478,12.3835806021121
19177,corn,2022,1,151.9,173.58433318585514,-21.684333185855138,21.684333185855138,14.27540038568475
19177,corn,2022,2,151.9,173.68033486601576,-21.78033486601575,21.78033486601575,14.338600965118992
19177,corn,2022,3,151.9,173.76784105046355,-21.86784105046354,21.86784105046354,14.396208723149137
19177,corn,2022,4,151.9,173.83199659440737,-21.931996594407366,21.931996594407366,14.43844410428398
19177,corn,2022,5,151.9,173.86420313832184,-21.964203138321835,21.964203138321835,14.45964656900713
19177,corn,2022,6,151.9,173.8644230314385,-21.964423031438486,21.964423031438486,14.459791330769246
19177,corn,2022,7,151.9,173.84118942023866,-21.941189420238658,21.941189420238658,14.444495997523804
19177,corn,2022,8,151.9,173.80931979874495,-21.909319798744946,21.909319798744946,14.423515338212603
19177,corn,2022,9,151.9,173.7859456729641,-21.885945672964084,21.885945672964084,14.408127500305518
19177,corn,2022,10,151.9,173.78592218768722,-21.885922187687214,21.885922187687214,14.408112039293755
19177,corn,2022,11,151.9,173.81784770243965,-21.917847702439644,21.917847702439644,14.429129494693644
19177,corn,2022,12,151.9,173.88175986798993,-21.981759867989922,21.981759867989922,14.47120465305459
19179,corn,2022,1,170.8,173.40347877028145,-2.6034787702814413,2.6034787702814413,1.5242849943099772
19179,corn,2022,2,170.8,173.4994804504421,-2.6994804504420813,2.6994804504420813,1.5804920670035603
19179,corn,2022,3,170.8,173.58698663488988,-2.786986634889871,2.786986634889871,1.631725196071353
19179,corn,2022,4,170.8,173.65114217883368,-2.851142178833669,2.851142178833669,1.6692869899494547
19179,corn,2022,5,170.8,173.68334872274818,-2.883348722748167,2.883348722748167,1.6881432802975216
19179,corn,2022,6,170.8,173.68356861586483,-2.8835686158648173,2.8835686158648173,1.688272023340057
19179,corn,2022,7,170.8,173.66033500466497,-2.860335004664961,2.860335004664961,1.6746692064783142
19179,corn,2022,8,170.8,173.62846538317126,-2.828465383171249,2.828465383171249,1.6560101775007312
19179,corn,2022,9,170.8,173.60509125739043,-2.8050912573904156,2.8050912573904156,1.6423250921489552
19179,corn,2022,10,170.8,173.60506777211353,-2.8050677721135173,2.8050677721135173,1.642311341986837
19179,corn,2022,11,170.8,173.636993286866,-2.836993286865976,2.836993286865976,1.6610030953547867
19179,corn,2022,12,170.8,173.70090545241627,-2.9009054524162536,2.9009054524162536,1.6984223960282514
19181,corn,2022,1,157.8,179.56452957591904,-21.764529575919028,21.764529575919028,13.792477551279484
19181,corn,2022,2,157.8,179.66053125607965,-21.86053125607964,21.86053125607964,13.85331511792119
19181,corn,2022,3,157.8,179.74803744052744,-21.94803744052743,21.94803744052743,13.908768973718269
19181,corn,2022,4,157.8,179.81219298447127,-22.012192984471255,22.012192984471255,13.94942521195897
19181,corn,2022,5,157.8,179.84439952838574,-22.044399528385725,22.044399528385725,13.969834935605654
19181,corn,2022,6,157.8,179.8446194215024,-22.044619421502375,22.044619421502375,13.969974284855748
19181,corn,2022,7,157.8,179.82138581030256,-22.021385810302547,22.021385810302547,13.95525083035649
19181,corn,2022,8,157.8,179.78951618880885,-21.989516188808835,21.989516188808835,13.935054619017004
19181,corn,2022,9,157.8,179.76614206302798,-21.966142063027974,21.966142063027974,13.920242118522161
19181,corn,2022,10,157.8,179.76611857775112,-21.966118577751104,21.966118577751104,13.920227235583715
19181,corn,2022,11,157.8,179.79804409250355,-21.998044092503534,21.998044092503534,13.940458867239247
19181,corn,2022,12,157.8,179.86195625805382,-22.06195625805381,22.06195625805381,13.980960873291387
19183,corn,2022,1,185.7,190.83138784488682,-5.131387844886831,5.131387844886831,2.763267552443097
19183,corn,2022,2,185.7,190.92738952504743,-5.2273895250474425,5.2273895250474425,2.8149647415441263
19183,corn,2022,3,185.7,191.01489570949522,-5.314895709495232,5.314895709495232,2.8620870810421284
19183,corn,2022,4,185.7,191.07905125343902,-5.37905125343903,5.37905125343903,2.8966350314695912
19183,corn,2022,5,185.7,191.11125779735352,-5.411257797353528,5.411257797353528,2.913978350755804
19183,corn,2022,6,185.7,191.11147769047017,-5.4114776904701785,5.4114776904701785,2.9140967638503925
19183,corn,2022,7,185.7,191.0882440792703,-5.388244079270322,5.388244079270322,2.901585395406743
19183,corn,2022,8,185.7,191.05637445777663,-5.356374457776639,5.356374457776639,2.884423509842024
19183,corn,2022,9,185.7,191.03300033199577,-5.333000331995777,5.333000331995777,2.8718364738803324
19183,corn,2022,10,185.7,191.03297684671887,-5.3329768467188785,5.3329768467188785,2.8718238269891647
19183,corn,2022,11,185.7,191.06490236147133,-5.364902361471337,5.364902361471337,2.889015811239277
19183,corn,2022,12,185.7,191.1288145270216,-5.428814527021615,5.428814527021615,2.9234327016809987
19185,corn,2022,1,170.1,173.875760685005,-3.7757606850049967,3.7757606850049967,2.2197299735479112
19185,corn,2022,2,170.1,173.97176236516563,-3.8717623651656368,3.8717623651656368,2.276168351067394
19185,corn,2022,3,170.1,174.05926854961342,-3.9592685496134266,3.9592685496134266,2.327612316057276
19185,corn,2022,4,170.1,174.12342409355722,-4.0234240935572245,4.0234240935572245,2.365328685218827
19185,corn,2022,5,170.1,174.1556306374717,-4.055630637471694,4.055630637471694,2.384262573469544
19185,corn,2022,6,170.1,174.15585053058834,-4.055850530588344,4.055850530588344,2.3843918463188385
19185,corn,2022,7,170.1,174.1326169193885,-4.032616919388516,4.032616919388516,2.3707330507869
19185,corn,2022,8,170.1,174.1007472978948,-4.000747297894804,4.000747297894804,2.351997235681837
19185,corn,2022,9,170.1,174.07737317211394,-3.9773731721139427,3.9773731721139427,2.3382558331063743
19185,corn,2022,10,170.1,174.07734968683707,-3.977349686837073,3.977349686837073,2.3382420263592434
19185,corn,2022,11,170.1,174.10927520158953,-4.009275201589531,4.009275201589531,2.357010700522946
19185,corn,2022,12,170.1,174.1731873671398,-4.073187367139809,4.073187367139809,2.3945839900880714
19187,corn,2022,1,201.5,200.2653572840837,1.2346427159162943,1.2346427159162943,0.6127259136061014
19187,corn,2022,2,201.5,200.36135896424432,1.1386410357556827,1.1386410357556827,0.5650823998787506
19187,corn,2022,3,201.5,200.4488651486921,1.0511348513078929,1.0511348513078929,0.5216550130560262
19187,corn,2022,4,201.5,200.5130206926359,0.9869793073640949,0.9869793073640949,0.48981603343131264
19187,corn,2022,5,201.5,200.5452272365504,0.954772763449597,0.954772763449597,0.47383263694769084
19187,corn,2022,6,201.5,200.54544712966705,0.9545528703329467,0.9545528703329467,0.47372350885009756
19187,corn,2022,7,201.5,200.5222135184672,0.977786481532803,0.977786481532803,0.4852538369889841
19187,corn,2022,8,201.5,200.4903438969735,1.0096561030264866,1.0096561030264866,0.5010700263158742
19187,corn,2022,9,201.5,200.46696977119265,1.0330302288073483,1.0330302288073483,0.512670088738138
19187,corn,2022,10,201.5,200.46694628591575,1.0330537140842466,1.0330537140842466,0.5126817439624053
19187,corn,2022,11,201.5,200.4988718006682,1.001128199331788,1.001128199331788,0.4968378160455524
19187,corn,2022,12,201.5,200.5627839662185,0.9372160337815103,0.9372160337815103,0.465119619742685
19189,corn,2022,1,217.6,179.70981879210353,37.89018120789646,37.89018120789646,17.412767099217124
19189,corn,2022,2,217.6,179.80582047226414,37.79417952773585,37.79417952773585,17.368648680025668
19189,corn,2022,3,217.6,179.89332665671193,37.70667334328806,37.70667334328806,17.328434440849293
19189,corn,2022,4,217.6,179.95748220065576,37.64251779934423,37.64251779934423,17.298951194551577
19189,corn,2022,5,217.6,179.98968874457023,37.610311255429764,37.610311255429764,17.284150393120296
19189,corn,2022,6,217.6,179.98990863768688,37.61009136231311,37.61009136231311,17.284049339298306
19189,corn,2022,7,217.6,179.96667502648705,37.63332497351294,37.63332497351294,17.29472655032764
19189,corn,2022,8,217.6,179.93480540499334,37.66519459500665,37.66519459500665,17.309372516087617
19189,corn,2022,9,217.6,179.91143127921248,37.688568720787515,37.688568720787515,17.320114301832497
19189,corn,2022,10,217.6,179.9114077939356,37.688592206064385,37.688592206064385,17.320125094698707
19189,corn,2022,11,217.6,179.94333330868804,37.656666691311955,37.656666691311955,17.30545344269851
19189,corn,2022,12,217.6,180.00724547423832,37.59275452576168,37.59275452576168,17.276082043089005
19191,corn,2022,1,212.4,213.53055441495104,-1.1305544149510354,1.1305544149510354,0.5322760899016175
19191,corn,2022,2,212.4,213.62655609511165,-1.226556095111647,1.226556095111647,0.5774746210506813
19191,corn,2022,3,212.4,213.71406227955944,-1.3140622795594368,1.3140622795594368,0.6186733896230869
19191,corn,2022,4,212.4,213.77821782350327,-1.3782178235032632,1.3782178235032632,0.6488784479770542
19191,corn,2022,5,212.4,213.81042436741774,-1.4104243674177326,1.4104243674177326,0.6640416042456367
19191,corn,2022,6,212.4,213.8106442605344,-1.410644260534383,1.410644260534383,0.6641451320783347
19191,corn,2022,7,212.4,213.78741064933456,-1.387410649334555,1.387410649334555,0.6532065204023328
19191,corn,2022,8,212.4,213.75554102784085,-1.355541027840843,1.355541027840843,0.6382019905088715
19191,corn,2022,9,212.4,213.73216690206,-1.3321669020599813,1.3321669020599813,0.6271972231920816
19191,corn,2022,10,212.4,213.73214341678312,-1.3321434167831114,1.3321434167831114,0.6271861660937436
19191,corn,2022,11,212.4,213.76406893153555,-1.3640689315355417,1.3640689315355417,0.6422170110807635
19191,corn,2022,12,212.4,213.82798109708583,-1.4279810970858193,1.4279810970858193,0.6723074845036814
19193,corn,2022,1,200.2,211.94581184886655,-11.745811848866566,11.745811848866566,5.867038885547736
19193,corn,2022,2,200.2,212.04181352902717,-11.841813529027178,11.841813529027178,5.914991772740849
19193,corn,2022,3,200.2,212.12931971347496,-11.929319713474968,11.929319713474968,5.9587011555819025
19193,corn,2022,4,200.2,212.19347525741875,-11.993475257418766,11.993475257418766,5.9907468818275555
19193,corn,2022,5,200.2,212.22568180133325,-12.025681801333263,12.025681801333263,6.006834066600033
19193,corn,2022,6,200.2,212.2259016944499,-12.025901694449914,12.025901694449914,6.006943903321636
19193,corn,2022,7,200.2,212.20266808325005,-12.002668083250057,12.002668083250057,5.995338702922107
19193,corn,2022,8,200.2,212.17079846175636,-11.970798461756374,11.970798461756374,5.97941981106712
19193,corn,2022,9,200.2,212.1474243359755,-11.947424335975512,11.947424335975512,5.967744423564191
19193,corn,2022,10,200.2,212.1474008506986,-11.947400850698614,11.947400850698614,5.967732692656651
19193,corn,2022,11,200.2,212.17932636545106,-11.979326365451072,11.979326365451072,5.983679503222314
19193,corn,2022,12,200.2,212.24323853100134,-12.04323853100135,12.04323853100135,6.015603661838837
19195,corn,2022,1,219.5,181.83879386579363,37.66120613420637,37.66120613420637,17.15772489029903
19195,corn,2022,2,219.5,181.93479554595427,37.56520445404573,37.56520445404573,17.11398836175204
19195,corn,2022,3,219.5,182.02230173040203,37.477698269597965,37.477698269597965,17.074122218495656
19195,corn,2022,4,219.5,182.08645727434586,37.41354272565414,37.41354272565414,17.044894180252452
19195,corn,2022,5,219.5,182.11866381826033,37.38133618173967,37.38133618173967,17.0302214950978
19195,corn,2022,6,219.5,182.11888371137698,37.38111628862302,37.38111628862302,17.030121316001377
19195,corn,2022,7,219.5,182.09565010017715,37.40434989982285,37.40434989982285,17.040706104702892
19195,corn,2022,8,219.5,182.06378047868344,37.43621952131656,37.43621952131656,17.055225294449457
19195,corn,2022,9,219.5,182.04040635290258,37.45959364709742,37.45959364709742,17.065874098905432
19195,corn,2022,10,219.5,182.0403828676257,37.45961713237429,37.45961713237429,17.065884798348197
19195,corn,2022,11,219.5,182.07230838237814,37.42769161762186,37.42769161762186,17.051340144702444
19195,corn,2022,12,219.5,182.13622054792845,37.363779452071554,37.363779452071554,17.022222984998432
19197,corn,2022,1,209.7,190.19460217392006,19.50539782607993,19.50539782607993,9.301572639999966
19197,corn,2022,2,209.7,190.2906038540807,19.40939614591929,19.40939614591929,9.255792153514205
19197,corn,2022,3,209.7,190.3781100385285,19.3218899614715,19.3218899614715,9.214062928694085
19197,corn,2022,4,209.7,190.4422655824723,19.2577344175277,19.2577344175277,9.183468964009394
19197,corn,2022,5,209.7,190.4744721263868,19.225527873613203,19.225527873613203,9.1681105739691
19197,corn,2022,6,209.7,190.47469201950344,19.225307980496552,19.225307980496552,9.168005713160015
19197,corn,2022,7,209.7,190.45145840830358,19.24854159169641,19.24854159169641,9.179085165329713
19197,corn,2022,8,209.7,190.4195887868099,19.280411213190092,19.280411213190092,9.19428288659518
19197,corn,2022,9,209.7,190.39621466102903,19.303785338970954,19.303785338970954,9.20542934619502
19197,corn,2022,10,209.7,190.39619117575214,19.303808824247852,19.303808824247852,9.205440545659444
19197,corn,2022,11,209.7,190.4281166905046,19.271883309495394,19.271883309495394,9.190216170479443
19197,corn,2022,12,209.7,190.49202885605487,19.207971143945116,19.207971143945116,9.15973826606825
