county_id,crop_type,year,month,yield_bu_acre,prediction,residual,abs_error,ape
19001,corn,2022,1,164.2,185.5258849616414,-21.325884961641407,21.325884961641407,12.987749672132404
19001,corn,2022,2,164.2,187.76847413227148,-23.56847413227149,23.56847413227149,14.353516523916865
19001,corn,2022,3,164.2,188.11896703710204,-23.91896703710205,23.91896703710205,14.566971398965928
19001,corn,2022,4,164.2,187.20639693555339,-23.006396935553397,23.006396935553397,14.011203980239584
19001,corn,2022,5,164.2,185.17888243303506,-20.978882433035068,20.978882433035068,12.776420482968984
19001,corn,2022,6,164.2,186.18588744129994,-21.98588744129995,21.98588744129995,13.389700025152223
19001,corn,2022,7,164.2,185.4956943764803,-21.2956943764803,21.2956943764803,12.969363201266932
19001,corn,2022,8,164.2,186.52900124127788,-22.329001241277894,22.329001241277894,13.59866092647862
19001,corn,2022,9,164.2,188.05480316015763,-23.854803160157644,23.854803160157644,14.527894738220247
19001,corn,2022,10,164.2,189.1899953502616,-24.98999535026161,24.98999535026161,15.219241991633137
19001,corn,2022,11,164.2,188.90626499137306,-24.706264991373075,24.706264991373075,15.046446401567037
19001,corn,2022,12,164.2,188.24277415015322,-24.042774150153235,24.042774150153235,14.64237158961829
19005,corn,2022,1,215.9,191.4658154246455,24.434184575354493,24.434184575354493,11.31736200803821
19005,corn,2022,2,215.9,191.22486539471956,24.675134605280448,24.675134605280448,11.428964615692658
19005,corn,2022,3,215.9,186.4726347509949,29.427365249005106,29.427365249005106,13.63009043492594
19005,corn,2022,4,215.9,186.47753336092327,29.42246663907673,29.42246663907673,13.627821509530676
19005,corn,2022,5,215.9,185.22566564168525,30.674334358314752,30.674334358314752,14.207658341044349
19005,corn,2022,6,215.9,189.15719866805148,26.742801331948527,26.742801331948527,12.386661107896492
19005,corn,2022,7,215.9,188.483694863783,27.416305136217005,27.416305136217005,12.698612846788793
19005,corn,2022,8,215.9,189.13582430823882,26.76417569176118,26.76417569176118,12.396561228235841
19005,corn,2022,9,215.9,187.3058838827769,28.59411611722311,28.59411611722311,13.244148271062118
19005,corn,2022,10,215.9,186.79683507642451,29.10316492357549,29.10316492357549,13.479928172105367
19005,corn,2022,11,215.9,186.81752419455353,29.082475805446478,29.082475805446478,13.470345440225326
19005,corn,2022,12,215.9,187.5160548330065,28.3839451669935,28.3839451669935,13.146801837421723
19007,corn,2022,1,146.1,185.8750548679473,-39.77505486794732,39.77505486794732,27.22454131960802
19007,corn,2022,2,146.1,190.17076833746887,-44.07076833746888,44.07076833746888,30.164796945563914
19007,corn,2022,3,146.1,185.9434367647971,-39.843436764797104,39.843436764797104,27.271346177136962
19007,corn,2022,4,146.1,183.16695709272912,-37.066957092729126,37.066957092729126,25.370949413230065
19007,corn,2022,5,146.1,183.47109766411236,-37.37109766411237,37.37109766411237,25.57912228892017
19007,corn,2022,6,146.1,184.55289705031373,-38.45289705031374,38.45289705031374,26.319573614177784
19007,corn,2022,7,146.1,184.6966069667866,-38.596606966786595,38.596606966786595,26.41793769116126
19007,corn,2022,8,146.1,186.50005299609083,-40.400052996090835,40.400052996090835,27.652329223881477
19007,corn,2022,9,146.1,187.6323115072757,-41.53231150727569,41.53231150727569,28.427317937902597
19007,corn,2022,10,146.1,186.53898993429934,-40.43898993429934,40.43898993429934,27.678980105612144
19007,corn,2022,11,146.1,185.60643335213308,-39.50643335213309,39.50643335213309,27.04067991247987
19007,corn,2022,12,146.1,184.04269023634367,-37.94269023634368,37.94269023634368,25.97035608237076
19009,corn,2022,1,197.9,191.81359052939584,6.086409470604167,6.086409470604167,3.075497458617568
19009,corn,2022,2,197.9,189.59025339903076,8.309746600969248,8.309746600969248,4.198962405744946
19009,corn,2022,3,197.9,188.289251526447,9.610748473553002,9.610748473553002,4.856366080623043
19009,corn,2022,4,197.9,191.20333013407196,6.696669865928044,6.696669865928044,3.3838655209338273
19009,corn,2022,5,197.9,186.207358015354,11.692641984646002,11.692641984646002,5.908358759295605
19009,corn,2022,6,197.9,186.89522273028803,11.00477726971198,11.00477726971198,5.560776791163204
19009,corn,2022,7,197.9,185.30703459039725,12.592965409602755,12.592965409602755,6.363297326732063
19009,corn,2022,8,197.9,187.09947761029093,10.800522389709073,10.800522389709073,5.457565634011659
19009,corn,2022,9,197.9,188.2184841972567,9.681515802743291,9.681515802743291,4.892125216141127
19009,corn,2022,10,197.9,187.27034551761446,10.629654482385547,10.629654482385547,5.371225104793101
19009,corn,2022,11,197.9,189.24330085221027,8.656699147789737,8.656699147789737,4.3742795087366035
19009,corn,2022,12,197.9,190.08167823690067,7.818321763099334,7.818321763099334,3.9506426291558023
19011,corn,2022,1,221.7,191.58362273111604,30.11637726888395,30.11637726888395,13.58429285921694
19011,corn,2022,2,221.7,188.4206887917,33.27931120829999,33.27931120829999,15.010965813396476
19011,corn,2022,3,221.7,185.40372643085902,36.296273569140965,36.296273569140965,16.371796828660788
19011,corn,2022,4,221.7,187.6788516109007,34.021148389099295,34.021148389099295,15.34557888547555
19011,corn,2022,5,221.7,188.09606911428,33.60393088571999,33.60393088571999,15.157388762165084
19011,corn,2022,6,221.7,189.6654774624135,32.0345225375865,32.0345225375865,14.449491446813937
19011,corn,2022,7,221.7,189.12895296011754,32.571047039882444,32.571047039882444,14.691496183979453
19011,corn,2022,8,221.7,189.77900563223844,31.92099436776155,31.92099436776155,14.398283431556857
19011,corn,2022,9,221.7,187.87591945136424,33.82408054863575,33.82408054863575,15.256689467133851
19011,corn,2022,10,221.7,188.74206759135325,32.95793240864674,32.95793240864674,14.866004694924106
19011,corn,2022,11,221.7,189.8919408068083,31.808059193191696,31.808059193191696,14.347342892734188
19011,corn,2022,12,221.7,189.37197918765617,32.32802081234382,32.32802081234382,14.58187677597827
19013,corn,2022,1,202.5,191.33192322146775,11.168076778532253,11.168076778532253,5.515099643719631
19013,corn,2022,2,202.5,189.67566055447102,12.824339445528977,12.824339445528977,6.333007133594556
19013,corn,2022,3,202.5,186.91764596794886,15.582354032051143,15.582354032051143,7.694989645457355
19013,corn,2022,4,202.5,188.5919740563074,13.908025943692593,13.908025943692593,6.868160959848193
19013,corn,2022,5,202.5,186.70649262998938,15.793507370010616,15.793507370010616,7.7992628987706745
19013,corn,2022,6,202.5,189.76806098509704,12.731939014902963,12.731939014902963,6.287377291310105
19013,corn,2022,7,202.5,187.63756293219961,14.862437067800386,14.862437067800386,7.339475095210067
19013,corn,2022,8,202.5,187.93449784654612,14.565502153453878,14.565502153453878,7.192840569606854
19013,corn,2022,9,202.5,186.85182057972915,15.64817942027085,15.64817942027085,7.727496010010296
19013,corn,2022,10,202.5,187.79592341355246,14.704076586447542,14.704076586447542,7.261272388369157
19013,corn,2022,11,202.5,188.9187067082525,13.5812932917475,13.5812932917475,6.70681150209753
19013,corn,2022,12,202.5,189.0181172617118,13.481882738288192,13.481882738288192,6.6577198707596015
19015,corn,2022,1,202.4,189.99427252432153,12.405727475678475,12.405727475678475,6.12931199391229
19015,corn,2022,2,202.4,189.27336792939127,13.126632070608736,13.126632070608736,6.485490153462814
19015,corn,2022,3,202.4,190.06203644578773,12.33796355421228,12.33796355421228,6.095831795559427
19015,corn,2022,4,202.4,190.69557884589128,11.70442115410873,11.70442115410873,5.782816775745419
19015,corn,2022,5,202.4,188.08961347421624,14.31038652578377,14.31038652578377,7.070349074003839
19015,corn,2022,6,202.4,187.32921391452456,15.070786085475447,15.070786085475447,7.446040556064943
19015,corn,2022,7,202.4,185.4900314330894,16.909968566910607,16.909968566910607,8.354727552821446
19015,corn,2022,8,202.4,187.17226815948624,15.22773184051377,15.22773184051377,7.523582925155024
19015,corn,2022,9,202.4,187.02245271219547,15.377547287804532,15.377547287804532,7.5976024149231876
19015,corn,2022,10,202.4,189.61380988543965,12.786190114560355,12.786190114560355,6.3172876060080805
19015,corn,2022,11,202.4,190.43916939620036,11.96083060379965,11.96083060379965,5.909501286462278
19015,corn,2022,12,202.4,189.17908251383088,13.220917486169128,13.220917486169128,6.5320738568029295
19017,corn,2022,1,210.8,192.21226338561343,18.587736614386586,18.587736614386586,8.817711866407297
19017,corn,2022,2,210.8,187.82466225268865,22.975337747311357,22.975337747311357,10.899116578420948
19017,corn,2022,3,210.8,187.93165566243485,22.868344337565162,22.868344337565162,10.848360691444574
19017,corn,2022,4,210.8,188.40940220934837,22.39059779065164,22.39059779065164,10.621725707140246
19017,corn,2022,5,210.8,187.17617419956485,23.623825800435156,23.623825800435156,11.206748482179865
19017,corn,2022,6,210.8,185.13188577533828,25.668114224661736,25.668114224661736,12.176524774507463
19017,corn,2022,7,210.8,184.84697301561943,25.953026984380585,25.953026984380585,12.311682630161567
19017,corn,2022,8,210.8,186.9984537715871,23.801546228412917,23.801546228412917,11.291056085584875
19017,corn,2022,9,210.8,186.23366289034934,24.566337109650675,24.566337109650675,11.653860108942444
19017,corn,2022,10,210.8,187.9341437435304,22.865856256469613,22.865856256469613,10.847180387319549
19017,corn,2022,11,210.8,188.3611930650244,22.438806934975617,22.438806934975617,10.644595320197162
19017,corn,2022,12,210.8,188.33077822354613,22.469221776453878,22.469221776453878,10.659023613118537
19019,corn,2022,1,209.7,192.31397079187056,17.38602920812943,17.38602920812943,8.290905678650182
19019,corn,2022,2,209.7,187.10987546079622,22.59012453920377,22.59012453920377,10.7725915780657
19019,corn,2022,3,209.7,186.21783893025335,23.48216106974664,23.48216106974664,11.197978574032733
19019,corn,2022,4,209.7,188.78894319527245,20.911056804727536,20.911056804727536,9.971891656999302
19019,corn,2022,5,209.7,187.76794910246542,21.932050897534566,21.932050897534566,10.45877486768458
19019,corn,2022,6,209.7,189.1633590024375,20.5366409975625,20.5366409975625,9.79334334647711
19019,corn,2022,7,209.7,187.39185492402467,22.308145075975318,22.308145075975318,10.638123546006351
19019,corn,2022,8,209.7,188.70736790724234,20.992632092757646,20.992632092757646,10.010792605034643
19019,corn,2022,9,209.7,186.6913621367528,23.008637863247202,23.008637863247202,10.972168747375873
19019,corn,2022,10,209.7,188.1826135656732,21.517386434326795,21.517386434326795,10.26103311126695
19019,corn,2022,11,209.7,189.51863076985342,20.181369230146572,20.181369230146572,9.623924287146673
19019,corn,2022,12,209.7,190.52405080971818,19.175949190281813,19.175949190281813,9.144467901898814
19021,corn,2022,1,197.0,197.66997701356038,-0.6699770135603842,0.6699770135603842,0.3400898545991798
19021,corn,2022,2,197.0,196.13673188572824,0.8632681142717615,0.8632681142717615,0.4382071646049551
19021,corn,2022,3,197.0,194.33171529720545,2.6682847027945513,2.6682847027945513,1.3544592399972342
19021,corn,2022,4,197.0,193.01060515904462,3.9893948409553843,3.9893948409553843,2.0250735233276065
19021,corn,2022,5,197.0,193.7558620263263,3.244137973673702,3.244137973673702,1.6467705450120316
19021,corn,2022,6,197.0,193.66034919104086,3.339650808959135,3.339650808959135,1.695254217745754
19021,corn,2022,7,197.0,189.17955636435437,7.820443635645631,7.820443635645631,3.9697683429673254
19021,corn,2022,8,197.0,194.7208582980077,2.2791417019923017,2.2791417019923017,1.1569247218235035
19021,corn,2022,9,197.0,192.6009447344662,4.3990552655338035,4.3990552655338035,2.233022977428327
19021,corn,2022,10,197.0,188.2786073118962,8.721392688103805,8.721392688103805,4.427102887362337
19021,corn,2022,11,197.0,195.06151362180995,1.9384863781900492,1.9384863781900492,0.9840032376599235
19021,corn,2022,12,197.0,198.1610678004905,-1.161067800490514,1.161067800490514,0.5893745180154893
19023,corn,2022,1,212.4,198.05164470621324,14.348355293786767,14.348355293786767,6.755346183515427
19023,corn,2022,2,212.4,196.7391935639753,15.6608064360247,15.6608064360247,7.373261033909934
19023,corn,2022,3,212.4,191.94005262954977,20.459947370450237,20.459947370450237,9.632743583074499
19023,corn,2022,4,212.4,190.5680453503523,21.831954649647713,21.831954649647713,10.2786980459735
19023,corn,2022,5,212.4,193.45454856817523,18.94545143182478,18.94545143182478,8.919704063947636
19023,corn,2022,6,212.4,193.8299220078624,18.570077992137612,18.570077992137612,8.742974572569496
19023,corn,2022,7,212.4,189.6439857744392,22.75601422556082,22.75601422556082,10.713754343484377
19023,corn,2022,8,212.4,193.19202754922836,19.20797245077165,19.20797245077165,9.043301530495127
19023,corn,2022,9,212.4,192.70733456356155,19.69266543643846,19.69266543643846,9.271499734669709
19023,corn,2022,10,212.4,187.79645475641368,24.603545243586325,24.603545243586325,11.58359003935326
19023,corn,2022,11,212.4,192.09561123866504,20.304388761334963,20.304388761334963,9.559505066541885
19023,corn,2022,12,212.4,195.8717456495379,16.528254350462106,16.528254350462106,7.781664006808901
19025,corn,2022,1,202.3,202.42864405767264,-0.12864405767263065,0.12864405767263065,0.06359073537945163
19025,corn,2022,2,202.3,198.59696558095163,3.703034419048379,3.703034419048379,1.8304668408543638
19025,corn,2022,3,202.3,193.2622089708795,9.037791029120513,9.037791029120513,4.467519045536585
19025,corn,2022,4,202.3,192.3582149160547,9.94178508394532,9.94178508394532,4.914377204125219
19025,corn,2022,5,202.3,193.12538306858195,9.174616931418058,9.174616931418058,4.535154192495332
19025,corn,2022,6,202.3,193.05488068447107,9.245119315528939,9.245119315528939,4.570004604809164
19025,corn,2022,7,202.3,192.33074431802117,9.969255681978836,9.969255681978836,4.927956343044407
19025,corn,2022,8,202.3,196.2514041826115,6.048595817388502,6.048595817388502,2.989913898857391
19025,corn,2022,9,202.3,193.52825048920948,8.771749510790528,8.771749510790528,4.336010633114448
19025,corn,2022,10,202.3,191.3102766860082,10.989723313991817,10.989723313991817,5.432389181409697
19025,corn,2022,11,202.3,196.84950008526332,5.450499914736696,5.450499914736696,2.6942658995238236
19025,corn,2022,12,202.3,201.42223094164711,0.8777690583528965,0.8777690583528965,0.43389473967024045
19027,corn,2022,1,195.7,198.64717623617574,-2.94717623617575,2.94717623617575,1.5059663955931273
19027,corn,2022,2,195.7,194.52678434171958,1.1732156582804123,1.1732156582804123,0.5994970149618867
19027,corn,2022,3,195.7,192.7777805073488,2.9222194926511804,2.9222194926511804,1.4932138439709661
19027,corn,2022,4,195.7,193.58724024490095,2.1127597550990345,2.1127597550990345,1.0795910858962876
19027,corn,2022,5,195.7,191.69853971598164,4.00146028401835,4.00146028401835,2.044690998476418
19027,corn,2022,6,195.7,193.3978638030521,2.3021361969478846,2.3021361969478846,1.176359834924826
19027,corn,2022,7,195.7,188.310495511203,7.389504488797002,7.389504488797002,3.7759348435344924
19027,corn,2022,8,195.7,192.38591609155606,3.3140839084439335,3.3140839084439335,1.6934511540336914
19027,corn,2022,9,195.7,191.54290751369038,4.157092486309608,4.157092486309608,2.1242169066477303
19027,corn,2022,10,195.7,189.5020155572835,6.197984442716489,6.197984442716489,3.167084538945575
19027,corn,2022,11,195.7,195.15133444188743,0.5486655581125603,0.5486655581125603,0.2803605304611959
19027,corn,2022,12,195.7,198.8170878390146,-3.1170878390146015,3.1170878390146015,1.5927888804366896
19029,corn,2022,1,179.2,198.10271800381886,-18.902718003818876,18.902718003818876,10.548391743202497
19029,corn,2022,2,179.2,194.66086685774758,-15.46086685774759,15.46086685774759,8.627715880439505
19029,corn,2022,3,179.2,191.61495640833738,-12.414956408337389,12.414956408337389,6.927989067152561
19029,corn,2022,4,179.2,191.63908950109007,-12.43908950109008,12.43908950109008,6.941456194804734
19029,corn,2022,5,179.2,189.01055500788908,-9.810555007889093,9.810555007889093,5.474640071366681
19029,corn,2022,6,179.2,192.48535097977228,-13.28535097977229,13.28535097977229,7.413700323533644
19029,corn,2022,7,179.2,189.41365441326076,-10.21365441326077,10.21365441326077,5.699583935971412
19029,corn,2022,8,179.2,189.39481306735928,-10.194813067359291,10.194813067359291,5.689069792053177
19029,corn,2022,9,179.2,191.82635144208177,-12.626351442081784,12.626351442081784,7.045955045804568
19029,corn,2022,10,179.2,188.99379374860519,-9.793793748605196,9.793793748605196,5.465286690069864
19029,corn,2022,11,179.2,190.05570907254753,-10.85570907254754,10.85570907254754,6.057873366376977
19029,corn,2022,12,179.2,195.1928227383605,-15.992822738360502,15.992822738360502,8.924566260245816
19031,corn,2022,1,221.4,197.42728737363453,23.972712626365478,23.972712626365478,10.827783480743216
19031,corn,2022,2,221.4,193.58669433315012,27.813305666849885,27.813305666849885,12.56246868421404
19031,corn,2022,3,221.4,189.49595560933437,31.904044390665632,31.904044390665632,14.410137484492155
19031,corn,2022,4,221.4,192.28929427319386,29.110705726806145,29.110705726806145,13.14846690460982
19031,corn,2022,5,221.4,190.03963684746756,31.360363152532443,31.360363152532443,14.164572336283848
19031,corn,2022,6,221.4,190.62496657502768,30.77503342497232,30.77503342497232,13.900195765570153
19031,corn,2022,7,221.4,186.02521322243925,35.37478677756076,35.37478677756076,15.977771805582996
19031,corn,2022,8,221.4,191.6015951515017,29.798404848498308,29.798404848498308,13.459080780712876
19031,corn,2022,9,221.4,189.70853459024738,31.691465409752624,31.691465409752624,14.31412168462178
19031,corn,2022,10,221.4,187.28163463456798,34.11836536543203,34.11836536543203,15.410282459544728
19031,corn,2022,11,221.4,189.00544278837916,32.39455721162085,32.39455721162085,14.631687990795324
19031,corn,2022,12,221.4,191.43563530477076,29.96436469522925,29.96436469522925,13.534040061079155
19033,corn,2022,1,216.9,194.98778084562682,21.91221915437319,21.91221915437319,10.102452353330193
19033,corn,2022,2,216.9,197.26318134712687,19.63681865287313,19.63681865287313,9.053397258125003
19033,corn,2022,3,216.9,192.55888252097412,24.341117479025883,24.341117479025883,11.222276384981965
19033,corn,2022,4,216.9,192.63394492940395,24.266055070596053,24.266055070596053,11.187669465466138
19033,corn,2022,5,216.9,193.92569134164393,22.97430865835608,22.97430865835608,10.592120174438026
19033,corn,2022,6,216.9,193.9152139142383,22.984786085761698,22.984786085761698,10.596950708050574
19033,corn,2022,7,216.9,189.4647653271117,27.4352346728883,27.4352346728883,12.648794224475932
19033,corn,2022,8,216.9,194.07716307183014,22.822836928169863,22.822836928169863,10.522285351853325
19033,corn,2022,9,216.9,192.4188302370028,24.48116976299721,24.48116976299721,11.286846363760816
19033,corn,2022,10,216.9,190.00543035525664,26.89456964474337,26.89456964474337,12.399524962998326
19033,corn,2022,11,216.9,192.39560846148478,24.504391538515222,24.504391538515222,11.297552576539982
19033,corn,2022,12,216.9,196.10650181338306,20.793498186616944,20.793498186616944,9.586675051460093
19035,corn,2022,1,198.8,198.94032432876296,-0.14032432876294365,0.14032432876294365,0.07058567845218493
19035,corn,2022,2,198.8,196.42194573432818,2.3780542656718353,2.3780542656718353,1.1962043589898568
19035,corn,2022,3,198.8,194.42162381507669,4.378376184923326,4.378376184923326,2.202402507506703
19035,corn,2022,4,198.8,194.11942144790115,4.680578552098865,4.680578552098865,2.3544157706734734
19035,corn,2022,5,198.8,193.1191873956353,5.680812604364718,5.680812604364718,2.8575516118534794
19035,corn,2022,6,198.8,193.08114859161674,5.718851408383273,5.718851408383273,2.8766858191062736
19035,corn,2022,7,198.8,189.01554964555083,9.784450354449177,9.784450354449177,4.9217557114935495
19035,corn,2022,8,198.8,191.21388816039644,7.586111839603575,7.586111839603575,3.815951629579263
19035,corn,2022,9,198.8,192.56305744453257,6.2369425554674365,6.2369425554674365,3.1372950480218496
19035,corn,2022,10,198.8,188.345220305239,10.454779694761015,10.454779694761015,5.258943508431094
19035,corn,2022,11,198.8,195.37096492883603,3.4290350711639803,3.4290350711639803,1.7248667359979781
19035,corn,2022,12,198.8,199.06499171246426,-0.26499171246425135,0.26499171246425135,0.13329563001219885
19037,corn,2022,1,214.6,193.03186010477418,21.568139895225812,21.568139895225812,10.050391377085653
19037,corn,2022,2,214.6,192.98672856277202,21.61327143722798,21.61327143722798,10.071421918559171
19037,corn,2022,3,214.6,191.67846124637245,22.921538753627544,22.921538753627544,10.68105254129895
19037,corn,2022,4,214.6,189.75936155379273,24.840638446207265,24.840638446207265,11.575320804383628
19037,corn,2022,5,214.6,191.19542239445556,23.404577605544432,23.404577605544432,10.906140543124152
19037,corn,2022,6,214.6,189.4939581715131,25.106041828486894,25.106041828486894,11.698994328279074
19037,corn,2022,7,214.6,185.12609613090703,29.473903869092965,29.473903869092965,13.734344766585723
19037,corn,2022,8,214.6,188.69652216716506,25.903477832834938,25.903477832834938,12.070586129000436
19037,corn,2022,9,214.6,188.94781601061257,25.652183989387424,25.652183989387424,11.953487413507654
19037,corn,2022,10,214.6,186.27279710998903,28.327202890010966,28.327202890010966,13.200001346696629
19037,corn,2022,11,214.6,188.85607588466297,25.743924115337023,25.743924115337023,11.996236773223218
19037,corn,2022,12,214.6,191.1676904816751,23.4323095183249,23.4323095183249,10.91906314926603
19041,corn,2022,1,191.5,196.61128836191955,-5.111288361919549,5.111288361919549,2.669080084553289
19041,corn,2022,2,191.5,197.5016636210323,-6.001663621032293,6.001663621032293,3.134028000539056
19041,corn,2022,3,191.5,193.88169267095685,-2.381692670956852,2.381692670956852,1.2437037446249881
19041,corn,2022,4,191.5,192.58371521928436,-1.0837152192843575,1.0837152192843575,0.5659087306967925
19041,corn,2022,5,191.5,193.22217840554688,-1.7221784055468845,1.7221784055468845,0.8993098723482427
19041,corn,2022,6,191.5,192.12588132174014,-0.6258813217401382,0.6258813217401382,0.32683097740999384
19041,corn,2022,7,191.5,188.8876801791902,2.6123198208098017,2.6123198208098017,1.3641356766630819
19041,corn,2022,8,191.5,192.54529083050556,-1.0452908305055644,1.0452908305055644,0.5458437757209214
19041,corn,2022,9,191.5,192.4158155404084,-0.9158155404084027,0.9158155404084027,0.4782326581767116
19041,corn,2022,10,191.5,187.9697265666228,3.5302734333772037,3.5302734333772037,1.8434848216068949
19041,corn,2022,11,191.5,193.1206092508299,-1.6206092508298866,1.6206092508298866,0.8462711492584265
19041,corn,2022,12,191.5,196.60418804721863,-5.104188047218628,5.104188047218628,2.665372348417038
19043,corn,2022,1,215.4,199.7444902895547,15.655509710445301,15.655509710445301,7.2681103576811985
19043,corn,2022,2,215.4,199.61400910963775,15.785990890362257,15.785990890362257,7.32868657862686
19043,corn,2022,3,215.4,194.8600362132958,20.53996378670419,20.53996378670419,9.535730634495911
19043,corn,2022,4,215.4,190.47476907150792,24.925230928492084,24.925230928492084,11.571602102364013
19043,corn,2022,5,215.4,189.42117466555277,25.978825334447237,25.978825334447237,12.060735995565105
19043,corn,2022,6,215.4,193.37843990514548,22.02156009485452,22.02156009485452,10.223565503646482
19043,corn,2022,7,215.4,192.3317904209498,23.068209579050205,23.068209579050205,10.709475199187652
19043,corn,2022,8,215.4,197.26529924653954,18.134700753460464,18.134700753460464,8.419081129740235
19043,corn,2022,9,215.4,193.83548495744827,21.564515042551733,21.564515042551733,10.011381171101084
19043,corn,2022,10,215.4,189.71605053138973,25.68394946861028,25.68394946861028,11.923839121917492
19043,corn,2022,11,215.4,193.36991173398837,22.03008826601163,22.03008826601163,10.227524728881908
19043,corn,2022,12,215.4,194.82855080470947,20.57144919529054,20.57144919529054,9.55034781582662
19045,corn,2022,1,225.2,200.65369797705205,24.54630202294794,24.54630202294794,10.89977887342271
19045,corn,2022,2,225.2,193.51209055397393,31.687909446026055,31.687909446026055,14.071007746903222
19045,corn,2022,3,225.2,190.6685531036933,34.531446896306676,34.531446896306676,15.333679794097105
19045,corn,2022,4,225.2,191.85725109781984,33.34274890218015,33.34274890218015,14.805838766509835
19045,corn,2022,5,225.2,192.03274220170093,33.16725779829906,33.16725779829906,14.727911988587506
19045,corn,2022,6,225.2,194.97703471871063,30.222965281289362,30.222965281289362,13.420499680856734
19045,corn,2022,7,225.2,187.18514421274566,38.014855787254334,38.014855787254334,16.880486584038337
19045,corn,2022,8,225.2,193.61533748678465,31.584662513215335,31.584662513215335,14.025160973896686
19045,corn,2022,9,225.2,193.58585258066762,31.61414741933237,31.61414741933237,14.038253738602297
19045,corn,2022,10,225.2,186.98515029765468,38.214849702345305,38.214849702345305,16.969293828750136
19045,corn,2022,11,225.2,191.6293142826832,33.57068571731679,33.57068571731679,14.907054048542093
19045,corn,2022,12,225.2,193.43966202646925,31.76033797353074,31.76033797353074,14.103169615244557
19047,corn,2022,1,216.4,204.1832432335886,12.216756766411407,12.216756766411407,5.645451370800095
19047,corn,2022,2,216.4,199.08306117712914,17.316938822870867,17.316938822870867,8.002282265651973
19047,corn,2022,3,216.4,195.01548106862404,21.384518931375965,21.384518931375965,9.881940356458394
19047,corn,2022,4,216.4,196.1049393875651,20.295060612434895,20.295060612434895,9.378493813509655
19047,corn,2022,5,216.4,193.11656029510505,23.28343970489496,23.28343970489496,10.759445334979187
19047,corn,2022,6,216.4,198.17417320427776,18.22582679572224,18.22582679572224,8.422285949964067
19047,corn,2022,7,216.4,194.74389623872239,21.65610376127762,21.65610376127762,10.00744166417635
19047,corn,2022,8,216.4,198.29441193177863,18.10558806822138,18.10558806822138,8.366722767200267
19047,corn,2022,9,216.4,193.4754343164989,22.9245656835011,22.9245656835011,10.593607062616035
19047,corn,2022,10,216.4,190.61709618365526,25.782903816344742,25.782903816344742,11.914465719198125
19047,corn,2022,11,216.4,190.6128809674733,25.787119032526704,25.787119032526704,11.916413600982764
19047,corn,2022,12,216.4,202.95145611345941,13.448543886540591,13.448543886540591,6.214669078808036
19049,corn,2022,1,187.2,201.56352122205521,-14.363521222055226,14.363521222055226,7.672821165627792
19049,corn,2022,2,187.2,196.82794994235505,-9.627949942355059,9.627949942355059,5.143135652967446
19049,corn,2022,3,187.2,191.63102662380652,-4.431026623806531,4.431026623806531,2.367001401606053
19049,corn,2022,4,187.2,192.19113370545188,-4.991133705451887,4.991133705451887,2.6662039024849826
19049,corn,2022,5,187.2,192.79299400427965,-5.59299400427966,5.59299400427966,2.9877104723716132
19049,corn,2022,6,187.2,193.9457472031694,-6.745747203169401,6.745747203169401,3.6034974375904922
19049,corn,2022,7,187.2,189.7800166104158,-2.580016610415811,2.580016610415811,1.3782140012904973
19049,corn,2022,8,187.2,192.89608758652807,-5.69608758652808,5.69608758652808,3.0427818304102994
19049,corn,2022,9,187.2,192.3472971960666,-5.147297196066603,5.147297196066603,2.7496245705483995
19049,corn,2022,10,187.2,188.85960550080952,-1.6596055008095334,1.6596055008095334,0.8865414000050926
19049,corn,2022,11,187.2,193.31144579788062,-6.111445797880634,6.111445797880634,3.2646612168165787
19049,corn,2022,12,187.2,198.61453800678106,-11.414538006781072,11.414538006781072,6.097509619006983
19051,corn,2022,1,154.9,186.2837849333099,-31.383784933309897,31.383784933309897,20.260674585739118
19051,corn,2022,2,154.9,190.1931161666134,-35.2931161666134,35.2931161666134,22.7844520120164
19051,corn,2022,3,154.9,187.7512430241823,-32.85124302418228,32.85124302418228,21.20803294007894
19051,corn,2022,4,154.9,182.55889430576306,-27.658894305763056,27.658894305763056,17.85596791850423
19051,corn,2022,5,154.9,183.50035016627308,-28.600350166273074,28.600350166273074,18.463750914314446
19051,corn,2022,6,154.9,185.7497547250389,-30.849754725038906,30.849754725038906,19.91591654295604
19051,corn,2022,7,154.9,184.08862157623756,-29.18862157623755,29.18862157623755,18.843525872328954
19051,corn,2022,8,154.9,186.2380698588846,-31.33806985888458,31.33806985888458,20.231161948924843
19051,corn,2022,9,154.9,190.63845832810085,-35.73845832810085,35.73845832810085,23.07195502136917
19051,corn,2022,10,154.9,185.19262396416957,-30.292623964169564,30.292623964169564,19.556245296429672
19051,corn,2022,11,154.9,186.58490266062955,-31.684902660629547,31.684902660629547,20.45506950331152
19051,corn,2022,12,154.9,185.69300480726827,-30.79300480726826,30.79300480726826,19.879280056338448
19053,corn,2022,1,148.7,192.40035955577045,-43.70035955577046,43.70035955577046,29.388271389220215
19053,corn,2022,2,148.7,193.24477844705015,-44.54477844705016,44.54477844705016,29.956138834599976
19053,corn,2022,3,148.7,186.08346339793655,-37.383463397936566,37.383463397936566,25.140190583682966
19053,corn,2022,4,148.7,183.39672168637168,-34.69672168637169,34.69672168637169,23.33337033380746
19053,corn,2022,5,148.7,183.82360811189614,-35.12360811189615,35.12360811189615,23.6204493018804
19053,corn,2022,6,148.7,188.96100791021956,-40.261007910219575,40.261007910219575,27.075324754687006
19053,corn,2022,7,148.7,184.05459180543969,-35.354591805439696,35.354591805439696,23.775784670773167
19053,corn,2022,8,148.7,188.56005957913433,-39.860059579134344,39.860059579134344,26.805689024300168
19053,corn,2022,9,148.7,190.19441761614087,-41.49441761614088,41.49441761614088,27.904786560955536
19053,corn,2022,10,148.7,187.2908071780637,-38.5908071780637,38.5908071780637,25.952123186323945
19053,corn,2022,11,148.7,183.24514494280461,-34.545144942804626,34.545144942804626,23.231435738268075
19053,corn,2022,12,148.7,185.41692397379956,-36.71692397379957,36.71692397379957,24.691946182783838
19055,corn,2022,1,230.8,196.35565321870408,34.444346781295934,34.444346781295934,14.923893752727874
19055,corn,2022,2,230.8,195.64342339793714,35.15657660206287,35.15657660206287,15.232485529489978
19055,corn,2022,3,230.8,189.0426487324427,41.75735126755731,41.75735126755731,18.09243989062275
19055,corn,2022,4,230.8,191.8716794337627,38.92832056623732,38.92832056623732,16.8666900200335
19055,corn,2022,5,230.8,188.86753121483002,41.93246878516999,41.93246878516999,18.168314031702767
19055,corn,2022,6,230.8,190.60556545462987,40.19443454537014,40.19443454537014,17.415266267491393
19055,corn,2022,7,230.8,188.20974006583475,42.59025993416526,42.59025993416526,18.453318862289972
19055,corn,2022,8,230.8,192.13902109969106,38.66097890030895,38.66097890030895,16.750857409145993
19055,corn,2022,9,230.8,190.40298007551908,40.39701992448093,40.39701992448093,17.503041561733504
19055,corn,2022,10,230.8,186.85494473509712,43.94505526490289,43.94505526490289,19.040318572314945
19055,corn,2022,11,230.8,187.8193989036753,42.980601096324705,42.980601096324705,18.62244414918748
19055,corn,2022,12,230.8,190.22560797526634,40.57439202473367,40.57439202473367,17.579892558376805
19057,corn,2022,1,194.8,194.62197476683912,0.1780252331608949,0.1780252331608949,0.09138872338854974
19057,corn,2022,2,194.8,193.35706077267264,1.442939227327372,1.442939227327372,0.7407285561228809
19057,corn,2022,3,194.8,189.61939629737745,5.180603702622562,5.180603702622562,2.659447485945874
19057,corn,2022,4,194.8,187.6260194363933,7.173980563606705,7.173980563606705,3.6827415624264392
19057,corn,2022,5,194.8,187.00649449469466,7.7935055053053475,7.7935055053053475,4.000772846665989
19057,corn,2022,6,194.8,187.0064565076895,7.793543492310505,7.793543492310505,4.000792347181984
19057,corn,2022,7,194.8,185.42091431538734,9.379085684612676,9.379085684612676,4.814725710786794
19057,corn,2022,8,194.8,188.03269118963271,6.767308810367297,6.767308810367297,3.4739778287306446
19057,corn,2022,9,194.8,189.9855721272851,4.8144278727149015,4.8144278727149015,2.4714722139193537
19057,corn,2022,10,194.8,184.71398794487644,10.086012055123575,10.086012055123575,5.177624258276989
19057,corn,2022,11,194.8,187.87906747869303,6.92093252130698,6.92093252130698,3.5528401033403387
19057,corn,2022,12,194.8,188.66727056473331,6.132729435266697,6.132729435266697,3.1482183959274623
19059,corn,2022,1,203.4,190.96423867502264,12.435761324977364,12.435761324977364,6.113943620932823
19059,corn,2022,2,203.4,194.20640108434014,9.193598915659862,9.193598915659862,4.519960135525989
19059,corn,2022,3,203.4,193.2196550856139,10.180344914386097,10.180344914386097,5.005085995273401
19059,corn,2022,4,203.4,192.5922759809343,10.807724019065716,10.807724019065716,5.3135319661090055
19059,corn,2022,5,203.4,192.74186616140173,10.658133838598275,10.658133838598275,5.2399871379539205
19059,corn,2022,6,203.4,189.5174643822853,13.882535617714694,13.882535617714694,6.8252387501055525
19059,corn,2022,7,203.4,186.75972302993534,16.64027697006466,16.64027697006466,8.18106045725893
19059,corn,2022,8,203.4,189.16382544458605,14.236174555413953,14.236174555413953,6.999102534618462
19059,corn,2022,9,203.4,192.22112386647422,11.17887613352579,11.17887613352579,5.496005965351912
19059,corn,2022,10,203.4,188.98940718309436,14.410592816905648,14.410592816905648,7.084853892283996
19059,corn,2022,11,203.4,190.67862720519594,12.721372794804068,12.721372794804068,6.254362239333366
19059,corn,2022,12,203.4,191.69871721557166,11.701282784428344,11.701282784428344,5.7528430601909255
19061,corn,2022,1,223.7,198.94078689295213,24.759213107047856,24.759213107047856,11.06804340949837
19061,corn,2022,2,223.7,198.81124589146438,24.888754108535608,24.888754108535608,11.125951769573362
19061,corn,2022,3,223.7,191.91861523024716,31.781384769752833,31.781384769752833,14.207145627962822
19061,corn,2022,4,223.7,186.19892108919663,37.50107891080336,37.50107891080336,16.764004877426625
19061,corn,2022,5,223.7,187.75930235239443,35.94069764760556,35.94069764760556,16.066471903265786
19061,corn,2022,6,223.7,194.4124681345358,29.28753186546419,29.28753186546419,13.092325375710413
19061,corn,2022,7,223.7,190.07122899708156,33.62877100291843,33.62877100291843,15.032977649941184
19061,corn,2022,8,223.7,193.02417198889313,30.67582801110686,30.67582801110686,13.712931609792964
19061,corn,2022,9,223.7,192.0417875295155,31.6582124704845,31.6582124704845,14.15208425144591
19061,corn,2022,10,223.7,189.1377603936009,34.56223960639909,34.56223960639909,15.450263570138173
19061,corn,2022,11,223.7,186.86792466475723,36.83207533524276,36.83207533524276,16.46494203631773
19061,corn,2022,12,223.7,191.61929778342193,32.08070221657806,32.08070221657806,14.340948688680403
19063,corn,2022,1,213.7,190.12550432760239,23.574495672397603,23.574495672397603,11.031584310902014
19063,corn,2022,2,213.7,193.72690343280925,19.973096567190737,19.973096567190737,9.346325019742975
19063,corn,2022,3,213.7,192.8356893033577,20.864310696642292,20.864310696642292,9.763364855705332
19063,corn,2022,4,213.7,192.2737667917294,21.426233208270588,21.426233208270588,10.026314089036308
19063,corn,2022,5,213.7,192.37079090053894,21.329209099461053,21.329209099461053,9.980912072747335
19063,corn,2022,6,213.7,189.95092944872565,23.749070551274343,23.749070551274343,11.113275877994546
19063,corn,2022,7,213.7,186.08762937634302,27.61237062365697,27.61237062365697,12.92109060536124
19063,corn,2022,8,213.7,190.6541275883745,23.04587241162548,23.04587241162548,10.784217319431672
19063,corn,2022,9,213.7,191.6610627394676,22.03893726053238,22.03893726053238,10.313026326875237
19063,corn,2022,10,213.7,189.2324592620343,24.46754073796569,24.46754073796569,11.449480925580577
19063,corn,2022,11,213.7,191.8437932987182,21.856206701281792,21.856206701281792,10.227518344071967
19063,corn,2022,12,213.7,191.8673448662913,21.8326551337087,21.8326551337087,10.216497488866963
19065,corn,2022,1,209.8,202.2204394865787,7.579560513421313,7.579560513421313,3.6127552494858497
19065,corn,2022,2,209.8,200.9186698473822,8.881330152617807,8.881330152617807,4.233236488378363
19065,corn,2022,3,209.8,191.3884560908812,18.41154390911882,18.41154390911882,8.775759727892668
19065,corn,2022,4,209.8,188.74876109222578,21.051238907774234,21.051238907774234,10.033955628109739
19065,corn,2022,5,209.8,190.6531227599224,19.1468772400776,19.1468772400776,9.126252259331553
19065,corn,2022,6,209.8,195.61022354442377,14.189776455576236,14.189776455576236,6.7634778148599795
19065,corn,2022,7,209.8,189.72002788369284,20.079972116307175,20.079972116307175,9.571006728459091
19065,corn,2022,8,209.8,195.43550827724553,14.36449172275448,14.36449172275448,6.846754872618913
19065,corn,2022,9,209.8,189.38180809307698,20.418191906923028,20.418191906923028,9.732217305492387
19065,corn,2022,10,209.8,187.29508689991258,22.504913100087435,22.504913100087435,10.726841325113172
19065,corn,2022,11,209.8,189.4845631712929,20.315436828707107,20.315436828707107,9.683239670499097
19065,corn,2022,12,209.8,196.9667567874759,12.83324321252411,12.83324321252411,6.116893809592044
19067,corn,2022,1,204.6,193.6604104400408,10.939589559959188,10.939589559959188,5.346817966744472
19067,corn,2022,2,204.6,193.56841285705192,11.03158714294807,11.03158714294807,5.391782572310885
19067,corn,2022,3,204.6,191.67978169477743,12.920218305222562,12.920218305222562,6.314867206853647
19067,corn,2022,4,204.6,190.94951327696586,13.650486723034135,13.650486723034135,6.6717921422454225
19067,corn,2022,5,204.6,192.59489561102487,12.005104388975127,12.005104388975127,5.867597453067022
19067,corn,2022,6,204.6,190.65548825714598,13.944511742854019,13.944511742854019,6.81549938555915
19067,corn,2022,7,204.6,186.40946071399765,18.19053928600235,18.19053928600235,8.890781664712781
19067,corn,2022,8,204.6,190.20773111890713,14.39226888109286,14.39226888109286,7.034344516663177
19067,corn,2022,9,204.6,191.9527807106293,12.647219289370696,12.647219289370696,6.181436602820478
19067,corn,2022,10,204.6,186.85715424034763,17.74284575965237,17.74284575965237,8.671967624463523
19067,corn,2022,11,204.6,191.81739896347744,12.78260103652255,12.78260103652255,6.2476055896982166
19067,corn,2022,12,204.6,191.4232132854695,13.176786714530493,13.176786714530493,6.440267211402978
19069,corn,2022,1,220.1,197.59739365618293,22.502606343817064,22.502606343817064,10.223810242533878
19069,corn,2022,2,220.1,197.39587823228104,22.70412176771896,22.70412176771896,10.315366545987715
19069,corn,2022,3,220.1,192.4285187044999,27.671481295500087,27.671481295500087,12.57223139277605
19069,corn,2022,4,220.1,192.16772030618705,27.932279693812944,27.932279693812944,12.690722259796885
19069,corn,2022,5,220.1,194.3003731395062,25.799626860493788,25.799626860493788,11.721775038843157
19069,corn,2022,6,220.1,194.26130861838803,25.838691381611966,25.838691381611966,11.739523571836424
19069,corn,2022,7,220.1,189.21777406628271,30.88222593371728,30.88222593371728,14.030997698190495
19069,corn,2022,8,220.1,194.51633380104548,25.583666198954518,25.583666198954518,11.623655701478656
19069,corn,2022,9,220.1,192.85503501410932,27.244964985890675,27.244964985890675,12.378448426120253
19069,corn,2022,10,220.1,189.3893499490307,30.710650050969292,30.710650050969292,13.953044094034208
19069,corn,2022,11,220.1,193.256936953234,26.84306304676599,26.84306304676599,12.19584872638164
19069,corn,2022,12,220.1,196.613764601472,23.48623539852798,23.48623539852798,10.670711221502945
19071,corn,2022,1,191.6,201.54986287658394,-9.94986287658395,9.94986287658395,5.193039079636717
19071,corn,2022,2,191.6,195.10193427320667,-3.501934273206672,3.501934273206672,1.8277318753688265
19071,corn,2022,3,191.6,190.44402747905826,1.1559725209417309,1.1559725209417309,0.6033259503871247
19071,corn,2022,4,191.6,192.01330171419315,-0.4133017141931532,0.4133017141931532,0.2157107067813952
19071,corn,2022,5,191.6,188.8567610936552,2.7432389063448,2.7432389063448,1.431753082643424
19071,corn,2022,6,191.6,194.731612337159,-3.131612337158998,3.131612337158998,1.6344532031101242
19071,corn,2022,7,191.6,189.54801142218147,2.05198857781852,2.05198857781852,1.070975249383361
19071,corn,2022,8,191.6,195.04217179117478,-3.442171791174786,3.442171791174786,1.7965406008219138
19071,corn,2022,9,191.6,193.17756798687688,-1.5775679868768862,1.5775679868768862,0.8233653376184166
19071,corn,2022,10,191.6,190.4054366640411,1.1945633359588896,1.1945633359588896,0.6234672943418005
19071,corn,2022,11,191.6,191.54887959200175,0.05112040799824058,0.05112040799824058,0.026680797493862516
19071,corn,2022,12,191.6,195.61925673880276,-4.019256738802767,4.019256738802767,2.0977331622143875
19073,corn,2022,1,197.3,197.553230450039,-0.25323045003898415,0.25323045003898415,0.1283479219660335
19073,corn,2022,2,197.3,195.50936734801354,1.7906326519864706,1.7906326519864706,0.9075685007534062
19073,corn,2022,3,197.3,191.41173426079627,5.888265739203746,5.888265739203746,2.984422574355674
19073,corn,2022,4,197.3,192.96212934284353,4.337870657156486,4.337870657156486,2.198616653399131
19073,corn,2022,5,197.3,192.0042835438902,5.295716456109801,5.295716456109801,2.6840934901722258
19073,corn,2022,6,197.3,193.5390366844024,3.760963315597621,3.760963315597621,1.9062155679663562
19073,corn,2022,7,197.3,188.01325400056697,9.286745999433037,9.286745999433037,4.706916370721256
19073,corn,2022,8,197.3,191.48815736063196,5.811842639368052,5.811842639368052,2.945688109157654
19073,corn,2022,9,197.3,191.3204199816113,5.9795800183887025,5.9795800183887025,3.0307045202172844
19073,corn,2022,10,197.3,189.7662718632909,7.533728136709101,7.533728136709101,3.818412638980791
19073,corn,2022,11,197.3,195.33368620162872,1.9663137983712886,1.9663137983712886,0.9966111497066845
19073,corn,2022,12,197.3,196.79050043965333,0.5094995603466828,0.5094995603466828,0.2582359657104322
19075,corn,2022,1,207.5,202.98672468760424,4.513275312395763,4.513275312395763,2.1750724397088015
19075,corn,2022,2,207.5,198.37303854885215,9.12696145114785,9.12696145114785,4.398535639107397
19075,corn,2022,3,207.5,189.77326150924065,17.726738490759345,17.726738490759345,8.543006501570769
19075,corn,2022,4,207.5,188.6438373215691,18.856162678430906,18.856162678430906,9.087307314906461
19075,corn,2022,5,207.5,193.01315450674312,14.48684549325688,14.48684549325688,6.981612285906929
19075,corn,2022,6,207.5,197.65628388275277,9.843716117247226,9.843716117247226,4.7439595745769765
19075,corn,2022,7,207.5,192.44851923678146,15.051480763218535,15.051480763218535,7.253725669020981
19075,corn,2022,8,207.5,197.7866502747764,9.713349725223594,9.713349725223594,4.681132397698118
19075,corn,2022,9,207.5,194.5003907481092,12.999609251890803,12.999609251890803,6.264871928622073
19075,corn,2022,10,207.5,188.5523198077193,18.9476801922807,18.9476801922807,9.131412140858169
19075,corn,2022,11,207.5,194.25615851913176,13.243841480868241,13.243841480868241,6.3825742076473455
19075,corn,2022,12,207.5,199.46712570333008,8.032874296669917,8.032874296669917,3.871264721286707
19077,corn,2022,1,193.6,199.64446807209515,-6.044468072095157,6.044468072095157,3.122142599222705
19077,corn,2022,2,193.6,196.92062057894566,-3.3206205789456646,3.3206205789456646,1.715196580033918
19077,corn,2022,3,193.6,191.09327919027226,2.5067208097277387,2.5067208097277387,1.294793806677551
19077,corn,2022,4,193.6,188.27053760484844,5.329462395151552,5.329462395151552,2.752821485098942
19077,corn,2022,5,193.6,188.40614241106485,5.1938575889351455,5.1938575889351455,2.6827776802350956
19077,corn,2022,6,193.6,193.75711512366624,-0.15711512366624447,0.15711512366624447,0.08115450602595273
19077,corn,2022,7,193.6,192.2405362113914,1.3594637886085934,1.3594637886085934,0.702202370149067
19077,corn,2022,8,193.6,193.88503860512094,-0.2850386051209455,0.2850386051209455,0.1472306844632983
19077,corn,2022,9,193.6,193.264268947135,0.33573105286498617,0.33573105286498617,0.17341480003356724
19077,corn,2022,10,193.6,190.18753541984137,3.412464580158627,3.412464580158627,1.7626366633050758
19077,corn,2022,11,193.6,192.57276585056545,1.0272341494345483,1.0272341494345483,0.530596151567432
19077,corn,2022,12,193.6,198.23216997650252,-4.632169976502524,4.632169976502524,2.392649781251304
19079,corn,2022,1,208.6,201.47420155466952,7.125798445330474,7.125798445330474,3.416010759985846
19079,corn,2022,2,208.6,198.16209855130296,10.437901448697033,10.437901448697033,5.003787846930505
19079,corn,2022,3,208.6,192.99058343216797,15.609416567832028,15.609416567832028,7.482941787071922
19079,corn,2022,4,208.6,192.11987557840652,16.480124421593473,16.480124421593473,7.900347277849221
19079,corn,2022,5,208.6,194.58616354412936,14.013836455870631,14.013836455870631,6.718042404540093
19079,corn,2022,6,208.6,196.0833322842716,12.516667715728403,12.516667715728403,6.000320093829532
19079,corn,2022,7,208.6,191.21819380812454,17.381806191875455,17.381806191875455,8.332601242509806
19079,corn,2022,8,208.6,195.12517573972855,13.474824260271447,13.474824260271447,6.459647296390915
19079,corn,2022,9,208.6,192.7659477577385,15.834052242261492,15.834052242261492,7.590629071074541
19079,corn,2022,10,208.6,188.4747049937008,20.125295006299183,20.125295006299183,9.647792428714853
19079,corn,2022,11,208.6,194.50344018163744,14.09655981836255,14.09655981836255,6.7576988582754325
19079,corn,2022,12,208.6,195.84714359602697,12.752856403973027,12.752856403973027,6.113545735365785
19081,corn,2022,1,211.5,196.92004166169247,14.579958338307534,14.579958338307534,6.893597323076849
19081,corn,2022,2,211.5,196.80028224580195,14.699717754198048,14.699717754198048,6.950221160377327
19081,corn,2022,3,211.5,192.09389331922307,19.40610668077693,19.40610668077693,9.175464151667578
19081,corn,2022,4,211.5,192.29183362128333,19.20816637871667,19.20816637871667,9.08187535636722
19081,corn,2022,5,211.5,194.19839627989126,17.301603720108744,17.301603720108744,8.180427290831558
19081,corn,2022,6,211.5,195.13902598499593,16.360974015004075,16.360974015004075,7.735685113477104
19081,corn,2022,7,211.5,189.3961980284574,22.103801971542595,22.103801971542595,10.45097019931092
19081,corn,2022,8,211.5,194.74105816323862,16.75894183676138,16.75894183676138,7.9238495682086905
19081,corn,2022,9,211.5,192.5359490387675,18.964050961232488,18.964050961232488,8.966454355192665
19081,corn,2022,10,211.5,190.22731052217085,21.272689477829147,21.272689477829147,10.058009209375482
19081,corn,2022,11,211.5,190.73165736692127,20.76834263307873,20.76834263307873,9.819547344245263
19081,corn,2022,12,211.5,195.61639068473306,15.883609315266938,15.883609315266938,7.509980763719593
19083,corn,2022,1,215.6,202.03982619336364,13.560173806636357,13.560173806636357,6.289505476176418
19083,corn,2022,2,215.6,199.7186008319236,15.881399168076399,15.881399168076399,7.366140615990909
19083,corn,2022,3,215.6,191.27808450995892,24.32191549004108,24.32191549004108,11.28103686922128
19083,corn,2022,4,215.6,192.08267943451648,23.517320565483516,23.517320565483516,10.907848128702929
19083,corn,2022,5,215.6,194.04213720114848,21.557862798851517,21.557862798851517,9.999008719318885
19083,corn,2022,6,215.6,197.45136243490518,18.148637565094816,18.148637565094816,8.41773541980279
19083,corn,2022,7,215.6,192.67166930859702,22.928330691402977,22.928330691402977,10.63466173070639
19083,corn,2022,8,215.6,196.14045881060957,19.45954118939042,19.45954118939042,9.02576121956884
19083,corn,2022,9,215.6,193.06817772952704,22.531822270472958,22.531822270472958,10.450752444560742
19083,corn,2022,10,215.6,188.41805249719667,27.181947502803325,27.181947502803325,12.607582329686142
19083,corn,2022,11,215.6,193.97400151844403,21.625998481555968,21.625998481555968,10.030611540610375
19083,corn,2022,12,215.6,198.3056804209544,17.294319579045606,17.294319579045606,8.021484034807795
19085,corn,2022,1,172.4,201.94495162258877,-29.54495162258877,29.54495162258877,17.13744293653641
19085,corn,2022,2,172.4,197.42610421049696,-25.026104210496953,25.026104210496953,14.51630174622793
19085,corn,2022,3,172.4,191.69096068980073,-19.290960689800727,19.290960689800727,11.189652372274203
19085,corn,2022,4,172.4,194.4467265018926,-22.046726501892607,22.046726501892607,12.788124421051394
19085,corn,2022,5,172.4,193.94345555388563,-21.54345555388562,21.54345555388562,12.496203917567065
19085,corn,2022,6,172.4,195.85200079753474,-23.452000797534737,23.452000797534737,13.603248722467946
19085,corn,2022,7,172.4,196.19034902463167,-23.790349024631666,23.790349024631666,13.79950639479795
19085,corn,2022,8,172.4,198.0933309892942,-25.693330989294196,25.693330989294196,14.903324239729812
19085,corn,2022,9,172.4,195.849682630376,-23.449682630376003,23.449682630376003,13.601904077944315
19085,corn,2022,10,172.4,191.34529315534564,-18.945293155345638,18.945293155345638,10.989149162033431
19085,corn,2022,11,172.4,189.56802227546748,-17.16802227546748,17.16802227546748,9.958249579737515
19085,corn,2022,12,172.4,201.90093851665873,-29.50093851665872,29.50093851665872,17.111913292725475
19087,corn,2022,1,167.7,191.77628308493306,-24.076283084933067,24.076283084933067,14.356757951659551
19087,corn,2022,2,167.7,192.3217292509293,-24.62172925092932,24.62172925092932,14.682009094173715
19087,corn,2022,3,167.7,190.99117445601817,-23.291174456018183,23.291174456018183,13.888595382241018
19087,corn,2022,4,167.7,185.72431223070015,-18.02431223070016,18.02431223070016,10.747950048121742
19087,corn,2022,5,167.7,186.31643613157996,-18.616436131579974,18.616436131579974,11.101035260333916
19087,corn,2022,6,167.7,184.7785342043904,-17.078534204390422,17.078534204390422,10.183979847579263
19087,corn,2022,7,167.7,184.73056410317162,-17.030564103171628,17.030564103171628,10.15537513605941
19087,corn,2022,8,167.7,186.2832197443866,-18.58321974438661,18.58321974438661,11.081228231596072
19087,corn,2022,9,167.7,189.82943539383115,-22.12943539383116,22.12943539383116,13.195846984991746
19087,corn,2022,10,167.7,185.4820303803155,-17.78203038031552,17.78203038031552,10.603476672817841
19087,corn,2022,11,167.7,187.8178723376618,-20.117872337661822,20.117872337661822,11.996346057043425
19087,corn,2022,12,167.7,187.68256812567827,-19.982568125678284,19.982568125678284,11.915663760094386
19089,corn,2022,1,217.3,191.20357061415604,26.096429385843976,26.096429385843976,12.009401466103991
19089,corn,2022,2,217.3,192.33388765483014,24.966112345169876,24.966112345169876,11.489237158384663
19089,corn,2022,3,217.3,190.55399251669348,26.746007483306528,26.746007483306528,12.308332942156708
19089,corn,2022,4,217.3,192.7044144914308,24.5955855085692,24.5955855085692,11.318723197684859
19089,corn,2022,5,217.3,190.97401254089053,26.325987459109484,26.325987459109484,12.115042549060968
19089,corn,2022,6,217.3,189.98988422975702,27.310115770242987,27.310115770242987,12.56793178566175
19089,corn,2022,7,217.3,184.99718450262125,32.30281549737876,32.30281549737876,14.86553865502934
19089,corn,2022,8,217.3,186.98678726863207,30.31321273136794,30.31321273136794,13.949936829897808
19089,corn,2022,9,217.3,188.2336338733751,29.0663661266249,29.0663661266249,13.376146399735342
19089,corn,2022,10,217.3,185.25559846379778,32.04440153620223,32.04440153620223,14.746618286333286
19089,corn,2022,11,217.3,188.09653996194257,29.203460038057443,29.203460038057443,13.439236096667024
19089,corn,2022,12,217.3,190.86312891593832,26.436871084061693,26.436871084061693,12.166070448256646
19091,corn,2022,1,195.5,194.26803550027105,1.2319644997289458,1.2319644997289458,0.6301608694265708
19091,corn,2022,2,195.5,193.2503172183749,2.249682781625097,2.249682781625097,1.1507328806266481
19091,corn,2022,3,195.5,192.15017530323155,3.349824696768451,3.349824696768451,1.7134653180401285
19091,corn,2022,4,195.5,191.91104020826535,3.588959791734652,3.588959791734652,1.8357850597108194
19091,corn,2022,5,195.5,193.61427123676575,1.8857287632342548,1.8857287632342548,0.964567142319312
19091,corn,2022,6,195.5,190.20321755149197,5.296782448508026,5.296782448508026,2.7093516360654863
19091,corn,2022,7,195.5,187.68083355485922,7.81916644514078,7.81916644514078,3.9995736292280206
19091,corn,2022,8,195.5,192.53384976340774,2.966150236592256,2.966150236592256,1.5172123972338905
19091,corn,2022,9,195.5,192.62661323315592,2.873386766844078,2.873386766844078,1.4697630520941576
19091,corn,2022,10,195.5,190.026303919,5.473696081000014,5.473696081000014,2.7998445427110044
19091,corn,2022,11,195.5,193.41712753885332,2.0828724611466782,2.0828724611466782,1.0654079085149248
19091,corn,2022,12,195.5,193.3215600728526,2.1784399271473944,2.1784399271473944,1.1142915228375418
19093,corn,2022,1,221.2,199.45493821475853,21.74506178524146,21.74506178524146,9.83049809459379
19093,corn,2022,2,221.2,195.76191568508693,25.438084314913056,25.438084314913056,11.500038117049302
19093,corn,2022,3,221.2,193.572396128088,27.627603871911987,27.627603871911987,12.48987516813381
19093,corn,2022,4,221.2,193.71429823824622,27.485701761753774,27.485701761753774,12.425724123758487
19093,corn,2022,5,221.2,192.98031592572178,28.219684074278206,28.219684074278206,12.757542529058863
19093,corn,2022,6,221.2,194.90289333756496,26.297106662435027,26.297106662435027,11.888384567104444
19093,corn,2022,7,221.2,189.27985379663062,31.92014620336937,31.92014620336937,14.430445842391219
19093,corn,2022,8,221.2,194.3748734253328,26.825126574667195,26.825126574667195,12.12709157986763
19093,corn,2022,9,221.2,193.32712533863702,27.87287466136297,27.87287466136297,12.600757080182175
19093,corn,2022,10,221.2,187.82024859060897,33.37975140939102,33.37975140939102,15.090303530466104
19093,corn,2022,11,221.2,194.24705835523108,26.952941644768913,26.952941644768913,12.184874161287935
19093,corn,2022,12,221.2,198.85655612197252,22.343443878027472,22.343443878027472,10.101014411404826
19095,corn,2022,1,205.9,196.22035877270926,9.679641227290745,9.679641227290745,4.70113707007807
19095,corn,2022,2,205.9,194.8712798044727,11.028720195527313,11.028720195527313,5.356347836584416
19095,corn,2022,3,205.9,190.8610161426184,15.038983857381595,15.038983857381595,7.304023243021658
19095,corn,2022,4,205.9,188.42416625204254,17.475833747957466,17.475833747957466,8.487534603184782
19095,corn,2022,5,205.9,187.03969811816646,18.86030188183355,18.86030188183355,9.159932919783172
19095,corn,2022,6,205.9,190.68510150205964,15.214898497940368,15.214898497940368,7.38946017384185
19095,corn,2022,7,205.9,188.2463121333292,17.653687866670793,17.653687866670793,8.57391348551277
19095,corn,2022,8,205.9,191.514929523879,14.385070476121001,14.385070476121001,6.986435393939291
19095,corn,2022,9,205.9,191.42507377770028,14.474926222299729,14.474926222299729,7.030075872899334
19095,corn,2022,10,205.9,187.89521163699325,18.004788363006753,18.004788363006753,8.744433396312168
19095,corn,2022,11,205.9,189.73721968111576,16.162780318884245,16.162780318884245,7.849820455990406
19095,corn,2022,12,205.9,190.96999272147798,14.930007278522027,14.930007278522027,7.251096298456545
19097,corn,2022,1,219.2,198.0845540320207,21.115445967979298,21.115445967979298,9.632958926997855
19097,corn,2022,2,219.2,196.97606932662003,22.223930673379954,22.223930673379954,10.138654504279177
19097,corn,2022,3,219.2,192.64258159041168,26.55741840958831,26.55741840958831,12.115610588315835
19097,corn,2022,4,219.2,187.3709746403784,31.829025359621596,31.829025359621596,14.520540766250727
19097,corn,2022,5,219.2,188.92334938188296,30.27665061811703,30.27665061811703,13.812340610454852
19097,corn,2022,6,219.2,195.9595118652792,23.240488134720778,23.240488134720778,10.602412470219333
19097,corn,2022,7,219.2,188.823880931216,30.376119068783993,30.376119068783993,13.85771855327737
19097,corn,2022,8,219.2,192.0495710727787,27.1504289272213,27.1504289272213,12.38614458358636
19097,corn,2022,9,219.2,197.60292128731248,21.597078712687505,21.597078712687505,9.852681894474227
19097,corn,2022,10,219.2,189.52236601379965,29.677633986200334,29.677633986200334,13.539066599543947
19097,corn,2022,11,219.2,188.2383004737691,30.961699526230888,30.961699526230888,14.124862922550587
19097,corn,2022,12,219.2,194.20586053439007,24.99413946560992,24.99413946560992,11.402435887595766
19099,corn,2022,1,203.6,200.67289979561122,2.927100204388779,2.927100204388779,1.437672006084862
19099,corn,2022,2,203.6,197.05350722293556,6.5464927770644294,6.5464927770644294,3.2153697333322344
19099,corn,2022,3,203.6,190.75752267579003,12.842477324209966,12.842477324209966,6.3077000610068605
19099,corn,2022,4,203.6,191.80636345428394,11.793636545716055,11.793636545716055,5.7925523309017946
19099,corn,2022,5,203.6,189.6327329096637,13.967267090336293,13.967267090336293,6.8601508302241125
19099,corn,2022,6,203.6,195.8000758976431,7.799924102356897,7.799924102356897,3.83100397954661
19099,corn,2022,7,203.6,188.6166474027446,14.98335259725539,14.98335259725539,7.35921050945746
19099,corn,2022,8,203.6,195.42446382080786,8.175536179192136,8.175536179192136,4.015489282510872
19099,corn,2022,9,203.6,196.65596482761916,6.944035172380836,6.944035172380836,3.4106263125642613
19099,corn,2022,10,203.6,189.7928784199837,13.807121580016286,13.807121580016286,6.781493899811536
19099,corn,2022,11,203.6,193.1874076621019,10.412592337898104,10.412592337898104,5.114239851619894
19099,corn,2022,12,203.6,200.51787739184738,3.0821226081526163,3.0821226081526163,1.5138126759099293
19101,corn,2022,1,178.0,189.9777066250354,-11.97770662503541,11.97770662503541,6.72904866575023
19101,corn,2022,2,178.0,190.68394874744132,-12.68394874744132,12.68394874744132,7.125813903056921
19101,corn,2022,3,178.0,191.844474713759,-13.844474713759013,13.844474713759013,7.777794783010681
19101,corn,2022,4,178.0,183.9377828723938,-5.937782872393797,5.937782872393797,3.335833074378537
19101,corn,2022,5,178.0,184.79953640715615,-6.799536407156154,6.799536407156154,3.819964273683232
19101,corn,2022,6,178.0,185.0995272303923,-7.099527230392312,7.099527230392312,3.9884984440406246
19101,corn,2022,7,178.0,185.46016940926225,-7.4601694092622495,7.4601694092622495,4.191106409697893
19101,corn,2022,8,178.0,186.33211366569668,-8.332113665696681,8.332113665696681,4.680962733537462
19101,corn,2022,9,178.0,190.60251077122086,-12.602510771220864,12.602510771220864,7.080062231022957
19101,corn,2022,10,178.0,186.55035463089754,-8.550354630897544,8.550354630897544,4.8035700173581715
19101,corn,2022,11,178.0,188.30477785558472,-10.304777855584717,10.304777855584717,5.789201042463325
19101,corn,2022,12,178.0,187.80487547102456,-9.804875471024559,9.804875471024559,5.508357006193573
19103,corn,2022,1,205.2,199.38203962483732,5.81796037516267,5.81796037516267,2.8352633407225487
19103,corn,2022,2,205.2,196.3400324907467,8.859967509253295,8.859967509253295,4.317722957725778
19103,corn,2022,3,205.2,190.64878508904067,14.551214910959317,14.551214910959317,7.0912353367248135
19103,corn,2022,4,205.2,186.66268587025,18.53731412975,18.53731412975,9.033778815667642
19103,corn,2022,5,205.2,186.69567021827757,18.50432978172242,18.50432978172242,9.017704571989483
19103,corn,2022,6,205.2,194.00371690297138,11.196283097028612,11.196283097028612,5.4562783123921115
19103,corn,2022,7,205.2,186.35191977710656,18.84808022289343,18.84808022289343,9.18522428016249
19103,corn,2022,8,205.2,192.478758026695,12.721241973304984,12.721241973304984,6.199435659505354
19103,corn,2022,9,205.2,190.9526307144142,14.24736928558579,14.24736928558579,6.943162419876117
19103,corn,2022,10,205.2,188.02169291482767,17.17830708517232,17.17830708517232,8.371494680883197
19103,corn,2022,11,205.2,186.17969013259972,19.02030986740027,19.02030986740027,9.269156855458222
19103,corn,2022,12,205.2,192.18929919716948,13.010700802830513,13.010700802830513,6.3404974672663315
19105,corn,2022,1,218.2,196.1654599500169,22.034540049983093,22.034540049983093,10.098322662687027
19105,corn,2022,2,218.2,193.748005001051,24.451994998948976,24.451994998948976,11.206230521974783
19105,corn,2022,3,218.2,190.8687694087061,27.331230591293888,27.331230591293888,12.525770206825799
19105,corn,2022,4,218.2,190.0774404638857,28.122559536114295,28.122559536114295,12.888432418017551
19105,corn,2022,5,218.2,186.98295022764717,31.217049772352823,31.217049772352823,14.30662226047334
19105,corn,2022,6,218.2,190.19692428998968,28.003075710010307,28.003075710010307,12.833673560957978
19105,corn,2022,7,218.2,188.81016316646677,29.389836833533224,29.389836833533224,13.469219447082137
19105,corn,2022,8,218.2,189.87011569563958,28.329884304360405,28.329884304360405,12.983448352135843
19105,corn,2022,9,218.2,190.7878277777661,27.41217222223389,27.41217222223389,12.562865363076945
19105,corn,2022,10,218.2,186.07907342883993,32.120926571160055,32.120926571160055,14.720864606397827
19105,corn,2022,11,218.2,186.1824946650481,32.01750533495189,32.01750533495189,14.673467156256597
19105,corn,2022,12,218.2,189.62611287153845,28.573887128461536,28.573887128461536,13.095273661073115
19107,corn,2022,1,170.4,196.42308626943333,-26.02308626943332,26.02308626943332,15.271764242625189
19107,corn,2022,2,170.4,194.75105153500573,-24.351051535005723,24.351051535005723,14.29052320129444
19107,corn,2022,3,170.4,191.87174217497824,-21.471742174978232,21.471742174978232,12.6007876613722
19107,corn,2022,4,170.4,189.45041508867433,-19.050415088674328,19.050415088674328,11.179821061428594
19107,corn,2022,5,170.4,187.40524942882345,-17.005249428823447,17.005249428823447,9.979606472314229
19107,corn,2022,6,170.4,189.4577670060826,-19.0577670060826,19.0577670060826,11.184135566949882
19107,corn,2022,7,170.4,186.71071380313822,-16.310713803138214,16.310713803138214,9.572015142686745
19107,corn,2022,8,170.4,190.66069984268628,-20.26069984268628,20.26069984268628,11.890082067304155
19107,corn,2022,9,170.4,191.82986723717562,-21.429867237175614,21.429867237175614,12.576213167356581
19107,corn,2022,10,170.4,187.5927018859718,-17.192701885971786,17.192701885971786,10.089613782847293
19107,corn,2022,11,170.4,189.6953703766778,-19.295370376677795,19.295370376677795,11.323574164717016
19107,corn,2022,12,170.4,192.18753749202074,-21.787537492020732,21.787537492020732,12.78611355165536
19109,corn,2022,1,197.6,200.22378149085446,-2.623781490854469,2.623781490854469,1.3278246411206829
19109,corn,2022,2,197.6,200.99597387421466,-3.3959738742146612,3.3959738742146612,1.718610260230092
19109,corn,2022,3,197.6,196.94356782229096,0.6564321777090356,0.6564321777090356,0.33220251908352005
19109,corn,2022,4,197.6,194.62434879955472,2.97565120044527,2.97565120044527,1.505896356500643
19109,corn,2022,5,197.6,193.60312085051663,3.9968791494833624,3.9968791494833624,2.022712120183888
19109,corn,2022,6,197.6,194.34648263404378,3.2535173659562133,3.2535173659562133,1.6465168856053713
19109,corn,2022,7,197.6,194.1984226788067,3.4015773211932867,3.4015773211932867,1.721446012749639
19109,corn,2022,8,197.6,197.17199230495035,0.42800769504964364,0.42800769504964364,0.21660308453929333
19109,corn,2022,9,197.6,196.44757233130625,1.152427668693747,1.152427668693747,0.5832123829421797
19109,corn,2022,10,197.6,192.18554243729784,5.414457562702154,5.414457562702154,2.7401101025820616
19109,corn,2022,11,197.6,201.85682602564577,-4.256826025645779,4.256826025645779,2.154264183019119
19109,corn,2022,12,197.6,199.43710135047456,-1.837101350474569,1.837101350474569,0.9297071611713406
19111,corn,2022,1,178.2,198.34470496531577,-20.144704965315782,20.144704965315782,11.30454824091795
19111,corn,2022,2,178.2,197.60149563535518,-19.40149563535519,19.40149563535519,10.887483521523675
19111,corn,2022,3,178.2,190.33044128031256,-12.130441280312567,12.130441280312567,6.807206105674841
19111,corn,2022,4,178.2,190.6597685308796,-12.459768530879614,12.459768530879614,6.9920137659257104
19111,corn,2022,5,178.2,189.172927139508,-10.972927139508016,10.972927139508016,6.157647104101019
19111,corn,2022,6,178.2,192.34451749200656,-14.144517492006571,14.144517492006571,7.9374396700373575
19111,corn,2022,7,178.2,188.93594991895145,-10.735949918951462,10.735949918951462,6.024663254181517
19111,corn,2022,8,178.2,187.46648700750922,-9.266487007509227,9.266487007509227,5.200048825762753
19111,corn,2022,9,178.2,195.63671036132547,-17.43671036132548,17.43671036132548,9.784910416007566
19111,corn,2022,10,178.2,187.814070121649,-9.614070121649007,9.614070121649007,5.395101078366447
19111,corn,2022,11,178.2,188.99088001506132,-10.790880015061333,10.790880015061333,6.055488223940142
19111,corn,2022,12,178.2,192.55154967958094,-14.351549679580955,14.351549679580955,8.053619348810862
19113,corn,2022,1,215.0,200.4821998402628,14.517800159737192,14.517800159737192,6.752465190575438
19113,corn,2022,2,215.0,197.8649157439848,17.135084256015205,17.135084256015205,7.969806630704747
19113,corn,2022,3,215.0,193.18723720084895,21.812762799151045,21.812762799151045,10.14547106937258
19113,corn,2022,4,215.0,191.36811815780544,23.63188184219456,23.63188184219456,10.991572949857934
19113,corn,2022,5,215.0,189.22264406142455,25.777355938575454,25.777355938575454,11.989467878407188
19113,corn,2022,6,215.0,195.1675639081215,19.832436091878492,19.832436091878492,9.224388879943485
19113,corn,2022,7,215.0,189.6042689762124,25.39573102378759,25.39573102378759,11.81196791804074
19113,corn,2022,8,215.0,195.3677747958185,19.63222520418151,19.63222520418151,9.13126753682861
19113,corn,2022,9,215.0,192.42275721239676,22.57724278760324,22.57724278760324,10.501043157024762
19113,corn,2022,10,215.0,189.85429255847993,25.145707441520074,25.145707441520074,11.695677879776778
19113,corn,2022,11,215.0,189.58756940823739,25.412430591762615,25.412430591762615,11.819735158959356
19113,corn,2022,12,215.0,194.09769774078987,20.90230225921013,20.90230225921013,9.722001050795411
19115,corn,2022,1,196.3,197.69587425387223,-1.395874253872222,1.395874253872222,0.7110923351361293
19115,corn,2022,2,196.3,194.8971405554432,1.4028594445568103,1.4028594445568103,0.7146507613636323
19115,corn,2022,3,196.3,191.56753724839896,4.732462751601048,4.732462751601048,2.4108317634238654
19115,corn,2022,4,196.3,187.93012927209494,8.369870727905067,8.369870727905067,4.26381595919769
19115,corn,2022,5,196.3,187.48890277514556,8.81109722485445,8.81109722485445,4.4885874808224395
19115,corn,2022,6,196.3,190.84756850315642,5.452431496843587,5.452431496843587,2.7776013738377925
19115,corn,2022,7,196.3,185.63554032683078,10.664459673169233,10.664459673169233,5.432735442266547
19115,corn,2022,8,196.3,187.9569214536634,8.343078546336613,8.343078546336613,4.250167369504132
19115,corn,2022,9,196.3,190.34708153086868,5.952918469131333,5.952918469131333,3.0325616246211577
19115,corn,2022,10,196.3,186.12971064537828,10.17028935462173,10.17028935462173,5.180993048712037
19115,corn,2022,11,196.3,188.72307369213777,7.576926307862237,7.576926307862237,3.8598707630474975
19115,corn,2022,12,196.3,189.70046234418777,6.599537655812242,6.599537655812242,3.3619651838065416
19117,corn,2022,1,139.5,187.39703332333946,-47.89703332333946,47.89703332333946,34.334790912788144
19117,corn,2022,2,139.5,189.27151470290957,-49.77151470290957,49.77151470290957,35.67850516337604
19117,corn,2022,3,139.5,188.8039588342284,-49.30395883422841,49.30395883422841,35.34333966611356
19117,corn,2022,4,139.5,182.84005771385685,-43.34005771385685,43.34005771385685,31.068141730363337
19117,corn,2022,5,139.5,183.23697477395598,-43.73697477395598,43.73697477395598,31.35267008885733
19117,corn,2022,6,139.5,185.23456103553733,-45.734561035537325,45.734561035537325,32.78463156669342
19117,corn,2022,7,139.5,183.89967338147014,-44.39967338147014,44.39967338147014,31.827722854100454
19117,corn,2022,8,139.5,187.04271923927462,-47.54271923927462,47.54271923927462,34.08080232206066
19117,corn,2022,9,139.5,189.80037658620134,-50.30037658620134,50.30037658620134,36.05761762451709
19117,corn,2022,10,139.5,185.2145566801915,-45.71455668019149,45.71455668019149,32.77029152701899
19117,corn,2022,11,139.5,184.79506233823483,-45.29506233823483,45.29506233823483,32.4695787370859
19117,corn,2022,12,139.5,185.40168656845336,-45.90168656845336,45.90168656845336,32.904434816095595
19119,corn,2022,1,190.8,203.92752364302956,-13.127523643029548,13.127523643029548,6.88025348167167
19119,corn,2022,2,190.8,203.44063165919914,-12.64063165919913,12.64063165919913,6.625069003773129
19119,corn,2022,3,190.8,196.2461688518902,-5.446168851890178,5.446168851890178,2.8543861907181225
19119,corn,2022,4,190.8,195.13966498638825,-4.339664986388243,4.339664986388243,2.2744575400357667
19119,corn,2022,5,190.8,192.49869212706372,-1.6986921270637083,1.6986921270637083,0.890299856951629
19119,corn,2022,6,190.8,194.66412411644677,-3.86412411644676,3.86412411644676,2.0252222832530187
19119,corn,2022,7,190.8,196.57472825737884,-5.7747282573788254,5.7747282573788254,3.0265871369909982
19119,corn,2022,8,190.8,196.6560127801757,-5.856012780175689,5.856012780175689,3.069189088142395
19119,corn,2022,9,190.8,193.41758900593044,-2.6175890059304265,2.6175890059304265,1.3719019947224458
19119,corn,2022,10,190.8,191.70461502058697,-0.9046150205869594,0.9046150205869594,0.47411688710008354
19119,corn,2022,11,190.8,194.33082736665935,-3.530827366659338,3.530827366659338,1.8505384521275356
19119,corn,2022,12,190.8,201.5718626252511,-10.771862625251089,10.771862625251089,5.645630306735371
19121,corn,2022,1,166.9,192.729010070129,-25.829010070128987,25.829010070128987,15.475740006068895
19121,corn,2022,2,166.9,194.73307112532933,-27.833071125329326,27.833071125329326,16.67649558138366
19121,corn,2022,3,166.9,190.74474458833635,-23.84474458833634,23.84474458833634,14.286845169764135
19121,corn,2022,4,166.9,183.4527635262575,-16.552763526257507,16.552763526257507,9.917773233227985
19121,corn,2022,5,166.9,184.9299778576823,-18.029977857682297,18.029977857682297,10.80286270681983
19121,corn,2022,6,166.9,190.1543997385489,-23.254399738548898,23.254399738548898,13.93313345629053
19121,corn,2022,7,166.9,188.8857337732131,-21.9857337732131,21.9857337732131,13.17299806663457
19121,corn,2022,8,166.9,190.63573619139515,-23.735736191395148,23.735736191395148,14.221531570638193
19121,corn,2022,9,166.9,192.5371091356199,-25.63710913561988,25.63710913561988,15.360760416788425
19121,corn,2022,10,166.9,187.96624272238444,-21.06624272238443,21.06624272238443,12.622074728810324
19121,corn,2022,11,166.9,188.6919764658833,-21.791976465883295,21.791976465883295,13.056906210834807
19121,corn,2022,12,166.9,190.6753608384224,-23.775360838422387,23.775360838422387,14.245273120684473
19123,corn,2022,1,186.3,197.4949793957139,-11.194979395713887,11.194979395713887,6.009114007361184
19123,corn,2022,2,186.3,194.08583205443955,-7.785832054439538,7.785832054439538,4.179190582093149
19123,corn,2022,3,186.3,190.50040030576207,-4.200400305762059,4.200400305762059,2.2546432129694356
19123,corn,2022,4,186.3,190.12791513499934,-3.82791513499933,3.82791513499933,2.0547048497044176
19123,corn,2022,5,186.3,188.42149631038777,-2.121496310387755,2.121496310387755,1.1387527162575173
19123,corn,2022,6,186.3,190.78747679661342,-4.487476796613407,4.487476796613407,2.408736874188624
19123,corn,2022,7,186.3,186.59358653392772,-0.2935865339277086,0.2935865339277086,0.15758804827037498
19123,corn,2022,8,186.3,189.82823934853624,-3.528239348536232,3.528239348536232,1.8938482815546065
19123,corn,2022,9,186.3,192.5418690820456,-6.241869082045582,6.241869082045582,3.350439657566066
19123,corn,2022,10,186.3,187.89475938781808,-1.5947593878180726,1.5947593878180726,0.8560168479968183
19123,corn,2022,11,186.3,191.07780371739523,-4.777803717395216,4.777803717395216,2.5645752643023165
19123,corn,2022,12,186.3,193.60243177234014,-7.302431772340128,7.302431772340128,3.9197164639506856
19125,corn,2022,1,175.2,195.78713950909176,-20.58713950909177,20.58713950909177,11.750650404732745
19125,corn,2022,2,175.2,193.93265345405032,-18.732653454050336,18.732653454050336,10.692153797973937
19125,corn,2022,3,175.2,189.92933475006066,-14.729334750060673,14.729334750060673,8.407154537705864
19125,corn,2022,4,175.2,186.9419855968029,-11.74198559680292,11.74198559680292,6.702046573517649
19125,corn,2022,5,175.2,185.74010586600804,-10.540105866008048,10.540105866008048,6.016042160963498
19125,corn,2022,6,175.2,189.00109485279202,-13.801094852792033,13.801094852792033,7.877337244744312
19125,corn,2022,7,175.2,185.37615313860485,-10.17615313860486,10.17615313860486,5.808306585961678
19125,corn,2022,8,175.2,188.5576325421924,-13.35763254219242,13.35763254219242,7.624219487552751
19125,corn,2022,9,175.2,192.33581458481265,-17.135814584812664,17.135814584812664,9.78071608722184
19125,corn,2022,10,175.2,187.9012059463668,-12.701205946366798,12.701205946366798,7.249546773040411
19125,corn,2022,11,175.2,188.60320351119648,-13.403203511196494,13.403203511196494,7.650230314609872
19125,corn,2022,12,175.2,190.09795522787766,-14.897955227877674,14.897955227877674,8.503399102669906
19127,corn,2022,1,214.1,198.04410701541792,16.055892984582073,16.055892984582073,7.4992494089593995
19127,corn,2022,2,214.1,196.19633035969696,17.903669640303036,17.903669640303036,8.362293152873908
19127,corn,2022,3,214.1,190.67877300699504,23.42122699300495,23.42122699300495,10.939386731903292
19127,corn,2022,4,214.1,190.56442392785314,23.535576072146853,23.535576072146853,10.992795923468872
19127,corn,2022,5,214.1,191.00504996403856,23.094950035961432,23.094950035961432,10.786992076581706
19127,corn,2022,6,214.1,193.56839798744656,20.531602012553435,20.531602012553435,9.589725367843736
19127,corn,2022,7,214.1,188.46489842641802,25.635101573581977,25.635101573581977,11.973424368791209
19127,corn,2022,8,214.1,192.00690875671728,22.093091243282714,22.093091243282714,10.31905242563415
19127,corn,2022,9,214.1,192.64085176900792,21.45914823099207,21.45914823099207,10.02295573610092
19127,corn,2022,10,214.1,188.0708966995213,26.02910330047868,26.02910330047868,12.157451331377246
19127,corn,2022,11,214.1,192.45504694809006,21.644953051909937,21.644953051909937,10.109739865441354
19127,corn,2022,12,214.1,194.7947743055669,19.30522569443309,19.30522569443309,9.016919988058426
19129,corn,2022,1,191.1,195.9052498623325,-4.805249862332516,4.805249862332516,2.514521121053122
19129,corn,2022,2,191.1,193.08040758351288,-1.9804075835128856,1.9804075835128856,1.036320033235419
19129,corn,2022,3,191.1,191.09829179292782,0.0017082070721698983,0.0017082070721698983,0.0008938812517895857
19129,corn,2022,4,191.1,190.0466923375,1.0533076625000035,1.0533076625000035,0.5511814037153342
19129,corn,2022,5,191.1,186.8079435000983,4.29205649990169,4.29205649990169,2.245974097279796
19129,corn,2022,6,191.1,190.7359835181741,0.3640164818258995,0.3640164818258995,0.19048481518885377
19129,corn,2022,7,191.1,186.36865473757325,4.731345262426743,4.731345262426743,2.4758478610291696
19129,corn,2022,8,191.1,187.84697482901046,3.253025170989531,3.253025170989531,1.702263302453967
19129,corn,2022,9,191.1,190.8895976510336,0.2104023489663973,0.2104023489663973,0.1101006535669269
19129,corn,2022,10,191.1,188.23910428332414,2.8608957166758557,2.8608957166758557,1.4970673556650214
19129,corn,2022,11,191.1,189.5607643495421,1.539235650457897,1.539235650457897,0.8054608322647291
19129,corn,2022,12,191.1,192.3634763415271,-1.2634763415271095,1.2634763415271095,0.6611597810188956
19131,corn,2022,1,217.9,191.110868099388,26.789131900612006,26.789131900612006,12.29423217100138
19131,corn,2022,2,217.9,192.84984069229893,25.05015930770108,25.05015930770108,11.496172238504396
19131,corn,2022,3,217.9,192.20049682498194,25.699503175018066,25.699503175018066,11.794173095464922
19131,corn,2022,4,217.9,192.422980150584,25.477019849415996,25.477019849415996,11.692069687662228
19131,corn,2022,5,217.9,192.58317289695688,25.316827103043124,25.316827103043124,11.61855305325522
19131,corn,2022,6,217.9,189.99022902131546,27.90977097868455,27.90977097868455,12.808522707060371
19131,corn,2022,7,217.9,185.43506006174613,32.46493993825388,32.46493993825388,14.899008691259235
19131,corn,2022,8,217.9,190.51362060044838,27.38637939955163,27.38637939955163,12.568324644126495
19131,corn,2022,9,217.9,190.98451971488262,26.915480285117383,26.915480285117383,12.352216743973099
19131,corn,2022,10,217.9,186.46428071687504,31.435719283124968,31.435719283124968,14.426672456688832
19131,corn,2022,11,217.9,190.70355787555664,27.196442124443365,27.196442124443365,12.481157468767034
19131,corn,2022,12,217.9,190.6259321444801,27.274067855519917,27.274067855519917,12.516781943790692
19133,corn,2022,1,168.6,203.82709039668336,-35.227090396683366,35.227090396683366,20.893885170037585
19133,corn,2022,2,168.6,198.46305141102815,-29.863051411028152,29.863051411028152,17.712367384951456
19133,corn,2022,3,168.6,194.16786800293244,-25.567868002932443,25.567868002932443,15.164809017160405
19133,corn,2022,4,168.6,194.99872319659144,-26.398723196591448,26.398723196591448,15.657605691928497
19133,corn,2022,5,168.6,193.51092158178676,-24.910921581786766,24.910921581786766,14.77516108053782
19133,corn,2022,6,168.6,194.40563903612937,-25.805639036129378,25.805639036129378,15.305835727241623
19133,corn,2022,7,168.6,197.39834610706856,-28.798346107068568,28.798346107068568,17.080869577146245
19133,corn,2022,8,168.6,196.9573916345995,-28.35739163459951,28.35739163459951,16.81933074412782
19133,corn,2022,9,168.6,195.7869240023325,-27.186924002332518,27.186924002332518,16.125103204230438
19133,corn,2022,10,168.6,192.45878973303542,-23.858789733035422,23.858789733035422,14.1511208380993
19133,corn,2022,11,168.6,194.8267260029284,-26.226726002928416,26.226726002928416,15.555590749067862
19133,corn,2022,12,168.6,202.2597947625572,-33.6597947625572,33.6597947625572,19.96429108099478
19135,corn,2022,1,145.4,187.7242211239262,-42.32422112392621,42.32422112392621,29.108817829385288
19135,corn,2022,2,145.4,189.6805003846053,-44.28050038460529,44.28050038460529,30.45426436355247
19135,corn,2022,3,145.4,189.1991170556858,-43.7991170556858,43.7991170556858,30.12318917172338
19135,corn,2022,4,145.4,182.89151515175266,-37.49151515175265,37.49151515175265,25.78508607410774
19135,corn,2022,5,145.4,182.91759388936686,-37.51759388936685,37.51759388936685,25.80302193216427
19135,corn,2022,6,145.4,186.8118629176756,-41.41186291767559,41.41186291767559,28.48133625699834
19135,corn,2022,7,145.4,184.4837244614123,-39.08372446141229,39.08372446141229,26.88014061995343
19135,corn,2022,8,145.4,187.79621944558212,-42.39621944558212,42.39621944558212,29.15833524455441
19135,corn,2022,9,145.4,190.66394198515903,-45.26394198515902,45.26394198515902,31.130634102585297
19135,corn,2022,10,145.4,185.92006055878062,-40.520060558780614,40.520060558780614,27.867992131210872
19135,corn,2022,11,145.4,185.57180431842667,-40.171804318426666,40.171804318426666,27.628476147473634
19135,corn,2022,12,145.4,185.07787637163557,-39.67787637163556,39.67787637163556,27.288773295485257
19137,corn,2022,1,187.8,189.26726772329536,-1.4672677232953504,1.4672677232953504,0.7812927174096648
19137,corn,2022,2,187.8,191.20063688874367,-3.400636888743662,3.400636888743662,1.8107757661041863
19137,corn,2022,3,187.8,191.05775396468763,-3.2577539646876232,3.2577539646876232,1.7346932719316417
19137,corn,2022,4,187.8,190.03058070461844,-2.2305807046184327,2.2305807046184327,1.1877426542164178
19137,corn,2022,5,187.8,186.6577331126812,1.1422668873188115,1.1422668873188115,0.6082358292432436
19137,corn,2022,6,187.8,188.77017391487644,-0.9701739148764261,0.9701739148764261,0.5165995286881928
19137,corn,2022,7,187.8,185.51254944461766,2.2874505553823496,2.2874505553823496,1.2180247898734555
19137,corn,2022,8,187.8,187.676570664697,0.12342933530300115,0.12342933530300115,0.06572382071512309
19137,corn,2022,9,187.8,192.1283861481761,-4.328386148176094,4.328386148176094,2.3047849564302947
19137,corn,2022,10,187.8,187.78957901673536,0.010420983264651795,0.010420983264651795,0.005548979374148986
19137,corn,2022,11,187.8,189.5245523452859,-1.7245523452859004,1.7245523452859004,0.9182919836453144
19137,corn,2022,12,187.8,192.60654361964296,-4.806543619642952,4.806543619642952,2.559394898638419
19139,corn,2022,1,213.1,195.10628522528614,17.99371477471385,17.99371477471385,8.443789195079237
19139,corn,2022,2,213.1,193.93256144821436,19.167438551785636,19.167438551785636,8.99457463715891
19139,corn,2022,3,213.1,191.82552093349634,21.27447906650366,21.27447906650366,9.983331331066946
19139,corn,2022,4,213.1,189.4000584489936,23.69994155100639,23.69994155100639,11.121511755516842
19139,corn,2022,5,213.1,188.19739360140295,24.902606398597044,24.902606398597044,11.685878178600209
19139,corn,2022,6,213.1,189.4547995304786,23.6452004695214,23.6452004695214,11.095823777344627
19139,corn,2022,7,213.1,185.31005986032002,27.78994013967997,27.78994013967997,13.040797813083046
19139,corn,2022,8,213.1,189.64326014495626,23.456739855043736,23.456739855043736,11.007386135637605
19139,corn,2022,9,213.1,190.21872960954704,22.881270390452954,22.881270390452954,10.73733946055981
19139,corn,2022,10,213.1,186.37136427101308,26.728635728986916,26.728635728986916,12.542766648984943
19139,corn,2022,11,213.1,188.95655875057548,24.143441249424512,24.143441249424512,11.329629868336234
19139,corn,2022,12,213.1,190.16695544586443,22.933044554135563,22.933044554135563,10.761635173221757
19141,corn,2022,1,201.2,198.42023615341964,2.7797638465803516,2.7797638465803516,1.3815923690757217
19141,corn,2022,2,201.2,197.16274386706633,4.037256132933663,4.037256132933663,2.0065885352553
19141,corn,2022,3,201.2,194.1944345182663,7.005565481733697,7.005565481733697,3.4818913925117783
19141,corn,2022,4,201.2,192.70788991719203,8.492110082807955,8.492110082807955,4.220730657459222
19141,corn,2022,5,201.2,193.44215783452506,7.757842165474926,7.757842165474926,3.855786364550162
19141,corn,2022,6,201.2,192.94430816853608,8.255691831463906,8.255691831463906,4.103226556393592
19141,corn,2022,7,201.2,191.8467967469078,9.353203253092175,9.353203253092175,4.648709370324143
19141,corn,2022,8,201.2,193.53514209445405,7.664857905545944,7.664857905545944,3.8095715236311847
19141,corn,2022,9,201.2,193.38320735830354,7.816792641696452,7.816792641696452,3.8850858060121536
19141,corn,2022,10,201.2,190.53071459668445,10.669285403315541,10.669285403315541,5.302825747174722
19141,corn,2022,11,201.2,196.0930446809318,5.106955319068192,5.106955319068192,2.53824817051103
19141,corn,2022,12,201.2,198.4036339816585,2.7963660183415016,2.7963660183415016,1.3898439454977642
19143,corn,2022,1,197.6,194.54680604205137,3.053193957948622,3.053193957948622,1.5451386426865497
19143,corn,2022,2,197.6,193.90680028654415,3.69319971345584,3.69319971345584,1.8690281950687453
19143,corn,2022,3,197.6,193.5076397203941,4.092360279605884,4.092360279605884,2.0710325301649215
19143,corn,2022,4,197.6,193.21320576571085,4.386794234289141,4.386794234289141,2.220037567960092
19143,corn,2022,5,197.6,193.15096246402146,4.449037535978533,4.449037535978533,2.2515372145640353
19143,corn,2022,6,197.6,190.00729217664838,7.592707823351617,7.592707823351617,3.8424634733560814
19143,corn,2022,7,197.6,189.55053873274417,8.049461267255822,8.049461267255822,4.073614001647683
19143,corn,2022,8,197.6,191.88671080535602,5.713289194643977,5.713289194643977,2.8913406855485713
19143,corn,2022,9,197.6,192.50256277457513,5.097437225424869,5.097437225424869,2.579674709223112
19143,corn,2022,10,197.6,190.50174047835247,7.09825952164752,7.09825952164752,3.5922366000240484
19143,corn,2022,11,197.6,192.84493553442866,4.755064465571337,4.755064465571337,2.4064091424956158
19143,corn,2022,12,197.6,193.62969691761492,3.9703030823850725,3.9703030823850725,2.009262693514713
19145,corn,2022,1,174.5,196.09928000375888,-21.599280003758878,21.599280003758878,12.377810890406234
19145,corn,2022,2,174.5,195.15867760370634,-20.658677603706337,20.658677603706337,11.838783727052341
19145,corn,2022,3,174.5,192.16926097891695,-17.669260978916952,17.669260978916952,10.125650990783354
19145,corn,2022,4,174.5,189.13682164774175,-14.636821647741755,14.636821647741755,8.387863408447997
19145,corn,2022,5,174.5,186.93141377034877,-12.431413770348769,12.431413770348769,7.124019352635398
19145,corn,2022,6,174.5,192.5389191628321,-18.038919162832087,18.038919162832087,10.337489491594319
19145,corn,2022,7,174.5,187.50261125274292,-13.002611252742923,13.002611252742923,7.45135315343434
19145,corn,2022,8,174.5,192.91334988647674,-18.413349886476738,18.413349886476738,10.552062972192973
19145,corn,2022,9,174.5,192.969103065293,-18.469103065293012,18.469103065293012,10.584013217932958
19145,corn,2022,10,174.5,188.66142165547828,-14.161421655478279,14.161421655478279,8.115427882795576
19145,corn,2022,11,174.5,190.8561026886272,-16.356102688627203,16.356102688627203,9.373124749929628
19145,corn,2022,12,174.5,193.443263768148,-18.943263768148,18.943263768148,10.855738549081948
19147,corn,2022,1,195.9,194.82753221596178,1.0724677840382242,1.0724677840382242,0.5474567555070057
19147,corn,2022,2,195.9,196.5881068290679,-0.6881068290678911,0.6881068290678911,0.35125412407753503
19147,corn,2022,3,195.9,193.11548579775612,2.7845142022438836,2.7845142022438836,1.421395713243432
19147,corn,2022,4,195.9,192.1606845439293,3.739315456070699,3.739315456070699,1.9087878795664621
19147,corn,2022,5,195.9,192.6837525837344,3.2162474162656167,3.2162474162656167,1.641780202279539
19147,corn,2022,6,195.9,191.45135254109366,4.4486474589063505,4.4486474589063505,2.270876701840914
19147,corn,2022,7,195.9,188.43902027533056,7.460979724669443,7.460979724669443,3.808565454144687
19147,corn,2022,8,195.9,191.7256163882679,4.174383611732111,4.174383611732111,2.1308747379949518
19147,corn,2022,9,195.9,192.0488423960325,3.8511576039674935,3.8511576039674935,1.9658793282120945
19147,corn,2022,10,195.9,188.905604205101,6.994395794898992,6.994395794898992,3.5703909111276118
19147,corn,2022,11,195.9,193.92229177163233,1.9777082283676748,1.9777082283676748,1.0095498868645607
19147,corn,2022,12,195.9,196.15179643100205,-0.25179643100204885,0.25179643100204885,0.1285331449729703
19149,corn,2022,1,171.8,204.5722998024719,-32.77229980247188,32.77229980247188,19.07584388968095
19149,corn,2022,2,171.8,200.36072429791702,-28.560724297917005,28.560724297917005,16.624402967355646
19149,corn,2022,3,171.8,199.26658308088352,-27.46658308088351,27.46658308088351,15.987533807266303
19149,corn,2022,4,171.8,197.63949352716398,-25.839493527163967,25.839493527163967,15.040450248640258
19149,corn,2022,5,171.8,195.33646660442346,-23.536466604423453,23.536466604423453,13.699922354146363
19149,corn,2022,6,171.8,197.26816028891915,-25.468160288919137,25.468160288919137,14.82430750228122
19149,corn,2022,7,171.8,197.8813706619189,-26.081370661918896,26.081370661918896,15.181240199021476
19149,corn,2022,8,171.8,197.4748477511944,-25.67484775119439,25.67484775119439,14.944614523396035
19149,corn,2022,9,171.8,197.41857366580842,-25.618573665808412,25.618573665808412,14.911858944009552
19149,corn,2022,10,171.8,191.98521235408373,-20.185212354083717,20.185212354083717,11.749250497138368
19149,corn,2022,11,171.8,200.54886165739208,-28.74886165739207,28.74886165739207,16.733912489750914
19149,corn,2022,12,171.8,201.68785617375804,-29.887856173758024,29.887856173758024,17.39688950742609
19151,corn,2022,1,198.3,196.55936585494206,1.7406341450579532,1.7406341450579532,0.8777781871194922
19151,corn,2022,2,198.3,196.82683871302785,1.4731612869721573,1.4731612869721573,0.7428952531377495
19151,corn,2022,3,198.3,193.1441551189697,5.155844881030305,5.155844881030305,2.6000226328947575
19151,corn,2022,4,198.3,192.13780145718465,6.162198542815361,6.162198542815361,3.1075131330385077
19151,corn,2022,5,198.3,193.32916634664224,4.970833653357772,4.970833653357772,2.506723980513249
19151,corn,2022,6,198.3,192.56674350526038,5.733256494739635,5.733256494739635,2.8912034769236685
19151,corn,2022,7,198.3,188.7452135400247,9.554786459975304,9.554786459975304,4.818349198172115
19151,corn,2022,8,198.3,194.13376409735866,4.166235902641347,4.166235902641347,2.1009762494409214
19151,corn,2022,9,198.3,192.7092985840088,5.590701415991219,5.590701415991219,2.8193148845139784
19151,corn,2022,10,198.3,189.36354626204786,8.93645373795215,8.93645373795215,4.506532394327861
19151,corn,2022,11,198.3,195.3669973644981,2.933002635501907,2.933002635501907,1.4790734420080216
19151,corn,2022,12,198.3,196.43167162784556,1.8683283721544512,1.8683283721544512,0.942172653633107
19153,corn,2022,1,188.6,197.8611765471816,-9.261176547181606,9.261176547181606,4.91048597411538
19153,corn,2022,2,188.6,198.27264753573718,-9.672647535737184,9.672647535737184,5.128657229977298
19153,corn,2022,3,188.6,192.52241368020051,-3.9224136802005205,3.9224136802005205,2.079752746659873
19153,corn,2022,4,188.6,188.19334938723733,0.406650612762661,0.406650612762661,0.2156153832251649
19153,corn,2022,5,188.6,188.0965729938822,0.5034270061177892,0.5034270061177892,0.26692842318016397
19153,corn,2022,6,188.6,191.34608236747127,-2.746082367471274,2.746082367471274,1.456035189539382
19153,corn,2022,7,188.6,190.62742554355373,-2.0274255435537327,2.0274255435537327,1.074987032637186
19153,corn,2022,8,188.6,192.4121067933138,-3.812106793313802,3.812106793313802,2.0212655319797466
19153,corn,2022,9,188.6,194.3284403510639,-5.7284403510639095,5.7284403510639095,3.0373490726743952
19153,corn,2022,10,188.6,188.4898873773867,0.11011262261328625,0.11011262261328625,0.05838421135381032
19153,corn,2022,11,188.6,191.04832490307072,-2.448324903070727,2.448324903070727,1.2981574247458787
19153,corn,2022,12,188.6,195.35931411240244,-6.75931411240245,6.75931411240245,3.5839417351020413
19155,corn,2022,1,195.0,201.10335673750052,-6.103356737500519,6.103356737500519,3.1299265320515484
19155,corn,2022,2,195.0,196.56878837254803,-1.5687883725480276,1.5687883725480276,0.8045068577169372
19155,corn,2022,3,195.0,193.03162294347925,1.968377056520751,1.968377056520751,1.009424131549103
19155,corn,2022,4,195.0,196.68477793491002,-1.6847779349100165,1.6847779349100165,0.8639886845692393
19155,corn,2022,5,195.0,194.28477780716673,0.7152221928332665,0.7152221928332665,0.36678061170936743
19155,corn,2022,6,195.0,197.53004044550045,-2.530040445500447,2.530040445500447,1.2974566387181778
19155,corn,2022,7,195.0,192.95165538773014,2.048344612269858,2.048344612269858,1.0504331344973632
19155,corn,2022,8,195.0,195.31104853934406,-0.31104853934405696,0.31104853934405696,0.15951207145849075
19155,corn,2022,9,195.0,195.75135139188836,-0.7513513918883632,0.7513513918883632,0.3853084060965965
19155,corn,2022,10,195.0,193.35621581002744,1.643784189972564,1.643784189972564,0.8429662512679816
19155,corn,2022,11,195.0,193.31572659474526,1.6842734052547428,1.6842734052547428,0.8637299514126886
19155,corn,2022,12,195.0,203.55670986822142,-8.556709868221418,8.556709868221418,4.38805634267765
19157,corn,2022,1,193.3,196.72197219723836,-3.421972197238347,3.421972197238347,1.7702908418201484
19157,corn,2022,2,193.3,194.8270449153761,-1.5270449153760808,1.5270449153760808,0.7899870229571034
19157,corn,2022,3,193.3,188.9795769839507,4.320423016049318,4.320423016049318,2.2350869198392744
19157,corn,2022,4,193.3,187.98913006344608,5.310869936553928,5.310869936553928,2.747475393975131
19157,corn,2022,5,193.3,189.01443065540968,4.2855693445903285,4.2855693445903285,2.21705604996913
19157,corn,2022,6,193.3,191.38042420637964,1.9195757936203677,1.9195757936203677,0.9930552476049496
19157,corn,2022,7,193.3,187.9510181828053,5.348981817194698,5.348981817194698,2.76719183507227
19157,corn,2022,8,193.3,192.18111631639044,1.1188836836095675,1.1188836836095675,0.5788327385460773
19157,corn,2022,9,193.3,190.98092857477366,2.3190714252263547,2.3190714252263547,1.1997265521088227
19157,corn,2022,10,193.3,188.22421915236657,5.075780847633439,5.075780847633439,2.6258566206070557
19157,corn,2022,11,193.3,189.96731469283682,3.332685307163189,3.332685307163189,1.7241000037057364
19157,corn,2022,12,193.3,192.34892203860926,0.9510779613907516,0.9510779613907516,0.4920217079103733
19159,corn,2022,1,151.8,190.02091450240817,-38.220914502408164,38.220914502408164,25.17846805165228
19159,corn,2022,2,151.8,194.23797296273256,-42.437972962732545,42.437972962732545,27.9565039280188
19159,corn,2022,3,151.8,189.8575060522982,-38.05750605229818,38.05750605229818,25.070820851316324
19159,corn,2022,4,151.8,183.16432375217573,-31.36432375217572,31.36432375217572,20.66160984991813
19159,corn,2022,5,151.8,184.53111509201776,-32.731115092017745,32.731115092017745,21.561999401856223
19159,corn,2022,6,151.8,188.69163938990533,-36.89163938990532,36.89163938990532,24.3027927469732
19159,corn,2022,7,151.8,185.79943761777503,-33.999437617775015,33.999437617775015,22.397521487335318
19159,corn,2022,8,151.8,187.79564937497642,-35.99564937497641,35.99564937497641,23.712548995373126
19159,corn,2022,9,151.8,190.55744529007322,-38.75744529007321,38.75744529007321,25.531913893328856
19159,corn,2022,10,151.8,187.66989552712872,-35.869895527128705,35.869895527128705,23.629707198372003
19159,corn,2022,11,151.8,185.3634357430572,-33.5634357430572,33.5634357430572,22.110300225992884
19159,corn,2022,12,151.8,187.8171422575577,-36.01714225755768,36.01714225755768,23.72670767955051
19161,corn,2022,1,212.4,203.65787895250918,8.742121047490826,8.742121047490826,4.115876199383628
19161,corn,2022,2,212.4,199.52104504576056,12.878954954239447,12.878954954239447,6.063538114048703
19161,corn,2022,3,212.4,194.53408845155,17.865911548450015,17.865911548450015,8.411446115089461
19161,corn,2022,4,212.4,193.73775892720712,18.66224107279288,18.66224107279288,8.78636585348064
19161,corn,2022,5,212.4,194.17834041720965,18.221659582790352,18.221659582790352,8.578935773441785
19161,corn,2022,6,212.4,196.27905806689347,16.120941933106536,16.120941933106536,7.589897331971061
19161,corn,2022,7,212.4,191.9556859945671,20.444314005432915,20.444314005432915,9.625383241729244
19161,corn,2022,8,212.4,197.96027851623057,14.439721483769432,14.439721483769432,6.798362280494083
19161,corn,2022,9,212.4,193.27827548536075,19.121724514639254,19.121724514639254,9.002695157551438
19161,corn,2022,10,212.4,189.23842461238672,23.161575387613283,23.161575387613283,10.904696510175745
19161,corn,2022,11,212.4,196.5896337365814,15.810366263418615,15.810366263418615,7.443675265263002
19161,corn,2022,12,212.4,201.9319946227961,10.468005377203895,10.468005377203895,4.928439443128011
19163,corn,2022,1,216.2,201.21300135685,14.986998643150002,14.986998643150002,6.932006772964849
19163,corn,2022,2,216.2,191.90451424636237,24.29548575363762,24.29548575363762,11.237504973930445
19163,corn,2022,3,216.2,191.62287151034312,24.57712848965687,24.57712848965687,11.36777450955452
19163,corn,2022,4,216.2,192.83900705460658,23.360992945393406,23.360992945393406,10.805269632466885
19163,corn,2022,5,216.2,193.2241916651837,22.975808334816293,22.975808334816293,10.627108387981634
19163,corn,2022,6,216.2,195.45938328881232,20.74061671118767,20.74061671118767,9.593254723028526
19163,corn,2022,7,216.2,186.87307111859516,29.326928881404825,29.326928881404825,13.564721961796867
19163,corn,2022,8,216.2,193.53070681048618,22.66929318951381,22.66929318951381,10.485334500237654
19163,corn,2022,9,216.2,192.8656830572527,23.33431694274728,23.33431694274728,10.792931055849806
19163,corn,2022,10,216.2,187.7736020460583,28.426397953941688,28.426397953941688,13.148195168335658
19163,corn,2022,11,216.2,191.6073924220092,24.592607577990776,24.592607577990776,11.3749341248801
19163,corn,2022,12,216.2,192.85171549454316,23.34828450545683,23.34828450545683,10.799391538139146
19165,corn,2022,1,209.0,202.70843891431656,6.2915610856834405,6.2915610856834405,3.010316308939445
19165,corn,2022,2,209.0,196.61842746157765,12.381572538422347,12.381572538422347,5.92419738680495
19165,corn,2022,3,209.0,192.40914034848043,16.590859651519565,16.590859651519565,7.93821035957874
19165,corn,2022,4,209.0,195.4440998513136,13.55590014868639,13.55590014868639,6.486076626165738
19165,corn,2022,5,209.0,191.71684748758713,17.28315251241287,17.28315251241287,8.26945096287697
19165,corn,2022,6,209.0,196.82539494929253,12.17460505070747,12.17460505070747,5.825169880721277
19165,corn,2022,7,209.0,192.3078989354797,16.6921010645203,16.6921010645203,7.986651227043207
19165,corn,2022,8,209.0,197.52760962200713,11.472390377992866,11.472390377992866,5.489181999039649
19165,corn,2022,9,209.0,193.5884248784413,15.411575121558712,15.411575121558712,7.373959388305604
19165,corn,2022,10,209.0,189.6177081766657,19.3822918233343,19.3822918233343,9.273823838915932
19165,corn,2022,11,209.0,192.86594099164836,16.13405900835164,16.13405900835164,7.7196454585414545
19165,corn,2022,12,209.0,199.76660620265685,9.233393797343155,9.233393797343155,4.4178917690637105
19167,corn,2022,1,196.9,204.09167165736133,-7.191671657361326,7.191671657361326,3.652448784845772
19167,corn,2022,2,196.9,202.19318652498484,-5.293186524984833,5.293186524984833,2.688261312841459
19167,corn,2022,3,196.9,199.32184455661735,-2.4218445566173443,2.4218445566173443,1.2299870780179503
19167,corn,2022,4,196.9,195.56832558488952,1.3316744151104842,1.3316744151104842,0.6763201701932372
19167,corn,2022,5,196.9,194.34782210720027,2.552177892799733,2.552177892799733,1.2961797322497375
19167,corn,2022,6,196.9,195.8638584685428,1.0361415314572184,1.0361415314572184,0.5262272887035137
19167,corn,2022,7,196.9,198.39411198926712,-1.494111989267111,1.494111989267111,0.7588176684952317
19167,corn,2022,8,196.9,197.26206482222375,-0.3620648222237435,0.3620648222237435,0.18388259127665996
19167,corn,2022,9,196.9,195.79323268323003,1.1067673167699752,1.1067673167699752,0.5620961486896776
19167,corn,2022,10,196.9,192.19110090006444,4.708899099935564,4.708899099935564,2.3915180802110534
19167,corn,2022,11,196.9,196.84686436782079,0.05313563217922024,0.05313563217922024,0.026986100649680163
19167,corn,2022,12,196.9,200.4701670470401,-3.570167047040087,3.570167047040087,1.813187936536357
19169,corn,2022,1,207.1,197.43242322009564,9.667576779904351,9.667576779904351,4.668071839644786
19169,corn,2022,2,207.1,195.68308245731131,11.41691754268868,11.41691754268868,5.512755935629493
19169,corn,2022,3,207.1,192.1383432605048,14.961656739495197,14.961656739495197,7.224363466680443
19169,corn,2022,4,207.1,191.8390708329256,15.260929167074408,15.260929167074408,7.36886970887224
19169,corn,2022,5,207.1,192.49339392687568,14.606606073124311,14.606606073124311,7.052924226520672
19169,corn,2022,6,207.1,192.79891949951846,14.301080500481532,14.301080500481532,6.905398599942797
19169,corn,2022,7,207.1,188.4793978920109,18.6206021079891,18.6206021079891,8.991116421047368
19169,corn,2022,8,207.1,193.44314194818165,13.656858051818347,13.656858051818347,6.594330300250288
19169,corn,2022,9,207.1,193.49351032006572,13.60648967993427,13.60648967993427,6.570009502623984
19169,corn,2022,10,207.1,188.8756934704377,18.224306529562284,18.224306529562284,8.799761723593571
19169,corn,2022,11,207.1,193.86251303690617,13.23748696309383,13.23748696309383,6.391833395989295
19169,corn,2022,12,207.1,194.87519109198186,12.224808908018133,12.224808908018133,5.902853166594946
19171,corn,2022,1,203.3,203.69485952990595,-0.3948595299059434,0.3948595299059434,0.19422505160154618
19171,corn,2022,2,203.3,197.38157761042743,5.918422389572584,5.918422389572584,2.9111767779501148
19171,corn,2022,3,203.3,188.8987513076885,14.401248692311498,14.401248692311498,7.083742593365222
19171,corn,2022,4,203.3,188.10260768041823,15.19739231958178,15.19739231958178,7.475352837964476
19171,corn,2022,5,203.3,192.53585776544534,10.764142234554669,10.764142234554669,5.294708428211839
19171,corn,2022,6,203.3,198.66647487889935,4.633525121100661,4.633525121100661,2.279156478652563
19171,corn,2022,7,203.3,193.01468562148122,10.285314378518791,10.285314378518791,5.059180707584255
19171,corn,2022,8,203.3,196.67499485559694,6.625005144403076,6.625005144403076,3.2587334699474058
19171,corn,2022,9,203.3,194.1789867177378,9.121013282262197,9.121013282262197,4.4864797256577456
19171,corn,2022,10,203.3,189.12801608076754,14.171983919232474,14.171983919232474,6.970970939120745
19171,corn,2022,11,203.3,192.6429244615461,10.65707553845391,10.65707553845391,5.242044042525287
19171,corn,2022,12,203.3,197.66640410652502,5.63359589347499,5.63359589347499,2.7710752058411163
19173,corn,2022,1,172.1,188.6140490186275,-16.514049018627503,16.514049018627503,9.595612445454679
19173,corn,2022,2,172.1,194.8960564038875,-22.79605640388752,22.79605640388752,13.245820106849227
19173,corn,2022,3,172.1,192.4469632621835,-20.346963262183493,20.346963262183493,11.82275610818332
19173,corn,2022,4,172.1,185.5021232817665,-13.402123281766507,13.402123281766507,7.787404579759737
19173,corn,2022,5,172.1,185.66617047506762,-13.566170475067622,13.566170475067622,7.882725435832436
19173,corn,2022,6,172.1,190.95558002639527,-18.855580026395273,18.855580026395273,10.956176656824681
19173,corn,2022,7,172.1,188.21402609102742,-16.114026091027426,16.114026091027426,9.363176113322154
19173,corn,2022,8,172.1,191.29140993742362,-19.19140993742363,19.19140993742363,11.15131315364534
19173,corn,2022,9,172.1,192.137422821353,-20.037422821353005,20.037422821353005,11.642895305841375
19173,corn,2022,10,172.1,187.76043771711545,-15.660437717115457,15.660437717115457,9.09961517554646
19173,corn,2022,11,172.1,190.11977020388542,-18.01977020388543,18.01977020388543,10.470523070241388
19173,corn,2022,12,172.1,192.113613978185,-20.013613978184992,20.013613978184992,11.629060998364318
19175,corn,2022,1,149.4,184.15220335262006,-34.75220335262006,34.75220335262006,23.261180289571655
19175,corn,2022,2,149.4,189.74673178196196,-40.34673178196195,40.34673178196195,27.00584456623959
19175,corn,2022,3,149.4,188.29703220260265,-38.897032202602645,38.897032202602645,26.03549678889066
19175,corn,2022,4,149.4,183.42496280340288,-34.02496280340287,34.02496280340287,22.774406160242886
19175,corn,2022,5,149.4,183.95256458416696,-34.55256458416696,34.55256458416696,23.127553269188056
19175,corn,2022,6,149.4,185.53167581781562,-36.13167581781562,36.13167581781562,24.184521966409385
19175,corn,2022,7,149.4,185.1227640169365,-35.72276401693648,35.72276401693648,23.910819288444767
19175,corn,2022,8,149.4,187.39172393097007,-37.99172393097007,37.99172393097007,25.42953409034141
19175,corn,2022,9,149.4,191.16388352490148,-41.76388352490147,41.76388352490147,27.954406643173673
19175,corn,2022,10,149.4,186.15278289992494,-36.75278289992494,36.75278289992494,24.600256291783758
19175,corn,2022,11,149.4,186.4323168052573,-37.032316805257295,37.032316805257295,24.78736064608922
19175,corn,2022,12,149.4,187.80024004365242,-38.40024004365242,38.40024004365242,25.702971916768686
19177,corn,2022,1,151.9,187.25219760840733,-35.35219760840732,35.35219760840732,23.273336147733588
19177,corn,2022,2,151.9,190.72985114708578,-38.829851147085776,38.829851147085776,25.562772315395506
19177,corn,2022,3,151.9,188.02894265448268,-36.12894265448267,36.12894265448267,23.784689041792408
19177,corn,2022,4,151.9,182.64713801869334,-30.747138018693335,30.747138018693335,20.241697181496598
19177,corn,2022,5,151.9,183.81550401066298,-31.91550401066297,31.91550401066297,21.010865049811038
19177,corn,2022,6,151.9,185.81678501532522,-33.91678501532522,33.91678501532522,22.328364065388556
19177,corn,2022,7,151.9,183.86765001169059,-31.96765001169058,31.96765001169058,21.04519421441118
19177,corn,2022,8,151.9,185.3365770557582,-33.43657705575819,33.43657705575819,22.01222979312587
19177,corn,2022,9,151.9,190.7737810480387,-38.873781048038694,38.873781048038694,25.591692592520538
19177,corn,2022,10,151.9,185.43273976711043,-33.53273976711043,33.53273976711043,22.075536383877832
19177,corn,2022,11,151.9,187.28898724338552,-35.388987243385515,35.388987243385515,23.297555788930556
19177,corn,2022,12,151.9,186.5750076103133,-34.67500761031329,34.67500761031329,22.827523114096962
19179,corn,2022,1,170.8,189.0661616568376,-18.266161656837596,18.266161656837596,10.694474037961122
19179,corn,2022,2,170.8,190.7778647897763,-19.977864789776277,19.977864789776277,11.696642148580958
19179,corn,2022,3,170.8,190.20753799065568,-19.40753799065567,19.40753799065567,11.362727160805425
19179,corn,2022,4,170.8,184.8305718740069,-14.030571874006881,14.030571874006881,8.214620535132834
19179,corn,2022,5,170.8,184.2806550931486,-13.480655093148584,13.480655093148584,7.892655206761466
19179,corn,2022,6,170.8,186.402513363978,-15.602513363977977,15.602513363977977,9.134960985935583
19179,corn,2022,7,170.8,184.0904208933398,-13.290420893339785,13.290420893339785,7.7812768696368755
19179,corn,2022,8,170.8,187.576313572438,-16.776313572438,16.776313572438,9.822197641942623
19179,corn,2022,9,170.8,191.18176028172326,-20.381760281723245,20.381760281723245,11.933114919041712
19179,corn,2022,10,170.8,186.1652674995366,-15.3652674995366,15.3652674995366,8.996058254998008
19179,corn,2022,11,170.8,187.9229864188592,-17.1229864188592,17.1229864188592,10.025167692540514
19179,corn,2022,12,170.8,187.34802238591843,-16.548022385918415,16.548022385918415,9.688537696673546
19181,corn,2022,1,157.8,196.14070714716277,-38.34070714716276,38.34070714716276,24.297026075515056
19181,corn,2022,2,157.8,194.10569429715684,-36.30569429715683,36.30569429715683,23.007410834700146
19181,corn,2022,3,157.8,190.83322826122432,-33.03322826122431,33.03322826122431,20.93360472827903
19181,corn,2022,4,157.8,183.6758551278231,-25.875855127823087,25.875855127823087,16.397880309140103
19181,corn,2022,5,157.8,185.797366255607,-27.997366255606977,27.997366255606977,17.742310681626726
19181,corn,2022,6,157.8,190.0690131666945,-32.26901316669449,32.26901316669449,20.44931125899524
19181,corn,2022,7,157.8,187.05543913688962,-29.255439136889606,29.255439136889606,18.539568527813437
19181,corn,2022,8,157.8,190.3979384891388,-32.597938489138784,32.597938489138784,20.65775569653915
19181,corn,2022,9,157.8,191.7331753508759,-33.9331753508759,33.9331753508759,21.50391340359689
19181,corn,2022,10,157.8,188.25754313345976,-30.45754313345975,30.45754313345975,19.301358132737484
19181,corn,2022,11,157.8,188.09109526615472,-30.291095266154713,30.291095266154713,19.195877861948485
19181,corn,2022,12,157.8,189.79822059434431,-31.998220594344303,31.998220594344303,20.27770633355152
19183,corn,2022,1,185.7,195.9670720936578,-10.267072093657816,10.267072093657816,5.528848731102755
19183,corn,2022,2,185.7,193.68769967571401,-7.987699675714026,7.987699675714026,4.301399933071635
19183,corn,2022,3,185.7,191.0291685470818,-5.329168547081821,5.329168547081821,2.8697730463553155
19183,corn,2022,4,185.7,187.44846862966395,-1.7484686296639609,1.7484686296639609,0.941555535629489
19183,corn,2022,5,185.7,187.12184634872608,-1.421846348726092,1.421846348726092,0.7656684699655854
19183,corn,2022,6,185.7,188.49779537038987,-2.7977953703898777,2.7977953703898777,1.5066210933709627
19183,corn,2022,7,185.7,185.85136777111882,-0.15136777111882793,0.15136777111882793,0.0815119930634507
19183,corn,2022,8,185.7,189.7549448450669,-4.054944845066899,4.054944845066899,2.183599808867474
19183,corn,2022,9,185.7,190.58040484611578,-4.880404846115795,4.880404846115795,2.628112464251909
19183,corn,2022,10,185.7,186.95423762661594,-1.2542376266159465,1.2542376266159465,0.6754106766914091
19183,corn,2022,11,185.7,188.7579998524599,-3.057999852459915,3.057999852459915,1.6467419776305412
19183,corn,2022,12,185.7,190.57468480599826,-4.874684805998271,4.874684805998271,2.6250322057072006
19185,corn,2022,1,170.1,190.0175121124431,-19.91751211244309,19.91751211244309,11.709295774510931
19185,corn,2022,2,170.1,190.49023259859652,-20.390232598596526,20.390232598596526,11.987203173778088
19185,corn,2022,3,170.1,189.82822454485765,-19.728224544857653,19.728224544857653,11.598015605442477
19185,corn,2022,4,170.1,183.75377084735547,-13.653770847355474,13.653770847355474,8.026908199503513
19185,corn,2022,5,170.1,184.0598468307773,-13.959846830777309,13.959846830777309,8.206847049251799
19185,corn,2022,6,170.1,185.1691997236124,-15.0691997236124,15.0691997236124,8.859023940983187
19185,corn,2022,7,170.1,183.92375049925764,-13.823750499257642,13.823750499257642,8.126837448123245
19185,corn,2022,8,170.1,187.10222489894497,-17.002224898944974,17.002224898944974,9.995429099908861
19185,corn,2022,9,170.1,189.9438757031863,-19.843875703186313,19.843875703186313,11.666005704401124
19185,corn,2022,10,170.1,185.97641798829028,-15.876417988290285,15.876417988290285,9.333579064250609
19185,corn,2022,11,170.1,185.2211675063991,-15.121167506399104,15.121167506399104,8.889575253614995
19185,corn,2022,12,170.1,184.99750049226108,-14.897500492261088,14.897500492261088,8.758083769700816
19187,corn,2022,1,201.5,201.76469518618515,-0.26469518618515053,0.26469518618515053,0.13136237527799033
19187,corn,2022,2,201.5,199.3246613244341,2.1753386755659108,2.1753386755659108,1.0795725437051666
19187,corn,2022,3,201.5,194.51600439355425,6.983995606445745,6.983995606445745,3.466002782355208
19187,corn,2022,4,201.5,194.5139431993685,6.986056800631502,6.986056800631502,3.46702570750943
19187,corn,2022,5,201.5,196.3806336184248,5.11936638157519,5.11936638157519,2.5406284772085312
19187,corn,2022,6,201.5,197.65830854567665,3.841691454323353,3.841691454323353,1.9065466274557585
19187,corn,2022,7,201.5,194.2956542856315,7.204345714368486,7.204345714368486,3.575357674624559
19187,corn,2022,8,201.5,196.7401519985686,4.759848001431408,4.759848001431408,2.3622074448791106
19187,corn,2022,9,201.5,194.03165140107814,7.468348598921864,7.468348598921864,3.7063764758917443
19187,corn,2022,10,201.5,190.96456045895363,10.535439541046372,10.535439541046372,5.228505975705396
19187,corn,2022,11,201.5,197.26867562588166,4.231324374118344,4.231324374118344,2.099912840753521
19187,corn,2022,12,201.5,200.49038263414252,1.0096173658574799,1.0096173658574799,0.501050801914382
19189,corn,2022,1,217.6,188.79830156199677,28.80169843800323,28.80169843800323,13.236074649817661
19189,corn,2022,2,217.6,192.9183777586509,24.68162224134909,24.68162224134909,11.342657280031752
19189,corn,2022,3,217.6,192.60177908541453,24.99822091458546,24.99822091458546,11.488152993835229
19189,corn,2022,4,217.6,191.85747330910726,25.74252669089273,25.74252669089273,11.830205280741145
19189,corn,2022,5,217.6,193.48322661079197,24.11677338920802,24.11677338920802,11.083076006069863
19189,corn,2022,6,217.6,189.62215643799453,27.97784356200546,27.97784356200546,12.857464872245156
19189,corn,2022,7,217.6,189.31706541777277,28.282934582227227,28.282934582227227,12.997672142567659
19189,corn,2022,8,217.6,192.16388648754202,25.43611351245798,25.43611351245798,11.689390400945761
19189,corn,2022,9,217.6,191.92241474719177,25.67758525280823,25.67758525280823,11.800360869856723
19189,corn,2022,10,217.6,188.51890449972188,29.08109550027811,29.08109550027811,13.36447403505428
19189,corn,2022,11,217.6,191.0525031923668,26.547496807633195,26.547496807633195,12.200136400566725
19189,corn,2022,12,217.6,190.67770629947918,26.92229370052081,26.92229370052081,12.372377619724638
19191,corn,2022,1,212.4,201.46566038346236,10.934339616537642,10.934339616537642,5.147994169744653
19191,corn,2022,2,212.4,199.08662716143897,13.313372838561037,13.313372838561037,6.268066308173746
19191,corn,2022,3,212.4,191.56850876507738,20.831491234922623,20.831491234922623,9.807670072939088
19191,corn,2022,4,212.4,185.65683115828068,26.743168841719324,26.743168841719324,12.59094578235373
19191,corn,2022,5,212.4,187.9903637028411,24.409636297158897,24.409636297158897,11.492295808455225
19191,corn,2022,6,212.4,193.49450026563704,18.905499734362962,18.905499734362962,8.900894413541884
19191,corn,2022,7,212.4,188.81935448415445,23.58064551584556,23.58064551584556,11.101998830435763
19191,corn,2022,8,212.4,195.15027730634102,17.24972269365898,17.24972269365898,8.121338368012703
19191,corn,2022,9,212.4,189.1614026618702,23.238597338129807,23.238597338129807,10.940959198742847
19191,corn,2022,10,212.4,184.76134277043516,27.638657229564842,27.638657229564842,13.01255048472921
19191,corn,2022,11,212.4,186.65927210431758,25.740727895682426,25.740727895682426,12.118986768212064
19191,corn,2022,12,212.4,195.68166259353168,16.718337406468322,16.718337406468322,7.871156971030284
19193,corn,2022,1,200.2,202.50899008895627,-2.3089900889562784,2.3089900889562784,1.1533417027753639
19193,corn,2022,2,200.2,198.88861449770178,1.311385502298208,1.311385502298208,0.6550377134356683
19193,corn,2022,3,200.2,198.8761859672227,1.3238140327772783,1.3238140327772783,0.6612457706180211
19193,corn,2022,4,200.2,196.63561873894477,3.5643812610552175,3.5643812610552175,1.7804102203073016
19193,corn,2022,5,200.2,194.18236523910153,6.01763476089846,6.01763476089846,3.0058115688803495
19193,corn,2022,6,200.2,197.85489151276678,2.3451084872332046,2.3451084872332046,1.1713828607558465
19193,corn,2022,7,200.2,195.8403605201403,4.3596394798596805,4.3596394798596805,2.1776420978320083
19193,corn,2022,8,200.2,196.08558050038303,4.114419499616957,4.114419499616957,2.0551545952132653
19193,corn,2022,9,200.2,197.79905148932036,2.4009485106796262,2.4009485106796262,1.1992749803594538
19193,corn,2022,10,200.2,191.3921727969092,8.807827203090795,8.807827203090795,4.3995140874579395
19193,corn,2022,11,200.2,198.57721787640756,1.6227821235924296,1.6227821235924296,0.8105804813148999
19193,corn,2022,12,200.2,201.3633417682649,-1.1633417682648997,1.1633417682648997,0.5810897943381118
19195,corn,2022,1,219.5,188.58847896067178,30.91152103932822,30.91152103932822,14.082697512222426
19195,corn,2022,2,219.5,193.5766990756529,25.923300924347103,25.923300924347103,11.810159874417815
19195,corn,2022,3,219.5,193.70252005243782,25.79747994756218,25.79747994756218,11.752838244903044
19195,corn,2022,4,219.5,191.97805496267333,27.521945037326674,27.521945037326674,12.538471543201219
19195,corn,2022,5,219.5,193.56322827709837,25.936771722901625,25.936771722901625,11.816296912483656
19195,corn,2022,6,219.5,189.5946897843153,29.905310215684693,29.905310215684693,13.624287114207151
19195,corn,2022,7,219.5,189.49646858587937,30.00353141412063,30.00353141412063,13.669034812811221
19195,corn,2022,8,219.5,192.04477903677426,27.45522096322574,27.45522096322574,12.508073331765715
19195,corn,2022,9,219.5,191.58184698453744,27.918153015462565,27.918153015462565,12.718976316839436
19195,corn,2022,10,219.5,189.25569435188092,30.24430564811908,30.24430564811908,13.778726946751291
19195,corn,2022,11,219.5,192.76886007476878,26.73113992523122,26.73113992523122,12.178195865708984
19195,corn,2022,12,219.5,192.45627963640064,27.043720363599363,27.043720363599363,12.320601532391509
19197,corn,2022,1,209.7,197.63600090350477,12.063999096495223,12.063999096495223,5.75298001740354
19197,corn,2022,2,209.7,196.17452820783876,13.525471792161227,13.525471792161227,6.449915017721139
19197,corn,2022,3,209.7,192.64443412458326,17.055565875416733,17.055565875416733,8.133317060284567
19197,corn,2022,4,209.7,192.3630352762241,17.33696472377588,17.33696472377588,8.267508213531654
19197,corn,2022,5,209.7,194.3653729566701,15.334627043329903,15.334627043329903,7.312649996819219
19197,corn,2022,6,209.7,194.5029290475675,15.197070952432483,15.197070952432483,7.247053386949205
19197,corn,2022,7,209.7,188.77088951485823,20.929110485141763,20.929110485141763,9.98050094665797
19197,corn,2022,8,209.7,194.91165882547082,14.788341174529165,14.788341174529165,7.052141714129312
19197,corn,2022,9,209.7,192.77729573498138,16.92270426501861,16.92270426501861,8.069959115411832
19197,corn,2022,10,209.7,189.02232875739202,20.67767124260797,20.67767124260797,9.860596682216487
19197,corn,2022,11,209.7,193.48756230122683,16.212437698773158,16.212437698773158,7.731253075237558
19197,corn,2022,12,209.7,195.00698014489035,14.69301985510964,14.69301985510964,7.006685672441412
