county_id,crop_type,year,month,yield_bu_acre,BaselineTrainMean,BaselinePreviousYearSameCounty,Ridge,RandomForest,ExtraTrees,best_model,best_prediction,residual,abs_error,ape
19001,corn,2022,1,164.2,192.2696703296703,192.2696703296703,189.3208912558303,178.64432103174607,177.78616666666673,ExtraTrees,177.78616666666673,-13.586166666666742,13.586166666666742,8.274157531465738
19001,corn,2022,2,164.2,192.2696703296703,192.2696703296703,187.34846148091555,191.15105565476188,185.79766666666686,ExtraTrees,185.79766666666686,-21.597666666666868,21.597666666666868,13.153268371904305
19001,corn,2022,3,164.2,192.2696703296703,192.2696703296703,189.1678747118899,189.83497500000027,193.7752083333332,ExtraTrees,193.7752083333332,-29.575208333333222,29.575208333333222,18.011698132358845
19001,corn,2022,4,164.2,192.2696703296703,192.2696703296703,193.4198388419648,178.3669611111112,182.1695833333334,ExtraTrees,182.1695833333334,-17.969583333333418,17.969583333333418,10.94371701177431
19001,corn,2022,5,164.2,192.2696703296703,192.2696703296703,184.16474658854477,181.475538095238,178.45608333333337,ExtraTrees,178.45608333333337,-14.256083333333379,14.256083333333379,8.682145757206687
19001,corn,2022,6,164.2,192.2696703296703,192.2696703296703,194.1690789726605,190.99360446428562,190.51145833333348,ExtraTrees,190.51145833333348,-26.31145833333349,26.31145833333349,16.02403065367448
19001,corn,2022,7,164.2,192.2696703296703,192.2696703296703,188.97934165512658,199.69979742063498,195.18166666666687,ExtraTrees,195.18166666666687,-30.981666666666882,30.981666666666882,18.868250101502365
19001,corn,2022,8,164.2,192.2696703296703,192.2696703296703,195.04908663070898,195.87686571969698,185.16637499999987,ExtraTrees,185.16637499999987,-20.966374999999886,20.966374999999886,12.76880328867228
19001,corn,2022,9,164.2,192.2696703296703,192.2696703296703,191.49538312828997,191.93138154761894,192.13212500000006,ExtraTrees,192.13212500000006,-27.93212500000007,27.93212500000007,17.011038367844137
19001,corn,2022,10,164.2,192.2696703296703,192.2696703296703,188.86683232166075,178.86319761904758,178.79627083333318,ExtraTrees,178.79627083333318,-14.596270833333193,14.596270833333193,8.889324502638974
19001,corn,2022,11,164.2,192.2696703296703,192.2696703296703,182.16266334206068,178.5406938492063,177.3775833333332,ExtraTrees,177.3775833333332,-13.177583333333217,13.177583333333217,8.025324807145687
19001,corn,2022,12,164.2,192.2696703296703,192.2696703296703,188.4280167920776,184.15745376984108,183.43783333333317,ExtraTrees,183.43783333333317,-19.237833333333185,19.237833333333185,11.716098254161503
19005,corn,2022,1,215.9,192.2696703296703,199.4,188.97372059650854,200.11723988095235,197.12166666666673,ExtraTrees,197.12166666666673,18.77833333333328,18.77833333333328,8.697699552261824
19005,corn,2022,2,215.9,192.2696703296703,199.4,182.80245144916367,192.26954404761918,185.69200000000004,ExtraTrees,185.69200000000004,30.20799999999997,30.20799999999997,13.991662806855013
19005,corn,2022,3,215.9,192.2696703296703,199.4,185.77447379951934,185.50401279761937,191.54400000000027,ExtraTrees,191.54400000000027,24.35599999999974,24.35599999999974,11.281148679944298
19005,corn,2022,4,215.9,192.2696703296703,199.4,179.62388929902468,182.1435786706349,181.07191666666685,ExtraTrees,181.07191666666685,34.828083333333154,34.828083333333154,16.13158097884815
19005,corn,2022,5,215.9,192.2696703296703,199.4,183.72781449088836,187.01183660714298,186.6437499999999,ExtraTrees,186.6437499999999,29.256250000000108,29.256250000000108,13.550833719314548
19005,corn,2022,6,215.9,192.2696703296703,199.4,189.58901541668462,192.50592271825383,190.64604166666663,ExtraTrees,190.64604166666663,25.253958333333372,25.253958333333372,11.697062683341072
19005,corn,2022,7,215.9,192.2696703296703,199.4,200.65789171570685,198.65962678571418,197.5557916666667,ExtraTrees,197.5557916666667,18.344208333333313,18.344208333333313,8.496622664813948
19005,corn,2022,8,215.9,192.2696703296703,199.4,193.70163985389038,194.44362361111104,194.53854166666656,ExtraTrees,194.53854166666656,21.361458333333445,21.361458333333445,9.894144665740363
19005,corn,2022,9,215.9,192.2696703296703,199.4,189.30435412723327,198.9740480158731,201.02616666666665,ExtraTrees,201.02616666666665,14.873833333333351,14.873833333333351,6.8892234058978
19005,corn,2022,10,215.9,192.2696703296703,199.4,186.87440438358075,172.05677986111118,177.6049166666666,ExtraTrees,177.6049166666666,38.295083333333395,38.295083333333395,17.737417014049743
19005,corn,2022,11,215.9,192.2696703296703,199.4,183.44607854556165,189.67346924603186,192.89758333333342,ExtraTrees,192.89758333333342,23.00241666666659,23.00241666666659,10.654199475065582
19005,corn,2022,12,215.9,192.2696703296703,199.4,184.1375965979568,172.466918452381,181.25779166666675,ExtraTrees,181.25779166666675,34.64220833333326,34.64220833333326,16.045487880191413
19007,corn,2022,1,146.1,192.2696703296703,172.3,186.10000049471336,182.83746498015876,177.5652499999999,ExtraTrees,177.5652499999999,-31.465249999999912,31.465249999999912,21.536789869952027
19007,corn,2022,2,146.1,192.2696703296703,172.3,185.72021244855966,190.20131209415584,186.71179166666664,ExtraTrees,186.71179166666664,-40.61179166666665,40.61179166666665,27.79725644535705
19007,corn,2022,3,146.1,192.2696703296703,172.3,176.70993019324993,191.17068353174608,194.7662083333331,ExtraTrees,194.7662083333331,-48.66620833333312,48.66620833333312,33.310204198037724
19007,corn,2022,4,146.1,192.2696703296703,172.3,177.45551318240987,193.7082354166666,193.13837499999994,ExtraTrees,193.13837499999994,-47.038374999999945,47.038374999999945,32.196013004791205
19007,corn,2022,5,146.1,192.2696703296703,172.3,175.1325006024065,169.25463786075034,169.05845833333322,ExtraTrees,169.05845833333322,-22.958458333333226,22.958458333333226,15.714208304813981
19007,corn,2022,6,146.1,192.2696703296703,172.3,183.53805826524663,176.52636021825398,171.78700000000026,ExtraTrees,171.78700000000026,-25.687000000000268,25.687000000000268,17.581793292265754
19007,corn,2022,7,146.1,192.2696703296703,172.3,191.49467809333441,175.96369659090902,177.50250000000003,ExtraTrees,177.50250000000003,-31.402500000000032,31.402500000000032,21.493839835728977
19007,corn,2022,8,146.1,192.2696703296703,172.3,186.57540922134547,175.3267711309523,173.58320833333357,ExtraTrees,173.58320833333357,-27.48320833333358,27.48320833333358,18.811230892083216
19007,corn,2022,9,146.1,192.2696703296703,172.3,187.9053148361291,175.81562232142863,177.4681666666667,ExtraTrees,177.4681666666667,-31.368166666666696,31.368166666666696,21.47033994980609
19007,corn,2022,10,146.1,192.2696703296703,172.3,186.18020874177114,170.66806121031746,173.97424999999993,ExtraTrees,173.97424999999993,-27.874249999999932,27.874249999999932,19.0788843258042
19007,corn,2022,11,146.1,192.2696703296703,172.3,177.67630782766642,178.48404136904756,180.11241666666658,ExtraTrees,180.11241666666658,-34.01241666666658,34.01241666666658,23.280230435774527
19007,corn,2022,12,146.1,192.2696703296703,172.3,180.06903443593094,166.9641904761906,168.02470833333325,ExtraTrees,168.02470833333325,-21.924708333333257,21.924708333333257,15.00664499201455
19009,corn,2022,1,197.9,192.2696703296703,216.3,199.46051729068873,199.3435236111113,202.011125,ExtraTrees,202.011125,-4.111124999999987,4.111124999999987,2.0773749368367795
19009,corn,2022,2,197.9,192.2696703296703,216.3,185.24797894053142,191.807891765873,187.95850000000016,ExtraTrees,187.95850000000016,9.941499999999849,9.941499999999849,5.023496715512809
19009,corn,2022,3,197.9,192.2696703296703,216.3,200.74819006687198,183.65697380952392,188.9540000000002,ExtraTrees,188.9540000000002,8.945999999999799,8.945999999999799,4.520464881253057
19009,corn,2022,4,197.9,192.2696703296703,216.3,202.17439732177658,184.0934141865077,187.47112499999992,ExtraTrees,187.47112499999992,10.42887500000009,10.42887500000009,5.2697700859020165
19009,corn,2022,5,197.9,192.2696703296703,216.3,195.3256155991404,195.44978462301577,197.4982916666667,ExtraTrees,197.4982916666667,0.40170833333331757,0.40170833333331757,0.20298551456963998
19009,corn,2022,6,197.9,192.2696703296703,216.3,196.16597701070867,190.4244916666668,196.98579166666693,ExtraTrees,196.98579166666693,0.9142083333330788,0.9142083333330788,0.4619546909212121
19009,corn,2022,7,197.9,192.2696703296703,216.3,188.2223725014338,193.63221438492067,198.98424999999986,ExtraTrees,198.98424999999986,-1.0842499999998552,1.0842499999998552,0.5478777160181179
19009,corn,2022,8,197.9,192.2696703296703,216.3,198.18035645893823,199.54918541666666,204.15129166666654,ExtraTrees,204.15129166666654,-6.251291666666532,6.251291666666532,3.158813373757722
19009,corn,2022,9,197.9,192.2696703296703,216.3,194.14361872426628,193.70335145202017,196.14920833333318,ExtraTrees,196.14920833333318,1.750791666666828,1.750791666666828,0.8846850261075432
19009,corn,2022,10,197.9,192.2696703296703,216.3,186.2200990742861,179.418354761905,182.29427083333306,ExtraTrees,182.29427083333306,15.605729166666947,15.605729166666947,7.88566405592064
19009,corn,2022,11,197.9,192.2696703296703,216.3,188.01209007994427,186.75706775793645,181.937,ExtraTrees,181.937,15.962999999999994,15.962999999999994,8.066195048004039
19009,corn,2022,12,197.9,192.2696703296703,216.3,195.83119193493278,190.55365781024523,196.04112499999988,ExtraTrees,196.04112499999988,1.8588750000001255,1.8588750000001255,0.9393001515917763
19011,corn,2022,1,221.7,192.2696703296703,212.1,195.03936235184443,200.9409446428573,200.89008333333334,ExtraTrees,200.89008333333334,20.809916666666652,20.809916666666652,9.386520823936245
19011,corn,2022,2,221.7,192.2696703296703,212.1,190.22602265166563,184.3095874007934,183.4076666666668,ExtraTrees,183.4076666666668,38.292333333333175,38.292333333333175,17.272139527890474
19011,corn,2022,3,221.7,192.2696703296703,212.1,190.01460306581868,190.2486755952382,195.1171250000001,ExtraTrees,195.1171250000001,26.582874999999888,26.582874999999888,11.990471357690522
19011,corn,2022,4,221.7,192.2696703296703,212.1,189.09403369381386,197.54618482142848,198.71420833333337,ExtraTrees,198.71420833333337,22.985791666666614,22.985791666666614,10.367970981807224
19011,corn,2022,5,221.7,192.2696703296703,212.1,201.140668281234,201.2527882936507,200.69854166666667,ExtraTrees,200.69854166666667,21.001458333333318,21.001458333333318,9.472917606374976
19011,corn,2022,6,221.7,192.2696703296703,212.1,196.93744675595966,190.98432390873026,195.41758333333343,ExtraTrees,195.41758333333343,26.282416666666563,26.282416666666563,11.854946624567688
19011,corn,2022,7,221.7,192.2696703296703,212.1,193.6853230563214,201.28470694444434,201.14545833333364,ExtraTrees,201.14545833333364,20.554541666666353,20.554541666666353,9.271331378739898
19011,corn,2022,8,221.7,192.2696703296703,212.1,199.39830733938516,199.24315982142852,201.60320833333327,ExtraTrees,201.60320833333327,20.096791666666718,20.096791666666718,9.064858667869517
19011,corn,2022,9,221.7,192.2696703296703,212.1,199.02139892564477,204.50535833333322,205.95000000000007,ExtraTrees,205.95000000000007,15.749999999999915,15.749999999999915,7.104194857916064
19011,corn,2022,10,221.7,192.2696703296703,212.1,188.70935364284884,181.67350545634912,180.73304166666665,ExtraTrees,180.73304166666665,40.96695833333334,40.96695833333334,18.47855585626222
19011,corn,2022,11,221.7,192.2696703296703,212.1,191.68274724383593,191.69542311507925,186.76208333333335,ExtraTrees,186.76208333333335,34.93791666666664,34.93791666666664,15.759096376484727
19011,corn,2022,12,221.7,192.2696703296703,212.1,190.43732186537676,183.2679503697691,187.12170833333334,ExtraTrees,187.12170833333334,34.578291666666644,34.578291666666644,15.59688392722898
19013,corn,2022,1,202.5,192.2696703296703,194.5,194.27248072129626,199.88951785714298,198.40933333333322,ExtraTrees,198.40933333333322,4.0906666666667775,4.0906666666667775,2.0200823045268037
19013,corn,2022,2,202.5,192.2696703296703,194.5,191.1993886886256,183.97814255952377,179.11616666666666,ExtraTrees,179.11616666666666,23.383833333333342,23.383833333333342,11.54757201646091
19013,corn,2022,3,202.5,192.2696703296703,194.5,189.45739758556533,187.35294940476183,193.08414583333325,ExtraTrees,193.08414583333325,9.415854166666747,9.415854166666747,4.649804526749011
19013,corn,2022,4,202.5,192.2696703296703,194.5,191.60179590162065,188.96447589285722,190.68829166666654,ExtraTrees,190.68829166666654,11.811708333333456,11.811708333333456,5.832942386831337
19013,corn,2022,5,202.5,192.2696703296703,194.5,193.5474752369575,192.4864172619047,190.34587500000006,ExtraTrees,190.34587500000006,12.154124999999937,12.154124999999937,6.002037037037006
19013,corn,2022,6,202.5,192.2696703296703,194.5,188.7043538648093,197.13331984126987,199.87595833333316,ExtraTrees,199.87595833333316,2.624041666666841,2.624041666666841,1.2958230452675756
19013,corn,2022,7,202.5,192.2696703296703,194.5,193.53610847249203,193.3488000992062,197.39595833333343,ExtraTrees,197.39595833333343,5.104041666666575,5.104041666666575,2.520514403292136
19013,corn,2022,8,202.5,192.2696703296703,194.5,195.87952695873744,196.61056984126975,188.24083333333326,ExtraTrees,188.24083333333326,14.259166666666744,14.259166666666744,7.041563786008269
19013,corn,2022,9,202.5,192.2696703296703,194.5,196.94064705691034,201.66982936507935,201.44191666666654,ExtraTrees,201.44191666666654,1.0580833333334567,1.0580833333334567,0.5225102880659045
19013,corn,2022,10,202.5,192.2696703296703,194.5,190.97439591526714,169.7922264880952,174.89754166666674,ExtraTrees,174.89754166666674,27.60245833333326,27.60245833333326,13.63084362139914
19013,corn,2022,11,202.5,192.2696703296703,194.5,184.85259109263808,179.9900430555555,181.54145833333337,ExtraTrees,181.54145833333337,20.958541666666633,20.958541666666633,10.349897119341547
19013,corn,2022,12,202.5,192.2696703296703,194.5,191.63561436465093,188.32484679834045,187.85654166666652,ExtraTrees,187.85654166666652,14.643458333333484,14.643458333333484,7.231337448559745
19015,corn,2022,1,202.4,192.2696703296703,209.4,194.01927631073636,194.62902966269849,194.05487499999984,ExtraTrees,194.05487499999984,8.345125000000166,8.345125000000166,4.1230854743083825
19015,corn,2022,2,202.4,192.2696703296703,209.4,189.824974925675,185.80664632936495,183.49600000000007,ExtraTrees,183.49600000000007,18.90399999999994,18.90399999999994,9.33992094861657
19015,corn,2022,3,202.4,192.2696703296703,209.4,188.82632869918,188.51872113095257,195.4377500000003,ExtraTrees,195.4377500000003,6.962249999999699,6.962249999999699,3.439846837944515
19015,corn,2022,4,202.4,192.2696703296703,209.4,192.94656635963113,183.28006597222213,189.69250000000002,ExtraTrees,189.69250000000002,12.707499999999982,12.707499999999982,6.278409090909082
19015,corn,2022,5,202.4,192.2696703296703,209.4,187.950988532048,196.0098756944444,194.0803333333335,ExtraTrees,194.0803333333335,8.319666666666507,8.319666666666507,4.1105072463767325
19015,corn,2022,6,202.4,192.2696703296703,209.4,196.33048446434628,194.30843849206337,199.81141666666693,ExtraTrees,199.81141666666693,2.5885833333330766,2.5885833333330766,1.2789443346507294
19015,corn,2022,7,202.4,192.2696703296703,209.4,188.24590985456862,194.4376826388889,190.3354583333334,ExtraTrees,190.3354583333334,12.0645416666666,12.0645416666666,5.9607419301712445
19015,corn,2022,8,202.4,192.2696703296703,209.4,198.16047105039254,198.4762931547618,199.82458333333358,ExtraTrees,199.82458333333358,2.5754166666664275,2.5754166666664275,1.2724390645585115
19015,corn,2022,9,202.4,192.2696703296703,209.4,196.98752265717567,201.59837380952362,201.44820833333327,ExtraTrees,201.44820833333327,0.9517916666667361,0.9517916666667361,0.47025279973652967
19015,corn,2022,10,202.4,192.2696703296703,209.4,186.94802499034347,178.92655327380936,173.3799166666666,ExtraTrees,173.3799166666666,29.020083333333417,29.020083333333417,14.337985836627182
19015,corn,2022,11,202.4,192.2696703296703,209.4,190.67854141010238,188.57149186507922,191.15404166666684,ExtraTrees,191.15404166666684,11.245958333333164,11.245958333333164,5.556303524374092
19015,corn,2022,12,202.4,192.2696703296703,209.4,195.92339300340896,188.87726815476196,187.73174999999992,ExtraTrees,187.73174999999992,14.668250000000086,14.668250000000086,7.2471590909091335
19017,corn,2022,1,210.8,192.2696703296703,201.1,195.13828760130832,196.0435080357144,198.7417499999998,ExtraTrees,198.7417499999998,12.058250000000214,12.058250000000214,5.7202324478179385
19017,corn,2022,2,210.8,192.2696703296703,201.1,191.16952125791897,185.24484404761893,178.49816666666663,ExtraTrees,178.49816666666663,32.30183333333338,32.30183333333338,15.323450347881106
19017,corn,2022,3,210.8,192.2696703296703,201.1,190.31754653214713,188.55834374999998,192.37737499999992,ExtraTrees,192.37737499999992,18.422625000000096,18.422625000000096,8.739385673624334
19017,corn,2022,4,210.8,192.2696703296703,201.1,195.76596888205253,188.50523085317477,191.75162500000002,ExtraTrees,191.75162500000002,19.048374999999993,19.048374999999993,9.036231024667927
19017,corn,2022,5,210.8,192.2696703296703,201.1,193.74464145882465,191.69309146825387,194.30025000000006,ExtraTrees,194.30025000000006,16.49974999999995,16.49974999999995,7.827205882352917
19017,corn,2022,6,210.8,192.2696703296703,201.1,189.63296231990967,199.1791720238096,204.99245833333345,ExtraTrees,204.99245833333345,5.807541666666566,5.807541666666566,2.755000790638788
19017,corn,2022,7,210.8,192.2696703296703,201.1,186.90330449627078,184.89547172619032,189.98812499999988,ExtraTrees,189.98812499999988,20.81187500000013,20.81187500000013,9.872805977229662
19017,corn,2022,8,210.8,192.2696703296703,201.1,193.50999992408717,187.44575109126995,189.20425000000006,ExtraTrees,189.20425000000006,21.595749999999953,21.595749999999953,10.244663187855764
19017,corn,2022,9,210.8,192.2696703296703,201.1,196.63045258596844,202.8529970238096,203.91179166666672,ExtraTrees,203.91179166666672,6.888208333333296,6.888208333333296,3.2676510120176925
19017,corn,2022,10,210.8,192.2696703296703,201.1,181.0469200256961,177.46493065476196,178.20408333333333,ExtraTrees,178.20408333333333,32.59591666666668,32.59591666666668,15.46295857052499
19017,corn,2022,11,210.8,192.2696703296703,201.1,180.66005509609633,181.29164613095233,184.04312500000006,ExtraTrees,184.04312500000006,26.75687499999995,26.75687499999995,12.69301470588233
19017,corn,2022,12,210.8,192.2696703296703,201.1,194.78220613331538,193.8409039682539,193.04370833333348,ExtraTrees,193.04370833333348,17.756291666666527,17.756291666666527,8.423288266919604
19019,corn,2022,1,209.7,192.2696703296703,210.0,196.6675155528403,200.808317857143,201.9932916666668,ExtraTrees,201.9932916666668,7.706708333333182,7.706708333333182,3.67511127006828
19019,corn,2022,2,209.7,192.2696703296703,210.0,190.32538590325782,182.3408913690476,178.0254166666668,ExtraTrees,178.0254166666668,31.674583333333175,31.674583333333175,15.104713082180817
19019,corn,2022,3,209.7,192.2696703296703,210.0,188.95395322183126,189.12377380952384,192.0851250000003,ExtraTrees,192.0851250000003,17.6148749999997,17.6148749999997,8.40003576537897
19019,corn,2022,4,209.7,192.2696703296703,210.0,196.060083113293,187.31362609127,194.09370833333338,ExtraTrees,194.09370833333338,15.606291666666607,15.606291666666607,7.442199173422321
19019,corn,2022,5,209.7,192.2696703296703,210.0,198.33560955070027,196.1014662698412,196.40233333333333,ExtraTrees,196.40233333333333,13.297666666666657,13.297666666666657,6.3412811953584445
19019,corn,2022,6,209.7,192.2696703296703,210.0,192.01781656962052,197.9274257936508,199.3865416666666,ExtraTrees,199.3865416666666,10.313458333333386,10.313458333333386,4.918196630106527
19019,corn,2022,7,209.7,192.2696703296703,210.0,193.5397780214129,204.10320605158745,202.36625000000015,ExtraTrees,202.36625000000015,7.333749999999839,7.333749999999839,3.4972579876012584
19019,corn,2022,8,209.7,192.2696703296703,210.0,199.952787504618,200.29750763888904,197.2008333333334,ExtraTrees,197.2008333333334,12.499166666666582,12.499166666666582,5.960499125735137
19019,corn,2022,9,209.7,192.2696703296703,210.0,193.79093383948742,204.67119791666664,205.68258333333324,ExtraTrees,205.68258333333324,4.0174166666667475,4.0174166666667475,1.9157924018439427
19019,corn,2022,10,209.7,192.2696703296703,210.0,185.84038562654834,179.8053169642855,175.29433333333327,ExtraTrees,175.29433333333327,34.40566666666672,34.40566666666672,16.407089492926428
19019,corn,2022,11,209.7,192.2696703296703,210.0,190.67915539488445,191.32421934523794,191.20687499999997,ExtraTrees,191.20687499999997,18.49312500000002,18.49312500000002,8.818848354792571
19019,corn,2022,12,209.7,192.2696703296703,210.0,191.21712463714385,189.54718132214998,193.4177916666666,ExtraTrees,193.4177916666666,16.282208333333386,16.282208333333386,7.764524717850923
19021,corn,2022,1,197.0,192.2696703296703,204.7,199.2042523639531,198.6954324404761,199.2690833333333,ExtraTrees,199.2690833333333,-2.269083333333299,2.269083333333299,1.1518189509306087
19021,corn,2022,2,197.0,192.2696703296703,204.7,185.8033539835443,191.53300049603183,185.86170833333338,ExtraTrees,185.86170833333338,11.138291666666618,11.138291666666618,5.653955160744476
19021,corn,2022,3,197.0,192.2696703296703,204.7,196.68616820774832,194.868276488095,196.67333333333346,ExtraTrees,196.67333333333346,0.3266666666665401,0.3266666666665401,0.16582064297793914
19021,corn,2022,4,197.0,192.2696703296703,204.7,206.46852559956858,199.71821336580086,198.24824999999998,ExtraTrees,198.24824999999998,-1.2482499999999845,1.2482499999999845,0.6336294416243576
19021,corn,2022,5,197.0,192.2696703296703,204.7,204.11973842381437,201.83732599206348,195.52795833333326,ExtraTrees,195.52795833333326,1.4720416666667404,1.4720416666667404,0.7472292724196652
19021,corn,2022,6,197.0,192.2696703296703,204.7,201.4882217235023,199.55751120129858,202.1989999999999,ExtraTrees,202.1989999999999,-5.198999999999899,5.198999999999899,2.639086294416192
19021,corn,2022,7,197.0,192.2696703296703,204.7,190.33046746201745,202.34352554112553,200.9595416666667,ExtraTrees,200.9595416666667,-3.959541666666695,3.959541666666695,2.0099196277495914
19021,corn,2022,8,197.0,192.2696703296703,204.7,195.89679297207695,198.60000634920644,200.09695833333342,ExtraTrees,200.09695833333342,-3.0969583333334185,3.0969583333334185,1.5720600676819383
19021,corn,2022,9,197.0,192.2696703296703,204.7,192.16238359808722,200.40483045634937,201.63070833333316,ExtraTrees,201.63070833333316,-4.6307083333331605,4.6307083333331605,2.3506133671741933
19021,corn,2022,10,197.0,192.2696703296703,204.7,168.9104118946721,179.88538442460313,181.00033333333337,ExtraTrees,181.00033333333337,15.999666666666627,15.999666666666627,8.12165820642976
19021,corn,2022,11,197.0,192.2696703296703,204.7,201.84455852817806,200.04191220238107,201.31508333333343,ExtraTrees,201.31508333333343,-4.315083333333433,4.315083333333433,2.1903976311337225
19021,corn,2022,12,197.0,192.2696703296703,204.7,204.82801802241616,200.00537837301607,199.40529166666644,ExtraTrees,199.40529166666644,-2.405291666666443,2.405291666666443,1.2209602368865193
19023,corn,2022,1,212.4,192.2696703296703,205.6,198.77953478450956,192.97587906746034,197.25191666666677,ExtraTrees,197.25191666666677,15.148083333333233,15.148083333333233,7.131865976145589
19023,corn,2022,2,212.4,192.2696703296703,205.6,192.9292235862564,186.3953453373016,181.56075000000007,ExtraTrees,181.56075000000007,30.839249999999936,30.839249999999936,14.51942090395477
19023,corn,2022,3,212.4,192.2696703296703,205.6,196.9315820308708,200.11113343253965,200.56466666666674,ExtraTrees,200.56466666666674,11.835333333333267,11.835333333333267,5.572190834902669
19023,corn,2022,4,212.4,192.2696703296703,205.6,202.02827249313052,194.3279112193361,191.35595833333363,ExtraTrees,191.35595833333363,21.044041666666374,21.044041666666374,9.9077408976772
19023,corn,2022,5,212.4,192.2696703296703,205.6,197.9494152455864,188.74131845238088,192.4430833333333,ExtraTrees,192.4430833333333,19.9569166666667,19.9569166666667,9.395911801632156
19023,corn,2022,6,212.4,192.2696703296703,205.6,193.73999768143636,195.87277351190485,197.65066666666655,ExtraTrees,197.65066666666655,14.749333333333453,14.749333333333453,6.944130571249271
19023,corn,2022,7,212.4,192.2696703296703,205.6,191.7152709748128,197.50501051587327,200.33337499999993,ExtraTrees,200.33337499999993,12.066625000000073,12.066625000000073,5.681085216572539
19023,corn,2022,8,212.4,192.2696703296703,205.6,194.67326425314633,205.5510274801589,203.73479166666658,ExtraTrees,203.73479166666658,8.665208333333425,8.665208333333425,4.079664940364136
19023,corn,2022,9,212.4,192.2696703296703,205.6,192.45007213626198,201.01983521825383,202.19375,ExtraTrees,202.19375,10.206250000000011,10.206250000000011,4.805202448210928
19023,corn,2022,10,212.4,192.2696703296703,205.6,185.67504857964997,170.06739761904774,164.0137916666667,ExtraTrees,164.0137916666667,48.386208333333315,48.386208333333315,22.78070072190834
19023,corn,2022,11,212.4,192.2696703296703,205.6,184.19515663538516,182.09369047619046,186.4531250000001,ExtraTrees,186.4531250000001,25.946874999999892,25.946874999999892,12.216042843691097
19023,corn,2022,12,212.4,192.2696703296703,205.6,203.05106036863535,194.24803987193337,196.6896250000001,ExtraTrees,196.6896250000001,15.710374999999914,15.710374999999914,7.396598399246663
19025,corn,2022,1,202.3,192.2696703296703,220.0,196.65016366352745,199.70640267857146,198.84824999999992,ExtraTrees,198.84824999999992,3.4517500000000894,3.4517500000000894,1.7062530894711265
19025,corn,2022,2,202.3,192.2696703296703,220.0,186.98607620867475,192.99600327380938,186.99716666666686,ExtraTrees,186.99716666666686,15.302833333333155,15.302833333333155,7.564425770308035
19025,corn,2022,3,202.3,192.2696703296703,220.0,198.65193169466107,193.5743672619049,198.44275000000005,ExtraTrees,198.44275000000005,3.857249999999965,3.857249999999965,1.9066979733069522
19025,corn,2022,4,202.3,192.2696703296703,220.0,207.9268058745355,203.90638839285705,201.84249999999986,ExtraTrees,201.84249999999986,0.45750000000015234,0.45750000000015234,0.22614928324278413
19025,corn,2022,5,202.3,192.2696703296703,220.0,205.49451995840292,201.2130389880952,197.37912499999987,ExtraTrees,197.37912499999987,4.920875000000137,4.920875000000137,2.43246416213551
19025,corn,2022,6,202.3,192.2696703296703,220.0,198.54581357085775,198.27625505952395,198.37720833333324,ExtraTrees,198.37720833333324,3.922791666666768,3.922791666666768,1.9390962267260348
19025,corn,2022,7,202.3,192.2696703296703,220.0,196.94222698533602,196.54365625,197.68974999999998,ExtraTrees,197.68974999999998,4.610250000000036,4.610250000000036,2.278917449332692
19025,corn,2022,8,202.3,192.2696703296703,220.0,196.09733783438827,204.3484229166665,204.28454166666666,ExtraTrees,204.28454166666666,-1.9845416666666438,1.9845416666666438,0.9809894546053601
19025,corn,2022,9,202.3,192.2696703296703,220.0,192.46911503706232,194.76686388888913,196.78041666666653,ExtraTrees,196.78041666666653,5.519583333333486,5.519583333333486,2.7284148953699883
19025,corn,2022,10,202.3,192.2696703296703,220.0,191.47303348976982,174.60196360930738,181.60066666666665,ExtraTrees,181.60066666666665,20.699333333333357,20.699333333333357,10.231998681825683
19025,corn,2022,11,202.3,192.2696703296703,220.0,203.3667588779134,199.866317857143,197.9885833333333,ExtraTrees,197.9885833333333,4.311416666666702,4.311416666666702,2.131199538639002
19025,corn,2022,12,202.3,192.2696703296703,220.0,209.678825570224,198.27927831890347,197.45791666666656,ExtraTrees,197.45791666666656,4.8420833333334485,4.8420833333334485,2.3935162300214774
19027,corn,2022,1,195.7,192.2696703296703,220.5,202.61031330822266,203.6383392857142,203.45912499999997,ExtraTrees,203.45912499999997,-7.759124999999983,7.759124999999983,3.96480582524271
19027,corn,2022,2,195.7,192.2696703296703,220.5,188.51977822842724,192.44476994047625,187.11899999999986,ExtraTrees,187.11899999999986,8.581000000000131,8.581000000000131,4.384772611139566
19027,corn,2022,3,195.7,192.2696703296703,220.5,202.18657291054922,190.5331660443723,195.1920833333334,ExtraTrees,195.1920833333334,0.5079166666666026,0.5079166666666026,0.2595384091295875
19027,corn,2022,4,195.7,192.2696703296703,220.5,208.10747557665871,202.38517708333325,202.44512499999985,ExtraTrees,202.44512499999985,-6.7451249999998595,6.7451249999998595,3.446665815022923
19027,corn,2022,5,195.7,192.2696703296703,220.5,202.54260176008185,199.36108015873015,196.7209583333334,ExtraTrees,196.7209583333334,-1.0209583333334251,1.0209583333334251,0.5216956225515714
19027,corn,2022,6,195.7,192.2696703296703,220.5,195.98044977107912,198.48737281746023,200.15933333333317,ExtraTrees,200.15933333333317,-4.459333333333177,4.459333333333177,2.2786578095723953
19027,corn,2022,7,195.7,192.2696703296703,220.5,191.9852404125097,208.72731438492076,205.56070833333325,ExtraTrees,205.56070833333325,-9.860708333333264,9.860708333333264,5.038685913813625
19027,corn,2022,8,195.7,192.2696703296703,220.5,194.9598778498917,202.3054144841269,202.68133333333338,ExtraTrees,202.68133333333338,-6.981333333333396,6.981333333333396,3.5673650144779745
19027,corn,2022,9,195.7,192.2696703296703,220.5,192.44798756931257,202.4409524801588,202.80754166666688,ExtraTrees,202.80754166666688,-7.10754166666689,7.10754166666689,3.631855731562029
19027,corn,2022,10,195.7,192.2696703296703,220.5,186.49858932388068,170.61134434523822,176.08212500000025,ExtraTrees,176.08212500000025,19.617874999999742,19.617874999999742,10.024463464486328
19027,corn,2022,11,195.7,192.2696703296703,220.5,196.47477361808848,199.5001558531745,198.48124999999996,ExtraTrees,198.48124999999996,-2.7812499999999716,2.7812499999999716,1.421180378129776
19027,corn,2022,12,195.7,192.2696703296703,220.5,205.84111106740923,198.4697207341269,201.86624999999992,ExtraTrees,201.86624999999992,-6.166249999999934,6.166249999999934,3.1508686765457
19029,corn,2022,1,179.2,192.2696703296703,213.5,198.84676922996303,201.95952053571432,204.4559166666667,ExtraTrees,204.4559166666667,-25.255916666666707,25.255916666666707,14.093703497023832
19029,corn,2022,2,179.2,192.2696703296703,213.5,187.22696223293863,192.95527440476187,189.64208333333332,ExtraTrees,189.64208333333332,-10.44208333333333,10.44208333333333,5.827055431547617
19029,corn,2022,3,179.2,192.2696703296703,213.5,189.37681588237598,189.6088526785714,193.10695833333327,ExtraTrees,193.10695833333327,-13.906958333333279,13.906958333333279,7.760579427083303
19029,corn,2022,4,179.2,192.2696703296703,213.5,207.70344809497018,199.23685697150057,200.24691666666658,ExtraTrees,200.24691666666658,-21.04691666666659,21.04691666666659,11.744931175595195
19029,corn,2022,5,179.2,192.2696703296703,213.5,192.3818789571763,188.058015683622,189.7458749999999,ExtraTrees,189.7458749999999,-10.54587499999991,10.54587499999991,5.884974888392807
19029,corn,2022,6,179.2,192.2696703296703,213.5,191.42974469629334,198.733794832251,199.66158333333334,ExtraTrees,199.66158333333334,-20.46158333333335,20.46158333333335,11.418294270833345
19029,corn,2022,7,179.2,192.2696703296703,213.5,187.47262002068553,206.16154087301592,201.45195833333347,ExtraTrees,201.45195833333347,-22.251958333333477,22.251958333333477,12.417387462797699
19029,corn,2022,8,179.2,192.2696703296703,213.5,195.40377454925107,200.5683626984127,198.15354166666674,ExtraTrees,198.15354166666674,-18.95354166666675,18.95354166666675,10.57675316220243
19029,corn,2022,9,179.2,192.2696703296703,213.5,188.02092620602716,195.83033954725818,196.24395833333344,ExtraTrees,196.24395833333344,-17.04395833333345,17.04395833333345,9.511137462797684
19029,corn,2022,10,179.2,192.2696703296703,213.5,179.32734673901217,163.99732321428579,172.94683333333344,ExtraTrees,172.94683333333344,6.253166666666544,6.253166666666544,3.489490327380884
19029,corn,2022,11,179.2,192.2696703296703,213.5,187.49732694259492,184.03978680555568,185.0890416666667,ExtraTrees,185.0890416666667,-5.889041666666714,5.889041666666714,3.2862955729166927
19029,corn,2022,12,179.2,192.2696703296703,213.5,204.1147519293065,195.1442965638527,196.67245833333342,ExtraTrees,196.67245833333342,-17.472458333333435,17.472458333333435,9.750255766369104
19031,corn,2022,1,221.4,192.2696703296703,207.5,200.51271653691327,190.42497380952383,197.43429166666664,ExtraTrees,197.43429166666664,23.965708333333367,23.965708333333367,10.824619843420672
19031,corn,2022,2,221.4,192.2696703296703,207.5,193.15702793888846,189.6591744047619,181.97462500000006,ExtraTrees,181.97462500000006,39.425374999999946,39.425374999999946,17.807305781391122
19031,corn,2022,3,221.4,192.2696703296703,207.5,193.55970878477882,191.80804107142853,190.13245833333337,ExtraTrees,190.13245833333337,31.26754166666663,31.26754166666663,14.122647545919886
19031,corn,2022,4,221.4,192.2696703296703,207.5,201.19237464696587,197.53453343253997,197.66849999999988,ExtraTrees,197.66849999999988,23.731500000000125,23.731500000000125,10.71883468834694
19031,corn,2022,5,221.4,192.2696703296703,207.5,194.97147310992048,192.86764414682546,193.2663749999999,ExtraTrees,193.2663749999999,28.13362500000011,28.13362500000011,12.707147696477014
19031,corn,2022,6,221.4,192.2696703296703,207.5,192.3513549045637,192.31919970238093,189.96945833333328,ExtraTrees,189.96945833333328,31.430541666666727,31.430541666666727,14.196269948810624
19031,corn,2022,7,221.4,192.2696703296703,207.5,192.47696949758065,206.04427440476186,203.7731250000001,ExtraTrees,203.7731250000001,17.6268749999999,17.6268749999999,7.961551490514859
19031,corn,2022,8,221.4,192.2696703296703,207.5,199.90873193651686,206.56892718253957,211.32729166666653,ExtraTrees,211.32729166666653,10.07270833333348,10.07270833333348,4.549552092743216
19031,corn,2022,9,221.4,192.2696703296703,207.5,193.44551997407194,200.0610717261904,202.24862500000015,ExtraTrees,202.24862500000015,19.15137499999986,19.15137499999986,8.650124209575365
19031,corn,2022,10,221.4,192.2696703296703,207.5,183.6139285908151,176.9443728174604,175.52750000000012,ExtraTrees,175.52750000000012,45.87249999999989,45.87249999999989,20.719286359530212
19031,corn,2022,11,221.4,192.2696703296703,207.5,187.7487632133211,182.70126101190468,185.29525000000015,ExtraTrees,185.29525000000015,36.104749999999854,36.104749999999854,16.30747515808485
19031,corn,2022,12,221.4,192.2696703296703,207.5,197.9349145678204,187.88587360209215,191.04070833333333,ExtraTrees,191.04070833333333,30.359291666666678,30.359291666666678,13.712417193616385
19033,corn,2022,1,216.9,192.2696703296703,200.9,199.63887836523946,188.61726542207788,191.0885000000001,ExtraTrees,191.0885000000001,25.81149999999991,25.81149999999991,11.900184416781885
19033,corn,2022,2,216.9,192.2696703296703,200.9,196.84590033693777,185.28544315476194,182.2575416666666,ExtraTrees,182.2575416666666,34.642458333333394,34.642458333333394,15.971626709697276
19033,corn,2022,3,216.9,192.2696703296703,200.9,193.24929863081456,191.10769672619048,199.1679583333333,ExtraTrees,199.1679583333333,17.732041666666703,17.732041666666703,8.175215152912264
19033,corn,2022,4,216.9,192.2696703296703,200.9,199.7498173670559,193.29839104437235,194.14691666666644,ExtraTrees,194.14691666666644,22.753083333333564,22.753083333333564,10.490126018134422
19033,corn,2022,5,216.9,192.2696703296703,200.9,194.71980984383833,193.310417063492,190.48970833333328,ExtraTrees,190.48970833333328,26.410291666666723,26.410291666666723,12.176252497310614
19033,corn,2022,6,216.9,192.2696703296703,200.9,196.71343798029505,198.5694004960317,200.37220833333325,ExtraTrees,200.37220833333325,16.527791666666758,16.527791666666758,7.620005378822849
19033,corn,2022,7,216.9,192.2696703296703,200.9,185.3165225458056,196.73429037698415,198.76375000000007,ExtraTrees,198.76375000000007,18.136249999999933,18.136249999999933,8.361572153065898
19033,corn,2022,8,216.9,192.2696703296703,200.9,194.31052375496716,201.28823476731606,202.39462500000016,ExtraTrees,202.39462500000016,14.505374999999844,14.505374999999844,6.687586445366457
19033,corn,2022,9,216.9,192.2696703296703,200.9,192.24902346602204,198.5643346230159,202.5150000000002,ExtraTrees,202.5150000000002,14.384999999999792,14.384999999999792,6.6320885200552295
19033,corn,2022,10,216.9,192.2696703296703,200.9,176.71309029985557,163.1764371031747,172.37600000000012,ExtraTrees,172.37600000000012,44.52399999999989,44.52399999999989,20.527431996311613
19033,corn,2022,11,216.9,192.2696703296703,200.9,189.66580004109014,189.8372381403319,192.44199999999998,ExtraTrees,192.44199999999998,24.458000000000027,24.458000000000027,11.276164130935927
19033,corn,2022,12,216.9,192.2696703296703,200.9,198.77305886421456,193.65010554653662,195.93024999999994,ExtraTrees,195.93024999999994,20.96975000000006,20.96975000000006,9.667934532042445
19035,corn,2022,1,198.8,192.2696703296703,192.2696703296703,201.05616972688227,196.23133799603158,198.65133333333338,ExtraTrees,198.65133333333338,0.1486666666666281,0.1486666666666281,0.07478202548623143
19035,corn,2022,2,198.8,192.2696703296703,192.2696703296703,187.82287102307268,191.98561130952362,190.40058333333332,ExtraTrees,190.40058333333332,8.399416666666696,8.399416666666696,4.225058685446024
19035,corn,2022,3,198.8,192.2696703296703,192.2696703296703,201.60680585202698,191.48893330627703,194.53604166666645,ExtraTrees,194.53604166666645,4.263958333333562,4.263958333333562,2.144848256204005
19035,corn,2022,4,198.8,192.2696703296703,192.2696703296703,208.4887527920265,190.36300165945136,191.08179166666653,ExtraTrees,191.08179166666653,7.718208333333479,7.718208333333479,3.8823985580148284
19035,corn,2022,5,198.8,192.2696703296703,192.2696703296703,204.48350669585432,193.46375744047623,195.58825000000013,ExtraTrees,195.58825000000013,3.2117499999998813,3.2117499999998813,1.6155684104627168
19035,corn,2022,6,198.8,192.2696703296703,192.2696703296703,201.81965081492285,204.35247846320354,206.87312499999996,ExtraTrees,206.87312499999996,-8.073124999999948,8.073124999999948,4.060928068410436
19035,corn,2022,7,198.8,192.2696703296703,192.2696703296703,190.94769442729836,203.3213797619046,202.20370833333337,ExtraTrees,202.20370833333337,-3.4037083333333555,3.4037083333333555,1.7121269282360942
19035,corn,2022,8,198.8,192.2696703296703,192.2696703296703,191.27206443834942,197.75346369047605,194.40866666666668,ExtraTrees,194.40866666666668,4.3913333333333355,4.3913333333333355,2.2089201877934284
19035,corn,2022,9,198.8,192.2696703296703,192.2696703296703,186.31974398546117,194.36510882936506,197.63520833333314,ExtraTrees,197.63520833333314,1.164791666666872,1.164791666666872,0.5859113011402777
19035,corn,2022,10,198.8,192.2696703296703,192.2696703296703,172.54951013877277,179.45404037698424,181.35370833333343,ExtraTrees,181.35370833333343,17.446291666666582,17.446291666666582,8.775800637156228
19035,corn,2022,11,198.8,192.2696703296703,192.2696703296703,202.43117939027073,196.70262209595953,195.85654166666677,ExtraTrees,195.85654166666677,2.94345833333324,2.94345833333324,1.4806128437289938
19035,corn,2022,12,198.8,192.2696703296703,192.2696703296703,207.84287715933124,197.6367509920634,195.49800000000022,ExtraTrees,195.49800000000022,3.3019999999997935,3.3019999999997935,1.6609657947685077
19037,corn,2022,1,214.6,192.2696703296703,209.1,195.85071285564328,189.3622337301587,187.54970833333329,ExtraTrees,187.54970833333329,27.05029166666671,27.05029166666671,12.604982137309745
19037,corn,2022,2,214.6,192.2696703296703,209.1,188.66208743768303,179.02711716269837,180.37725000000006,ExtraTrees,180.37725000000006,34.222749999999934,34.222749999999934,15.947227399813576
19037,corn,2022,3,214.6,192.2696703296703,209.1,195.0633459241923,194.8894824404761,197.04000000000005,ExtraTrees,197.04000000000005,17.559999999999945,17.559999999999945,8.182665424044709
19037,corn,2022,4,214.6,192.2696703296703,209.1,198.27110358002943,185.80768591269836,189.0739583333334,ExtraTrees,189.0739583333334,25.5260416666666,25.5260416666666,11.894707207207176
19037,corn,2022,5,214.6,192.2696703296703,209.1,192.5901940883847,189.69334722222217,191.53287500000013,ExtraTrees,191.53287500000013,23.067124999999862,23.067124999999862,10.748893289841503
19037,corn,2022,6,214.6,192.2696703296703,209.1,193.55352817399736,196.13405327380966,199.81416666666686,ExtraTrees,199.81416666666686,14.78583333333313,14.78583333333313,6.889950295122614
19037,corn,2022,7,214.6,192.2696703296703,209.1,187.74869142176888,189.35360823412688,194.4637083333333,ExtraTrees,194.4637083333333,20.136291666666693,20.136291666666693,9.383174122398273
19037,corn,2022,8,214.6,192.2696703296703,209.1,189.17279416052185,184.5212640873018,187.97924999999998,ExtraTrees,187.97924999999998,26.620750000000015,26.620750000000015,12.404822926374658
19037,corn,2022,9,214.6,192.2696703296703,209.1,189.5924986471429,198.00971418650798,198.5533333333333,ExtraTrees,198.5533333333333,16.04666666666668,16.04666666666668,7.477477477477485
19037,corn,2022,10,214.6,192.2696703296703,209.1,176.22000119654905,174.43095317460316,171.6607916666667,ExtraTrees,171.6607916666667,42.93920833333328,42.93920833333328,20.00895076110591
19037,corn,2022,11,214.6,192.2696703296703,209.1,177.42967360050227,179.88803015873,184.55266666666674,ExtraTrees,184.55266666666674,30.047333333333256,30.047333333333256,14.00155327741531
19037,corn,2022,12,214.6,192.2696703296703,209.1,197.4512758320111,190.32067301587296,192.587125,ExtraTrees,192.587125,22.012875000000008,22.012875000000008,10.257630475302895
19041,corn,2022,1,191.5,192.2696703296703,204.2,196.88012238527776,197.94887509920628,194.45454166666667,ExtraTrees,194.45454166666667,-2.954541666666671,2.954541666666671,1.5428416013925175
19041,corn,2022,2,191.5,192.2696703296703,204.2,190.56333169548222,189.22023115079364,184.0513750000001,ExtraTrees,184.0513750000001,7.4486249999999075,7.4486249999999075,3.8896214099216224
19041,corn,2022,3,191.5,192.2696703296703,204.2,196.4569106218637,193.43332738095222,200.26958333333326,ExtraTrees,200.26958333333326,-8.769583333333259,8.769583333333259,4.579416884247133
19041,corn,2022,4,191.5,192.2696703296703,204.2,207.2935602079127,200.72579345238094,199.95008333333325,ExtraTrees,199.95008333333325,-8.450083333333254,8.450083333333254,4.412576153176634
19041,corn,2022,5,191.5,192.2696703296703,204.2,201.45426218497633,186.7867803210678,192.7435833333335,ExtraTrees,192.7435833333335,-1.243583333333504,1.243583333333504,0.6493907745866861
19041,corn,2022,6,191.5,192.2696703296703,204.2,200.73033813936274,201.77588422619039,203.6952499999999,ExtraTrees,203.6952499999999,-12.195249999999902,12.195249999999902,6.368276762402038
19041,corn,2022,7,191.5,192.2696703296703,204.2,188.5894154765862,191.27971909271275,196.95512500000024,ExtraTrees,196.95512500000024,-5.455125000000237,5.455125000000237,2.848629242819967
19041,corn,2022,8,191.5,192.2696703296703,204.2,195.0372598221595,193.75110615079365,193.9117916666667,ExtraTrees,193.9117916666667,-2.411791666666687,2.411791666666687,1.259421235857278
19041,corn,2022,9,191.5,192.2696703296703,204.2,185.5536027647919,197.13909771825408,198.48762499999978,ExtraTrees,198.48762499999978,-6.987624999999781,6.987624999999781,3.648890339425473
19041,corn,2022,10,191.5,192.2696703296703,204.2,168.60446556230065,169.35703125000003,178.1297500000001,ExtraTrees,178.1297500000001,13.370249999999913,13.370249999999913,6.9818537859007375
19041,corn,2022,11,191.5,192.2696703296703,204.2,195.75708716400666,197.30677400793655,197.83883333333324,ExtraTrees,197.83883333333324,-6.338833333333241,6.338833333333241,3.3100957354220584
19041,corn,2022,12,191.5,192.2696703296703,204.2,204.82372046877916,194.9538529761904,198.74224999999987,ExtraTrees,198.74224999999987,-7.242249999999871,7.242249999999871,3.7818537859007155
19043,corn,2022,1,215.4,192.2696703296703,196.5,199.14397443549754,202.4055383928571,199.39425000000006,ExtraTrees,199.39425000000006,16.00574999999995,16.00574999999995,7.430710306406661
19043,corn,2022,2,215.4,192.2696703296703,196.5,193.39959823593043,192.66330535714286,182.43741666666668,ExtraTrees,182.43741666666668,32.96258333333333,32.96258333333333,15.30296347879913
19043,corn,2022,3,215.4,192.2696703296703,196.5,204.75648407437356,198.91904531926411,198.20470833333331,ExtraTrees,198.20470833333331,17.19529166666669,17.19529166666669,7.982958062519355
19043,corn,2022,4,215.4,192.2696703296703,196.5,206.65224509659802,205.9970143668832,201.02233333333336,ExtraTrees,201.02233333333336,14.377666666666642,14.377666666666642,6.674868461776528
19043,corn,2022,5,215.4,192.2696703296703,196.5,197.29934069475615,198.8595969516595,193.7501249999999,ExtraTrees,193.7501249999999,21.649875000000094,21.649875000000094,10.051009749303665
19043,corn,2022,6,215.4,192.2696703296703,196.5,197.21761583876187,194.03441716269847,195.7172916666666,ExtraTrees,195.7172916666666,19.68270833333341,19.68270833333341,9.137747601361843
19043,corn,2022,7,215.4,192.2696703296703,196.5,206.30490112960317,210.3557486562049,207.81783333333354,ExtraTrees,207.81783333333354,7.582166666666467,7.582166666666467,3.520040235221201
19043,corn,2022,8,215.4,192.2696703296703,196.5,208.0948619856269,202.54324206349222,204.67604166666658,ExtraTrees,204.67604166666658,10.723958333333428,10.723958333333428,4.978625038687757
19043,corn,2022,9,215.4,192.2696703296703,196.5,193.164235994346,202.6609822691197,205.08420833333327,ExtraTrees,205.08420833333327,10.31579166666674,10.31579166666674,4.789132621479452
19043,corn,2022,10,215.4,192.2696703296703,196.5,187.16945795317395,168.92300188492078,169.04395833333328,ExtraTrees,169.04395833333328,46.35604166666673,46.35604166666673,21.520910708758926
19043,corn,2022,11,215.4,192.2696703296703,196.5,191.3356581805944,196.95094355158756,198.73262500000016,ExtraTrees,198.73262500000016,16.66737499999985,16.66737499999985,7.737871402042641
19043,corn,2022,12,215.4,192.2696703296703,196.5,207.82554514654367,196.79327678571423,196.9697916666668,ExtraTrees,196.9697916666668,18.430208333333212,18.430208333333212,8.556271278241974
19045,corn,2022,1,225.2,192.2696703296703,206.8,202.91212894651417,192.91937708333327,198.02758333333347,ExtraTrees,198.02758333333347,27.17241666666652,27.17241666666652,12.06590438129064
19045,corn,2022,2,225.2,192.2696703296703,206.8,193.12889611602654,189.62622470238094,182.46675000000013,ExtraTrees,182.46675000000013,42.733249999999856,42.733249999999856,18.97568827708697
19045,corn,2022,3,225.2,192.2696703296703,206.8,195.60230137680773,196.49838392857154,198.65920833333348,ExtraTrees,198.65920833333348,26.540791666666507,26.540791666666507,11.785431468324383
19045,corn,2022,4,225.2,192.2696703296703,206.8,199.21896755776538,199.23049236111117,200.5958750000002,ExtraTrees,200.5958750000002,24.604124999999783,24.604124999999783,10.925455150976813
19045,corn,2022,5,225.2,192.2696703296703,206.8,192.46859380795644,190.15661646825404,188.44754166666667,ExtraTrees,188.44754166666667,36.75245833333332,36.75245833333332,16.319919330965064
19045,corn,2022,6,225.2,192.2696703296703,206.8,196.40890154700855,201.73931587301587,198.08625000000006,ExtraTrees,198.08625000000006,27.113749999999925,27.113749999999925,12.039853463587889
19045,corn,2022,7,225.2,192.2696703296703,206.8,195.03537538261884,205.27823482142855,203.82241666666675,ExtraTrees,203.82241666666675,21.377583333333234,21.377583333333234,9.492710183540513
19045,corn,2022,8,225.2,192.2696703296703,206.8,201.88098922218188,207.55575674603173,210.26687500000003,ExtraTrees,210.26687500000003,14.933124999999961,14.933124999999961,6.631050177619876
19045,corn,2022,9,225.2,192.2696703296703,206.8,198.01990792764784,203.00635089285706,204.29391666666655,ExtraTrees,204.29391666666655,20.90608333333344,20.90608333333344,9.283340734162275
19045,corn,2022,10,225.2,192.2696703296703,206.8,185.2039766542728,172.8905650793652,170.56770833333357,ExtraTrees,170.56770833333357,54.63229166666642,54.63229166666642,24.25945455891049
19045,corn,2022,11,225.2,192.2696703296703,206.8,189.58879065350737,192.0575541666667,187.0778333333334,ExtraTrees,187.0778333333334,38.1221666666666,38.1221666666666,16.928137951450534
19045,corn,2022,12,225.2,192.2696703296703,206.8,199.9788458670668,199.5703245414309,195.0954166666665,ExtraTrees,195.0954166666665,30.104583333333494,30.104583333333494,13.367932208407412
19047,corn,2022,1,216.4,192.2696703296703,220.1,203.53028608837928,202.12106279761912,206.08383333333336,ExtraTrees,206.08383333333336,10.316166666666646,10.316166666666646,4.767174984596417
19047,corn,2022,2,216.4,192.2696703296703,220.1,190.12586972883403,192.84865714285715,191.54645833333342,ExtraTrees,191.54645833333342,24.853541666666587,24.853541666666587,11.485000770178644
19047,corn,2022,3,216.4,192.2696703296703,220.1,208.19603224739436,197.75725129870133,199.79800000000003,ExtraTrees,199.79800000000003,16.601999999999975,16.601999999999975,7.671903881700542
19047,corn,2022,4,216.4,192.2696703296703,220.1,215.7202760857594,209.56459325396824,206.7883333333333,ExtraTrees,206.7883333333333,9.611666666666707,9.611666666666707,4.441620455945798
19047,corn,2022,5,216.4,192.2696703296703,220.1,215.41851769014315,219.51294295634918,212.26299999999995,ExtraTrees,212.26299999999995,4.137000000000057,4.137000000000057,1.911737523105387
19047,corn,2022,6,216.4,192.2696703296703,220.1,206.6218831505908,204.69451856684984,205.74479166666683,ExtraTrees,205.74479166666683,10.655208333333178,10.655208333333178,4.9238485828711545
19047,corn,2022,7,216.4,192.2696703296703,220.1,193.99337126919934,208.31961865079353,207.99891666666682,ExtraTrees,207.99891666666682,8.40108333333319,8.40108333333319,3.8822011706715296
19047,corn,2022,8,216.4,192.2696703296703,220.1,203.42597644533717,210.05021517857148,206.1071249999999,ExtraTrees,206.1071249999999,10.292875000000095,10.292875000000095,4.756411737523149
19047,corn,2022,9,216.4,192.2696703296703,220.1,198.30623807963772,206.0027334595961,205.51741666666666,ExtraTrees,205.51741666666666,10.882583333333343,10.882583333333343,5.028920209488606
19047,corn,2022,10,216.4,192.2696703296703,220.1,187.2380418478222,182.06419841269846,184.0652083333334,ExtraTrees,184.0652083333334,32.334791666666604,32.334791666666604,14.94214032655573
19047,corn,2022,11,216.4,192.2696703296703,220.1,192.6154265055563,188.53545113636366,190.17720833333328,ExtraTrees,190.17720833333328,26.222791666666723,26.222791666666723,12.117741065927321
19047,corn,2022,12,216.4,192.2696703296703,220.1,208.54267234921437,203.76014851190476,200.07079166666665,ExtraTrees,200.07079166666665,16.329208333333355,16.329208333333355,7.545844886013565
19049,corn,2022,1,187.2,192.2696703296703,210.8,198.35349859628502,206.1167821428571,203.46883333333332,ExtraTrees,203.46883333333332,-16.268833333333333,16.268833333333333,8.690616096866096
19049,corn,2022,2,187.2,192.2696703296703,210.8,189.9587770015946,193.18341755952383,184.51033333333345,ExtraTrees,184.51033333333345,2.6896666666665396,2.6896666666665396,1.4367877492876815
19049,corn,2022,3,187.2,192.2696703296703,210.8,196.0182686621225,194.55089216269863,196.34408333333332,ExtraTrees,196.34408333333332,-9.144083333333327,9.144083333333327,4.884659900284897
19049,corn,2022,4,187.2,192.2696703296703,210.8,206.97823647164358,208.4125155573594,204.6512916666665,ExtraTrees,204.6512916666665,-17.45129166666652,17.45129166666652,9.322271189458611
19049,corn,2022,5,187.2,192.2696703296703,210.8,198.80502308776863,194.59062678571442,193.17660416666678,ExtraTrees,193.17660416666678,-5.976604166666789,5.976604166666789,3.192630430911746
19049,corn,2022,6,187.2,192.2696703296703,210.8,197.41065822296218,196.5030953373017,203.06724999999994,ExtraTrees,203.06724999999994,-15.867249999999956,15.867249999999956,8.476095085470062
19049,corn,2022,7,187.2,192.2696703296703,210.8,188.10784583731777,193.87196418650797,189.99195833333349,ExtraTrees,189.99195833333349,-2.791958333333497,2.791958333333497,1.4914307336183212
19049,corn,2022,8,187.2,192.2696703296703,210.8,192.35514172181243,199.8269618055555,199.98500000000004,ExtraTrees,199.98500000000004,-12.785000000000053,12.785000000000053,6.8295940170940455
19049,corn,2022,9,187.2,192.2696703296703,210.8,190.9197997466102,201.4745833333331,203.05112500000024,ExtraTrees,203.05112500000024,-15.851125000000252,15.851125000000252,8.46748130341894
19049,corn,2022,10,187.2,192.2696703296703,210.8,185.79026318716132,174.9261479166667,171.6206666666666,ExtraTrees,171.6206666666666,15.57933333333338,15.57933333333338,8.322293447293474
19049,corn,2022,11,187.2,192.2696703296703,210.8,196.59620092377432,195.40546190476172,191.51379166666666,ExtraTrees,191.51379166666666,-4.313791666666674,4.313791666666674,2.3043758903133944
19049,corn,2022,12,187.2,192.2696703296703,210.8,204.50614429436632,191.38101824494942,190.4929583333334,ExtraTrees,190.4929583333334,-3.2929583333334165,3.2929583333334165,1.7590589387464832
19051,corn,2022,1,154.9,192.2696703296703,152.9,181.46004232160882,185.6494464285714,179.35995833333334,ExtraTrees,179.35995833333334,-24.459958333333333,24.459958333333333,15.790805896277165
19051,corn,2022,2,154.9,192.2696703296703,152.9,182.54175919627596,188.39908859127004,185.82283333333325,ExtraTrees,185.82283333333325,-30.922833333333244,30.922833333333244,19.96309446955019
19051,corn,2022,3,154.9,192.2696703296703,152.9,180.77876124648773,192.18350585317458,188.17791666666665,ExtraTrees,188.17791666666665,-33.27791666666664,33.27791666666664,21.48348396815148
19051,corn,2022,4,154.9,192.2696703296703,152.9,176.9957882648111,192.06322886904763,188.41037500000004,ExtraTrees,188.41037500000004,-33.51037500000004,33.51037500000004,21.633553905745668
19051,corn,2022,5,154.9,192.2696703296703,152.9,174.29142085230464,167.19000819805203,164.8779583333333,ExtraTrees,164.8779583333333,-9.977958333333305,9.977958333333305,6.441548310738092
19051,corn,2022,6,154.9,192.2696703296703,152.9,180.86686748689397,174.985331547619,169.8588749999999,ExtraTrees,169.8588749999999,-14.958874999999892,14.958874999999892,9.657117495158097
19051,corn,2022,7,154.9,192.2696703296703,152.9,186.17275632093163,185.01102754328997,184.58262500000015,ExtraTrees,184.58262500000015,-29.682625000000144,29.682625000000144,19.16244351194328
19051,corn,2022,8,154.9,192.2696703296703,152.9,184.4675732137507,173.73661478174589,170.47424999999993,ExtraTrees,170.47424999999993,-15.574249999999921,15.574249999999921,10.054389928986392
19051,corn,2022,9,154.9,192.2696703296703,152.9,182.80297939071403,173.49247638888875,171.7357500000001,ExtraTrees,171.7357500000001,-16.835750000000104,16.835750000000104,10.868786313750874
19051,corn,2022,10,154.9,192.2696703296703,152.9,181.54271574062471,171.4237642857142,166.445375,ExtraTrees,166.445375,-11.545375000000007,11.545375000000007,7.453437701743064
19051,corn,2022,11,154.9,192.2696703296703,152.9,177.02402263366153,177.30248134920635,174.12529166666667,ExtraTrees,174.12529166666667,-19.225291666666664,19.225291666666664,12.411421347105657
19051,corn,2022,12,154.9,192.2696703296703,152.9,178.07305715663284,164.56154900793655,159.36833333333323,ExtraTrees,159.36833333333323,-4.46833333333322,4.46833333333322,2.884656767807114
19053,corn,2022,1,148.7,192.2696703296703,192.2696703296703,185.1808494182684,187.4229440476192,186.48658333333324,ExtraTrees,186.48658333333324,-37.786583333333255,37.786583333333255,25.411286707016313
19053,corn,2022,2,148.7,192.2696703296703,192.2696703296703,184.4597757212026,191.88877172619053,186.28008333333327,ExtraTrees,186.28008333333327,-37.58008333333328,37.58008333333328,25.272416498542892
19053,corn,2022,3,148.7,192.2696703296703,192.2696703296703,193.87706858190845,201.81501356421367,195.0390833333331,ExtraTrees,195.0390833333331,-46.33908333333312,46.33908333333312,31.162799820667868
19053,corn,2022,4,148.7,192.2696703296703,192.2696703296703,190.019835374825,199.53286745129867,191.19354166666662,ExtraTrees,191.19354166666662,-42.49354166666663,42.49354166666663,28.576692445639967
19053,corn,2022,5,148.7,192.2696703296703,192.2696703296703,178.04835070328647,177.06311699134196,175.44179166666652,ExtraTrees,175.44179166666652,-26.74179166666653,26.74179166666653,17.98372001793311
19053,corn,2022,6,148.7,192.2696703296703,192.2696703296703,185.66197426583886,188.32910753968264,178.81962499999995,ExtraTrees,178.81962499999995,-30.119624999999957,30.119624999999957,20.25529589778074
19053,corn,2022,7,148.7,192.2696703296703,192.2696703296703,189.9899323454317,183.6013136904763,183.99358333333345,ExtraTrees,183.99358333333345,-35.29358333333346,35.29358333333346,23.734756780990896
19053,corn,2022,8,148.7,192.2696703296703,192.2696703296703,185.61826014668088,189.16603015873022,182.47845833333338,ExtraTrees,182.47845833333338,-33.77845833333339,33.77845833333339,22.715842860345255
19053,corn,2022,9,148.7,192.2696703296703,192.2696703296703,185.67501362505024,165.63860763888886,168.73212500000017,ExtraTrees,168.73212500000017,-20.03212500000018,20.03212500000018,13.471503026227424
19053,corn,2022,10,148.7,192.2696703296703,192.2696703296703,182.989782011826,159.9105260912701,160.59975000000006,ExtraTrees,160.59975000000006,-11.899750000000068,11.899750000000068,8.002521856086126
19053,corn,2022,11,148.7,192.2696703296703,192.2696703296703,180.01508466635605,172.75747946428575,174.23454166666653,ExtraTrees,174.23454166666653,-25.53454166666654,25.53454166666654,17.171850481954635
19053,corn,2022,12,148.7,192.2696703296703,192.2696703296703,184.10443934344258,181.41350630411242,176.42491666666672,ExtraTrees,176.42491666666672,-27.72491666666673,27.72491666666673,18.644866621833714
19055,corn,2022,1,230.8,192.2696703296703,219.0,201.50998582942884,195.67886746031738,196.36774999999986,ExtraTrees,196.36774999999986,34.43225000000015,34.43225000000015,14.918652512998332
19055,corn,2022,2,230.8,192.2696703296703,219.0,187.1362021970386,182.97428482142837,178.47883333333345,ExtraTrees,178.47883333333345,52.32116666666656,52.32116666666656,22.669482957827796
19055,corn,2022,3,230.8,192.2696703296703,219.0,197.30462404215157,197.2860050595238,192.80595833333325,ExtraTrees,192.80595833333325,37.99404166666676,37.99404166666676,16.461889803581784
19055,corn,2022,4,230.8,192.2696703296703,219.0,199.37116219940384,192.21832817460324,195.50075000000007,ExtraTrees,195.50075000000007,35.299249999999944,35.299249999999944,15.294302426343128
19055,corn,2022,5,230.8,192.2696703296703,219.0,188.6658673912619,192.5921274572649,192.4907916666667,ExtraTrees,192.4907916666667,38.309208333333316,38.309208333333316,16.598443818601957
19055,corn,2022,6,230.8,192.2696703296703,219.0,191.59719446755196,190.7687943452382,193.76249999999985,ExtraTrees,193.76249999999985,37.037500000000165,37.037500000000165,16.047443674176847
19055,corn,2022,7,230.8,192.2696703296703,219.0,189.89077607038627,208.47516339285713,208.4257499999998,ExtraTrees,208.4257499999998,22.374250000000217,22.374250000000217,9.694215771230596
19055,corn,2022,8,230.8,192.2696703296703,219.0,194.2299121995145,196.2585060515876,195.9944166666667,ExtraTrees,195.9944166666667,34.80558333333332,34.80558333333332,15.080408723281332
19055,corn,2022,9,230.8,192.2696703296703,219.0,192.9739424212139,199.93735049603185,201.09570833333316,ExtraTrees,201.09570833333316,29.704291666666848,29.704291666666848,12.870143703061892
19055,corn,2022,10,230.8,192.2696703296703,219.0,180.97610574110053,178.6742183531746,178.66433333333327,ExtraTrees,178.66433333333327,52.13566666666674,52.13566666666674,22.589110340843472
19055,corn,2022,11,230.8,192.2696703296703,219.0,184.5673970498849,181.43397380952393,185.17774999999992,ExtraTrees,185.17774999999992,45.62225000000009,45.62225000000009,19.767006065857924
19055,corn,2022,12,230.8,192.2696703296703,219.0,201.03230766091525,192.33836571969698,194.8165,ExtraTrees,194.8165,35.98350000000002,35.98350000000002,15.59077123050261
19057,corn,2022,1,194.8,192.2696703296703,192.2696703296703,187.19740219610878,194.01444543650797,197.057875,ExtraTrees,197.057875,-2.2578749999999843,2.2578749999999843,1.1590734086242218
19057,corn,2022,2,194.8,192.2696703296703,192.2696703296703,186.95662592541265,195.411650297619,193.89641666666645,ExtraTrees,193.89641666666645,0.9035833333335574,0.9035833333335574,0.4638518138262615
19057,corn,2022,3,194.8,192.2696703296703,192.2696703296703,181.75223528106739,191.94305307539673,191.02241666666677,ExtraTrees,191.02241666666677,3.77758333333324,3.77758333333324,1.9392111567419095
19057,corn,2022,4,194.8,192.2696703296703,192.2696703296703,183.8078830175089,195.5213467261904,195.46204166666655,ExtraTrees,195.46204166666655,-0.6620416666665392,0.6620416666665392,0.3398571184119811
19057,corn,2022,5,194.8,192.2696703296703,192.2696703296703,186.7773550247924,186.325220138889,187.56166666666667,ExtraTrees,187.56166666666667,7.238333333333344,7.238333333333344,3.715776865160854
19057,corn,2022,6,194.8,192.2696703296703,192.2696703296703,186.09267119444007,182.32348442460315,182.30666666666679,ExtraTrees,182.30666666666679,12.493333333333226,12.493333333333226,6.4134154688568925
19057,corn,2022,7,194.8,192.2696703296703,192.2696703296703,188.7447253232086,198.87799494047616,198.37587500000026,ExtraTrees,198.37587500000026,-3.575875000000252,3.575875000000252,1.8356647843943796
19057,corn,2022,8,194.8,192.2696703296703,192.2696703296703,191.86667926678288,195.33826835317475,195.44795833333347,ExtraTrees,195.44795833333347,-0.6479583333334631,0.6479583333334631,0.3326274811773424
19057,corn,2022,9,194.8,192.2696703296703,192.2696703296703,189.2433993379091,193.48456805555554,197.59587500000006,ExtraTrees,197.59587500000006,-2.795875000000052,2.795875000000052,1.4352541067762075
19057,corn,2022,10,194.8,192.2696703296703,192.2696703296703,184.71556613954323,171.9106588293652,164.3076250000002,ExtraTrees,164.3076250000002,30.49237499999981,30.49237499999981,15.653169917864378
19057,corn,2022,11,194.8,192.2696703296703,192.2696703296703,183.60163976238996,184.5649879960318,188.79612500000002,ExtraTrees,188.79612500000002,6.003874999999994,6.003874999999994,3.082071355236136
19057,corn,2022,12,194.8,192.2696703296703,192.2696703296703,183.04771721170383,187.49610059523795,184.10670833333322,ExtraTrees,184.10670833333322,10.693291666666795,10.693291666666795,5.489369438740654
19059,corn,2022,1,203.4,192.2696703296703,178.5,195.29920426841346,189.98283015873017,187.24054166666647,ExtraTrees,187.24054166666647,16.159458333333532,16.159458333333532,7.944669780399967
19059,corn,2022,2,203.4,192.2696703296703,178.5,189.59735327712744,186.07474831349194,184.55083333333332,ExtraTrees,184.55083333333332,18.84916666666669,18.84916666666669,9.267043592264843
19059,corn,2022,3,203.4,192.2696703296703,178.5,193.54352456394608,188.730636525974,194.37941666666654,ExtraTrees,194.37941666666654,9.020583333333462,9.020583333333462,4.434898393969254
19059,corn,2022,4,203.4,192.2696703296703,178.5,203.50632018642045,192.83861727994216,193.1116249999999,ExtraTrees,193.1116249999999,10.288375000000116,10.288375000000116,5.058198131760135
19059,corn,2022,5,203.4,192.2696703296703,178.5,197.0077763941742,193.09682371031747,193.60562500000003,ExtraTrees,193.60562500000003,9.794374999999974,9.794374999999974,4.815326941986221
19059,corn,2022,6,203.4,192.2696703296703,178.5,196.36892467016082,197.3905270833332,201.9526666666666,ExtraTrees,201.9526666666666,1.447333333333404,1.447333333333404,0.7115699770567374
19059,corn,2022,7,203.4,192.2696703296703,178.5,183.98692075459016,181.68796587301608,185.5700833333333,ExtraTrees,185.5700833333333,17.82991666666672,17.82991666666672,8.765937397574591
19059,corn,2022,8,203.4,192.2696703296703,178.5,189.26089725796726,186.46421736111088,183.89870833333325,ExtraTrees,183.89870833333325,19.50129166666676,19.50129166666676,9.587655686660156
19059,corn,2022,9,203.4,192.2696703296703,178.5,178.70979571376915,190.12538591269836,193.80249999999992,ExtraTrees,193.80249999999992,9.597500000000082,9.597500000000082,4.718534906588044
19059,corn,2022,10,203.4,192.2696703296703,178.5,165.39033268817772,179.19614603174617,180.4375833333335,ExtraTrees,180.4375833333335,22.962416666666513,22.962416666666513,11.289290396591205
19059,corn,2022,11,203.4,192.2696703296703,178.5,193.05385000478347,195.90042271825382,196.8019166666666,ExtraTrees,196.8019166666666,6.598083333333392,6.598083333333392,3.2438954441167116
19059,corn,2022,12,203.4,192.2696703296703,178.5,204.13266189434572,193.03366438492048,192.9562916666669,ExtraTrees,192.9562916666669,10.443708333333092,10.443708333333092,5.1345665355619925
19061,corn,2022,1,223.7,192.2696703296703,218.2,204.26378019283268,199.57503918650787,195.09745833333326,ExtraTrees,195.09745833333326,28.602541666666724,28.602541666666724,12.78611607808079
19061,corn,2022,2,223.7,192.2696703296703,218.2,193.61661064190875,190.5166101190476,180.3326250000001,ExtraTrees,180.3326250000001,43.367374999999896,43.367374999999896,19.38639919535087
19061,corn,2022,3,223.7,192.2696703296703,218.2,205.0150484535783,199.63481962481976,196.14799999999977,ExtraTrees,196.14799999999977,27.55200000000022,27.55200000000022,12.316495306213778
19061,corn,2022,4,223.7,192.2696703296703,218.2,197.9965218210906,199.25255476190475,199.91304166666686,ExtraTrees,199.91304166666686,23.786958333333132,23.786958333333132,10.633419013559738
19061,corn,2022,5,223.7,192.2696703296703,218.2,182.82715680046334,182.41359777236667,182.96795833333337,ExtraTrees,182.96795833333337,40.73204166666662,40.73204166666662,18.20833333333331
19061,corn,2022,6,223.7,192.2696703296703,218.2,191.04700144932826,189.08221567460322,190.97754166666675,ExtraTrees,190.97754166666675,32.722458333333236,32.722458333333236,14.627831172701491
19061,corn,2022,7,223.7,192.2696703296703,218.2,202.7137703638994,206.3386562499999,206.94812500000012,ExtraTrees,206.94812500000012,16.75187499999987,16.75187499999987,7.488544926240443
19061,corn,2022,8,223.7,192.2696703296703,218.2,198.81061236614596,189.99311289682538,193.52758333333333,ExtraTrees,193.52758333333333,30.172416666666663,30.172416666666663,13.487893011473698
19061,corn,2022,9,223.7,192.2696703296703,218.2,190.50442971764272,202.06644692460333,203.00570833333327,ExtraTrees,203.00570833333327,20.694291666666714,20.694291666666714,9.250912680673542
19061,corn,2022,10,223.7,192.2696703296703,218.2,186.27358580900287,172.50646775793666,169.9097916666666,ExtraTrees,169.9097916666666,53.790208333333396,53.790208333333396,24.04568991208467
19061,corn,2022,11,223.7,192.2696703296703,218.2,184.89658080590723,191.18401626984135,192.86445833333335,ExtraTrees,192.86445833333335,30.835541666666643,30.835541666666643,13.7843279690061
19061,corn,2022,12,223.7,192.2696703296703,218.2,195.0742266303667,197.33384414682553,196.48300000000006,ExtraTrees,196.48300000000006,27.216999999999928,27.216999999999928,12.166741171211411
19063,corn,2022,1,213.7,192.2696703296703,183.3,189.84529469264288,188.99717371031747,186.34524999999982,ExtraTrees,186.34524999999982,27.354750000000166,27.354750000000166,12.80053813757612
19063,corn,2022,2,213.7,192.2696703296703,183.3,188.6254413514465,186.56282033730145,185.37087500000004,ExtraTrees,185.37087500000004,28.329124999999948,28.329124999999948,13.256492746841342
19063,corn,2022,3,213.7,192.2696703296703,183.3,191.16833741917708,188.88303273809518,194.10920833333327,ExtraTrees,194.10920833333327,19.590791666666718,19.590791666666718,9.167427078458923
19063,corn,2022,4,213.7,192.2696703296703,183.3,203.52292136039435,195.59753861832604,194.5857500000001,ExtraTrees,194.5857500000001,19.114249999999885,19.114249999999885,8.944431445952217
19063,corn,2022,5,213.7,192.2696703296703,183.3,197.63915932236532,194.32654474206328,193.1627916666668,ExtraTrees,193.1627916666668,20.537208333333183,20.537208333333183,9.61029870535011
19063,corn,2022,6,213.7,192.2696703296703,183.3,194.07678889036148,200.5019618055555,201.31862500000005,ExtraTrees,201.31862500000005,12.381374999999935,12.381374999999935,5.793811417875496
19063,corn,2022,7,213.7,192.2696703296703,183.3,186.0499525279817,179.19657261904777,184.81575000000004,ExtraTrees,184.81575000000004,28.884249999999952,28.884249999999952,13.516261113710787
19063,corn,2022,8,213.7,192.2696703296703,183.3,192.22365954109995,194.1086931547618,192.65095833333336,ExtraTrees,192.65095833333336,21.049041666666625,21.049041666666625,9.84980892216501
19063,corn,2022,9,213.7,192.2696703296703,183.3,184.48540006064056,196.40190168650818,195.3089583333332,ExtraTrees,195.3089583333332,18.39104166666678,18.39104166666678,8.606009202932514
19063,corn,2022,10,213.7,192.2696703296703,183.3,162.4680126641398,170.32178025793667,177.8281666666668,ExtraTrees,177.8281666666668,35.8718333333332,35.8718333333332,16.786070815785305
19063,corn,2022,11,213.7,192.2696703296703,183.3,193.97290399687608,197.2094484126982,197.84512499999997,ExtraTrees,197.84512499999997,15.854875000000021,15.854875000000021,7.419220870379046
19063,corn,2022,12,213.7,192.2696703296703,183.3,200.46632662223044,192.7789524801588,191.3980416666669,ExtraTrees,191.3980416666669,22.30195833333309,22.30195833333309,10.436105911714128
19065,corn,2022,1,209.8,192.2696703296703,206.5,197.59535070912332,193.70818878066376,199.1217916666666,ExtraTrees,199.1217916666666,10.678208333333401,10.678208333333401,5.089708452494471
19065,corn,2022,2,209.8,192.2696703296703,206.5,190.56364117982497,184.281282738095,179.53266666666673,ExtraTrees,179.53266666666673,30.267333333333283,30.267333333333283,14.426755640292319
19065,corn,2022,3,209.8,192.2696703296703,206.5,198.26206152023983,192.25764067460335,193.9340833333333,ExtraTrees,193.9340833333333,15.86591666666672,15.86591666666672,7.562400699078513
19065,corn,2022,4,209.8,192.2696703296703,206.5,199.06718228520378,200.82210119047622,197.59695833333342,ExtraTrees,197.59695833333342,12.203041666666593,12.203041666666593,5.816511757229072
19065,corn,2022,5,209.8,192.2696703296703,206.5,193.25125761874682,195.19491635100997,191.68620833333344,ExtraTrees,191.68620833333344,18.11379166666657,18.11379166666657,8.63383778201457
19065,corn,2022,6,209.8,192.2696703296703,206.5,194.68179793570334,196.7087271825397,196.69179166666646,ExtraTrees,196.69179166666646,13.10820833333355,13.10820833333355,6.247954401016945
19065,corn,2022,7,209.8,192.2696703296703,206.5,194.0387869750936,202.63553363095238,201.40462500000015,ExtraTrees,201.40462500000015,8.39537499999986,8.39537499999986,4.001608674928436
19065,corn,2022,8,209.8,192.2696703296703,206.5,196.33051603770065,200.79904801587304,197.77041666666668,ExtraTrees,197.77041666666668,12.029583333333335,12.029583333333335,5.7338338099777575
19065,corn,2022,9,209.8,192.2696703296703,206.5,190.80546360796856,203.35501329365067,205.06924999999993,ExtraTrees,205.06924999999993,4.730750000000086,4.730750000000086,2.2548856053384583
19065,corn,2022,10,209.8,192.2696703296703,206.5,183.3058304057413,168.36379047619047,164.40770833333335,ExtraTrees,164.40770833333335,45.392291666666665,45.392291666666665,21.635982681919288
19065,corn,2022,11,209.8,192.2696703296703,206.5,186.15993022600313,184.13490190295818,186.84366666666673,ExtraTrees,186.84366666666673,22.956333333333276,22.956333333333276,10.94200826183664
19065,corn,2022,12,209.8,192.2696703296703,206.5,200.17825867838508,198.8501640873016,196.53745833333338,ExtraTrees,196.53745833333338,13.262541666666635,13.262541666666635,6.321516523673325
19067,corn,2022,1,204.6,192.2696703296703,206.1,194.3883392664493,188.07793888888875,189.27062500000002,ExtraTrees,189.27062500000002,15.32937499999997,15.32937499999997,7.492363147605069
19067,corn,2022,2,204.6,192.2696703296703,206.1,190.68946391286593,180.687848611111,178.16350000000006,ExtraTrees,178.16350000000006,26.43649999999994,26.43649999999994,12.921065493646108
19067,corn,2022,3,204.6,192.2696703296703,206.1,191.12004992874193,190.75684037698414,195.92295833333333,ExtraTrees,195.92295833333333,8.677041666666668,8.677041666666668,4.240978331704139
19067,corn,2022,4,204.6,192.2696703296703,206.1,199.57531396435627,189.87314484126992,192.2634583333334,ExtraTrees,192.2634583333334,12.33654166666659,12.33654166666659,6.029590257412801
19067,corn,2022,5,204.6,192.2696703296703,206.1,192.3230817904583,190.58059305555548,190.6683333333334,ExtraTrees,190.6683333333334,13.931666666666587,13.931666666666587,6.809221244705077
19067,corn,2022,6,204.6,192.2696703296703,206.1,192.42111646237927,195.27422172619038,196.27737500000003,ExtraTrees,196.27737500000003,8.32262499999996,8.32262499999996,4.067754154447683
19067,corn,2022,7,204.6,192.2696703296703,206.1,185.60349994705734,192.0584481150794,195.210625,ExtraTrees,195.210625,9.389375000000001,9.389375000000001,4.589137341153471
19067,corn,2022,8,204.6,192.2696703296703,206.1,189.4815121954059,186.45698234126993,190.38099999999997,ExtraTrees,190.38099999999997,14.219000000000023,14.219000000000023,6.94965786901272
19067,corn,2022,9,204.6,192.2696703296703,206.1,189.63216687292018,197.19803343253975,197.16854166666664,ExtraTrees,197.16854166666664,7.431458333333353,7.431458333333353,3.6321888237210915
19067,corn,2022,10,204.6,192.2696703296703,206.1,178.6511002116909,172.26500882936517,167.77,ExtraTrees,167.77,36.829999999999984,36.829999999999984,18.00097751710654
19067,corn,2022,11,204.6,192.2696703296703,206.1,182.86200403287532,182.07810853174587,184.45983333333322,ExtraTrees,184.45983333333322,20.140166666666772,20.140166666666772,9.843678722711033
19067,corn,2022,12,204.6,192.2696703296703,206.1,197.11341610935781,191.25967619047609,193.17774999999997,ExtraTrees,193.17774999999997,11.42225000000002,11.42225000000002,5.582722385141749
19069,corn,2022,1,220.1,192.2696703296703,199.8,203.7543184964397,191.96238878968242,195.5916666666668,ExtraTrees,195.5916666666668,24.508333333333184,24.508333333333184,11.13509011055574
19069,corn,2022,2,220.1,192.2696703296703,199.8,196.39570423777099,184.04847717352087,181.84454166666674,ExtraTrees,181.84454166666674,38.25545833333325,38.25545833333325,17.38094426775704
19069,corn,2022,3,220.1,192.2696703296703,199.8,196.0587434045669,192.60860406746036,199.86058333333315,ExtraTrees,199.86058333333315,20.23941666666684,20.23941666666684,9.195555050734594
19069,corn,2022,4,220.1,192.2696703296703,199.8,196.89833246002527,195.35435208333337,194.11500000000007,ExtraTrees,194.11500000000007,25.98499999999993,25.98499999999993,11.805997273966346
19069,corn,2022,5,220.1,192.2696703296703,199.8,199.4663286407913,194.7096457341269,195.91262499999996,ExtraTrees,195.91262499999996,24.18737500000003,24.18737500000003,10.989266242617008
19069,corn,2022,6,220.1,192.2696703296703,199.8,198.706663138821,198.26496418650785,198.9259166666666,ExtraTrees,198.9259166666666,21.174083333333385,21.174083333333385,9.620210510374095
19069,corn,2022,7,220.1,192.2696703296703,199.8,189.7062715324075,205.73200331890345,203.8148333333334,ExtraTrees,203.8148333333334,16.285166666666584,16.285166666666584,7.398985309707672
19069,corn,2022,8,220.1,192.2696703296703,199.8,196.1890928182273,204.2855373015872,204.5653749999999,ExtraTrees,204.5653749999999,15.53462500000009,15.53462500000009,7.057985006815125
19069,corn,2022,9,220.1,192.2696703296703,199.8,191.7994345360398,202.2686454365077,202.92487500000013,ExtraTrees,202.92487500000013,17.175124999999866,17.175124999999866,7.8033280327123435
19069,corn,2022,10,220.1,192.2696703296703,199.8,183.2575510506317,167.59302043650797,175.77125000000007,ExtraTrees,175.77125000000007,44.32874999999993,44.32874999999993,20.140277146751444
19069,corn,2022,11,220.1,192.2696703296703,199.8,197.2460702255087,196.91616974206343,197.70095833333326,ExtraTrees,197.70095833333326,22.399041666666733,22.399041666666733,10.176756777222504
19069,corn,2022,12,220.1,192.2696703296703,199.8,206.1923496934737,195.0137847132034,197.7063333333334,ExtraTrees,197.7063333333334,22.393666666666604,22.393666666666604,10.174314705436895
19071,corn,2022,1,191.6,192.2696703296703,207.8,190.14054840974458,192.92114964826837,195.9153333333336,ExtraTrees,195.9153333333336,-4.315333333333598,4.315333333333598,2.2522616562283915
19071,corn,2022,2,191.6,192.2696703296703,207.8,192.19290394397026,199.03694553571432,196.43262500000003,ExtraTrees,196.43262500000003,-4.832625000000036,4.832625000000036,2.52224686847601
19071,corn,2022,3,191.6,192.2696703296703,207.8,201.62576187614752,205.55143935786435,206.23629166666677,ExtraTrees,206.23629166666677,-14.636291666666779,14.636291666666779,7.638983124565124
19071,corn,2022,4,191.6,192.2696703296703,207.8,203.42120265989158,197.426413392857,193.93970833333336,ExtraTrees,193.93970833333336,-2.3397083333333626,2.3397083333333626,1.2211421363952832
19071,corn,2022,5,191.6,192.2696703296703,207.8,199.86074299786313,201.28273720238104,201.34512499999994,ExtraTrees,201.34512499999994,-9.745124999999945,9.745124999999945,5.086182150313124
19071,corn,2022,6,191.6,192.2696703296703,207.8,197.4864945949873,196.04102857142863,199.7061666666665,ExtraTrees,199.7061666666665,-8.106166666666496,8.106166666666496,4.230775922059758
19071,corn,2022,7,191.6,192.2696703296703,207.8,195.27098544790698,191.25807271825394,193.28104166666685,ExtraTrees,193.28104166666685,-1.6810416666668573,1.6810416666668573,0.877370389700865
19071,corn,2022,8,191.6,192.2696703296703,207.8,190.27410740150705,189.35050763888898,189.8415416666666,ExtraTrees,189.8415416666666,1.758458333333408,1.758458333333408,0.9177757480863299
19071,corn,2022,9,191.6,192.2696703296703,207.8,191.06095568471022,204.48844117063476,202.84491666666676,ExtraTrees,202.84491666666676,-11.244916666666768,11.244916666666768,5.868954418928376
19071,corn,2022,10,191.6,192.2696703296703,207.8,185.3105251320621,170.99595753968268,175.01533333333333,ExtraTrees,175.01533333333333,16.584666666666664,16.584666666666664,8.655880306193458
19071,corn,2022,11,191.6,192.2696703296703,207.8,186.1478157139002,187.10290178571435,187.0908750000001,ExtraTrees,187.0908750000001,4.509124999999898,4.509124999999898,2.353405532359028
19071,corn,2022,12,191.6,192.2696703296703,207.8,193.81028997371064,188.45826954365077,189.52875,ExtraTrees,189.52875,2.071249999999992,2.071249999999992,1.0810281837160711
19073,corn,2022,1,197.3,192.2696703296703,221.7,197.89482292717332,198.4395003968254,197.09458333333325,ExtraTrees,197.09458333333325,0.20541666666676406,0.20541666666676406,0.10411387058629704
19073,corn,2022,2,197.3,192.2696703296703,221.7,188.7731885606507,190.63931517857145,184.3793333333334,ExtraTrees,184.3793333333334,12.92066666666662,12.92066666666662,6.5487413414427875
19073,corn,2022,3,197.3,192.2696703296703,221.7,197.68088023045598,193.5416716269841,195.89079166666662,ExtraTrees,195.89079166666662,1.409208333333396,1.409208333333396,0.714246494340292
19073,corn,2022,4,197.3,192.2696703296703,221.7,205.07625535133664,205.1064056547617,202.7335416666666,ExtraTrees,202.7335416666666,-5.433541666666599,5.433541666666599,2.753949146815306
19073,corn,2022,5,197.3,192.2696703296703,221.7,196.55081987522087,195.93822490079367,193.39362499999993,ExtraTrees,193.39362499999993,3.9063750000000823,3.9063750000000823,1.9799163710086578
19073,corn,2022,6,197.3,192.2696703296703,221.7,194.78481811397026,194.76924732142868,196.47733333333326,ExtraTrees,196.47733333333326,0.8226666666667484,0.8226666666667484,0.4169623247170544
19073,corn,2022,7,197.3,192.2696703296703,221.7,186.39083842060546,205.77719603174603,203.6296666666668,ExtraTrees,203.6296666666668,-6.329666666666782,6.329666666666782,3.2081432674438832
19073,corn,2022,8,197.3,192.2696703296703,221.7,192.91401336290946,205.7838281746031,205.45766666666685,ExtraTrees,205.45766666666685,-8.157666666666842,8.157666666666842,4.13465112350068
19073,corn,2022,9,197.3,192.2696703296703,221.7,190.30592011470512,200.98357628968256,203.04341666666676,ExtraTrees,203.04341666666676,-5.7434166666667466,5.7434166666667466,2.9110069268457917
19073,corn,2022,10,197.3,192.2696703296703,221.7,182.489888425031,179.20265000000003,176.36604166666675,ExtraTrees,176.36604166666675,20.933958333333266,20.933958333333266,10.610217097482648
19073,corn,2022,11,197.3,192.2696703296703,221.7,194.77340457121102,198.54977549603157,197.7828333333333,ExtraTrees,197.7828333333333,-0.48283333333327505,0.48283333333327505,0.24472039195807146
19073,corn,2022,12,197.3,192.2696703296703,221.7,203.6544846818644,194.6266638888889,198.0673750000001,ExtraTrees,198.0673750000001,-0.7673750000001007,0.7673750000001007,0.3889381652306643
19075,corn,2022,1,207.5,192.2696703296703,210.5,200.40129208545886,199.60629999098109,200.89058333333344,ExtraTrees,200.89058333333344,6.6094166666665615,6.6094166666665615,3.1852610441766562
19075,corn,2022,2,207.5,192.2696703296703,210.5,197.2117990376833,186.93024652777768,180.06708333333347,ExtraTrees,180.06708333333347,27.43291666666653,27.43291666666653,13.220682730923627
19075,corn,2022,3,207.5,192.2696703296703,210.5,204.459385713621,202.15412708333355,201.41112500000003,ExtraTrees,201.41112500000003,6.088874999999973,6.088874999999973,2.9343975903614328
19075,corn,2022,4,207.5,192.2696703296703,210.5,206.65577202192102,199.96868521825388,199.8117916666668,ExtraTrees,199.8117916666668,7.688208333333193,7.688208333333193,3.7051606425702133
19075,corn,2022,5,207.5,192.2696703296703,210.5,207.7510160590245,202.17326439393935,198.7884999999999,ExtraTrees,198.7884999999999,8.711500000000086,8.711500000000086,4.19831325301209
19075,corn,2022,6,207.5,192.2696703296703,210.5,196.77690950689671,196.19044375000001,198.9692916666667,ExtraTrees,198.9692916666667,8.530708333333308,8.530708333333308,4.111184738955812
19075,corn,2022,7,207.5,192.2696703296703,210.5,195.78632414601577,207.8855198142136,202.1651666666669,ExtraTrees,202.1651666666669,5.334833333333108,5.334833333333108,2.5710040160641485
19075,corn,2022,8,207.5,192.2696703296703,210.5,199.07161067261796,206.4771593253967,206.7231249999998,ExtraTrees,206.7231249999998,0.7768750000001887,0.7768750000001887,0.37439759036153675
19075,corn,2022,9,207.5,192.2696703296703,210.5,197.45847647827546,203.01799325396823,205.3387916666666,ExtraTrees,205.3387916666666,2.1612083333334056,2.1612083333334056,1.0415461847389906
19075,corn,2022,10,207.5,192.2696703296703,210.5,187.26206951485827,174.4529214285715,173.46783333333343,ExtraTrees,173.46783333333343,34.03216666666657,34.03216666666657,16.40104417670678
19075,corn,2022,11,207.5,192.2696703296703,210.5,201.24860993894148,196.80180257936496,195.04766666666663,ExtraTrees,195.04766666666663,12.452333333333371,12.452333333333371,6.001124497991986
19075,corn,2022,12,207.5,192.2696703296703,210.5,203.57013482627434,198.7690629960317,198.34112500000018,ExtraTrees,198.34112500000018,9.158874999999824,9.158874999999824,4.413915662650518
19077,corn,2022,1,193.6,192.2696703296703,221.4,196.0657705946113,201.74308888888896,202.98108333333354,ExtraTrees,202.98108333333354,-9.38108333333355,9.38108333333355,4.845600895316917
19077,corn,2022,2,193.6,192.2696703296703,221.4,189.62516475962502,193.20354692460307,188.34258333333332,ExtraTrees,188.34258333333332,5.257416666666671,5.257416666666671,2.7156077823691485
19077,corn,2022,3,193.6,192.2696703296703,221.4,202.4956339021213,195.54963945707098,198.21179166666658,ExtraTrees,198.21179166666658,-4.611791666666591,4.611791666666591,2.382123794765801
19077,corn,2022,4,193.6,192.2696703296703,221.4,204.23436445821787,205.22971825396831,204.15891666666647,ExtraTrees,204.15891666666647,-10.558916666666477,10.558916666666477,5.453985881542602
19077,corn,2022,5,193.6,192.2696703296703,221.4,191.5825325518623,195.7440122023809,193.3374166666668,ExtraTrees,193.3374166666668,0.26258333333319683,0.26258333333319683,0.1356318870522711
19077,corn,2022,6,193.6,192.2696703296703,221.4,195.59208098721814,195.02146666666664,195.44962499999983,ExtraTrees,195.44962499999983,-1.8496249999998327,1.8496249999998327,0.9553848140495003
19077,corn,2022,7,193.6,192.2696703296703,221.4,188.32963711485806,194.93120744047636,196.34712499999998,ExtraTrees,196.34712499999998,-2.7471249999999827,2.7471249999999827,1.4189695247933796
19077,corn,2022,8,193.6,192.2696703296703,221.4,192.7835672685165,199.94999821428559,199.43870833333338,ExtraTrees,199.43870833333338,-5.838708333333386,5.838708333333386,3.0158617424242697
19077,corn,2022,9,193.6,192.2696703296703,221.4,192.74116877227212,200.42605694444424,204.4945833333335,ExtraTrees,204.4945833333335,-10.894583333333514,10.894583333333514,5.627367424242518
19077,corn,2022,10,193.6,192.2696703296703,221.4,186.98123444334158,166.1183461309526,172.8663333333334,ExtraTrees,172.8663333333334,20.733666666666608,20.733666666666608,10.709538567493082
19077,corn,2022,11,193.6,192.2696703296703,221.4,185.0983922075107,182.85441591810974,185.87141666666682,ExtraTrees,185.87141666666682,7.728583333333177,7.728583333333177,3.9920368457299467
19077,corn,2022,12,193.6,192.2696703296703,221.4,195.40366994723297,194.11331919191903,193.48658333333316,ExtraTrees,193.48658333333316,0.11341666666683636,0.11341666666683636,0.058582988980803906
19079,corn,2022,1,208.6,192.2696703296703,192.2696703296703,198.58967112160008,195.49895187590195,196.23195833333338,ExtraTrees,196.23195833333338,12.368041666666613,12.368041666666613,5.929070789389556
19079,corn,2022,2,208.6,192.2696703296703,192.2696703296703,190.68219522605546,186.89694325396823,185.35583333333346,ExtraTrees,185.35583333333346,23.24416666666653,23.24416666666653,11.14293704058798
19079,corn,2022,3,208.6,192.2696703296703,192.2696703296703,197.89905380820167,198.31638452380935,200.6262083333335,ExtraTrees,200.6262083333335,7.9737916666665,7.9737916666665,3.822527165228428
19079,corn,2022,4,208.6,192.2696703296703,192.2696703296703,204.37270574276698,201.0279411796537,198.55591666666663,ExtraTrees,198.55591666666663,10.044083333333361,10.044083333333361,4.814996804090777
19079,corn,2022,5,208.6,192.2696703296703,192.2696703296703,201.462231589081,195.7055938492066,194.65293750000004,ExtraTrees,194.65293750000004,13.947062499999959,13.947062499999959,6.686031879194611
19079,corn,2022,6,208.6,192.2696703296703,192.2696703296703,200.3484299308408,195.4686077380952,196.36649999999986,ExtraTrees,196.36649999999986,12.233500000000134,12.233500000000134,5.864573346117035
19079,corn,2022,7,208.6,192.2696703296703,192.2696703296703,189.52748539023423,192.26004136904746,198.43274999999983,ExtraTrees,198.43274999999983,10.167250000000166,10.167250000000166,4.874041227229227
19079,corn,2022,8,208.6,192.2696703296703,192.2696703296703,199.68988580350404,206.3235606150793,204.59549999999996,ExtraTrees,204.59549999999996,4.004500000000036,4.004500000000036,1.9197027804410527
19079,corn,2022,9,208.6,192.2696703296703,192.2696703296703,194.21197617308226,202.02319236111103,205.2607083333336,ExtraTrees,205.2607083333336,3.3392916666663837,3.3392916666663837,1.6008109619685444
19079,corn,2022,10,208.6,192.2696703296703,192.2696703296703,184.11222759328845,166.14860525793654,173.33862500000006,ExtraTrees,173.33862500000006,35.26137499999993,35.26137499999993,16.903823106423744
19079,corn,2022,11,208.6,192.2696703296703,192.2696703296703,197.6654817277868,191.45463015873008,193.50175000000007,ExtraTrees,193.50175000000007,15.098249999999922,15.098249999999922,7.23789549376794
19079,corn,2022,12,208.6,192.2696703296703,192.2696703296703,206.0775522920562,195.04441571067818,192.47974999999985,ExtraTrees,192.47974999999985,16.12025000000014,16.12025000000014,7.727828379674085
19081,corn,2022,1,211.5,192.2696703296703,210.9,196.68391287607383,189.30669434523796,193.15925000000007,ExtraTrees,193.15925000000007,18.34074999999993,18.34074999999993,8.671749408983418
19081,corn,2022,2,211.5,192.2696703296703,210.9,194.00238013964264,185.5035577380951,183.913375,ExtraTrees,183.913375,27.586624999999998,27.586624999999998,13.043321513002363
19081,corn,2022,3,211.5,192.2696703296703,210.9,189.8925153152978,191.7491320436509,197.67645833333327,ExtraTrees,197.67645833333327,13.823541666666728,13.823541666666728,6.535953506698217
19081,corn,2022,4,211.5,192.2696703296703,210.9,196.512770327195,191.97159861111112,189.7001666666667,ExtraTrees,189.7001666666667,21.79983333333331,21.79983333333331,10.307249802994473
19081,corn,2022,5,211.5,192.2696703296703,210.9,195.38306266722947,193.37743333333322,190.07683333333338,ExtraTrees,190.07683333333338,21.423166666666617,21.423166666666617,10.129156816390836
19081,corn,2022,6,211.5,192.2696703296703,210.9,200.68672321397528,195.6974705357142,196.13666666666657,ExtraTrees,196.13666666666657,15.36333333333343,15.36333333333343,7.263987391647012
19081,corn,2022,7,211.5,192.2696703296703,210.9,185.72948937610718,196.71683992604594,199.39258333333345,ExtraTrees,199.39258333333345,12.107416666666552,12.107416666666552,5.7245468873127905
19081,corn,2022,8,211.5,192.2696703296703,210.9,197.72780774847195,207.32888575937952,208.04800000000006,ExtraTrees,208.04800000000006,3.4519999999999413,3.4519999999999413,1.632151300236379
19081,corn,2022,9,211.5,192.2696703296703,210.9,192.88864335413686,200.2363001984127,202.04533333333347,ExtraTrees,202.04533333333347,9.454666666666526,9.454666666666526,4.470291568163843
19081,corn,2022,10,211.5,192.2696703296703,210.9,165.66861267174374,162.10338740079374,172.8558750000002,ExtraTrees,172.8558750000002,38.6441249999998,38.6441249999998,18.27145390070913
19081,corn,2022,11,211.5,192.2696703296703,210.9,198.53007368251937,195.1210063492064,197.9445416666667,ExtraTrees,197.9445416666667,13.555458333333291,13.555458333333291,6.409200157604393
19081,corn,2022,12,211.5,192.2696703296703,210.9,197.47993212133562,194.36816854256855,196.11095833333314,ExtraTrees,196.11095833333314,15.389041666666856,15.389041666666856,7.276142631993785
19083,corn,2022,1,215.6,192.2696703296703,193.9,199.94111081981086,196.05795009018743,196.34162500000002,ExtraTrees,196.34162500000002,19.258374999999972,19.258374999999972,8.93245593692021
19083,corn,2022,2,215.6,192.2696703296703,193.9,193.93377410989584,186.18601646825383,181.20487500000007,ExtraTrees,181.20487500000007,34.39512499999992,34.39512499999992,15.953211966604789
19083,corn,2022,3,215.6,192.2696703296703,193.9,197.73204715219313,200.90408095238098,198.98274999999964,ExtraTrees,198.98274999999964,16.617250000000354,16.617250000000354,7.707444341373076
19083,corn,2022,4,215.6,192.2696703296703,193.9,202.44046964053646,200.47516607142848,196.1309166666668,ExtraTrees,196.1309166666668,19.469083333333202,19.469083333333202,9.030187074829872
19083,corn,2022,5,215.6,192.2696703296703,193.9,203.29059247426196,195.5426215277779,194.50725000000003,ExtraTrees,194.50725000000003,21.092749999999967,21.092749999999967,9.783279220779207
19083,corn,2022,6,215.6,192.2696703296703,193.9,201.856115409786,202.09463442460347,199.3876666666667,ExtraTrees,199.3876666666667,16.212333333333305,16.212333333333305,7.519635126777971
19083,corn,2022,7,215.6,192.2696703296703,193.9,196.57869943305784,204.46508908730152,204.31058333333328,ExtraTrees,204.31058333333328,11.28941666666671,11.28941666666671,5.236278602350051
19083,corn,2022,8,215.6,192.2696703296703,193.9,200.01279671675857,206.89945347222226,207.64233333333337,ExtraTrees,207.64233333333337,7.957666666666626,7.957666666666626,3.6909400123685647
19083,corn,2022,9,215.6,192.2696703296703,193.9,195.73837386290626,204.5910128968254,206.00658333333337,ExtraTrees,206.00658333333337,9.593416666666627,9.593416666666627,4.44963667285094
19083,corn,2022,10,215.6,192.2696703296703,193.9,185.2746580209958,162.49672817460328,170.3605833333335,ExtraTrees,170.3605833333335,45.2394166666665,45.2394166666665,20.983031849103202
19083,corn,2022,11,215.6,192.2696703296703,193.9,194.9775143654195,189.92610803571432,192.67554166666687,ExtraTrees,192.67554166666687,22.92445833333312,22.92445833333312,10.632865646258406
19083,corn,2022,12,215.6,192.2696703296703,193.9,209.89355072050216,199.06144046717168,195.7531666666667,ExtraTrees,195.7531666666667,19.846833333333308,19.846833333333308,9.205395794681499
19085,corn,2022,1,172.4,192.2696703296703,192.2696703296703,205.73050887211826,200.81708581349199,202.26783333333321,ExtraTrees,202.26783333333321,-29.86783333333321,29.86783333333321,17.324729311678194
19085,corn,2022,2,172.4,192.2696703296703,192.2696703296703,191.01600930549463,196.76806488095247,193.25854166666664,ExtraTrees,193.25854166666664,-20.85854166666664,20.85854166666664,12.098922080433084
19085,corn,2022,3,172.4,192.2696703296703,192.2696703296703,204.89288807861166,205.85774154942283,208.5739583333335,ExtraTrees,208.5739583333335,-36.1739583333335,36.1739583333335,20.982574439288573
19085,corn,2022,4,172.4,192.2696703296703,192.2696703296703,207.65708203428233,203.2297963141025,198.385,ExtraTrees,198.385,-25.984999999999985,25.984999999999985,15.072505800464029
19085,corn,2022,5,172.4,192.2696703296703,192.2696703296703,204.9218936844619,203.26507470238113,202.91366666666673,ExtraTrees,202.91366666666673,-30.513666666666722,30.513666666666722,17.699342614075825
19085,corn,2022,6,172.4,192.2696703296703,192.2696703296703,195.48329479894275,197.62803404581544,199.24937499999993,ExtraTrees,199.24937499999993,-26.849374999999924,26.849374999999924,15.57388341067281
19085,corn,2022,7,172.4,192.2696703296703,192.2696703296703,198.64564867027067,196.90420267857124,200.57804166666676,ExtraTrees,200.57804166666676,-28.178041666666758,28.178041666666758,16.34457173240531
19085,corn,2022,8,172.4,192.2696703296703,192.2696703296703,197.05728992805885,199.3040526785715,197.71958333333325,ExtraTrees,197.71958333333325,-25.31958333333324,25.31958333333324,14.686533255993758
19085,corn,2022,9,172.4,192.2696703296703,192.2696703296703,187.8033267086243,196.70278392857145,192.38366666666678,ExtraTrees,192.38366666666678,-19.983666666666778,19.983666666666778,11.591453982985369
19085,corn,2022,10,172.4,192.2696703296703,192.2696703296703,184.9413914547764,176.17122767857146,177.90187500000008,ExtraTrees,177.90187500000008,-5.501875000000069,5.501875000000069,3.191342807424634
19085,corn,2022,11,172.4,192.2696703296703,192.2696703296703,192.479331151807,184.79771700937945,189.92325000000017,ExtraTrees,189.92325000000017,-17.52325000000016,17.52325000000016,10.164298143851601
19085,corn,2022,12,172.4,192.2696703296703,192.2696703296703,210.38462942274376,201.66376299603192,200.58337500000002,ExtraTrees,200.58337500000002,-28.183375000000012,28.183375000000012,16.347665313225065
19087,corn,2022,1,167.7,192.2696703296703,168.4,188.1420387791216,190.44214960317444,193.15599999999984,ExtraTrees,193.15599999999984,-25.455999999999847,25.455999999999847,15.179487179487088
19087,corn,2022,2,167.7,192.2696703296703,168.4,186.55103035587436,193.91205337301597,194.92866666666652,ExtraTrees,194.92866666666652,-27.228666666666527,27.228666666666527,16.236533492347363
19087,corn,2022,3,167.7,192.2696703296703,168.4,185.03547854057493,188.45210436507958,191.8687083333335,ExtraTrees,191.8687083333335,-24.168708333333512,24.168708333333512,14.41187139733662
19087,corn,2022,4,167.7,192.2696703296703,168.4,189.77749335565005,195.63208779761916,194.71550000000008,ExtraTrees,194.71550000000008,-27.015500000000088,27.015500000000088,16.109421586165826
19087,corn,2022,5,167.7,192.2696703296703,168.4,184.48732707337604,181.33116726190477,182.16083333333336,ExtraTrees,182.16083333333336,-14.460833333333369,14.460833333333369,8.62303716954882
19087,corn,2022,6,167.7,192.2696703296703,168.4,184.53193968802296,184.2141757936509,181.95699999999994,ExtraTrees,181.95699999999994,-14.256999999999948,14.256999999999948,8.50149075730468
19087,corn,2022,7,167.7,192.2696703296703,168.4,183.53392944588379,197.5946663690477,193.19312499999995,ExtraTrees,193.19312499999995,-25.493124999999964,25.493124999999964,15.201624925462115
19087,corn,2022,8,167.7,192.2696703296703,168.4,189.557314289483,185.6851339285713,188.1262916666667,ExtraTrees,188.1262916666667,-20.426291666666714,20.426291666666714,12.180257404094643
19087,corn,2022,9,167.7,192.2696703296703,168.4,187.6922993543058,179.37214871031733,179.7895833333335,ExtraTrees,179.7895833333335,-12.089583333333508,12.089583333333508,7.2090538660307155
19087,corn,2022,10,167.7,192.2696703296703,168.4,183.92007330072025,163.97241220238098,167.3371250000001,ExtraTrees,167.3371250000001,0.3628749999998888,0.3628749999998888,0.21638342277870534
19087,corn,2022,11,167.7,192.2696703296703,168.4,182.52873511230112,181.1086481150794,185.62904166666675,ExtraTrees,185.62904166666675,-17.929041666666762,17.929041666666762,10.691139932419059
19087,corn,2022,12,167.7,192.2696703296703,168.4,182.00542107232081,177.49686646825413,177.43524999999994,ExtraTrees,177.43524999999994,-9.73524999999995,9.73524999999995,5.80515802027427
19089,corn,2022,1,217.3,192.2696703296703,208.2,192.50406706055398,184.02053293650778,186.52587500000004,ExtraTrees,186.52587500000004,30.77412499999997,30.77412499999997,14.162045559134823
19089,corn,2022,2,217.3,192.2696703296703,208.2,186.36579082296996,183.03596718975473,181.98016666666675,ExtraTrees,181.98016666666675,35.319833333333264,35.319833333333264,16.25394999233008
19089,corn,2022,3,217.3,192.2696703296703,208.2,196.71817560279052,196.04728095238096,197.1942083333331,ExtraTrees,197.1942083333331,20.105791666666903,20.105791666666903,9.252550237766636
19089,corn,2022,4,217.3,192.2696703296703,208.2,198.8193915598262,189.05016299603176,189.66041666666675,ExtraTrees,189.66041666666675,27.639583333333263,27.639583333333263,12.719550544562017
19089,corn,2022,5,217.3,192.2696703296703,208.2,192.74005884975702,189.94195515873008,191.8124583333334,ExtraTrees,191.8124583333334,25.4875416666666,25.4875416666666,11.72919542874671
19089,corn,2022,6,217.3,192.2696703296703,208.2,187.80837325886478,195.5603330357143,196.47125000000008,ExtraTrees,196.47125000000008,20.82874999999993,20.82874999999993,9.585250805338209
19089,corn,2022,7,217.3,192.2696703296703,208.2,186.74969136007505,187.1371871031746,190.71004166666665,ExtraTrees,190.71004166666665,26.589958333333357,26.589958333333357,12.236520171805502
19089,corn,2022,8,217.3,192.2696703296703,208.2,191.7526418791995,194.39309851190478,196.80808333333346,ExtraTrees,196.80808333333346,20.491916666666555,20.491916666666555,9.430242368461368
19089,corn,2022,9,217.3,192.2696703296703,208.2,189.0121728376316,196.36966479978352,198.20520833333325,ExtraTrees,198.20520833333325,19.094791666666765,19.094791666666765,8.787294830495519
19089,corn,2022,10,217.3,192.2696703296703,208.2,178.9821451193893,179.85475208333344,172.9800416666666,ExtraTrees,172.9800416666666,44.3199583333334,44.3199583333334,20.395747047093142
19089,corn,2022,11,217.3,192.2696703296703,208.2,181.48416472775406,182.221571924603,185.8340416666668,ExtraTrees,185.8340416666668,31.46595833333322,31.46595833333322,14.48042261082983
19089,corn,2022,12,217.3,192.2696703296703,208.2,195.16212266195134,190.63622638888873,193.2649166666667,ExtraTrees,193.2649166666667,24.03508333333332,24.03508333333332,11.0607838625556
19091,corn,2022,1,195.5,192.2696703296703,206.3,195.65743584879507,191.19461954365084,190.9095000000001,ExtraTrees,190.9095000000001,4.590499999999906,4.590499999999906,2.3480818414321774
19091,corn,2022,2,195.5,192.2696703296703,206.3,190.458772544786,188.23754831349189,186.49212500000004,ExtraTrees,186.49212500000004,9.007874999999956,9.007874999999956,4.607608695652151
19091,corn,2022,3,195.5,192.2696703296703,206.3,191.82907439072918,190.56720081168854,196.17254166666672,ExtraTrees,196.17254166666672,-0.6725416666667172,0.6725416666667172,0.344011082693973
19091,corn,2022,4,195.5,192.2696703296703,206.3,200.7906211613405,194.74185109126964,194.15024999999997,ExtraTrees,194.15024999999997,1.3497500000000286,1.3497500000000286,0.69040920716114
19091,corn,2022,5,195.5,192.2696703296703,206.3,196.01051524140203,191.33619503968237,192.40187499999982,ExtraTrees,192.40187499999982,3.0981250000001808,3.0981250000001808,1.584718670076819
19091,corn,2022,6,195.5,192.2696703296703,206.3,190.40468548823182,194.2097997023809,198.34475000000003,ExtraTrees,198.34475000000003,-2.844750000000033,2.844750000000033,1.4551150895140834
19091,corn,2022,7,195.5,192.2696703296703,206.3,181.32535106068917,188.78478750000002,191.83058333333346,ExtraTrees,191.83058333333346,3.6694166666665353,3.6694166666665353,1.876939471440683
19091,corn,2022,8,195.5,192.2696703296703,206.3,193.5021919614084,194.2430875000001,195.7867500000001,ExtraTrees,195.7867500000001,-0.2867500000000973,0.2867500000000973,0.14667519181590655
19091,corn,2022,9,195.5,192.2696703296703,206.3,190.4031836368343,201.22943224206352,202.41187500000004,ExtraTrees,202.41187500000004,-6.9118750000000375,6.9118750000000375,3.5354859335038555
19091,corn,2022,10,195.5,192.2696703296703,206.3,172.44676230366193,169.72815565476193,179.60541666666654,ExtraTrees,179.60541666666654,15.894583333333458,15.894583333333458,8.130221653879007
19091,corn,2022,11,195.5,192.2696703296703,206.3,199.19763555460685,196.91712509920637,198.3832916666667,ExtraTrees,198.3832916666667,-2.8832916666667074,2.8832916666667074,1.4748294970162188
19091,corn,2022,12,195.5,192.2696703296703,206.3,201.05814337063583,196.26805585317453,196.76587500000002,ExtraTrees,196.76587500000002,-1.2658750000000225,1.2658750000000225,0.6475063938619041
19093,corn,2022,1,221.2,192.2696703296703,229.1,202.53217601833938,196.66905426587311,201.1847083333334,ExtraTrees,201.1847083333334,20.0152916666666,20.0152916666666,9.04850437010244
19093,corn,2022,2,221.2,192.2696703296703,229.1,190.9258714996398,194.46298571428565,194.40995833333346,ExtraTrees,194.40995833333346,26.790041666666525,26.790041666666525,12.11123040988541
19093,corn,2022,3,221.2,192.2696703296703,229.1,202.39725669486083,191.2848580086582,195.50149999999988,ExtraTrees,195.50149999999988,25.69850000000011,25.69850000000011,11.617766726943993
19093,corn,2022,4,221.2,192.2696703296703,229.1,210.07139276122555,210.7669769841267,195.67366666666666,ExtraTrees,195.67366666666666,25.526333333333326,25.526333333333326,11.539933694996982
19093,corn,2022,5,221.2,192.2696703296703,229.1,207.4059339191205,216.79663523629125,201.76599999999996,ExtraTrees,201.76599999999996,19.434000000000026,19.434000000000026,8.785714285714299
19093,corn,2022,6,221.2,192.2696703296703,229.1,203.4894434505355,202.36090137987014,205.81108333333333,ExtraTrees,205.81108333333333,15.38891666666666,15.38891666666666,6.957014767932487
19093,corn,2022,7,221.2,192.2696703296703,229.1,191.97741805778318,211.48770873015874,205.19237500000006,ExtraTrees,205.19237500000006,16.007624999999933,16.007624999999933,7.236720162748614
19093,corn,2022,8,221.2,192.2696703296703,229.1,196.39550102871655,201.93936091269853,201.7193333333332,ExtraTrees,201.7193333333332,19.480666666666792,19.480666666666792,8.806811332127845
19093,corn,2022,9,221.2,192.2696703296703,229.1,193.52929829494946,204.18635545634945,204.4448333333333,ExtraTrees,204.4448333333333,16.755166666666696,16.755166666666696,7.574668474984944
19093,corn,2022,10,221.2,192.2696703296703,229.1,164.7217934201686,179.4791547619049,174.53575000000035,ExtraTrees,174.53575000000035,46.66424999999964,46.66424999999964,21.095953887884107
19093,corn,2022,11,221.2,192.2696703296703,229.1,191.51640465681405,189.05284290223662,189.50354166666665,ExtraTrees,189.50354166666665,31.69645833333334,31.69645833333334,14.329321127185054
19093,corn,2022,12,221.2,192.2696703296703,229.1,205.76823873232465,197.01885575396824,193.18816666666683,ExtraTrees,193.18816666666683,28.011833333333158,28.011833333333158,12.663577456298897
19095,corn,2022,1,205.9,192.2696703296703,192.2696703296703,192.18241770826774,199.6470037698413,199.09991666666664,ExtraTrees,199.09991666666664,6.800083333333362,6.800083333333362,3.3026145378015355
19095,corn,2022,2,205.9,192.2696703296703,192.2696703296703,186.85580249452144,190.11836894841278,182.66441666666674,ExtraTrees,182.66441666666674,23.235583333333267,23.235583333333267,11.284887485834515
19095,corn,2022,3,205.9,192.2696703296703,192.2696703296703,193.72517113418078,197.7689109126985,197.55004166666643,ExtraTrees,197.55004166666643,8.349958333333575,8.349958333333575,4.05534644649518
19095,corn,2022,4,205.9,192.2696703296703,192.2696703296703,194.14339709487862,203.87689038461534,197.77599999999995,ExtraTrees,197.77599999999995,8.124000000000052,8.124000000000052,3.9456046624575287
19095,corn,2022,5,205.9,192.2696703296703,192.2696703296703,185.71355637792215,182.43081339285712,189.19391666666664,ExtraTrees,189.19391666666664,16.706083333333368,16.706083333333368,8.11368787437269
19095,corn,2022,6,205.9,192.2696703296703,192.2696703296703,188.83261418386556,189.80294702380937,192.1376666666667,ExtraTrees,192.1376666666667,13.762333333333316,13.762333333333316,6.683988991419774
19095,corn,2022,7,205.9,192.2696703296703,192.2696703296703,187.3920525306948,189.12548105158734,192.75187500000015,ExtraTrees,192.75187500000015,13.148124999999851,13.148124999999851,6.385684798445775
19095,corn,2022,8,205.9,192.2696703296703,192.2696703296703,191.71401981436975,197.26470178571407,194.39775,ExtraTrees,194.39775,11.502250000000004,11.502250000000004,5.5863283147158835
19095,corn,2022,9,205.9,192.2696703296703,192.2696703296703,190.34028849815036,200.12627949134193,200.1759999999999,ExtraTrees,200.1759999999999,5.724000000000103,5.724000000000103,2.7799902865469175
19095,corn,2022,10,205.9,192.2696703296703,192.2696703296703,183.5629482346198,174.9260246031746,175.6479583333335,ExtraTrees,175.6479583333335,30.252041666666514,30.252041666666514,14.692589444714187
19095,corn,2022,11,205.9,192.2696703296703,192.2696703296703,187.78897277066278,181.73598779761903,182.06687500000004,ExtraTrees,182.06687500000004,23.833124999999967,23.833124999999967,11.575097134531308
19095,corn,2022,12,205.9,192.2696703296703,192.2696703296703,194.29843566971454,189.22048174603162,189.1360416666666,ExtraTrees,189.1360416666666,16.76395833333339,16.76395833333339,8.14179617937513
19097,corn,2022,1,219.2,192.2696703296703,191.5,200.78816095584773,193.3197448051946,196.90916666666675,ExtraTrees,196.90916666666675,22.29083333333324,22.29083333333324,10.169175790754217
19097,corn,2022,2,219.2,192.2696703296703,191.5,195.80833740165187,192.06944027777766,183.08212500000008,ExtraTrees,183.08212500000008,36.11787499999991,36.11787499999991,16.477132755474415
19097,corn,2022,3,219.2,192.2696703296703,191.5,202.0642637215995,196.14732738095248,196.14883333333324,ExtraTrees,196.14883333333324,23.051166666666745,23.051166666666745,10.516043187347968
19097,corn,2022,4,219.2,192.2696703296703,191.5,208.11466846307616,196.8606625992063,194.45495833333334,ExtraTrees,194.45495833333334,24.74504166666665,24.74504166666665,11.288796380778582
19097,corn,2022,5,219.2,192.2696703296703,191.5,191.1901869409731,191.5103946428571,193.25995833333323,ExtraTrees,193.25995833333323,25.940041666666758,25.940041666666758,11.833960614355274
19097,corn,2022,6,219.2,192.2696703296703,191.5,196.1420040190461,193.47550208333348,190.47400000000007,ExtraTrees,190.47400000000007,28.725999999999914,28.725999999999914,13.10492700729923
19097,corn,2022,7,219.2,192.2696703296703,191.5,203.20307909251832,203.12576755952384,204.11312500000014,ExtraTrees,204.11312500000014,15.08687499999985,15.08687499999985,6.882698448905042
19097,corn,2022,8,219.2,192.2696703296703,191.5,199.12336435533211,199.41706309523815,202.95450000000008,ExtraTrees,202.95450000000008,16.245499999999907,16.245499999999907,7.411268248175141
19097,corn,2022,9,219.2,192.2696703296703,191.5,190.18124186137774,201.02699821428556,203.0814166666666,ExtraTrees,203.0814166666666,16.11858333333339,16.11858333333339,7.35336830900246
19097,corn,2022,10,219.2,192.2696703296703,191.5,188.00229390223768,172.49798988095247,175.60462500000003,ExtraTrees,175.60462500000003,43.59537499999996,43.59537499999996,19.88840100364962
19097,corn,2022,11,219.2,192.2696703296703,191.5,190.0411203903593,194.97996537698415,195.81466666666682,ExtraTrees,195.81466666666682,23.385333333333165,23.385333333333165,10.66849148418484
19097,corn,2022,12,219.2,192.2696703296703,191.5,197.05080620628198,198.7206658730161,195.34308333333328,ExtraTrees,195.34308333333328,23.856916666666706,23.856916666666706,10.883629866180067
19099,corn,2022,1,203.6,192.2696703296703,223.1,200.352815148475,194.36839483225106,196.3253333333335,ExtraTrees,196.3253333333335,7.274666666666491,7.274666666666491,3.5730189914864887
19099,corn,2022,2,203.6,192.2696703296703,223.1,191.25784680919756,191.52070753968252,184.80695833333357,ExtraTrees,184.80695833333357,18.793041666666426,18.793041666666426,9.230374099541466
19099,corn,2022,3,203.6,192.2696703296703,223.1,202.267513041233,199.11729990079377,202.82070833333336,ExtraTrees,202.82070833333336,0.7792916666666372,0.7792916666666372,0.382756221349036
19099,corn,2022,4,203.6,192.2696703296703,223.1,213.90171588746986,202.45427152777773,202.18624999999992,ExtraTrees,202.18624999999992,1.4137500000000784,1.4137500000000784,0.6943762278978775
19099,corn,2022,5,203.6,192.2696703296703,223.1,200.99135609411178,202.98924236111114,198.49462499999984,ExtraTrees,198.49462499999984,5.105375000000151,5.105375000000151,2.507551571709308
19099,corn,2022,6,203.6,192.2696703296703,223.1,194.55054420339764,200.57137569444447,202.07224999999994,ExtraTrees,202.07224999999994,1.5277500000000543,1.5277500000000543,0.7503683693516967
19099,corn,2022,7,203.6,192.2696703296703,223.1,190.2935085232693,194.74462728174603,196.6727500000003,ExtraTrees,196.6727500000003,6.927249999999702,6.927249999999702,3.4023821218073196
19099,corn,2022,8,203.6,192.2696703296703,223.1,197.23900032465755,210.16338263888883,203.1246666666667,ExtraTrees,203.1246666666667,0.47533333333328187,0.47533333333328187,0.2334643091027907
19099,corn,2022,9,203.6,192.2696703296703,223.1,191.93467796292924,204.20528829365074,201.7064166666666,ExtraTrees,201.7064166666666,1.893583333333396,1.893583333333396,0.9300507531107054
19099,corn,2022,10,203.6,192.2696703296703,223.1,190.09557887097284,174.95011011904754,174.4295833333334,ExtraTrees,174.4295833333334,29.170416666666597,29.170416666666597,14.32731663392269
19099,corn,2022,11,203.6,192.2696703296703,223.1,197.78113089092417,200.4418522817462,193.06474999999998,ExtraTrees,193.06474999999998,10.535250000000019,10.535250000000019,5.174484282907672
19099,corn,2022,12,203.6,192.2696703296703,223.1,206.67990171739456,199.2201481601731,199.0005833333332,ExtraTrees,199.0005833333332,4.599416666666798,4.599416666666798,2.2590455140799595
19101,corn,2022,1,178.0,192.2696703296703,164.0,189.598056108335,191.32804329212442,191.8885833333333,ExtraTrees,191.8885833333333,-13.888583333333287,13.888583333333287,7.802574906367016
19101,corn,2022,2,178.0,192.2696703296703,164.0,185.14016292728707,189.48085227272742,188.86258333333336,ExtraTrees,188.86258333333336,-10.862583333333362,10.862583333333362,6.102574906367058
19101,corn,2022,3,178.0,192.2696703296703,164.0,187.48698836249864,185.75855803571423,189.31191666666652,ExtraTrees,189.31191666666652,-11.31191666666652,11.31191666666652,6.355009363295798
19101,corn,2022,4,178.0,192.2696703296703,164.0,187.68304163429914,192.7186324404761,195.05875000000012,ExtraTrees,195.05875000000012,-17.058750000000117,17.058750000000117,9.583567415730403
19101,corn,2022,5,178.0,192.2696703296703,164.0,175.53887624099698,174.66464702380952,175.7041666666665,ExtraTrees,175.7041666666665,2.2958333333334906,2.2958333333334906,1.289794007490725
19101,corn,2022,6,178.0,192.2696703296703,164.0,179.97716323431305,179.3167116071429,178.66208333333321,ExtraTrees,178.66208333333321,-0.6620833333332143,0.6620833333332143,0.3719569288388845
19101,corn,2022,7,178.0,192.2696703296703,164.0,185.67972478879534,185.5600369678932,186.3104583333333,ExtraTrees,186.3104583333333,-8.310458333333287,8.310458333333287,4.668796816479374
19101,corn,2022,8,178.0,192.2696703296703,164.0,184.86177751173074,179.976638392857,180.5996666666666,ExtraTrees,180.5996666666666,-2.599666666666593,2.599666666666593,1.4604868913857265
19101,corn,2022,9,178.0,192.2696703296703,164.0,184.04624763199783,163.7377533730159,168.09687500000018,ExtraTrees,168.09687500000018,9.903124999999818,9.903124999999818,5.563553370786415
19101,corn,2022,10,178.0,192.2696703296703,164.0,185.69375116887312,170.41897172619062,168.11883333333327,ExtraTrees,168.11883333333327,9.88116666666673,9.88116666666673,5.551217228464455
19101,corn,2022,11,178.0,192.2696703296703,164.0,179.90923322313463,178.94593978174586,182.77554166666675,ExtraTrees,182.77554166666675,-4.775541666666754,4.775541666666754,2.6828885767790753
19101,corn,2022,12,178.0,192.2696703296703,164.0,181.88086068838527,178.40985813492068,171.96554166666658,ExtraTrees,171.96554166666658,6.0344583333334185,6.0344583333334185,3.3901451310861903
19103,corn,2022,1,205.2,192.2696703296703,192.2696703296703,190.1800364241739,194.349282034632,196.357,ExtraTrees,196.357,8.84299999999999,8.84299999999999,4.309454191033133
19103,corn,2022,2,205.2,192.2696703296703,192.2696703296703,190.52132527495775,191.42960357142863,183.77054166666687,ExtraTrees,183.77054166666687,21.429458333333116,21.429458333333116,10.443205815464482
19103,corn,2022,3,205.2,192.2696703296703,192.2696703296703,193.45570606246412,195.92157619047623,195.97300000000018,ExtraTrees,195.97300000000018,9.226999999999805,9.226999999999805,4.49658869395702
19103,corn,2022,4,205.2,192.2696703296703,192.2696703296703,197.9981471760159,197.23909970238105,197.11912500000003,ExtraTrees,197.11912500000003,8.080874999999963,8.080874999999963,3.9380482456140173
19103,corn,2022,5,205.2,192.2696703296703,192.2696703296703,183.72939071492092,184.24385138888903,180.95058333333327,ExtraTrees,180.95058333333327,24.24941666666672,24.24941666666672,11.817454515919454
19103,corn,2022,6,205.2,192.2696703296703,192.2696703296703,188.4349889294526,192.03761577380945,193.64145833333336,ExtraTrees,193.64145833333336,11.558541666666628,11.558541666666628,5.632817576348259
19103,corn,2022,7,205.2,192.2696703296703,192.2696703296703,192.15656035791105,195.69468081709968,197.64487499999998,ExtraTrees,197.64487499999998,7.555125000000004,7.555125000000004,3.6818347953216395
19103,corn,2022,8,205.2,192.2696703296703,192.2696703296703,196.65044833341153,196.77915128968255,196.73337500000014,ExtraTrees,196.73337500000014,8.466624999999851,8.466624999999851,4.126035575048661
19103,corn,2022,9,205.2,192.2696703296703,192.2696703296703,191.26335429001853,203.23440823412707,200.6952916666668,ExtraTrees,200.6952916666668,4.504708333333184,4.504708333333184,2.1952769655619804
19103,corn,2022,10,205.2,192.2696703296703,192.2696703296703,186.44074209114117,160.91844295634945,165.01804166666687,ExtraTrees,165.01804166666687,40.181958333333114,40.181958333333114,19.58185103963602
19103,corn,2022,11,205.2,192.2696703296703,192.2696703296703,183.56428899854512,193.61557493686868,193.53791666666677,ExtraTrees,193.53791666666677,11.662083333333214,11.662083333333214,5.68327647823256
19103,corn,2022,12,205.2,192.2696703296703,192.2696703296703,191.43140801402623,178.71341964285708,179.34870833333338,ExtraTrees,179.34870833333338,25.85129166666661,25.85129166666661,12.598095354126029
19105,corn,2022,1,218.2,192.2696703296703,192.2696703296703,196.9386585794176,190.01029692460313,194.79891666666663,ExtraTrees,194.79891666666663,23.40108333333336,23.40108333333336,10.724602810876885
19105,corn,2022,2,218.2,192.2696703296703,192.2696703296703,190.32611145325083,179.20587767857134,174.75908333333348,ExtraTrees,174.75908333333348,43.44091666666651,43.44091666666651,19.908761075465865
19105,corn,2022,3,218.2,192.2696703296703,192.2696703296703,192.63135555812423,198.36211359126983,193.86033333333341,ExtraTrees,193.86033333333341,24.339666666666574,24.339666666666574,11.154750992972765
19105,corn,2022,4,218.2,192.2696703296703,192.2696703296703,193.8451876951796,197.4086849025972,197.7440000000001,ExtraTrees,197.7440000000001,20.455999999999875,20.455999999999875,9.374885426214426
19105,corn,2022,5,218.2,192.2696703296703,192.2696703296703,186.12024455891736,188.8855808531745,188.94637499999982,ExtraTrees,188.94637499999982,29.25362500000017,29.25362500000017,13.406794225481288
19105,corn,2022,6,218.2,192.2696703296703,192.2696703296703,186.02136241624655,180.74233839285725,182.77124999999992,ExtraTrees,182.77124999999992,35.428750000000065,35.428750000000065,16.236824014665473
19105,corn,2022,7,218.2,192.2696703296703,192.2696703296703,191.73534464027108,210.3088297619045,207.41833333333318,ExtraTrees,207.41833333333318,10.781666666666808,10.781666666666808,4.941185456767557
19105,corn,2022,8,218.2,192.2696703296703,192.2696703296703,197.07700938460925,204.98979365079362,206.54749999999984,ExtraTrees,206.54749999999984,11.652500000000146,11.652500000000146,5.340284142988152
19105,corn,2022,9,218.2,192.2696703296703,192.2696703296703,190.88256158913103,200.46756914682538,202.67516666666663,ExtraTrees,202.67516666666663,15.524833333333362,15.524833333333362,7.11495569813628
19105,corn,2022,10,218.2,192.2696703296703,192.2696703296703,181.67161620316543,162.68278789682554,169.21425000000002,ExtraTrees,169.21425000000002,48.98574999999997,48.98574999999997,22.449931255728675
19105,corn,2022,11,218.2,192.2696703296703,192.2696703296703,180.8902615809978,176.25649186507934,181.07987500000007,ExtraTrees,181.07987500000007,37.120124999999916,37.120124999999916,17.01197296058658
19105,corn,2022,12,218.2,192.2696703296703,192.2696703296703,193.43662605202437,188.66779761904778,188.31491666666676,ExtraTrees,188.31491666666676,29.885083333333228,29.885083333333228,13.69618851206839
19107,corn,2022,1,170.4,192.2696703296703,177.2,192.11882213458594,201.34886387987004,201.6082916666667,ExtraTrees,201.6082916666667,-31.208291666666696,31.208291666666696,18.31472515649454
19107,corn,2022,2,170.4,192.2696703296703,177.2,186.96896744772454,188.76682837301595,185.10595833333352,ExtraTrees,185.10595833333352,-14.705958333333513,14.705958333333513,8.63025723787178
19107,corn,2022,3,170.4,192.2696703296703,177.2,192.58880585823812,194.77301041666666,197.042,ExtraTrees,197.042,-26.641999999999996,26.641999999999996,15.634976525821592
19107,corn,2022,4,170.4,192.2696703296703,177.2,198.53789335629037,194.0653169642857,200.3562500000001,ExtraTrees,200.3562500000001,-29.956250000000097,29.956250000000097,17.57995892018785
19107,corn,2022,5,170.4,192.2696703296703,177.2,183.44306230664046,180.25178849206335,185.7956666666665,ExtraTrees,185.7956666666665,-15.3956666666665,15.3956666666665,9.035015649452172
19107,corn,2022,6,170.4,192.2696703296703,177.2,188.05447631615618,189.5584507936507,193.45937500000002,ExtraTrees,193.45937500000002,-23.059375000000017,23.059375000000017,13.532497065727709
19107,corn,2022,7,170.4,192.2696703296703,177.2,184.0694525984476,189.49321825396834,189.99333333333345,ExtraTrees,189.99333333333345,-19.593333333333447,19.593333333333447,11.49843505477315
19107,corn,2022,8,170.4,192.2696703296703,177.2,191.50630477778768,199.0473980158732,195.98937500000002,ExtraTrees,195.98937500000002,-25.589375000000018,25.589375000000018,15.017238849765269
19107,corn,2022,9,170.4,192.2696703296703,177.2,188.18725829168105,181.27709791666663,186.62954166666685,ExtraTrees,186.62954166666685,-16.229541666666847,16.229541666666847,9.524378912363172
19107,corn,2022,10,170.4,192.2696703296703,177.2,184.19049376809852,176.0783251984127,174.98379166666683,ExtraTrees,174.98379166666683,-4.583791666666826,4.583791666666826,2.6900185837246635
19107,corn,2022,11,170.4,192.2696703296703,177.2,188.32800826711738,183.3389754960317,182.5280416666666,ExtraTrees,182.5280416666666,-12.128041666666604,12.128041666666604,7.117395344287914
19107,corn,2022,12,170.4,192.2696703296703,177.2,193.48431508245775,186.8712871031743,188.0153333333332,ExtraTrees,188.0153333333332,-17.615333333333183,17.615333333333183,10.337636932707268
19109,corn,2022,1,197.6,192.2696703296703,192.6,198.1982537624876,190.70241090367963,194.19374999999997,ExtraTrees,194.19374999999997,3.4062500000000284,3.4062500000000284,1.7238107287449536
19109,corn,2022,2,197.6,192.2696703296703,192.6,193.68091794515797,194.3682351190477,186.34483333333327,ExtraTrees,186.34483333333327,11.255166666666724,11.255166666666724,5.695934547908261
19109,corn,2022,3,197.6,192.2696703296703,192.6,195.35608712114689,194.6458109126985,198.05625,ExtraTrees,198.05625,-0.45625000000001137,0.45625000000001137,0.23089574898786003
19109,corn,2022,4,197.6,192.2696703296703,192.6,215.86947628993013,200.68708075396842,198.64620833333342,ExtraTrees,198.64620833333342,-1.046208333333425,1.046208333333425,0.529457658569547
19109,corn,2022,5,197.6,192.2696703296703,192.6,203.82899681181468,195.36054434523817,189.22422916666656,ExtraTrees,189.22422916666656,8.375770833333434,8.375770833333434,4.238750421727446
19109,corn,2022,6,197.6,192.2696703296703,192.6,213.13982620526758,194.62306190476207,197.98825,ExtraTrees,197.98825,-0.3882499999999993,0.3882499999999993,0.19648279352226686
19109,corn,2022,7,197.6,192.2696703296703,192.6,203.24488624455915,200.15057113095244,201.3018333333332,ExtraTrees,201.3018333333332,-3.7018333333332123,3.7018333333332123,1.8733974358973746
19109,corn,2022,8,197.6,192.2696703296703,192.6,208.95011746377466,204.41924623015868,207.53170833333323,ExtraTrees,207.53170833333323,-9.931708333333233,9.931708333333233,5.02616818488524
19109,corn,2022,9,197.6,192.2696703296703,192.6,201.97118579331578,199.2402854166668,200.05550000000017,ExtraTrees,200.05550000000017,-2.455500000000171,2.455500000000171,1.2426619433199246
19109,corn,2022,10,197.6,192.2696703296703,192.6,180.53147266044473,175.93479553571444,180.45370833333357,ExtraTrees,180.45370833333357,17.14629166666643,17.14629166666643,8.67727311066115
19109,corn,2022,11,197.6,192.2696703296703,192.6,207.0849530877353,196.26329964826843,194.99187500000008,ExtraTrees,194.99187500000008,2.608124999999916,2.608124999999916,1.319901315789431
19109,corn,2022,12,197.6,192.2696703296703,192.6,207.60337420427933,197.63845123556985,196.64700000000005,ExtraTrees,196.64700000000005,0.9529999999999461,0.9529999999999461,0.4822874493926853
19111,corn,2022,1,178.2,192.2696703296703,160.8,189.30079939315195,194.9320805555555,194.3261666666666,ExtraTrees,194.3261666666666,-16.12616666666662,16.12616666666662,9.049476243920662
19111,corn,2022,2,178.2,192.2696703296703,160.8,191.69758705395495,198.18414047619055,195.6795416666667,ExtraTrees,195.6795416666667,-17.479541666666705,17.479541666666705,9.808945940890409
19111,corn,2022,3,178.2,192.2696703296703,160.8,189.92472007074372,198.41432053571424,197.29737499999996,ExtraTrees,197.29737499999996,-19.09737499999997,19.09737499999997,10.716820987654305
19111,corn,2022,4,178.2,192.2696703296703,160.8,189.7590478869222,198.60196794733042,198.37974999999997,ExtraTrees,198.37974999999997,-20.179749999999984,20.179749999999984,11.324214365881025
19111,corn,2022,5,178.2,192.2696703296703,160.8,193.36727035907649,192.60786147186147,190.90629166666676,ExtraTrees,190.90629166666676,-12.706291666666772,12.706291666666772,7.130354470632308
19111,corn,2022,6,178.2,192.2696703296703,160.8,193.75317125331327,186.16459910714298,186.0979583333334,ExtraTrees,186.0979583333334,-7.897958333333406,7.897958333333406,4.432075383464314
19111,corn,2022,7,178.2,192.2696703296703,160.8,194.74112632640134,202.5428893849205,203.19300000000013,ExtraTrees,203.19300000000013,-24.993000000000137,24.993000000000137,14.025252525252604
19111,corn,2022,8,178.2,192.2696703296703,160.8,195.01611338616263,197.56654494047635,200.10599999999994,ExtraTrees,200.10599999999994,-21.90599999999995,21.90599999999995,12.292929292929266
19111,corn,2022,9,178.2,192.2696703296703,160.8,198.0167461691198,197.91217579365082,196.88733333333323,ExtraTrees,196.88733333333323,-18.687333333333243,18.687333333333243,10.486719042274547
19111,corn,2022,10,178.2,192.2696703296703,160.8,188.90227876167862,168.61186021825418,169.65625000000009,ExtraTrees,169.65625000000009,8.543749999999903,8.543749999999903,4.794472502805782
19111,corn,2022,11,178.2,192.2696703296703,160.8,188.74317148591604,197.74409408369394,192.2792916666667,ExtraTrees,192.2792916666667,-14.079291666666705,14.079291666666705,7.900837074448209
19111,corn,2022,12,178.2,192.2696703296703,160.8,187.13796383090087,188.78432035603288,186.84262499999997,ExtraTrees,186.84262499999997,-8.642624999999981,8.642624999999981,4.849957912457902
19113,corn,2022,1,215.0,192.2696703296703,192.2696703296703,199.69816204696104,194.46639800685426,198.59175000000002,ExtraTrees,198.59175000000002,16.40824999999998,16.40824999999998,7.631744186046503
19113,corn,2022,2,215.0,192.2696703296703,192.2696703296703,190.7297518038654,187.49158283730142,178.97970833333355,ExtraTrees,178.97970833333355,36.02029166666645,36.02029166666645,16.753624031007654
19113,corn,2022,3,215.0,192.2696703296703,192.2696703296703,195.08857333754736,196.28458898809507,194.11683333333337,ExtraTrees,194.11683333333337,20.883166666666625,20.883166666666625,9.71310077519378
19113,corn,2022,4,215.0,192.2696703296703,192.2696703296703,202.91047056830595,204.8638670454545,202.5805833333332,ExtraTrees,202.5805833333332,12.419416666666791,12.419416666666791,5.776472868217112
19113,corn,2022,5,215.0,192.2696703296703,192.2696703296703,194.77164763914413,195.95146240079367,191.77216666666655,ExtraTrees,191.77216666666655,23.22783333333345,23.22783333333345,10.803643410852768
19113,corn,2022,6,215.0,192.2696703296703,192.2696703296703,188.22409310811142,190.20363154761904,189.52887499999994,ExtraTrees,189.52887499999994,25.471125000000058,25.471125000000058,11.847034883720957
19113,corn,2022,7,215.0,192.2696703296703,192.2696703296703,192.68585936365386,203.85297202380968,199.03350000000012,ExtraTrees,199.03350000000012,15.966499999999883,15.966499999999883,7.4262790697673875
19113,corn,2022,8,215.0,192.2696703296703,192.2696703296703,199.59802588764322,206.1277775793651,207.35454166666673,ExtraTrees,207.35454166666673,7.645458333333266,7.645458333333266,3.556027131782915
19113,corn,2022,9,215.0,192.2696703296703,192.2696703296703,194.70285259971305,203.4196161075035,205.26495833333354,ExtraTrees,205.26495833333354,9.735041666666461,9.735041666666461,4.5279263565890515
19113,corn,2022,10,215.0,192.2696703296703,192.2696703296703,185.46666569403584,170.04046150793658,174.63491666666687,ExtraTrees,174.63491666666687,40.36508333333313,40.36508333333313,18.77445736434099
19113,corn,2022,11,215.0,192.2696703296703,192.2696703296703,185.69899226406056,188.84070734126996,189.2764166666666,ExtraTrees,189.2764166666666,25.72358333333341,25.72358333333341,11.96445736434112
19113,corn,2022,12,215.0,192.2696703296703,192.2696703296703,197.91516895095052,191.76815054112572,190.61862499999998,ExtraTrees,190.61862499999998,24.38137500000002,24.38137500000002,11.340174418604661
19115,corn,2022,1,196.3,192.2696703296703,190.4,191.9426037012213,193.52802797619023,196.69937499999997,ExtraTrees,196.69937499999997,-0.3993749999999636,0.3993749999999636,0.20345134997451025
19115,corn,2022,2,196.3,192.2696703296703,190.4,190.57848295942588,195.70465922619044,196.48533333333324,ExtraTrees,196.48533333333324,-0.18533333333323299,0.18533333333323299,0.0944133129563082
19115,corn,2022,3,196.3,192.2696703296703,190.4,193.34798791563304,198.33956190476187,199.08204166666664,ExtraTrees,199.08204166666664,-2.782041666666629,2.782041666666629,1.4172397690609417
19115,corn,2022,4,196.3,192.2696703296703,190.4,197.29824761316104,200.3652051587301,201.3629583333334,ExtraTrees,201.3629583333334,-5.062958333333398,5.062958333333398,2.579194260485684
19115,corn,2022,5,196.3,192.2696703296703,190.4,187.44220554635442,190.3804386904764,188.50466666666648,ExtraTrees,188.50466666666648,7.795333333333531,7.795333333333531,3.971132620139343
19115,corn,2022,6,196.3,192.2696703296703,190.4,186.8502487916007,189.04267638888888,190.13754166666678,ExtraTrees,190.13754166666678,6.162458333333234,6.162458333333234,3.139306333842707
19115,corn,2022,7,196.3,192.2696703296703,190.4,190.11379528588452,194.12746378968265,195.6875000000001,ExtraTrees,195.6875000000001,0.6124999999998977,0.6124999999998977,0.31202241467136915
19115,corn,2022,8,196.3,192.2696703296703,190.4,196.58480081675532,197.34250148809534,195.86875000000015,ExtraTrees,195.86875000000015,0.4312499999998636,0.4312499999998636,0.21968925114613527
19115,corn,2022,9,196.3,192.2696703296703,190.4,189.3721730811435,194.72726795634924,194.19558333333345,ExtraTrees,194.19558333333345,2.104416666666566,2.104416666666566,1.072041093564221
19115,corn,2022,10,196.3,192.2696703296703,190.4,186.8800763898488,160.26824037698424,165.62279166666667,ExtraTrees,165.62279166666667,30.67720833333334,30.67720833333334,15.627716929869251
19115,corn,2022,11,196.3,192.2696703296703,190.4,187.86683446914597,187.12606339285696,184.22375000000002,ExtraTrees,184.22375000000002,12.076249999999987,12.076249999999987,6.151935812531832
19115,corn,2022,12,196.3,192.2696703296703,190.4,186.174230232626,187.367796401515,189.94074999999992,ExtraTrees,189.94074999999992,6.359250000000088,6.359250000000088,3.2395568008151234
19117,corn,2022,1,139.5,192.2696703296703,166.9,181.6910181254177,186.5041549603175,181.04429166666668,ExtraTrees,181.04429166666668,-41.54429166666668,41.54429166666668,29.780854241338123
19117,corn,2022,2,139.5,192.2696703296703,166.9,181.82203347124857,189.95919057539686,185.39620833333348,ExtraTrees,185.39620833333348,-45.896208333333476,45.896208333333476,32.90050776583045
19117,corn,2022,3,139.5,192.2696703296703,166.9,189.08881135591236,190.2477279761905,192.623,ExtraTrees,192.623,-53.12299999999999,53.12299999999999,38.081003584229386
19117,corn,2022,4,139.5,192.2696703296703,166.9,190.10564364417533,199.09929464285713,196.0660416666667,ExtraTrees,196.0660416666667,-56.566041666666706,56.566041666666706,40.54913381123061
19117,corn,2022,5,139.5,192.2696703296703,166.9,172.51194463694668,169.38920770202014,165.93225,ExtraTrees,165.93225,-26.43225000000001,26.43225000000001,18.9478494623656
19117,corn,2022,6,139.5,192.2696703296703,166.9,177.33529716280978,172.50551021825396,168.28745833333326,ExtraTrees,168.28745833333326,-28.787458333333262,28.787458333333262,20.63617084826757
19117,corn,2022,7,139.5,192.2696703296703,166.9,184.71983110537064,176.6072459776335,176.0565416666667,ExtraTrees,176.0565416666667,-36.5565416666667,36.5565416666667,26.205406212664307
19117,corn,2022,8,139.5,192.2696703296703,166.9,179.3446994563897,176.04649520202008,170.262625,ExtraTrees,170.262625,-30.762625000000014,30.762625000000014,22.052060931899653
19117,corn,2022,9,139.5,192.2696703296703,166.9,182.15590067486124,170.26938581349202,169.39249999999996,ExtraTrees,169.39249999999996,-29.892499999999956,29.892499999999956,21.42831541218635
19117,corn,2022,10,139.5,192.2696703296703,166.9,178.21725192336203,160.32876478174614,163.3142916666667,ExtraTrees,163.3142916666667,-23.81429166666669,23.81429166666669,17.071176821983293
19117,corn,2022,11,139.5,192.2696703296703,166.9,174.329344178015,173.36401636904765,172.74195833333323,ExtraTrees,172.74195833333323,-33.24195833333323,33.24195833333323,23.829360812425254
19117,corn,2022,12,139.5,192.2696703296703,166.9,181.95142683435202,172.99378063672432,169.74012499999984,ExtraTrees,169.74012499999984,-30.240124999999836,30.240124999999836,21.67750896057336
19119,corn,2022,1,190.8,192.2696703296703,217.4,199.56071703901975,203.63044543650778,203.45858333333322,ExtraTrees,203.45858333333322,-12.658583333333212,12.658583333333212,6.634477638015309
19119,corn,2022,2,190.8,192.2696703296703,217.4,196.22744460639356,195.1645761904761,193.74379166666674,ExtraTrees,193.74379166666674,-2.9437916666667263,2.9437916666667263,1.5428677498253283
19119,corn,2022,3,190.8,192.2696703296703,217.4,199.49493967824827,191.06540959595944,199.6352083333334,ExtraTrees,199.6352083333334,-8.835208333333384,8.835208333333384,4.630612334032171
19119,corn,2022,4,190.8,192.2696703296703,217.4,204.40198011099463,183.9900698412699,192.68516666666662,ExtraTrees,192.68516666666662,-1.8851666666666063,1.8851666666666063,0.988032844164888
19119,corn,2022,5,190.8,192.2696703296703,217.4,207.41032496243793,192.8574057359309,194.43708333333328,ExtraTrees,194.43708333333328,-3.6370833333332655,3.6370833333332655,1.9062281621243529
19119,corn,2022,6,190.8,192.2696703296703,217.4,207.32456902310003,207.10006458333334,211.01133333333357,ExtraTrees,211.01133333333357,-20.211333333333556,20.211333333333556,10.592941998602493
19119,corn,2022,7,190.8,192.2696703296703,217.4,199.12071986572232,200.02981428571408,200.12445833333328,ExtraTrees,200.12445833333328,-9.324458333333268,9.324458333333268,4.88703266946188
19119,corn,2022,8,190.8,192.2696703296703,217.4,196.8460165427086,191.74216299603174,192.89904166666653,ExtraTrees,192.89904166666653,-2.0990416666665226,2.0990416666665226,1.100126659678471
19119,corn,2022,9,190.8,192.2696703296703,217.4,197.47843283928938,197.55176111111115,200.37383333333335,ExtraTrees,200.37383333333335,-9.57383333333334,9.57383333333334,5.017732354996509
19119,corn,2022,10,190.8,192.2696703296703,217.4,184.68198470509077,174.58774841269843,180.69229166666676,ExtraTrees,180.69229166666676,10.10770833333325,10.10770833333325,5.297541055206105
19119,corn,2022,11,190.8,192.2696703296703,217.4,198.88462904112694,201.5035371031746,203.30337499999987,ExtraTrees,203.30337499999987,-12.503374999999863,12.503374999999863,6.553131551362612
19119,corn,2022,12,190.8,192.2696703296703,217.4,212.63583884036495,196.6575067460317,197.4552083333336,ExtraTrees,197.4552083333336,-6.655208333333576,6.655208333333576,3.488054682040658
19121,corn,2022,1,166.9,192.2696703296703,196.7,185.90726809689045,195.4732297168109,196.77629166666668,ExtraTrees,196.77629166666668,-29.876291666666674,29.876291666666674,17.900714000399446
19121,corn,2022,2,166.9,192.2696703296703,196.7,186.16156883097742,190.51413085317463,186.36533333333344,ExtraTrees,186.36533333333344,-19.465333333333433,19.465333333333433,11.66287197922914
19121,corn,2022,3,166.9,192.2696703296703,196.7,193.9042390537145,197.61794365079368,196.5029583333332,ExtraTrees,196.5029583333332,-29.60295833333319,29.60295833333319,17.73694327940874
19121,corn,2022,4,166.9,192.2696703296703,196.7,191.11613478848616,198.09086666666667,189.88354166666662,ExtraTrees,189.88354166666662,-22.98354166666661,22.98354166666661,13.770845815857765
19121,corn,2022,5,166.9,192.2696703296703,196.7,181.22138769032452,181.8329411976913,179.32699999999994,ExtraTrees,179.32699999999994,-12.426999999999936,12.426999999999936,7.445775913720752
19121,corn,2022,6,166.9,192.2696703296703,196.7,190.0474668336929,190.7366287698411,188.0790833333333,ExtraTrees,188.0790833333333,-21.179083333333296,21.179083333333296,12.689684441781482
19121,corn,2022,7,166.9,192.2696703296703,196.7,182.00741531322092,180.26868125000007,171.71024999999997,ExtraTrees,171.71024999999997,-4.810249999999968,4.810249999999968,2.882115038945457
19121,corn,2022,8,166.9,192.2696703296703,196.7,185.90000000499813,187.69177331349215,180.8593750000001,ExtraTrees,180.8593750000001,-13.959375000000108,13.959375000000108,8.36391551827448
19121,corn,2022,9,166.9,192.2696703296703,196.7,186.415236741861,196.0724413600288,201.30033333333333,ExtraTrees,201.30033333333333,-34.40033333333332,34.40033333333332,20.611344118234463
19121,corn,2022,10,166.9,192.2696703296703,196.7,183.87044116476258,160.11045416666693,166.6430833333334,ExtraTrees,166.6430833333334,0.25691666666659785,0.25691666666659785,0.1539344917115625
19121,corn,2022,11,166.9,192.2696703296703,196.7,181.24788663150764,177.3646049603175,175.26633333333325,ExtraTrees,175.26633333333325,-8.366333333333245,8.366333333333245,5.012782105052873
19121,corn,2022,12,166.9,192.2696703296703,196.7,185.25273566126594,179.63355624999997,179.43891666666684,ExtraTrees,179.43891666666684,-12.538916666666836,12.538916666666836,7.512832035150891
19123,corn,2022,1,186.3,192.2696703296703,201.4,194.67419105965024,198.93889705086585,199.7973750000001,ExtraTrees,199.7973750000001,-13.49737500000009,13.49737500000009,7.244967793880885
19123,corn,2022,2,186.3,192.2696703296703,201.4,187.84560347489378,189.8637712301586,183.80462499999993,ExtraTrees,183.80462499999993,2.495375000000081,2.495375000000081,1.3394390767579607
19123,corn,2022,3,186.3,192.2696703296703,201.4,192.428984416456,196.3964528769842,198.61258333333336,ExtraTrees,198.61258333333336,-12.31258333333335,12.31258333333335,6.6090087672213365
19123,corn,2022,4,186.3,192.2696703296703,201.4,197.22427228372567,196.6702639880954,196.75683333333345,ExtraTrees,196.75683333333345,-10.456833333333435,10.456833333333435,5.612900339953534
19123,corn,2022,5,186.3,192.2696703296703,201.4,187.55481805229715,181.64275287698402,187.35337499999986,ExtraTrees,187.35337499999986,-1.0533749999998463,1.0533749999998463,0.5654186795490318
19123,corn,2022,6,186.3,192.2696703296703,201.4,187.8336092878335,193.51265605158747,194.96750000000003,ExtraTrees,194.96750000000003,-8.667500000000018,8.667500000000018,4.652442297369843
19123,corn,2022,7,186.3,192.2696703296703,201.4,183.140726379897,184.30963792388155,191.84987500000005,ExtraTrees,191.84987500000005,-5.549875000000043,5.549875000000043,2.9789989264627175
19123,corn,2022,8,186.3,192.2696703296703,201.4,194.99205587818102,201.24056646825412,201.87412500000005,ExtraTrees,201.87412500000005,-15.574125000000038,15.574125000000038,8.359702093397765
19123,corn,2022,9,186.3,192.2696703296703,201.4,193.0225854941189,197.61764642857136,199.50841666666673,ExtraTrees,199.50841666666673,-13.208416666666722,13.208416666666722,7.08986401860801
19123,corn,2022,10,186.3,192.2696703296703,201.4,184.6285401823388,168.74307351190487,171.19612500000005,ExtraTrees,171.19612500000005,15.10387499999996,15.10387499999996,8.107286634460525
19123,corn,2022,11,186.3,192.2696703296703,201.4,189.02816931385158,185.17632162698408,185.2817916666668,ExtraTrees,185.2817916666668,1.018208333333206,1.018208333333206,0.5465423152620535
19123,corn,2022,12,186.3,192.2696703296703,201.4,195.18345571592687,191.70274355158716,192.09037500000005,ExtraTrees,192.09037500000005,-5.79037500000004,5.79037500000004,3.1080917874396348
19125,corn,2022,1,175.2,192.2696703296703,200.0,190.2293389056171,194.50152648809524,193.96695833333314,ExtraTrees,193.96695833333314,-18.76695833333315,18.76695833333315,10.711734208523488
19125,corn,2022,2,175.2,192.2696703296703,200.0,185.76655043659278,187.9929637896825,180.37366666666665,ExtraTrees,180.37366666666665,-5.173666666666662,5.173666666666662,2.9530060882800586
19125,corn,2022,3,175.2,192.2696703296703,200.0,193.76721872915374,192.9184031746032,200.366375,ExtraTrees,200.366375,-25.166375000000016,25.166375000000016,14.364369292237452
19125,corn,2022,4,175.2,192.2696703296703,200.0,194.2685400927042,194.0230767406206,199.14062500000009,ExtraTrees,199.14062500000009,-23.940625000000097,23.940625000000097,13.664740296803709
19125,corn,2022,5,175.2,192.2696703296703,200.0,182.23075579085722,180.03192916666686,178.60908333333325,ExtraTrees,178.60908333333325,-3.409083333333257,3.409083333333257,1.9458238203956948
19125,corn,2022,6,175.2,192.2696703296703,200.0,184.99981912885517,189.76137003968262,192.1440833333333,ExtraTrees,192.1440833333333,-16.94408333333331,16.94408333333331,9.671280441400292
19125,corn,2022,7,175.2,192.2696703296703,200.0,179.61870333912032,180.6328549603177,179.855375,ExtraTrees,179.855375,-4.655375000000021,4.655375000000021,2.6571775114155374
19125,corn,2022,8,175.2,192.2696703296703,200.0,187.2355482521009,183.76896289682543,181.9580833333335,ExtraTrees,181.9580833333335,-6.758083333333502,6.758083333333502,3.8573535007611315
19125,corn,2022,9,175.2,192.2696703296703,200.0,184.56532010879914,187.9278907738095,190.9993333333336,ExtraTrees,190.9993333333336,-15.799333333333607,15.799333333333607,9.017884322679
19125,corn,2022,10,175.2,192.2696703296703,200.0,181.98574489227417,165.76101537698426,163.14645833333336,ExtraTrees,163.14645833333336,12.053541666666632,12.053541666666632,6.879875380517484
19125,corn,2022,11,175.2,192.2696703296703,200.0,180.57381955544608,179.27814236111107,181.29354166666667,ExtraTrees,181.29354166666667,-6.093541666666681,6.093541666666681,3.4780488964992475
19125,corn,2022,12,175.2,192.2696703296703,200.0,192.39080135333865,187.81280892857137,190.04262499999996,ExtraTrees,190.04262499999996,-14.84262499999997,14.84262499999997,8.471817922374413
19127,corn,2022,1,214.1,192.2696703296703,212.8,197.96238010330515,196.82249365079363,199.35100000000003,ExtraTrees,199.35100000000003,14.748999999999967,14.748999999999967,6.88883699205977
19127,corn,2022,2,214.1,192.2696703296703,212.8,190.57582765032856,186.011031845238,180.17108333333337,ExtraTrees,180.17108333333337,33.92891666666662,33.92891666666662,15.847228709325838
19127,corn,2022,3,214.1,192.2696703296703,212.8,197.2971731748984,198.49149880952373,198.4174166666666,ExtraTrees,198.4174166666666,15.682583333333383,15.682583333333383,7.324887124396723
19127,corn,2022,4,214.1,192.2696703296703,212.8,204.30630877587114,203.33038710317447,204.91383333333349,ExtraTrees,204.91383333333349,9.186166666666509,9.186166666666509,4.2905962945663285
19127,corn,2022,5,214.1,192.2696703296703,212.8,201.96705247915338,200.08751636904762,200.38487500000008,ExtraTrees,200.38487500000008,13.715124999999915,13.715124999999915,6.405943484353066
19127,corn,2022,6,214.1,192.2696703296703,212.8,193.34247942619183,198.44800734126989,199.7942916666665,ExtraTrees,199.7942916666665,14.305708333333484,14.305708333333484,6.68178810524684
19127,corn,2022,7,214.1,192.2696703296703,212.8,190.18824174964476,199.89926021825383,200.99450000000022,ExtraTrees,200.99450000000022,13.105499999999779,13.105499999999779,6.121205044371686
19127,corn,2022,8,214.1,192.2696703296703,212.8,194.8189192426409,201.103245734127,201.47295833333337,ExtraTrees,201.47295833333337,12.627041666666628,12.627041666666628,5.897730811147421
19127,corn,2022,9,214.1,192.2696703296703,212.8,193.8200599192439,204.5903693452382,206.80266666666674,ExtraTrees,206.80266666666674,7.297333333333256,7.297333333333256,3.408376148217308
19127,corn,2022,10,214.1,192.2696703296703,212.8,185.96843595672584,175.2858491071429,172.67208333333335,ExtraTrees,172.67208333333335,41.42791666666665,41.42791666666665,19.349797602366486
19127,corn,2022,11,214.1,192.2696703296703,212.8,193.85579202822933,192.04032817460316,191.943375,ExtraTrees,191.943375,22.15662499999999,22.15662499999999,10.348727230266228
19127,corn,2022,12,214.1,192.2696703296703,212.8,201.28334166540404,197.09745178571427,199.6581250000001,ExtraTrees,199.6581250000001,14.441874999999897,14.441874999999897,6.745387669313358
19129,corn,2022,1,191.1,192.2696703296703,210.8,189.70098385367857,188.5778256944443,195.60354166666656,ExtraTrees,195.60354166666656,-4.503541666666564,4.503541666666564,2.356641374498464
19129,corn,2022,2,191.1,192.2696703296703,210.8,187.6830142087713,196.446100595238,192.63487499999985,ExtraTrees,192.63487499999985,-1.5348749999998574,1.5348749999998574,0.803178963893175
19129,corn,2022,3,191.1,192.2696703296703,210.8,190.56952945694454,190.84587867063493,196.04804166666676,ExtraTrees,196.04804166666676,-4.948041666666768,4.948041666666768,2.589242107099303
19129,corn,2022,4,191.1,192.2696703296703,210.8,196.57641077290086,183.17405952380938,188.64129166666643,ExtraTrees,188.64129166666643,2.4587083333335613,2.4587083333335613,1.2866082330369237
19129,corn,2022,5,191.1,192.2696703296703,210.8,194.75062350164018,194.5854916666668,194.3465833333334,ExtraTrees,194.3465833333334,-3.2465833333334047,3.2465833333334047,1.6988923774638434
19129,corn,2022,6,191.1,192.2696703296703,210.8,188.66437266505122,195.31216636904753,196.8587916666668,ExtraTrees,196.8587916666668,-5.758791666666809,5.758791666666809,3.0134964242107847
19129,corn,2022,7,191.1,192.2696703296703,210.8,189.68391620218443,183.368344273088,184.30800000000022,ExtraTrees,184.30800000000022,6.791999999999774,6.791999999999774,3.554160125588579
19129,corn,2022,8,191.1,192.2696703296703,210.8,187.42927162673718,191.31570763888877,189.54350000000005,ExtraTrees,189.54350000000005,1.556499999999943,1.556499999999943,0.8144950287807132
19129,corn,2022,9,191.1,192.2696703296703,210.8,184.3690613561603,195.28259632936496,194.5672916666667,ExtraTrees,194.5672916666667,-3.4672916666667106,3.4672916666667106,1.8143860108146053
19129,corn,2022,10,191.1,192.2696703296703,210.8,180.2538068539371,171.3669100198414,177.11595833333328,ExtraTrees,177.11595833333328,13.984041666666712,13.984041666666712,7.317656549799431
19129,corn,2022,11,191.1,192.2696703296703,210.8,183.65510066417897,185.42164384920633,187.87962499999992,ExtraTrees,187.87962499999992,3.2203750000000753,3.2203750000000753,1.685177917320814
19129,corn,2022,12,191.1,192.2696703296703,210.8,192.0366830606529,187.87840912698408,189.91145833333326,ExtraTrees,189.91145833333326,1.1885416666667368,1.1885416666667368,0.6219474969475337
19131,corn,2022,1,217.9,192.2696703296703,204.1,198.68138526501147,184.5538198412699,185.01316666666654,ExtraTrees,185.01316666666654,32.88683333333347,32.88683333333347,15.092626587119536
19131,corn,2022,2,217.9,192.2696703296703,204.1,190.0026860595394,182.90830753968254,183.18512500000008,ExtraTrees,183.18512500000008,34.71487499999992,34.71487499999992,15.931562643414374
19131,corn,2022,3,217.9,192.2696703296703,204.1,189.99804330443035,194.74098263888902,196.27745833333324,ExtraTrees,196.27745833333324,21.622541666666763,21.622541666666763,9.923148998011364
19131,corn,2022,4,217.9,192.2696703296703,204.1,202.24053163445598,190.17207876984122,191.06400000000005,ExtraTrees,191.06400000000005,26.835999999999956,26.835999999999956,12.315741165672305
19131,corn,2022,5,217.9,192.2696703296703,204.1,195.79697371747147,188.1053485119046,191.89591666666666,ExtraTrees,191.89591666666666,26.00408333333334,26.00408333333334,11.933952883585745
19131,corn,2022,6,217.9,192.2696703296703,204.1,198.54816253445708,198.8063092261906,200.38312500000018,ExtraTrees,200.38312500000018,17.51687499999983,17.51687499999983,8.038951353831953
19131,corn,2022,7,217.9,192.2696703296703,204.1,184.4741284956741,190.09334484126978,193.45175000000015,ExtraTrees,193.45175000000015,24.44824999999986,24.44824999999986,11.219940339605259
19131,corn,2022,8,217.9,192.2696703296703,204.1,192.6122382142558,196.32514553571428,200.11466666666678,ExtraTrees,200.11466666666678,17.785333333333227,17.785333333333227,8.162153893223142
19131,corn,2022,9,217.9,192.2696703296703,204.1,190.28143420210506,196.82467390873012,197.70866666666657,ExtraTrees,197.70866666666657,20.191333333333432,20.191333333333432,9.266330120850588
19131,corn,2022,10,217.9,192.2696703296703,204.1,175.85170046254925,175.915761904762,172.48458333333346,ExtraTrees,172.48458333333346,45.415416666666545,45.415416666666545,20.842320636377487
19131,corn,2022,11,217.9,192.2696703296703,204.1,189.34982963027403,193.59901666666673,190.58504166666665,ExtraTrees,190.58504166666665,27.31495833333335,27.31495833333335,12.535547651828063
19131,corn,2022,12,217.9,192.2696703296703,204.1,196.28772716903623,191.58488412698404,192.8839583333333,ExtraTrees,192.8839583333333,25.016041666666695,25.016041666666695,11.48051476212331
19133,corn,2022,1,168.6,192.2696703296703,199.6,202.0877375208857,198.79579538239534,200.02237500000018,ExtraTrees,200.02237500000018,-31.422375000000187,31.422375000000187,18.63723309608552
19133,corn,2022,2,168.6,192.2696703296703,199.6,196.76457447869473,198.44596438492061,197.3953749999999,ExtraTrees,197.3953749999999,-28.795374999999893,28.795374999999893,17.079107354685583
19133,corn,2022,3,168.6,192.2696703296703,199.6,201.9668868537661,196.7704216991343,202.52483333333322,ExtraTrees,202.52483333333322,-33.924833333333225,33.924833333333225,20.121490707789576
19133,corn,2022,4,168.6,192.2696703296703,199.6,210.0271456175134,202.84260119047627,197.71933333333334,ExtraTrees,197.71933333333334,-29.119333333333344,29.119333333333344,17.271253459865566
19133,corn,2022,5,168.6,192.2696703296703,199.6,203.02252050388753,199.98503813131316,197.1403333333333,ExtraTrees,197.1403333333333,-28.540333333333308,28.540333333333308,16.927837089758786
19133,corn,2022,6,168.6,192.2696703296703,199.6,199.37256173376954,202.0574578373017,203.31429166666666,ExtraTrees,203.31429166666666,-34.71429166666667,34.71429166666667,20.589734084618428
19133,corn,2022,7,168.6,192.2696703296703,199.6,194.18216544264968,191.89319494047598,195.18204166666655,ExtraTrees,195.18204166666655,-26.582041666666555,26.582041666666555,15.766335508105906
19133,corn,2022,8,168.6,192.2696703296703,199.6,199.23280482636554,192.87338511904764,191.121375,ExtraTrees,191.121375,-22.521375000000006,22.521375000000006,13.35787366548043
19133,corn,2022,9,168.6,192.2696703296703,199.6,189.53939627840944,195.99242683080809,192.70379166666672,ExtraTrees,192.70379166666672,-24.103791666666723,24.103791666666723,14.29643633847374
19133,corn,2022,10,168.6,192.2696703296703,199.6,176.7951752053321,176.23274255952376,178.06195833333345,ExtraTrees,178.06195833333345,-9.461958333333456,9.461958333333456,5.612074930802762
19133,corn,2022,11,168.6,192.2696703296703,199.6,198.43207475890136,190.7434688943001,191.8581666666669,ExtraTrees,191.8581666666669,-23.25816666666691,23.25816666666691,13.794879398972071
19133,corn,2022,12,168.6,192.2696703296703,199.6,209.67527247523319,203.7962514339826,201.39583333333314,ExtraTrees,201.39583333333314,-32.79583333333315,32.79583333333315,19.451858442071856
19135,corn,2022,1,145.4,192.2696703296703,166.3,182.95082395414443,186.57499007936502,180.92587500000016,ExtraTrees,180.92587500000016,-35.525875000000156,35.525875000000156,24.433201513067505
19135,corn,2022,2,145.4,192.2696703296703,166.3,180.95981078577884,189.0009517857143,185.74633333333335,ExtraTrees,185.74633333333335,-40.34633333333335,40.34633333333335,27.748509857863375
19135,corn,2022,3,145.4,192.2696703296703,166.3,183.531443488271,193.72837261904755,193.3752916666665,ExtraTrees,193.3752916666665,-47.97529166666649,47.97529166666649,32.995386290692224
19135,corn,2022,4,145.4,192.2696703296703,166.3,184.47000941158285,194.34220148809544,197.48258333333317,ExtraTrees,197.48258333333317,-52.08258333333316,52.08258333333316,35.820208619899006
19135,corn,2022,5,145.4,192.2696703296703,166.3,170.76502545443844,172.6094597853536,167.2340000000001,ExtraTrees,167.2340000000001,-21.83400000000009,21.83400000000009,15.016506189821243
19135,corn,2022,6,145.4,192.2696703296703,166.3,180.4137105648074,174.28952321428554,169.09270833333323,ExtraTrees,169.09270833333323,-23.69270833333323,23.69270833333323,16.294847546996717
19135,corn,2022,7,145.4,192.2696703296703,166.3,185.9113761610365,178.74546666666677,178.04783333333333,ExtraTrees,178.04783333333333,-32.647833333333324,32.647833333333324,22.45380559376432
19135,corn,2022,8,145.4,192.2696703296703,166.3,179.37167321146617,172.874948611111,170.34187500000004,ExtraTrees,170.34187500000004,-24.94187500000004,24.94187500000004,17.15397180192575
19135,corn,2022,9,145.4,192.2696703296703,166.3,182.88503633481648,176.14738508297242,176.60962500000014,ExtraTrees,176.60962500000014,-31.20962500000013,31.20962500000013,21.46466643741412
19135,corn,2022,10,145.4,192.2696703296703,166.3,180.48602270305926,177.2393387896825,171.6963333333333,ExtraTrees,171.6963333333333,-26.29633333333331,26.29633333333331,18.085511233379165
19135,corn,2022,11,145.4,192.2696703296703,166.3,175.48022341014166,170.73554032287169,170.28049999999996,ExtraTrees,170.28049999999996,-24.880499999999955,24.880499999999955,17.111760660247562
19135,corn,2022,12,145.4,192.2696703296703,166.3,179.06202617074186,163.08479910714274,158.41179166666666,ExtraTrees,158.41179166666666,-13.011791666666653,13.011791666666653,8.948962631820256
19137,corn,2022,1,187.8,192.2696703296703,206.1,186.0800858205883,192.38846513347758,193.07566666666654,ExtraTrees,193.07566666666654,-5.275666666666524,5.275666666666524,2.8091941782036867
19137,corn,2022,2,187.8,192.2696703296703,206.1,186.64937028468518,192.45778928571414,189.8575833333334,ExtraTrees,189.8575833333334,-2.0575833333333833,2.0575833333333833,1.095624778132792
19137,corn,2022,3,187.8,192.2696703296703,206.1,188.6938477827968,194.09329246031754,195.67754166666677,ExtraTrees,195.67754166666677,-7.877541666666758,7.877541666666758,4.194644124955675
19137,corn,2022,4,187.8,192.2696703296703,206.1,199.0473583392254,180.4851223214286,189.78104166666657,ExtraTrees,189.78104166666657,-1.981041666666556,1.981041666666556,1.0548677671280915
19137,corn,2022,5,187.8,192.2696703296703,206.1,186.37288741328675,186.8501922619046,186.68762500000008,ExtraTrees,186.68762500000008,1.112374999999929,1.112374999999929,0.5923189563364903
19137,corn,2022,6,187.8,192.2696703296703,206.1,182.18344632420377,192.00803353174626,196.84958333333327,ExtraTrees,196.84958333333327,-9.04958333333326,9.04958333333326,4.818734469293536
19137,corn,2022,7,187.8,192.2696703296703,206.1,185.5439496210108,187.10005867604622,192.2039583333334,ExtraTrees,192.2039583333334,-4.403958333333378,4.403958333333378,2.3450257365992426
19137,corn,2022,8,187.8,192.2696703296703,206.1,187.17994767834773,185.901641170635,186.68495833333338,ExtraTrees,186.68495833333338,1.1150416666666274,1.1150416666666274,0.5937389066382468
19137,corn,2022,9,187.8,192.2696703296703,206.1,185.0753040076236,196.44794669011534,199.90066666666667,ExtraTrees,199.90066666666667,-12.100666666666655,12.100666666666655,6.443379481718132
19137,corn,2022,10,187.8,192.2696703296703,206.1,172.8999944318469,161.4972565476191,169.9317500000001,ExtraTrees,169.9317500000001,17.868249999999904,17.868249999999904,9.514510117145848
19137,corn,2022,11,187.8,192.2696703296703,206.1,181.34661445362414,175.2289483134922,179.1950000000001,ExtraTrees,179.1950000000001,8.604999999999905,8.604999999999905,4.582002129925401
19137,corn,2022,12,187.8,192.2696703296703,206.1,187.58630060373886,182.16613343253968,184.73654166666643,ExtraTrees,184.73654166666643,3.0634583333335854,3.0634583333335854,1.6312344692937089
19139,corn,2022,1,213.1,192.2696703296703,204.9,192.34164788599978,192.87657589285712,195.872375,ExtraTrees,195.872375,17.22762499999999,17.22762499999999,8.084291412482397
19139,corn,2022,2,213.1,192.2696703296703,204.9,189.66730778630105,193.7954177579366,192.67879166666668,ExtraTrees,192.67879166666668,20.42120833333331,20.42120833333331,9.582922727983723
19139,corn,2022,3,213.1,192.2696703296703,204.9,193.31980025366732,198.33538680555557,201.15970833333307,ExtraTrees,201.15970833333307,11.940291666666923,11.940291666666923,5.6031401532927845
19139,corn,2022,4,213.1,192.2696703296703,204.9,193.92262365843865,194.24588353174605,197.87310416666674,ExtraTrees,197.87310416666674,15.22689583333326,15.22689583333326,7.145422727983698
19139,corn,2022,5,213.1,192.2696703296703,204.9,190.08292158945264,190.53940128968247,189.67895833333338,ExtraTrees,189.67895833333338,23.42104166666661,23.42104166666661,10.99063428750193
19139,corn,2022,6,213.1,192.2696703296703,204.9,188.20705632196058,189.0526626984127,189.595125,ExtraTrees,189.595125,23.504875,23.504875,11.029974190520882
19139,corn,2022,7,213.1,192.2696703296703,204.9,192.982456861657,198.78764940476194,196.52358333333348,ExtraTrees,196.52358333333348,16.576416666666518,16.576416666666518,7.778703269200618
19139,corn,2022,8,213.1,192.2696703296703,204.9,197.0945137890438,201.8622914682541,201.21150000000011,ExtraTrees,201.21150000000011,11.88849999999988,11.88849999999988,5.57883622712336
19139,corn,2022,9,213.1,192.2696703296703,204.9,192.14948247936692,194.40002251984114,199.4425416666669,ExtraTrees,199.4425416666669,13.657458333333096,13.657458333333096,6.408943375566915
19139,corn,2022,10,213.1,192.2696703296703,204.9,185.91048023968273,165.41073144841278,170.5041249999999,ExtraTrees,170.5041249999999,42.59587500000009,42.59587500000009,19.98867902393247
19139,corn,2022,11,213.1,192.2696703296703,204.9,186.0670424379601,186.24323769841257,183.30474999999998,ExtraTrees,183.30474999999998,29.79525000000001,29.79525000000001,13.981816048803383
19139,corn,2022,12,213.1,192.2696703296703,204.9,190.57901025078797,189.33832172619037,187.52708333333317,ExtraTrees,187.52708333333317,25.572916666666828,25.572916666666828,12.000430157985372
19141,corn,2022,1,201.2,192.2696703296703,214.3,200.70775530931905,198.1155883928573,201.1004583333333,ExtraTrees,201.1004583333333,0.0995416666666813,0.0995416666666813,0.0494739893969589
19141,corn,2022,2,201.2,192.2696703296703,214.3,190.2237496881776,191.21331805555565,187.26283333333345,ExtraTrees,187.26283333333345,13.937166666666542,13.937166666666542,6.927021206096691
19141,corn,2022,3,201.2,192.2696703296703,214.3,199.17242851507294,191.10333866341998,195.51191666666688,ExtraTrees,195.51191666666688,5.688083333333111,5.688083333333111,2.827079191517451
19141,corn,2022,4,201.2,192.2696703296703,214.3,205.05336993688348,187.38215989357866,192.21020833333318,ExtraTrees,192.21020833333318,8.989791666666804,8.989791666666804,4.468087309476543
19141,corn,2022,5,201.2,192.2696703296703,214.3,202.7563584874872,189.46859619408366,195.54245833333349,ExtraTrees,195.54245833333349,5.6575416666665035,5.6575416666665035,2.811899436712974
19141,corn,2022,6,201.2,192.2696703296703,214.3,207.07949395525634,202.21355286796538,205.56708333333313,ExtraTrees,205.56708333333313,-4.367083333333142,4.367083333333142,2.1705185553345636
19141,corn,2022,7,201.2,192.2696703296703,214.3,194.91697360464127,198.23371423160185,199.44170833333337,ExtraTrees,199.44170833333337,1.7582916666666222,1.7582916666666222,0.8739024188203888
19141,corn,2022,8,201.2,192.2696703296703,214.3,198.74094291634486,196.43307460317456,198.22020833333332,ExtraTrees,198.22020833333332,2.979791666666671,2.979791666666671,1.4810097746852242
19141,corn,2022,9,201.2,192.2696703296703,214.3,191.01921975234433,197.0262979166668,198.82066666666665,ExtraTrees,198.82066666666665,2.379333333333335,2.379333333333335,1.18257123923128
19141,corn,2022,10,201.2,192.2696703296703,214.3,177.582319870217,168.89870853174617,179.76995833333345,ExtraTrees,179.76995833333345,21.43004166666654,21.43004166666654,10.651114148442614
19141,corn,2022,11,201.2,192.2696703296703,214.3,203.39420245152473,200.820888392857,201.12879166666664,ExtraTrees,201.12879166666664,0.07120833333334531,0.07120833333334531,0.03539181577204041
19141,corn,2022,12,201.2,192.2696703296703,214.3,212.63950799207723,197.17605853174595,195.97541666666677,ExtraTrees,195.97541666666677,5.224583333333214,5.224583333333214,2.5967113982769456
19143,corn,2022,1,197.6,192.2696703296703,209.0,195.80031499321163,193.59318472222228,192.19745833333337,ExtraTrees,192.19745833333337,5.402541666666622,5.402541666666622,2.734079790823189
19143,corn,2022,2,197.6,192.2696703296703,209.0,188.661829326984,188.38338144841273,184.48841666666678,ExtraTrees,184.48841666666678,13.111583333333215,13.111583333333215,6.635416666666607
19143,corn,2022,3,197.6,192.2696703296703,209.0,194.20696331557846,191.80303273809514,198.8613333333333,ExtraTrees,198.8613333333333,-1.2613333333333117,1.2613333333333117,0.6383265856949958
19143,corn,2022,4,197.6,192.2696703296703,209.0,199.81241263050427,188.67849246031747,189.637375,ExtraTrees,189.637375,7.962625000000003,7.962625000000003,4.029668522267208
19143,corn,2022,5,197.6,192.2696703296703,209.0,198.81874188659268,194.39747281746048,196.86329166666673,ExtraTrees,196.86329166666673,0.7367083333332687,0.7367083333332687,0.3728281039135975
19143,corn,2022,6,197.6,192.2696703296703,209.0,196.33868092373686,200.5855940476189,203.80283333333327,ExtraTrees,203.80283333333327,-6.202833333333274,6.202833333333274,3.139085695006718
19143,corn,2022,7,197.6,192.2696703296703,209.0,186.58366433826458,182.41938998015874,188.16625000000005,ExtraTrees,188.16625000000005,9.433749999999947,9.433749999999947,4.7741649797570584
19143,corn,2022,8,197.6,192.2696703296703,209.0,195.58403889183393,196.2167998015874,196.09129166666665,ExtraTrees,196.09129166666665,1.5087083333333453,1.5087083333333453,0.7635163630229481
19143,corn,2022,9,197.6,192.2696703296703,209.0,180.6078126660357,192.32083025793656,195.7331249999999,ExtraTrees,195.7331249999999,1.8668750000001069,1.8668750000001069,0.9447747975709042
19143,corn,2022,10,197.6,192.2696703296703,209.0,168.85953751961492,170.56247053571448,176.03745833333346,ExtraTrees,176.03745833333346,21.562541666666533,21.562541666666533,10.912217442645007
19143,corn,2022,11,197.6,192.2696703296703,209.0,199.20581462605898,203.45673273809518,203.00162500000013,ExtraTrees,203.00162500000013,-5.401625000000138,5.401625000000138,2.7336158906883288
19143,corn,2022,12,197.6,192.2696703296703,209.0,205.90064262836677,189.64494669913424,189.8816666666666,ExtraTrees,189.8816666666666,7.7183333333333906,7.7183333333333906,3.906039136302323
19145,corn,2022,1,174.5,192.2696703296703,208.1,188.65855578857474,191.96218005952366,195.53316666666663,ExtraTrees,195.53316666666663,-21.03316666666663,21.03316666666663,12.05339063992357
19145,corn,2022,2,174.5,192.2696703296703,208.1,187.82293062414777,194.50821577380958,192.7403333333333,ExtraTrees,192.7403333333333,-18.240333333333297,18.240333333333297,10.452913085004754
19145,corn,2022,3,174.5,192.2696703296703,208.1,195.223078996152,193.56271773088017,197.5959583333335,ExtraTrees,197.5959583333335,-23.0959583333335,23.0959583333335,13.23550620821404
19145,corn,2022,4,174.5,192.2696703296703,208.1,201.62933747822052,194.77710357142863,192.85424999999992,ExtraTrees,192.85424999999992,-18.354249999999922,18.354249999999922,10.518194842406832
19145,corn,2022,5,174.5,192.2696703296703,208.1,188.14415297869434,194.22838373015878,192.9884583333334,ExtraTrees,192.9884583333334,-18.488458333333398,18.488458333333398,10.595105062082176
19145,corn,2022,6,174.5,192.2696703296703,208.1,191.4349617312517,199.79769345238086,199.1812083333333,ExtraTrees,199.1812083333333,-24.681208333333302,24.681208333333302,14.143958930276964
19145,corn,2022,7,174.5,192.2696703296703,208.1,190.67817944966302,195.4270234126985,199.97741666666684,ExtraTrees,199.97741666666684,-25.47741666666684,25.47741666666684,14.600238777459506
19145,corn,2022,8,174.5,192.2696703296703,208.1,192.68121276860936,197.1054523809523,193.57025000000004,ExtraTrees,193.57025000000004,-19.070250000000044,19.070250000000044,10.92851002865332
19145,corn,2022,9,174.5,192.2696703296703,208.1,185.58705009399952,202.418904229798,204.770875,ExtraTrees,204.770875,-30.27087499999999,30.27087499999999,17.34720630372492
19145,corn,2022,10,174.5,192.2696703296703,208.1,180.1740410850788,159.79624642857152,169.60841666666678,ExtraTrees,169.60841666666678,4.891583333333216,4.891583333333216,2.8031996179559977
19145,corn,2022,11,174.5,192.2696703296703,208.1,181.5334243940663,173.9439025793651,180.38612500000002,ExtraTrees,180.38612500000002,-5.886125000000021,5.886125000000021,3.373137535816631
19145,corn,2022,12,174.5,192.2696703296703,208.1,187.74553020136614,191.58506865079354,191.58070833333323,ExtraTrees,191.58070833333323,-17.080708333333234,17.080708333333234,9.788371537726782
19147,corn,2022,1,195.9,192.2696703296703,191.1,194.05850160077904,194.29819900793635,192.6553749999999,ExtraTrees,192.6553749999999,3.2446250000000987,3.2446250000000987,1.6562659520163854
19147,corn,2022,2,195.9,192.2696703296703,191.1,190.63770036671107,188.46200783730148,186.08845833333334,ExtraTrees,186.08845833333334,9.81154166666667,9.81154166666667,5.008443933979923
19147,corn,2022,3,195.9,192.2696703296703,191.1,192.27004192403365,189.0420850378787,196.7525416666665,ExtraTrees,196.7525416666665,-0.8525416666664967,0.8525416666664967,0.43519227497013613
19147,corn,2022,4,195.9,192.2696703296703,191.1,207.14017881346632,203.44898511904762,198.54808333333327,ExtraTrees,198.54808333333327,-2.648083333333261,2.648083333333261,1.351752594861287
19147,corn,2022,5,195.9,192.2696703296703,191.1,203.50661095835278,192.60611418650765,192.8167083333336,ExtraTrees,192.8167083333336,3.083291666666412,3.083291666666412,1.5739110090180766
19147,corn,2022,6,195.9,192.2696703296703,191.1,200.4992523611456,198.07161299603177,199.7853749999999,ExtraTrees,199.7853749999999,-3.8853749999998968,3.8853749999998968,1.9833460949463484
19147,corn,2022,7,195.9,192.2696703296703,191.1,186.20154367623897,199.1381117063494,199.3384583333335,ExtraTrees,199.3384583333335,-3.4384583333335,3.4384583333335,1.7552109920028074
19147,corn,2022,8,195.9,192.2696703296703,191.1,198.6517833614974,195.49750912698428,196.08375,ExtraTrees,196.08375,-0.1837500000000034,0.1837500000000034,0.09379785604900634
19147,corn,2022,9,195.9,192.2696703296703,191.1,192.77208795625955,198.08139146825414,201.41762499999993,ExtraTrees,201.41762499999993,-5.517624999999924,5.517624999999924,2.816551812149017
19147,corn,2022,10,195.9,192.2696703296703,191.1,162.4885211716657,168.07646904761899,174.82058333333356,ExtraTrees,174.82058333333356,21.079416666666447,21.079416666666447,10.760294367874653
19147,corn,2022,11,195.9,192.2696703296703,191.1,198.30859874675232,199.0955486111112,198.40266666666648,ExtraTrees,198.40266666666648,-2.502666666666471,2.502666666666471,1.27752254551632
19147,corn,2022,12,195.9,192.2696703296703,191.1,197.7754574926232,194.06849037698416,194.08650000000006,ExtraTrees,194.08650000000006,1.813499999999948,1.813499999999948,0.9257274119448431
19149,corn,2022,1,171.8,192.2696703296703,191.7,207.61548090659963,202.01058603896104,204.66516666666678,ExtraTrees,204.66516666666678,-32.86516666666677,32.86516666666677,19.129899107489383
19149,corn,2022,2,171.8,192.2696703296703,191.7,199.70693461686997,202.10058194444457,198.49345833333345,ExtraTrees,198.49345833333345,-26.69345833333344,26.69345833333344,15.537519402405959
19149,corn,2022,3,171.8,192.2696703296703,191.7,213.4685983146366,210.1631691017315,205.60866666666672,ExtraTrees,205.60866666666672,-33.80866666666671,33.80866666666671,19.679084206441622
19149,corn,2022,4,171.8,192.2696703296703,191.7,213.19795161441712,197.5725095598844,195.87212499999995,ExtraTrees,195.87212499999995,-24.072124999999943,24.072124999999943,14.011714202561084
19149,corn,2022,5,171.8,192.2696703296703,191.7,215.6290389278701,208.65942857142855,201.5930416666668,ExtraTrees,201.5930416666668,-29.793041666666795,29.793041666666795,17.341700620877063
19149,corn,2022,6,171.8,192.2696703296703,191.7,216.1965418128043,209.45201974206336,209.25379166666676,ExtraTrees,209.25379166666676,-37.453791666666746,37.453791666666746,21.8008100504463
19149,corn,2022,7,171.8,192.2696703296703,191.7,208.09255455694742,200.6025026785714,202.65595833333356,ExtraTrees,202.65595833333356,-30.855958333333547,30.855958333333547,17.960394838960152
19149,corn,2022,8,171.8,192.2696703296703,191.7,200.59562216279528,196.71212563131294,197.5950416666667,ExtraTrees,197.5950416666667,-25.79504166666669,25.79504166666669,15.014576057431134
19149,corn,2022,9,171.8,192.2696703296703,191.7,197.2918947389154,198.27726795634928,196.47629166666684,ExtraTrees,196.47629166666684,-24.676291666666827,24.676291666666827,14.363382809468467
19149,corn,2022,10,171.8,192.2696703296703,191.7,196.9475513202416,175.9625596410534,185.55333333333346,ExtraTrees,185.55333333333346,-13.753333333333444,13.753333333333444,8.005432673651597
19149,corn,2022,11,171.8,192.2696703296703,191.7,210.11549798830313,196.86057261904764,198.15125,ExtraTrees,198.15125,-26.351249999999993,26.351249999999993,15.338329452852149
19149,corn,2022,12,171.8,192.2696703296703,191.7,219.94757560372932,199.3654512896824,197.22520833333337,ExtraTrees,197.22520833333337,-25.42520833333336,25.42520833333336,14.799306363989148
19151,corn,2022,1,198.3,192.2696703296703,214.9,194.47231338458937,195.82727232142847,194.2199166666665,ExtraTrees,194.2199166666665,4.080083333333505,4.080083333333505,2.0575306774248636
19151,corn,2022,2,198.3,192.2696703296703,214.9,188.41149457244796,190.23040029761904,187.761125,ExtraTrees,187.761125,10.538875000000019,10.538875000000019,5.314611699445294
19151,corn,2022,3,198.3,192.2696703296703,214.9,193.2307931829619,192.93396775793647,196.74700000000004,ExtraTrees,196.74700000000004,1.5529999999999688,1.5529999999999688,0.7831568330811743
19151,corn,2022,4,198.3,192.2696703296703,214.9,203.71036304693592,200.15967123015892,197.33599999999998,ExtraTrees,197.33599999999998,0.9640000000000271,0.9640000000000271,0.48613212304590364
19151,corn,2022,5,198.3,192.2696703296703,214.9,203.43973658743198,199.20398253968247,194.73108333333326,ExtraTrees,194.73108333333326,3.568916666666752,3.568916666666752,1.799756261556607
19151,corn,2022,6,198.3,192.2696703296703,214.9,200.7906360309839,198.92542767857137,199.11254166666674,ExtraTrees,199.11254166666674,-0.812541666666732,0.812541666666732,0.40975374012442356
19151,corn,2022,7,198.3,192.2696703296703,214.9,188.9702796137109,199.53218010461777,199.44241666666684,ExtraTrees,199.44241666666684,-1.1424166666668327,1.1424166666668327,0.5761052277694567
19151,corn,2022,8,198.3,192.2696703296703,214.9,197.09686227168822,199.13517242063494,200.45337500000014,ExtraTrees,200.45337500000014,-2.153375000000125,2.153375000000125,1.0859178013112076
19151,corn,2022,9,198.3,192.2696703296703,214.9,193.5055041517531,201.4300652777779,200.75679166666666,ExtraTrees,200.75679166666666,-2.4567916666666463,2.4567916666666463,1.2389267103714807
19151,corn,2022,10,198.3,192.2696703296703,214.9,175.5143053366889,179.78400535714286,179.59074999999993,ExtraTrees,179.59074999999993,18.709250000000083,18.709250000000083,9.434820978315726
19151,corn,2022,11,198.3,192.2696703296703,214.9,202.09647396714396,200.43734880952385,199.41920833333327,ExtraTrees,199.41920833333327,-1.1192083333332619,1.1192083333332619,0.5644015800974592
19151,corn,2022,12,198.3,192.2696703296703,214.9,204.9433742134586,195.06344345238094,196.14979166666663,ExtraTrees,196.14979166666663,2.1502083333333815,2.1502083333333815,1.0843208942679685
19153,corn,2022,1,188.6,192.2696703296703,218.6,192.2699472386369,196.27961279761905,192.10154166666655,ExtraTrees,192.10154166666655,-3.5015416666665544,3.5015416666665544,1.856596854011959
19153,corn,2022,2,188.6,192.2696703296703,218.6,188.58762568018014,190.5935040674602,183.17387500000038,ExtraTrees,183.17387500000038,5.426124999999615,5.426124999999615,2.87705461293723
19153,corn,2022,3,188.6,192.2696703296703,218.6,194.20708808639517,201.6382853174602,202.08912499999994,ExtraTrees,202.08912499999994,-13.489124999999945,13.489124999999945,7.152240190880141
19153,corn,2022,4,188.6,192.2696703296703,218.6,199.87678430961816,196.8534727182539,197.88583333333335,ExtraTrees,197.88583333333335,-9.285833333333358,9.285833333333358,4.923559561682586
19153,corn,2022,5,188.6,192.2696703296703,218.6,187.89898257102453,189.15860208333336,188.42795833333327,ExtraTrees,188.42795833333327,0.17204166666672904,0.17204166666672904,0.09122039589964424
19153,corn,2022,6,188.6,192.2696703296703,218.6,188.76980790968926,196.92307103174605,199.6490833333333,ExtraTrees,199.6490833333333,-11.0490833333333,11.0490833333333,5.858474726051591
19153,corn,2022,7,188.6,192.2696703296703,218.6,183.110660899751,180.97705436507943,186.89033333333356,ExtraTrees,186.89033333333356,1.7096666666664362,1.7096666666664362,0.9065040650405282
19153,corn,2022,8,188.6,192.2696703296703,218.6,185.83964924650382,188.07298601190473,187.83708333333337,ExtraTrees,187.83708333333337,0.7629166666666265,0.7629166666666265,0.4045157299398868
19153,corn,2022,9,188.6,192.2696703296703,218.6,189.88598837592104,197.77365982142857,195.45549999999994,ExtraTrees,195.45549999999994,-6.8554999999999495,6.8554999999999495,3.634941675503685
19153,corn,2022,10,188.6,192.2696703296703,218.6,186.85212513732256,160.13057430555563,164.2904166666667,ExtraTrees,164.2904166666667,24.309583333333308,24.309583333333308,12.889492753623175
19153,corn,2022,11,188.6,192.2696703296703,218.6,185.4570756935928,181.71086809163066,181.7685416666666,ExtraTrees,181.7685416666666,6.831458333333387,6.831458333333387,3.622194238246759
19153,corn,2022,12,188.6,192.2696703296703,218.6,195.30417200463268,195.08963095238113,195.04720833333326,ExtraTrees,195.04720833333326,-6.447208333333265,6.447208333333265,3.4184561682572987
19155,corn,2022,1,195.0,192.2696703296703,217.4,204.8045655524802,197.87102378246735,201.9269583333333,ExtraTrees,201.9269583333333,-6.926958333333289,6.926958333333289,3.5522863247863024
19155,corn,2022,2,195.0,192.2696703296703,217.4,194.52960409454425,199.85164186507944,195.75945833333333,ExtraTrees,195.75945833333333,-0.7594583333333276,0.7594583333333276,0.389465811965809
19155,corn,2022,3,195.0,192.2696703296703,217.4,206.84525295684793,204.2048128968254,202.70724999999996,ExtraTrees,202.70724999999996,-7.707249999999959,7.707249999999959,3.952435897435876
19155,corn,2022,4,195.0,192.2696703296703,217.4,216.58201049554282,208.21232162698405,205.05112500000007,ExtraTrees,205.05112500000007,-10.05112500000007,10.05112500000007,5.154423076923113
19155,corn,2022,5,195.0,192.2696703296703,217.4,213.8875573365768,209.18221537698412,205.5327083333332,ExtraTrees,205.5327083333332,-10.532708333333204,10.532708333333204,5.401388888888822
19155,corn,2022,6,195.0,192.2696703296703,217.4,201.7849730135591,206.95070091089474,202.6877499999998,ExtraTrees,202.6877499999998,-7.687749999999795,7.687749999999795,3.942435897435792
19155,corn,2022,7,195.0,192.2696703296703,217.4,204.95156837211508,198.79472519841272,199.29045833333336,ExtraTrees,199.29045833333336,-4.290458333333362,4.290458333333362,2.2002350427350574
19155,corn,2022,8,195.0,192.2696703296703,217.4,208.1928087366443,206.92634004329,204.45195833333344,ExtraTrees,204.45195833333344,-9.451958333333437,9.451958333333437,4.847158119658173
19155,corn,2022,9,195.0,192.2696703296703,217.4,194.97969350457296,198.17032291666655,196.6415,ExtraTrees,196.6415,-1.6415000000000077,1.6415000000000077,0.8417948717948758
19155,corn,2022,10,195.0,192.2696703296703,217.4,190.6398467580695,181.7543696428571,179.4621250000001,ExtraTrees,179.4621250000001,15.5378749999999,15.5378749999999,7.968141025640975
19155,corn,2022,11,195.0,192.2696703296703,217.4,199.99354544912342,196.00494880952374,192.48329166666653,ExtraTrees,192.48329166666653,2.5167083333334688,2.5167083333334688,1.2906196581197276
19155,corn,2022,12,195.0,192.2696703296703,217.4,223.03850108739758,201.26401547619062,198.83604166666657,ExtraTrees,198.83604166666657,-3.836041666666574,3.836041666666574,1.9672008547008073
19157,corn,2022,1,193.3,192.2696703296703,201.9,195.74760531423703,200.14710317460322,199.4553333333333,ExtraTrees,199.4553333333333,-6.155333333333289,6.155333333333289,3.184342127953072
19157,corn,2022,2,193.3,192.2696703296703,201.9,188.74780061349657,187.4994459325397,182.14466666666678,ExtraTrees,182.14466666666678,11.155333333333232,11.155333333333232,5.77099499913773
19157,corn,2022,3,193.3,192.2696703296703,201.9,197.70025925676012,200.3093537698414,201.038625,ExtraTrees,201.038625,-7.738624999999985,7.738624999999985,4.003427315054312
19157,corn,2022,4,193.3,192.2696703296703,201.9,200.9172309912909,199.77747797619048,199.8857083333335,ExtraTrees,199.8857083333335,-6.585708333333486,6.585708333333486,3.406988273840396
19157,corn,2022,5,193.3,192.2696703296703,201.9,196.86817889099567,191.11033244047627,195.48249999999985,ExtraTrees,195.48249999999985,-2.182499999999834,2.182499999999834,1.12907397827203
19157,corn,2022,6,193.3,192.2696703296703,201.9,190.50814992077392,195.44969215367976,199.02062499999997,ExtraTrees,199.02062499999997,-5.720624999999956,5.720624999999956,2.959454216244157
19157,corn,2022,7,193.3,192.2696703296703,201.9,188.40025095888228,198.92952678571442,194.92012500000007,ExtraTrees,194.92012500000007,-1.6201250000000584,1.6201250000000584,0.8381401965856483
19157,corn,2022,8,193.3,192.2696703296703,201.9,192.02602747246866,200.58143184523811,195.9424583333336,ExtraTrees,195.9424583333336,-2.642458333333593,2.642458333333593,1.3670244869806483
19157,corn,2022,9,193.3,192.2696703296703,201.9,187.53277788834794,197.52944552669567,197.45483333333314,ExtraTrees,197.45483333333314,-4.15483333333313,4.15483333333313,2.149422314191997
19157,corn,2022,10,193.3,192.2696703296703,201.9,185.06514714198047,178.9174556547619,176.27116666666666,ExtraTrees,176.27116666666666,17.028833333333353,17.028833333333353,8.809536126918443
19157,corn,2022,11,193.3,192.2696703296703,201.9,197.2483095308476,193.3061533730158,190.85316666666662,ExtraTrees,190.85316666666662,2.4468333333333874,2.4468333333333874,1.265821693395441
19157,corn,2022,12,193.3,192.2696703296703,201.9,201.86908505762332,188.62225178571418,194.15074999999987,ExtraTrees,194.15074999999987,-0.8507499999998629,0.8507499999998629,0.44011898603200356
19159,corn,2022,1,151.8,192.2696703296703,176.6,181.05992478469818,186.9880589285716,183.92291666666677,ExtraTrees,183.92291666666677,-32.122916666666754,32.122916666666754,21.16134167764608
19159,corn,2022,2,151.8,192.2696703296703,176.6,183.905919817276,192.83281041666655,188.19266666666664,ExtraTrees,188.19266666666664,-36.39266666666663,36.39266666666663,23.97408871321912
19159,corn,2022,3,151.8,192.2696703296703,176.6,194.95361911694846,199.12307576659455,199.78591666666657,ExtraTrees,199.78591666666657,-47.985916666666554,47.985916666666554,31.611275801493115
19159,corn,2022,4,151.8,192.2696703296703,176.6,186.3763394523794,195.20559652777774,185.31912500000013,ExtraTrees,185.31912500000013,-33.519125000000116,33.519125000000116,22.081110013175305
19159,corn,2022,5,151.8,192.2696703296703,176.6,179.58083848944702,175.91025466269855,179.49495833333313,ExtraTrees,179.49495833333313,-27.69495833333312,27.69495833333312,18.244373078612067
19159,corn,2022,6,151.8,192.2696703296703,176.6,188.1839285064188,182.69997757936508,179.74858333333333,ExtraTrees,179.74858333333333,-27.948583333333318,27.948583333333318,18.41145147123407
19159,corn,2022,7,151.8,192.2696703296703,176.6,190.368154599715,188.94229652777787,189.87758333333338,ExtraTrees,189.87758333333338,-38.077583333333365,38.077583333333365,25.084046991655708
19159,corn,2022,8,151.8,192.2696703296703,176.6,187.39673014071064,192.27730942460326,185.61029166666677,ExtraTrees,185.61029166666677,-33.81029166666676,33.81029166666676,22.272919411506425
19159,corn,2022,9,151.8,192.2696703296703,176.6,183.4581200986692,179.27024900793648,179.94174999999996,ExtraTrees,179.94174999999996,-28.141749999999945,28.141749999999945,18.53870223978916
19159,corn,2022,10,151.8,192.2696703296703,176.6,183.75387945190087,157.9298604166668,164.81220833333344,ExtraTrees,164.81220833333344,-13.012208333333433,13.012208333333433,8.571942248572748
19159,corn,2022,11,151.8,192.2696703296703,176.6,179.8611629575509,175.73070823412698,176.6977083333334,ExtraTrees,176.6977083333334,-24.897708333333384,24.897708333333384,16.401652393500253
19159,corn,2022,12,151.8,192.2696703296703,176.6,179.718452721803,173.9392140873016,168.1355000000001,ExtraTrees,168.1355000000001,-16.33550000000008,16.33550000000008,10.761198945981608
19161,corn,2022,1,212.4,192.2696703296703,231.5,201.99334410320333,200.47537115800856,200.69495833333335,ExtraTrees,200.69495833333335,11.70504166666666,11.70504166666666,5.510848242310104
19161,corn,2022,2,212.4,192.2696703296703,231.5,188.88390694567187,193.18419613095242,190.61029166666668,ExtraTrees,190.61029166666668,21.789708333333323,21.789708333333323,10.258808066541112
19161,corn,2022,3,212.4,192.2696703296703,231.5,201.64707355884,192.4746555284992,196.1843750000001,ExtraTrees,196.1843750000001,16.215624999999903,16.215624999999903,7.634475047080934
19161,corn,2022,4,212.4,192.2696703296703,231.5,210.73398236184636,203.34941517857118,201.73337499999997,ExtraTrees,201.73337499999997,10.666625000000039,10.666625000000039,5.021951506591355
19161,corn,2022,5,212.4,192.2696703296703,231.5,207.76445244391283,206.66228867243873,205.26954166666658,ExtraTrees,205.26954166666658,7.130458333333422,7.130458333333422,3.357089610797279
19161,corn,2022,6,212.4,192.2696703296703,231.5,202.61247092072276,199.83684067460308,202.01354166666673,ExtraTrees,202.01354166666673,10.38645833333328,10.38645833333328,4.890046296296272
19161,corn,2022,7,212.4,192.2696703296703,231.5,195.6414941644116,208.18033313492052,206.80533333333344,ExtraTrees,206.80533333333344,5.594666666666569,5.594666666666569,2.6340238543627916
19161,corn,2022,8,212.4,192.2696703296703,231.5,196.30783099747575,207.11601686507925,207.86866666666668,ExtraTrees,207.86866666666668,4.531333333333322,4.531333333333322,2.1333961079723736
19161,corn,2022,9,212.4,192.2696703296703,231.5,196.752067855586,202.12362142857154,202.9732083333335,ExtraTrees,202.9732083333335,9.426791666666503,9.426791666666503,4.43822583176389
19161,corn,2022,10,212.4,192.2696703296703,231.5,176.26483492457996,173.47760853174609,179.61495833333345,ExtraTrees,179.61495833333345,32.78504166666656,32.78504166666656,15.435518675455064
19161,corn,2022,11,212.4,192.2696703296703,231.5,203.72492130326447,198.00301557539694,198.1404583333334,ExtraTrees,198.1404583333334,14.259541666666593,14.259541666666593,6.71353185812928
19161,corn,2022,12,212.4,192.2696703296703,231.5,207.61678198089507,201.7344074404763,202.6121666666666,ExtraTrees,202.6121666666666,9.787833333333396,9.787833333333396,4.608207784055271
19163,corn,2022,1,216.2,192.2696703296703,207.1,199.8099379847483,202.4568852092351,201.69366666666636,ExtraTrees,201.69366666666636,14.506333333333629,14.506333333333629,6.7096823928462666
19163,corn,2022,2,216.2,192.2696703296703,207.1,193.2177667756165,194.04359254148628,190.90695833333328,ExtraTrees,190.90695833333328,25.29304166666671,25.29304166666671,11.69890918902253
19163,corn,2022,3,216.2,192.2696703296703,207.1,194.06601957410828,197.81442083333332,200.97870833333337,ExtraTrees,200.97870833333337,15.221291666666616,15.221291666666616,7.04037542399011
19163,corn,2022,4,216.2,192.2696703296703,207.1,197.41427118854065,196.4794674603175,199.51954166666678,ExtraTrees,199.51954166666678,16.680458333333206,16.680458333333206,7.715290625963556
19163,corn,2022,5,216.2,192.2696703296703,207.1,195.754117462225,190.2521369047619,190.63879166666646,ExtraTrees,190.63879166666646,25.561208333333525,25.561208333333525,11.822945575084887
19163,corn,2022,6,216.2,192.2696703296703,207.1,194.26531780391483,189.41446478174603,189.77854166666685,ExtraTrees,189.77854166666685,26.421458333333135,26.421458333333135,12.220841042244745
19163,corn,2022,7,216.2,192.2696703296703,207.1,195.87570421542685,197.83186785714278,201.95295833333358,ExtraTrees,201.95295833333358,14.247041666666405,14.247041666666405,6.5897510021583745
19163,corn,2022,8,216.2,192.2696703296703,207.1,202.9439351085172,211.31497050865818,210.47899999999984,ExtraTrees,210.47899999999984,5.721000000000146,5.721000000000146,2.6461609620722233
19163,corn,2022,9,216.2,192.2696703296703,207.1,198.9648062194723,202.6750551587303,200.76779166666688,ExtraTrees,200.76779166666688,15.432208333333108,15.432208333333108,7.137931699043991
19163,corn,2022,10,216.2,192.2696703296703,207.1,185.39705170231355,172.84984087301598,170.64045833333344,ExtraTrees,170.64045833333344,45.55954166666655,45.55954166666655,21.072868485969725
19163,corn,2022,11,216.2,192.2696703296703,207.1,188.4619494791433,196.54116769480524,192.03525000000002,ExtraTrees,192.03525000000002,24.16474999999997,24.16474999999997,11.177035152636435
19163,corn,2022,12,216.2,192.2696703296703,207.1,194.64440396693414,202.14396027375406,199.12408333333337,ExtraTrees,199.12408333333337,17.075916666666615,17.075916666666615,7.898203823620081
19165,corn,2022,1,209.0,192.2696703296703,192.2696703296703,198.07709734835612,201.302044047619,204.95099999999994,ExtraTrees,204.95099999999994,4.049000000000063,4.049000000000063,1.9373205741627098
19165,corn,2022,2,209.0,192.2696703296703,192.2696703296703,186.98384813599458,192.49373630952385,190.42879166666674,ExtraTrees,190.42879166666674,18.57120833333326,18.57120833333326,8.885745614035052
19165,corn,2022,3,209.0,192.2696703296703,192.2696703296703,204.77307957324788,187.89824015151495,198.15637500000008,ExtraTrees,198.15637500000008,10.843624999999918,10.843624999999918,5.1883373205741234
19165,corn,2022,4,209.0,192.2696703296703,192.2696703296703,213.3258801460086,208.84560486111107,206.05841666666652,ExtraTrees,206.05841666666652,2.941583333333483,2.941583333333483,1.407456140350949
19165,corn,2022,5,209.0,192.2696703296703,192.2696703296703,211.40343563709482,220.0550746753246,211.0486250000001,ExtraTrees,211.0486250000001,-2.0486250000001007,2.0486250000001007,0.9802033492823449
19165,corn,2022,6,209.0,192.2696703296703,192.2696703296703,202.5176269340786,204.86260011446902,206.74866666666668,ExtraTrees,206.74866666666668,2.2513333333333208,2.2513333333333208,1.0771929824561344
19165,corn,2022,7,209.0,192.2696703296703,192.2696703296703,194.28018138433526,212.86542222222224,211.24954166666663,ExtraTrees,211.24954166666663,-2.24954166666663,2.24954166666663,1.0763357256778134
19165,corn,2022,8,209.0,192.2696703296703,192.2696703296703,201.9911941409136,206.92928521825397,204.63970833333354,ExtraTrees,204.63970833333354,4.3602916666664555,4.3602916666664555,2.086263955342802
19165,corn,2022,9,209.0,192.2696703296703,192.2696703296703,193.3139412369674,200.25882876984141,203.40866666666682,ExtraTrees,203.40866666666682,5.591333333333182,5.591333333333182,2.6752791068579818
19165,corn,2022,10,209.0,192.2696703296703,192.2696703296703,188.0133414938745,178.99364196428567,180.79437500000017,ExtraTrees,180.79437500000017,28.205624999999827,28.205624999999827,13.495514354066904
19165,corn,2022,11,209.0,192.2696703296703,192.2696703296703,197.530688880247,195.434953968254,198.06054166666672,ExtraTrees,198.06054166666672,10.939458333333278,10.939458333333278,5.234190590111616
19165,corn,2022,12,209.0,192.2696703296703,192.2696703296703,209.7584454619486,199.51868769841272,200.26958333333332,ExtraTrees,200.26958333333332,8.730416666666684,8.730416666666684,4.177232854864442
19167,corn,2022,1,196.9,192.2696703296703,221.7,203.8445888752014,201.63837480158713,205.19458333333336,ExtraTrees,205.19458333333336,-8.29458333333335,8.29458333333335,4.212586761469452
19167,corn,2022,2,196.9,192.2696703296703,221.7,198.95062513094575,202.38675138888894,198.6576250000001,ExtraTrees,198.6576250000001,-1.757625000000104,1.757625000000104,0.8926485525648065
19167,corn,2022,3,196.9,192.2696703296703,221.7,204.97722849514648,193.2656058261183,202.8077500000001,ExtraTrees,202.8077500000001,-5.907750000000107,5.907750000000107,3.000380904012243
19167,corn,2022,4,196.9,192.2696703296703,221.7,206.24687196802688,191.5472861111111,195.76475000000002,ExtraTrees,195.76475000000002,1.135249999999985,1.135249999999985,0.576561706449967
19167,corn,2022,5,196.9,192.2696703296703,221.7,209.45096665207893,201.19143029401144,198.4547916666666,ExtraTrees,198.4547916666666,-1.5547916666666026,1.5547916666666026,0.7896351786016266
19167,corn,2022,6,196.9,192.2696703296703,221.7,211.0029256163706,214.73892033730147,210.8511250000001,ExtraTrees,210.8511250000001,-13.951125000000104,13.951125000000104,7.085385982732404
19167,corn,2022,7,196.9,192.2696703296703,221.7,203.75211854723793,200.21964276695508,199.43912499999985,ExtraTrees,199.43912499999985,-2.539124999999842,2.539124999999842,1.2895505332655368
19167,corn,2022,8,196.9,192.2696703296703,221.7,198.98811947263044,197.35876677489168,194.22833333333338,ExtraTrees,194.22833333333338,2.6716666666666242,2.6716666666666242,1.3568647367529834
19167,corn,2022,9,196.9,192.2696703296703,221.7,202.20345839983318,199.27385942460307,197.32520833333314,ExtraTrees,197.32520833333314,-0.42520833333313135,0.42520833333313135,0.2159514135770093
19167,corn,2022,10,196.9,192.2696703296703,221.7,194.78468705634623,174.6253060515874,180.0892083333334,ExtraTrees,180.0892083333334,16.810791666666603,16.810791666666603,8.537730658540681
19167,corn,2022,11,196.9,192.2696703296703,221.7,206.94526327696735,200.28595486111124,203.3082500000003,ExtraTrees,203.3082500000003,-6.408250000000294,6.408250000000294,3.254570848146416
19167,corn,2022,12,196.9,192.2696703296703,221.7,221.46997889921482,197.1055371843433,194.47583333333333,ExtraTrees,194.47583333333333,2.424166666666679,2.424166666666679,1.2311664127306645
19169,corn,2022,1,207.1,192.2696703296703,202.1,195.46150892148947,196.04926507936506,196.1935416666668,ExtraTrees,196.1935416666668,10.906458333333205,10.906458333333205,5.266276356027622
19169,corn,2022,2,207.1,192.2696703296703,202.1,191.27428732540025,186.19495099206338,182.65120833333327,ExtraTrees,182.65120833333327,24.44879166666672,24.44879166666672,11.805307419925988
19169,corn,2022,3,207.1,192.2696703296703,202.1,195.71010015243672,199.62490632215028,199.46208333333317,ExtraTrees,199.46208333333317,7.6379166666668254,7.6379166666668254,3.688033156285285
19169,corn,2022,4,207.1,192.2696703296703,202.1,202.61764752899757,200.6911145500332,200.43525000000005,ExtraTrees,200.43525000000005,6.664749999999941,6.664749999999941,3.2181313375180784
19169,corn,2022,5,207.1,192.2696703296703,202.1,197.111617841005,195.23281815476176,193.36958333333337,ExtraTrees,193.36958333333337,13.730416666666628,13.730416666666628,6.629848704329613
19169,corn,2022,6,207.1,192.2696703296703,202.1,194.36532563537122,195.2133666666666,199.8092916666667,ExtraTrees,199.8092916666667,7.290708333333299,7.290708333333299,3.5203806534685174
19169,corn,2022,7,207.1,192.2696703296703,202.1,187.98875853796042,201.65728759920643,198.1923333333334,ExtraTrees,198.1923333333334,8.907666666666586,8.907666666666586,4.301142765169766
19169,corn,2022,8,207.1,192.2696703296703,202.1,192.7213793050876,196.7304547619048,196.71916666666664,ExtraTrees,196.71916666666664,10.380833333333356,10.380833333333356,5.012473845163378
19169,corn,2022,9,207.1,192.2696703296703,202.1,193.73264525223598,203.9270568452383,206.3014583333334,ExtraTrees,206.3014583333334,0.7985416666666083,0.7985416666666083,0.3855826492837317
19169,corn,2022,10,207.1,192.2696703296703,202.1,185.40599587061462,175.72788065476198,173.50695833333336,ExtraTrees,173.50695833333336,33.593041666666636,33.593041666666636,16.220686463866073
19169,corn,2022,11,207.1,192.2696703296703,202.1,195.8262803818783,196.29845744047594,193.2116666666669,ExtraTrees,193.2116666666669,13.888333333333094,13.888333333333094,6.7061001126668724
19169,corn,2022,12,207.1,192.2696703296703,202.1,203.872734261341,197.08477331349204,196.2979583333332,ExtraTrees,196.2979583333332,10.802041666666781,10.802041666666781,5.215857878641613
19171,corn,2022,1,203.3,192.2696703296703,215.1,199.37534425771975,201.5783040584416,204.6915416666666,ExtraTrees,204.6915416666666,-1.3915416666665976,1.3915416666665976,0.6844769634365949
19171,corn,2022,2,203.3,192.2696703296703,215.1,192.97952172950417,188.82436378968242,183.7172083333336,ExtraTrees,183.7172083333336,19.582791666666424,19.582791666666424,9.632460239383384
19171,corn,2022,3,203.3,192.2696703296703,215.1,203.0732867014738,198.44256309523823,201.27725000000012,ExtraTrees,201.27725000000012,2.0227499999998884,2.0227499999998884,0.9949581898671364
19171,corn,2022,4,203.3,192.2696703296703,215.1,204.71599436948614,199.54003988095258,199.5658333333335,ExtraTrees,199.5658333333335,3.7341666666665105,3.7341666666665105,1.836776520741028
19171,corn,2022,5,203.3,192.2696703296703,215.1,207.0701968160497,209.04233412698403,201.10995833333348,ExtraTrees,201.10995833333348,2.1900416666665308,2.1900416666665308,1.0772462698802414
19171,corn,2022,6,203.3,192.2696703296703,215.1,201.0812163345259,197.00431301406934,201.89033333333336,ExtraTrees,201.89033333333336,1.4096666666666522,1.4096666666666522,0.6933923594031737
19171,corn,2022,7,203.3,192.2696703296703,215.1,193.0011698997834,196.28424391233762,198.34837500000006,ExtraTrees,198.34837500000006,4.95162499999995,4.95162499999995,2.4356246925725284
19171,corn,2022,8,203.3,192.2696703296703,215.1,199.14373658232816,206.62579652777782,207.70116666666644,ExtraTrees,207.70116666666644,-4.401166666666427,4.401166666666427,2.1648630923100964
19171,corn,2022,9,203.3,192.2696703296703,215.1,196.99617155037475,205.14625803571428,206.70616666666686,ExtraTrees,206.70616666666686,-3.4061666666668486,3.4061666666668486,1.6754385964913174
19171,corn,2022,10,203.3,192.2696703296703,215.1,187.9331557650847,178.53143799603177,178.41908333333345,ExtraTrees,178.41908333333345,24.880916666666565,24.880916666666565,12.23852270864071
19171,corn,2022,11,203.3,192.2696703296703,215.1,201.9510233622084,203.58513333333337,195.2705416666666,ExtraTrees,195.2705416666666,8.029458333333423,8.029458333333423,3.949561403508816
19171,corn,2022,12,203.3,192.2696703296703,215.1,203.7009781541539,199.7078228625543,196.46845833333344,ExtraTrees,196.46845833333344,6.831541666666567,6.831541666666567,3.360325463190638
19173,corn,2022,1,172.1,192.2696703296703,192.8,182.73209715353258,183.39900099206352,184.7324583333333,ExtraTrees,184.7324583333333,-12.632458333333318,12.632458333333318,7.340184969978686
19173,corn,2022,2,172.1,192.2696703296703,192.8,185.3200878849721,192.94934851190473,191.32795833333338,ExtraTrees,191.32795833333338,-19.22795833333339,19.22795833333339,11.172549874104236
19173,corn,2022,3,172.1,192.2696703296703,192.8,199.05833473325328,199.61645354437232,200.15108333333336,ExtraTrees,200.15108333333336,-28.051083333333366,28.051083333333366,16.299293046678308
19173,corn,2022,4,172.1,192.2696703296703,192.8,194.43083460489535,200.40650278679638,193.43458333333328,ExtraTrees,193.43458333333328,-21.334583333333285,21.334583333333285,12.396620182064662
19173,corn,2022,5,172.1,192.2696703296703,192.8,185.55780595022506,186.3383780844155,187.5193333333333,ExtraTrees,187.5193333333333,-15.419333333333299,15.419333333333299,8.9595196591129
19173,corn,2022,6,172.1,192.2696703296703,192.8,187.7795360793855,192.63710396825388,192.43362499999978,ExtraTrees,192.43362499999978,-20.333624999999785,20.333624999999785,11.815005810575121
19173,corn,2022,7,172.1,192.2696703296703,192.8,189.19220393265243,186.73948422619054,190.75041666666675,ExtraTrees,190.75041666666675,-18.650416666666757,18.650416666666757,10.83696494286273
19173,corn,2022,8,172.1,192.2696703296703,192.8,191.5340737652468,194.53007023809536,190.50383333333338,ExtraTrees,190.50383333333338,-18.40383333333338,18.40383333333338,10.69368584156501
19173,corn,2022,9,172.1,192.2696703296703,192.8,184.20994586623138,203.14395316558438,207.14600000000016,ExtraTrees,207.14600000000016,-35.04600000000016,35.04600000000016,20.36374201045913
19173,corn,2022,10,172.1,192.2696703296703,192.8,183.1162857938701,157.4867629960319,165.90683333333348,ExtraTrees,165.90683333333348,6.193166666666514,6.193166666666514,3.5985860933564866
19173,corn,2022,11,172.1,192.2696703296703,192.8,181.05704990022213,174.07937519841272,177.8866666666667,ExtraTrees,177.8866666666667,-5.786666666666719,5.786666666666719,3.3623862095681107
19173,corn,2022,12,172.1,192.2696703296703,192.8,185.5397970441191,181.30425119047624,180.42025000000004,ExtraTrees,180.42025000000004,-8.320250000000044,8.320250000000044,4.83454386984314
19175,corn,2022,1,149.4,192.2696703296703,186.0,181.67361988868552,183.01324097222223,181.44216666666668,ExtraTrees,181.44216666666668,-32.042166666666674,32.042166666666674,21.447233377956273
19175,corn,2022,2,149.4,192.2696703296703,186.0,184.77633308759374,188.15071904761913,186.03312500000004,ExtraTrees,186.03312500000004,-36.633125000000035,36.633125000000035,24.52016398929052
19175,corn,2022,3,149.4,192.2696703296703,186.0,193.23854239817766,191.38002943722952,194.82295833333333,ExtraTrees,194.82295833333333,-45.42295833333333,45.42295833333333,30.4035865684962
19175,corn,2022,4,149.4,192.2696703296703,186.0,188.20033126469906,176.35912093253972,178.76920833333338,ExtraTrees,178.76920833333338,-29.369208333333376,29.369208333333376,19.65810464078539
19175,corn,2022,5,149.4,192.2696703296703,186.0,177.84513080577324,175.06526428571436,173.97737499999997,ExtraTrees,173.97737499999997,-24.57737499999996,24.57737499999996,16.450719544846024
19175,corn,2022,6,149.4,192.2696703296703,186.0,181.66341373200072,181.20442797619046,177.77437500000008,ExtraTrees,177.77437500000008,-28.37437500000007,28.37437500000007,18.992218875502058
19175,corn,2022,7,149.4,192.2696703296703,186.0,180.7862897429323,181.70372787698415,182.17325000000008,ExtraTrees,182.17325000000008,-32.773250000000075,32.773250000000075,21.93657965194115
19175,corn,2022,8,149.4,192.2696703296703,186.0,182.62576960196978,171.81192718253953,172.57820833333318,ExtraTrees,172.57820833333318,-23.178208333333174,23.178208333333174,15.51419567157508
19175,corn,2022,9,149.4,192.2696703296703,186.0,182.4558156406499,176.49978690476166,176.52866666666648,ExtraTrees,176.52866666666648,-27.128666666666476,27.128666666666476,18.158411423471534
19175,corn,2022,10,149.4,192.2696703296703,186.0,181.89432517390378,153.76449871031758,161.33870833333344,ExtraTrees,161.33870833333344,-11.938708333333437,11.938708333333437,7.991103302097348
19175,corn,2022,11,149.4,192.2696703296703,186.0,180.22157149491397,180.82723224206364,179.27883333333335,ExtraTrees,179.27883333333335,-29.878833333333347,29.878833333333347,19.999219098616695
19175,corn,2022,12,149.4,192.2696703296703,186.0,184.18224643327693,177.24037797619036,173.45662499999983,ExtraTrees,173.45662499999983,-24.056624999999826,24.056624999999826,16.102158634538036
19177,corn,2022,1,151.9,192.2696703296703,162.9,184.60409930490565,189.16453244047625,182.62991666666665,ExtraTrees,182.62991666666665,-30.72991666666664,30.72991666666664,20.230359885889822
19177,corn,2022,2,151.9,192.2696703296703,162.9,182.76658138994898,190.6694672619049,188.93679166666672,ExtraTrees,188.93679166666672,-37.036791666666716,37.036791666666716,24.38235132762786
19177,corn,2022,3,151.9,192.2696703296703,162.9,182.20868459901914,177.71703392857148,172.1384999999999,ExtraTrees,172.1384999999999,-20.238499999999902,20.238499999999902,13.323568136932126
19177,corn,2022,4,151.9,192.2696703296703,162.9,179.22308816853104,178.72271646825394,179.77229166666672,ExtraTrees,179.77229166666672,-27.87229166666671,27.87229166666671,18.349105771340824
19177,corn,2022,5,151.9,192.2696703296703,162.9,174.43145280948087,169.3145521464646,166.4732499999999,ExtraTrees,166.4732499999999,-14.573249999999888,14.573249999999888,9.593976300197424
19177,corn,2022,6,151.9,192.2696703296703,162.9,179.64378672938182,170.39584652777782,168.38737499999988,ExtraTrees,168.38737499999988,-16.487374999999872,16.487374999999872,10.854098090849158
19177,corn,2022,7,151.9,192.2696703296703,162.9,184.95275712284507,182.8482182539682,186.08120833333342,ExtraTrees,186.08120833333342,-34.181208333333416,34.181208333333416,22.50244129910034
19177,corn,2022,8,151.9,192.2696703296703,162.9,184.8961451488404,176.99672767857138,175.96558333333323,ExtraTrees,175.96558333333323,-24.065583333333223,24.065583333333223,15.843043669080462
19177,corn,2022,9,151.9,192.2696703296703,162.9,180.83980114556317,171.22692837301588,173.67687500000002,ExtraTrees,173.67687500000002,-21.776875000000018,21.776875000000018,14.33632323897302
19177,corn,2022,10,151.9,192.2696703296703,162.9,181.50219891286991,170.1940063492062,165.8484166666668,ExtraTrees,165.8484166666668,-13.948416666666787,13.948416666666787,9.182631116962993
19177,corn,2022,11,151.9,192.2696703296703,162.9,180.09885996408659,185.09068948412704,183.0849166666666,ExtraTrees,183.0849166666666,-31.184916666666595,31.184916666666595,20.529899056396705
19177,corn,2022,12,151.9,192.2696703296703,162.9,182.12350213818794,173.31609494047603,167.3174166666666,ExtraTrees,167.3174166666666,-15.417416666666583,15.417416666666583,10.14971472459946
19179,corn,2022,1,170.8,192.2696703296703,178.8,186.16090948428086,188.6680913690474,188.08366666666677,ExtraTrees,188.08366666666677,-17.28366666666676,17.28366666666676,10.119242779078899
19179,corn,2022,2,170.8,192.2696703296703,178.8,183.12663818053161,189.46082827380962,187.1015416666668,ExtraTrees,187.1015416666668,-16.301541666666793,16.301541666666793,9.544228142076577
19179,corn,2022,3,170.8,192.2696703296703,178.8,184.94015554423757,194.4876287698414,195.9937916666664,ExtraTrees,195.9937916666664,-25.193791666666385,25.193791666666385,14.750463505073997
19179,corn,2022,4,170.8,192.2696703296703,178.8,185.13204756085187,194.20781636904772,196.03158333333315,ExtraTrees,196.03158333333315,-25.231583333333134,25.231583333333134,14.772589773614248
19179,corn,2022,5,170.8,192.2696703296703,178.8,175.52414418022198,171.91083680555542,171.46804166666655,ExtraTrees,171.46804166666655,-0.6680416666665394,0.6680416666665394,0.3911250975799411
19179,corn,2022,6,170.8,192.2696703296703,178.8,182.64282813465456,175.95155039682538,174.34512499999994,ExtraTrees,174.34512499999994,-3.5451249999999277,3.5451249999999277,2.075600117095976
19179,corn,2022,7,170.8,192.2696703296703,178.8,183.93698960729694,180.7663385551948,183.67054166666648,ExtraTrees,183.67054166666648,-12.870541666666469,12.870541666666469,7.535445940671234
19179,corn,2022,8,170.8,192.2696703296703,178.8,186.66317231264003,178.4549374999998,181.30091666666667,ExtraTrees,181.30091666666667,-10.500916666666654,10.500916666666654,6.14807767369242
19179,corn,2022,9,170.8,192.2696703296703,178.8,183.35317568028188,175.58277301587293,179.4685833333333,ExtraTrees,179.4685833333333,-8.668583333333288,8.668583333333288,5.07528298204525
19179,corn,2022,10,170.8,192.2696703296703,178.8,181.98076702095972,160.26618898809537,162.87204166666675,ExtraTrees,162.87204166666675,7.927958333333265,7.927958333333265,4.641661787665846
19179,corn,2022,11,170.8,192.2696703296703,178.8,181.00957954374698,178.00644613095238,179.49799999999988,ExtraTrees,179.49799999999988,-8.697999999999865,8.697999999999865,5.092505854800858
19179,corn,2022,12,170.8,192.2696703296703,178.8,182.69240412238423,172.29147123015858,167.06941666666665,ExtraTrees,167.06941666666665,3.7305833333333567,3.7305833333333567,2.1841822794691783
19181,corn,2022,1,157.8,192.2696703296703,192.2696703296703,186.99566413175666,191.41454009740252,192.4193333333333,ExtraTrees,192.4193333333333,-34.61933333333329,34.61933333333329,21.93874102239118
19181,corn,2022,2,157.8,192.2696703296703,192.2696703296703,185.8941938670366,190.66609305555565,181.86354166666672,ExtraTrees,181.86354166666672,-24.06354166666671,24.06354166666671,15.249392691170282
19181,corn,2022,3,157.8,192.2696703296703,192.2696703296703,191.26097869691984,195.0177810515874,198.87424999999996,ExtraTrees,198.87424999999996,-41.07424999999995,41.07424999999995,26.029309252217963
19181,corn,2022,4,157.8,192.2696703296703,192.2696703296703,189.83189698769053,200.5281095238094,194.89466666666655,ExtraTrees,194.89466666666655,-37.09466666666654,37.09466666666654,23.507393324883736
19181,corn,2022,5,157.8,192.2696703296703,192.2696703296703,179.7019943506836,181.90626170634928,178.15783333333331,ExtraTrees,178.15783333333331,-20.357833333333303,20.357833333333303,12.901035065483715
19181,corn,2022,6,157.8,192.2696703296703,192.2696703296703,188.93465327652967,190.73896884920632,191.12054166666658,ExtraTrees,191.12054166666658,-33.32054166666657,33.32054166666657,21.11567912969998
19181,corn,2022,7,157.8,192.2696703296703,192.2696703296703,182.33941985913435,181.86276825396834,180.65745833333327,ExtraTrees,180.65745833333327,-22.857458333333255,22.857458333333255,14.48508132657367
19181,corn,2022,8,157.8,192.2696703296703,192.2696703296703,185.8966238228299,187.31799047619054,180.55695833333345,ExtraTrees,180.55695833333345,-22.756958333333444,22.756958333333444,14.421393113646033
19181,corn,2022,9,157.8,192.2696703296703,192.2696703296703,184.37060993977735,188.99330218253985,191.46920833333346,ExtraTrees,191.46920833333346,-33.669208333333444,33.669208333333444,21.336633924799393
19181,corn,2022,10,157.8,192.2696703296703,192.2696703296703,182.43854427614613,160.8008601190479,164.06079166666674,ExtraTrees,164.06079166666674,-6.260791666666734,6.260791666666734,3.9675485847064214
19181,corn,2022,11,157.8,192.2696703296703,192.2696703296703,177.85024753110045,174.24313472222235,174.8949583333334,ExtraTrees,174.8949583333334,-17.09495833333338,17.09495833333338,10.833306928601633
19181,corn,2022,12,157.8,192.2696703296703,192.2696703296703,188.00910644348906,183.72633452380953,186.34758333333335,ExtraTrees,186.34758333333335,-28.547583333333336,28.547583333333336,18.09099070553443
19183,corn,2022,1,185.7,192.2696703296703,192.2696703296703,193.9164545449594,193.3784833333333,194.25854166666682,ExtraTrees,194.25854166666682,-8.558541666666827,8.558541666666827,4.608800035900284
19183,corn,2022,2,185.7,192.2696703296703,192.2696703296703,189.58852710866387,190.31775952380954,191.27258333333322,ExtraTrees,191.27258333333322,-5.5725833333332275,5.5725833333332275,3.0008526296894065
19183,corn,2022,3,185.7,192.2696703296703,192.2696703296703,193.2981954166277,199.16159494047628,199.4508333333334,ExtraTrees,199.4508333333334,-13.750833333333418,13.750833333333418,7.404864476754668
19183,corn,2022,4,185.7,192.2696703296703,192.2696703296703,194.1734635419643,197.20337083333337,198.24250000000012,ExtraTrees,198.24250000000012,-12.542500000000132,12.542500000000132,6.7541733979537595
19183,corn,2022,5,185.7,192.2696703296703,192.2696703296703,183.29839819777044,181.31899047619038,185.36770833333313,ExtraTrees,185.36770833333313,0.33229166666686183,0.33229166666686183,0.17894004667036179
19183,corn,2022,6,185.7,192.2696703296703,192.2696703296703,187.07196249428563,186.86847440476183,189.1364583333334,ExtraTrees,189.1364583333334,-3.4364583333334053,3.4364583333334053,1.8505429904864863
19183,corn,2022,7,185.7,192.2696703296703,192.2696703296703,188.22515421007935,192.41000654761908,187.94354166666668,ExtraTrees,187.94354166666668,-2.2435416666666868,2.2435416666666868,1.2081538323460888
19183,corn,2022,8,185.7,192.2696703296703,192.2696703296703,193.90862316791203,198.39569910714295,195.18258333333338,ExtraTrees,195.18258333333338,-9.482583333333395,9.482583333333395,5.10639921019569
19183,corn,2022,9,185.7,192.2696703296703,192.2696703296703,188.4820711800854,187.33716934523804,187.6397500000001,ExtraTrees,187.6397500000001,-1.9397500000001173,1.9397500000001173,1.0445611200862237
19183,corn,2022,10,185.7,192.2696703296703,192.2696703296703,185.4204378416722,176.443543452381,177.3112916666668,ExtraTrees,177.3112916666668,8.388708333333199,8.388708333333199,4.517344282893484
19183,corn,2022,11,185.7,192.2696703296703,192.2696703296703,187.19819736575752,178.38106210317466,180.74449999999993,ExtraTrees,180.74449999999993,4.9555000000000575,4.9555000000000575,2.6685514270328796
19183,corn,2022,12,185.7,192.2696703296703,192.2696703296703,190.53352427661878,189.52802480158726,187.78145833333303,ExtraTrees,187.78145833333303,-2.081458333333046,2.081458333333046,1.1208714772929704
19185,corn,2022,1,170.1,192.2696703296703,177.8,184.01389657354764,188.75413472222203,184.51908333333344,ExtraTrees,184.51908333333344,-14.419083333333447,14.419083333333447,8.476827356457054
19185,corn,2022,2,170.1,192.2696703296703,177.8,185.49526912529012,189.3388466269842,186.3112916666667,ExtraTrees,186.3112916666667,-16.21129166666671,16.21129166666671,9.530447775818173
19185,corn,2022,3,170.1,192.2696703296703,177.8,184.02948692011856,191.35272559523807,196.5712916666666,ExtraTrees,196.5712916666666,-26.471291666666616,26.471291666666616,15.562193807564148
19185,corn,2022,4,170.1,192.2696703296703,177.8,185.70655216962578,197.0160461309524,197.8819583333334,ExtraTrees,197.8819583333334,-27.781958333333392,27.781958333333392,16.332720948461724
19185,corn,2022,5,170.1,192.2696703296703,177.8,172.08310112896615,173.7485334325396,170.99150000000006,ExtraTrees,170.99150000000006,-0.8915000000000646,0.8915000000000646,0.524103468547951
19185,corn,2022,6,170.1,192.2696703296703,177.8,183.4507436092239,174.9958952380952,174.8943750000001,ExtraTrees,174.8943750000001,-4.794375000000116,4.794375000000116,2.8185626102293453
19185,corn,2022,7,170.1,192.2696703296703,177.8,187.11412530639632,186.67625560064943,189.7336666666667,ExtraTrees,189.7336666666667,-19.6336666666667,19.6336666666667,11.542426023907524
19185,corn,2022,8,170.1,192.2696703296703,177.8,184.990642024957,178.77525059523808,179.28479166666668,ExtraTrees,179.28479166666668,-9.184791666666683,9.184791666666683,5.39964236723497
19185,corn,2022,9,170.1,192.2696703296703,177.8,186.61507544161717,172.6970300595238,172.33041666666654,ExtraTrees,172.33041666666654,-2.2304166666665424,2.2304166666665424,1.31123848716434
19185,corn,2022,10,170.1,192.2696703296703,177.8,184.73367979171198,166.24032172619056,160.46754166666676,ExtraTrees,160.46754166666676,9.632458333333233,9.632458333333233,5.662820889672682
19185,corn,2022,11,170.1,192.2696703296703,177.8,177.11323435523218,179.5707024801587,182.26070833333335,ExtraTrees,182.26070833333335,-12.16070833333336,12.16070833333336,7.149152459337661
19185,corn,2022,12,170.1,192.2696703296703,177.8,185.85544463798007,174.227519642857,178.14720833333334,ExtraTrees,178.14720833333334,-8.047208333333344,8.047208333333344,4.730869096609844
19187,corn,2022,1,201.5,192.2696703296703,217.2,200.46126976649498,192.61981577380953,193.99033333333344,ExtraTrees,193.99033333333344,7.509666666666561,7.509666666666561,3.7268817204300553
19187,corn,2022,2,201.5,192.2696703296703,217.2,193.279111845189,194.3758755952381,187.44204166666663,ExtraTrees,187.44204166666663,14.057958333333374,14.057958333333374,6.976654259718797
19187,corn,2022,3,201.5,192.2696703296703,217.2,202.95038189779936,202.42120753968248,202.0998333333334,ExtraTrees,202.0998333333334,-0.5998333333334074,0.5998333333334074,0.2976840363937506
19187,corn,2022,4,201.5,192.2696703296703,217.2,213.02232033366104,206.66969176587315,205.09891666666647,ExtraTrees,205.09891666666647,-3.5989166666664687,3.5989166666664687,1.7860628618692154
19187,corn,2022,5,201.5,192.2696703296703,217.2,208.086707967156,199.61751865079376,197.78791666666663,ExtraTrees,197.78791666666663,3.712083333333368,3.712083333333368,1.8422249793217704
19187,corn,2022,6,201.5,192.2696703296703,217.2,202.54695303085185,199.36590684523827,199.60329166666662,ExtraTrees,199.60329166666662,1.896708333333379,1.896708333333379,0.9412944582299647
19187,corn,2022,7,201.5,192.2696703296703,217.2,197.80521320531247,196.73697480158734,200.6605416666666,ExtraTrees,200.6605416666666,0.8394583333333969,0.8394583333333969,0.4166046319272442
19187,corn,2022,8,201.5,192.2696703296703,217.2,202.65626605535508,209.97898611111125,207.0054166666666,ExtraTrees,207.0054166666666,-5.505416666666605,5.505416666666605,2.7322167080231288
19187,corn,2022,9,201.5,192.2696703296703,217.2,196.12059579934262,204.23177653318885,199.62999999999982,ExtraTrees,199.62999999999982,1.870000000000175,1.870000000000175,0.9280397022333375
19187,corn,2022,10,201.5,192.2696703296703,217.2,190.00709804823464,173.54091420454552,182.24337500000016,ExtraTrees,182.24337500000016,19.256624999999843,19.256624999999843,9.556637717121511
19187,corn,2022,11,201.5,192.2696703296703,217.2,201.44862291626413,194.88052202380942,194.60679166666665,ExtraTrees,194.60679166666665,6.893208333333348,6.893208333333348,3.420947063689007
19187,corn,2022,12,201.5,192.2696703296703,217.2,211.81420155118798,197.9697739448051,196.70600000000005,ExtraTrees,196.70600000000005,4.793999999999954,4.793999999999954,2.379156327543402
19189,corn,2022,1,217.6,192.2696703296703,198.6,190.33497397820025,185.28897738095245,185.17420833333327,ExtraTrees,185.17420833333327,32.425791666666726,32.425791666666726,14.901558670343166
19189,corn,2022,2,217.6,192.2696703296703,198.6,190.100583491642,184.1857770833332,184.52412500000008,ExtraTrees,184.52412500000008,33.07587499999991,33.07587499999991,15.200310202205841
19189,corn,2022,3,217.6,192.2696703296703,198.6,188.06860492546684,191.5806654761904,195.9560416666665,ExtraTrees,195.9560416666665,21.6439583333335,21.6439583333335,9.94667202818635
19189,corn,2022,4,217.6,192.2696703296703,198.6,200.2175934981126,193.47918134920664,191.80250000000012,ExtraTrees,191.80250000000012,25.79749999999987,25.79749999999987,11.855468749999941
19189,corn,2022,5,217.6,192.2696703296703,198.6,195.02292333491067,193.44976011904745,189.48820833333318,ExtraTrees,189.48820833333318,28.111791666666818,28.111791666666818,12.919021905637324
19189,corn,2022,6,217.6,192.2696703296703,198.6,196.4768892679,196.8678345238095,199.2472083333335,ExtraTrees,199.2472083333335,18.35279166666649,18.35279166666649,8.434187346813644
19189,corn,2022,7,217.6,192.2696703296703,198.6,183.37044206182543,190.27283450091582,193.62387500000006,ExtraTrees,193.62387500000006,23.97612499999994,23.97612499999994,11.01843979779409
19189,corn,2022,8,217.6,192.2696703296703,198.6,193.0689976255577,197.83211626984112,198.2266250000001,ExtraTrees,198.2266250000001,19.373374999999896,19.373374999999896,8.903205422794072
19189,corn,2022,9,217.6,192.2696703296703,198.6,193.15218829957107,197.50215684523812,201.16237500000005,ExtraTrees,201.16237500000005,16.43762499999994,16.43762499999994,7.55405560661762
19189,corn,2022,10,217.6,192.2696703296703,198.6,164.51960845558884,164.98852579365095,172.82616666666672,ExtraTrees,172.82616666666672,44.77383333333327,44.77383333333327,20.576210171568597
19189,corn,2022,11,217.6,192.2696703296703,198.6,195.38809070364914,195.01615327380958,199.21995833333324,ExtraTrees,199.21995833333324,18.380041666666756,18.380041666666756,8.446710324754942
19189,corn,2022,12,217.6,192.2696703296703,198.6,190.9008668966937,193.83664702380938,193.235125,ExtraTrees,193.235125,24.364874999999984,24.364874999999984,11.197093290441169
19191,corn,2022,1,212.4,192.2696703296703,200.2,194.35498792373315,194.31973520923503,197.12116666666662,ExtraTrees,197.12116666666662,15.278833333333381,15.278833333333381,7.193424356559971
19191,corn,2022,2,212.4,192.2696703296703,200.2,187.90939224717462,191.1372870039683,183.52720833333348,ExtraTrees,183.52720833333348,28.87279166666653,28.87279166666653,13.59359306340232
19191,corn,2022,3,212.4,192.2696703296703,200.2,195.22481231820345,187.96150000000006,194.2217083333334,ExtraTrees,194.2217083333334,18.17829166666661,18.17829166666661,8.558517733835505
19191,corn,2022,4,212.4,192.2696703296703,200.2,196.9907143473919,201.7692180555554,196.29900000000038,ExtraTrees,196.29900000000038,16.10099999999963,16.10099999999963,7.580508474576096
19191,corn,2022,5,212.4,192.2696703296703,200.2,186.43325321225024,187.07843779761893,187.69012499999994,ExtraTrees,187.69012499999994,24.709875000000068,24.709875000000068,11.633651129943534
19191,corn,2022,6,212.4,192.2696703296703,200.2,189.39381976148871,190.30486636904746,191.79087499999986,ExtraTrees,191.79087499999986,20.609125000000148,20.609125000000148,9.702977871939805
19191,corn,2022,7,212.4,192.2696703296703,200.2,192.64291579203646,201.33521071428586,200.96083333333314,ExtraTrees,200.96083333333314,11.439166666666864,11.439166666666864,5.385671688637883
19191,corn,2022,8,212.4,192.2696703296703,200.2,194.6380869161114,190.6346722222223,195.29979166666664,ExtraTrees,195.29979166666664,17.10020833333337,17.10020833333337,8.050945543000646
19191,corn,2022,9,212.4,192.2696703296703,200.2,188.43427771454674,201.93487073412697,201.3282916666668,ExtraTrees,201.3282916666668,11.07170833333322,11.07170833333322,5.212668706842382
19191,corn,2022,10,212.4,192.2696703296703,200.2,181.4550958841312,164.4531586309525,164.69787499999998,ExtraTrees,164.69787499999998,47.702125000000024,47.702125000000024,22.458627589453872
19191,corn,2022,11,212.4,192.2696703296703,200.2,178.9452738920784,183.28479418290055,185.79662499999986,ExtraTrees,185.79662499999986,26.603375000000142,26.603375000000142,12.525129472693097
19191,corn,2022,12,212.4,192.2696703296703,200.2,197.46333733849207,197.24434136904776,196.73112499999988,ExtraTrees,196.73112499999988,15.668875000000128,15.668875000000128,7.377059792843752
19193,corn,2022,1,200.2,192.2696703296703,208.4,202.04149118304124,198.17659464285717,201.1673333333334,ExtraTrees,201.1673333333334,-0.9673333333334142,0.9673333333334142,0.4831834831835236
19193,corn,2022,2,200.2,192.2696703296703,208.4,196.89924959547852,201.37684037698412,197.3837916666668,ExtraTrees,197.3837916666668,2.8162083333331793,2.8162083333331793,1.4066974691973924
19193,corn,2022,3,200.2,192.2696703296703,208.4,207.54959716823942,206.73640235389604,202.5086250000001,ExtraTrees,202.5086250000001,-2.30862500000012,2.30862500000012,1.1531593406594007
19193,corn,2022,4,200.2,192.2696703296703,208.4,213.68412618381922,209.9601777777778,202.47587499999992,ExtraTrees,202.47587499999992,-2.275874999999928,2.275874999999928,1.1368006993006636
19193,corn,2022,5,200.2,192.2696703296703,208.4,213.1947859107185,207.61126924603172,203.16374999999994,ExtraTrees,203.16374999999994,-2.9637499999999477,2.9637499999999477,1.4803946053945793
19193,corn,2022,6,200.2,192.2696703296703,208.4,210.55102872737356,206.7405688492063,207.37187499999996,ExtraTrees,207.37187499999996,-7.171874999999972,7.171874999999972,3.5823551448551307
19193,corn,2022,7,200.2,192.2696703296703,208.4,206.95143758655112,200.1508480158731,201.72099999999998,ExtraTrees,201.72099999999998,-1.5209999999999866,1.5209999999999866,0.759740259740253
19193,corn,2022,8,200.2,192.2696703296703,208.4,202.60833167271153,198.19735843253977,194.61433333333324,ExtraTrees,194.61433333333324,5.585666666666754,5.585666666666754,2.7900432900433336
19193,corn,2022,9,200.2,192.2696703296703,208.4,194.84056168698106,197.53733968253994,195.42720833333334,ExtraTrees,195.42720833333334,4.772791666666649,4.772791666666649,2.384011821511813
19193,corn,2022,10,200.2,192.2696703296703,208.4,181.06721361496156,178.8621224206349,183.06262500000014,ExtraTrees,183.06262500000014,17.13737499999985,17.13737499999985,8.560127372627298
19193,corn,2022,11,200.2,192.2696703296703,208.4,206.0680582970481,198.85376140873018,197.96854166666674,ExtraTrees,197.96854166666674,2.2314583333332507,2.2314583333332507,1.114614552114511
19193,corn,2022,12,200.2,192.2696703296703,208.4,215.1761127571249,197.148604265873,196.06791666666663,ExtraTrees,196.06791666666663,4.132083333333355,4.132083333333355,2.0639776889777
19195,corn,2022,1,219.5,192.2696703296703,208.4,192.11714187317085,182.7819576388889,184.40224999999998,ExtraTrees,184.40224999999998,35.09775000000002,35.09775000000002,15.989863325740327
19195,corn,2022,2,219.5,192.2696703296703,208.4,191.49593473975057,183.0468646825396,184.65537500000005,ExtraTrees,184.65537500000005,34.84462499999995,34.84462499999995,15.874544419134374
19195,corn,2022,3,219.5,192.2696703296703,208.4,192.3233815380787,193.17621517857143,198.2723333333332,ExtraTrees,198.2723333333332,21.227666666666806,21.227666666666806,9.670918754745697
19195,corn,2022,4,219.5,192.2696703296703,208.4,202.51656808863788,192.179925604257,193.08916666666676,ExtraTrees,193.08916666666676,26.410833333333244,26.410833333333244,12.03227031131355
19195,corn,2022,5,219.5,192.2696703296703,208.4,196.62826453789904,191.82739871031737,188.9075416666665,ExtraTrees,188.9075416666665,30.592458333333497,30.592458333333497,13.937338648443506
19195,corn,2022,6,219.5,192.2696703296703,208.4,194.02081948752345,197.21633055555557,200.71541666666656,ExtraTrees,200.71541666666656,18.784583333333444,18.784583333333444,8.557896735003846
19195,corn,2022,7,219.5,192.2696703296703,208.4,184.19474211312925,189.1299448412699,193.1001249999998,ExtraTrees,193.1001249999998,26.399875000000208,26.399875000000208,12.027277904328113
19195,corn,2022,8,219.5,192.2696703296703,208.4,193.70090562057322,195.51714494047624,197.836875,ExtraTrees,197.836875,21.663125000000008,21.663125000000008,9.869305239179958
19195,corn,2022,9,219.5,192.2696703296703,208.4,190.330814581601,195.95109990079362,197.87266666666673,ExtraTrees,197.87266666666673,21.62733333333327,21.62733333333327,9.852999240698528
19195,corn,2022,10,219.5,192.2696703296703,208.4,168.01748485458074,165.64085674603174,172.73862500000013,ExtraTrees,172.73862500000013,46.76137499999987,46.76137499999987,21.30358769931657
19195,corn,2022,11,219.5,192.2696703296703,208.4,195.80058265216513,200.487679563492,199.58612500000004,ExtraTrees,199.58612500000004,19.913874999999962,19.913874999999962,9.072380410022763
19195,corn,2022,12,219.5,192.2696703296703,208.4,194.29974556871113,195.3122708333332,194.35504166666666,ExtraTrees,194.35504166666666,25.144958333333335,25.144958333333335,11.45556188306758
19197,corn,2022,1,209.7,192.2696703296703,193.2,199.61708542232873,193.12815039682536,194.88320833333339,ExtraTrees,194.88320833333339,14.816791666666603,14.816791666666603,7.065708949292611
19197,corn,2022,2,209.7,192.2696703296703,193.2,194.2651369759824,185.49519474206346,183.4300833333333,ExtraTrees,183.4300833333333,26.26991666666669,26.26991666666669,12.527380384676533
19197,corn,2022,3,209.7,192.2696703296703,193.2,193.95680503122762,190.27709851190468,198.0163749999998,ExtraTrees,198.0163749999998,11.683625000000177,11.683625000000177,5.57159036719131
19197,corn,2022,4,209.7,192.2696703296703,193.2,201.9168857444585,196.895417667749,193.57404166666652,ExtraTrees,193.57404166666652,16.12595833333347,16.12595833333347,7.6900135113655095
19197,corn,2022,5,209.7,192.2696703296703,193.2,199.1118882406002,193.60447490079366,195.85641666666663,ExtraTrees,195.85641666666663,13.843583333333356,13.843583333333356,6.60161341599111
19197,corn,2022,6,209.7,192.2696703296703,193.2,198.9369243119398,194.67974404761912,196.18387500000009,ExtraTrees,196.18387500000009,13.516124999999903,13.516124999999903,6.445457796852601
19197,corn,2022,7,209.7,192.2696703296703,193.2,184.8985621626927,194.95961755952368,196.1785833333336,ExtraTrees,196.1785833333336,13.521416666666397,13.521416666666397,6.447981243045492
19197,corn,2022,8,209.7,192.2696703296703,193.2,196.52490034822407,202.18029682539682,202.89033333333347,ExtraTrees,202.89033333333347,6.809666666666516,6.809666666666516,3.247337466221514
19197,corn,2022,9,209.7,192.2696703296703,193.2,194.9908506823643,200.200625297619,202.4055833333333,ExtraTrees,202.4055833333333,7.294416666666677,7.294416666666677,3.4785010332220687
19197,corn,2022,10,209.7,192.2696703296703,193.2,173.92299070587006,163.4682662698413,171.92125000000007,ExtraTrees,171.92125000000007,37.77874999999992,37.77874999999992,18.015617548879312
19197,corn,2022,11,209.7,192.2696703296703,193.2,198.61671702857947,194.8552468253968,197.98270833333336,ExtraTrees,197.98270833333336,11.717291666666625,11.717291666666625,5.587645048481939
19197,corn,2022,12,209.7,192.2696703296703,193.2,205.35507925071548,197.30309656385296,196.84816666666657,ExtraTrees,196.84816666666657,12.851833333333417,12.851833333333417,6.128675886186656
