{
  "data_source": "synthetic",
  "row_count": 48,
  "metrics": {
    "mae": 0.35683279472552903,
    "rmse": 0.43636044691884707,
    "r2": 0.7888650069013746
  }
}
