county_id,crop_type,year,month,yield_bu_acre,prediction,residual,abs_error,ape
19001,corn,2022,1,164.2,184.80168061522232,-20.601680615222335,20.601680615222335,12.546699522059887
19001,corn,2022,2,164.2,191.30890352039216,-27.108903520392175,27.108903520392175,16.50968545699889
19001,corn,2022,3,164.2,190.5173431813795,-26.3173431813795,26.3173431813795,16.027614604981423
19001,corn,2022,4,164.2,187.76819110062297,-23.568191100622983,23.568191100622983,14.353344153850783
19001,corn,2022,5,164.2,183.50113250223222,-19.301132502232235,19.301132502232235,11.754648296121948
19001,corn,2022,6,164.2,186.18468539447804,-21.98468539447805,21.98468539447805,13.388967962532309
19001,corn,2022,7,164.2,186.54775259671476,-22.34775259671477,22.34775259671477,13.610080753175865
19001,corn,2022,8,164.2,187.1271530529018,-22.927153052901815,22.927153052901815,13.962943393971875
19001,corn,2022,9,164.2,187.71280543967433,-23.512805439674338,23.512805439674338,14.319613544259646
19001,corn,2022,10,164.2,188.25764546186093,-24.057645461860943,24.057645461860943,14.651428417698506
19001,corn,2022,11,164.2,187.12996053841042,-22.929960538410427,22.929960538410427,13.964653190262135
19001,corn,2022,12,164.2,188.58874996736145,-24.388749967361463,24.388749967361463,14.853075497784083
19005,corn,2022,1,215.9,193.81904986765196,22.08095013234805,22.08095013234805,10.227397004329806
19005,corn,2022,2,215.9,191.99183465652706,23.908165343472945,23.908165343472945,11.07372178947334
19005,corn,2022,3,215.9,183.3189555924811,32.5810444075189,32.5810444075189,15.090803338359843
19005,corn,2022,4,215.9,183.20705984200015,32.69294015799986,32.69294015799986,15.142630920796599
19005,corn,2022,5,215.9,183.3625572505026,32.537442749497416,32.537442749497416,15.07060803589505
19005,corn,2022,6,215.9,188.81201596110893,27.08798403889108,27.08798403889108,12.546541935567893
19005,corn,2022,7,215.9,188.78133732170693,27.118662678293077,27.118662678293077,12.560751587907863
19005,corn,2022,8,215.9,191.1921078042099,24.707892195790095,24.707892195790095,11.444137191195042
19005,corn,2022,9,215.9,187.38633817846363,28.513661821536374,28.513661821536374,13.206883659813048
19005,corn,2022,10,215.9,186.41428501946478,29.48571498053522,29.48571498053522,13.657116711688383
19005,corn,2022,11,215.9,185.5869682853866,30.313031714613402,30.313031714613402,14.040311123026122
19005,corn,2022,12,215.9,187.23750998923555,28.662490010764458,28.662490010764458,13.275817513091456
19007,corn,2022,1,146.1,184.864754766744,-38.764754766744005,38.764754766744005,26.53302858777824
19007,corn,2022,2,146.1,192.10782826268579,-46.00782826268579,46.00782826268579,31.49064220580821
19007,corn,2022,3,146.1,187.9725800967048,-41.87258009670481,41.87258009670481,28.660219094253808
19007,corn,2022,4,146.1,182.08350351369165,-35.98350351369166,35.98350351369166,24.62936585468286
19007,corn,2022,5,146.1,181.6996920386208,-35.599692038620816,35.599692038620816,24.366661217399603
19007,corn,2022,6,146.1,182.9249447377223,-36.82494473772232,36.82494473772232,25.205300984067296
19007,corn,2022,7,146.1,183.49711817912555,-37.397118179125556,37.397118179125556,25.59693236079778
19007,corn,2022,8,146.1,185.1594618161306,-39.05946181613061,39.05946181613061,26.734744569562363
19007,corn,2022,9,146.1,187.26395719448067,-41.16395719448067,41.16395719448067,28.175193151595263
19007,corn,2022,10,146.1,185.7745229452035,-39.674522945203506,39.674522945203506,27.15573096865401
19007,corn,2022,11,146.1,182.97013722855775,-36.87013722855775,36.87013722855775,25.236233558218856
19007,corn,2022,12,146.1,181.94730071154552,-35.84730071154553,35.84730071154553,24.536140117416515
19009,corn,2022,1,197.9,192.72980508361832,5.170194916381689,5.170194916381689,2.6125290128255125
19009,corn,2022,2,197.9,191.34217801776919,6.55782198223082,6.55782198223082,3.313704892486518
19009,corn,2022,3,197.9,191.17000631349615,6.72999368650386,6.72999368650386,3.4007042377482875
19009,corn,2022,4,197.9,193.0103091971046,4.889690802895416,4.889690802895416,2.470788682615167
19009,corn,2022,5,197.9,186.3939752867317,11.506024713268317,11.506024713268317,5.814059986492328
19009,corn,2022,6,197.9,186.58464726713564,11.315352732864369,11.315352732864369,5.717712346065876
19009,corn,2022,7,197.9,184.91921139054773,12.980788609452276,12.980788609452276,6.559266604068862
19009,corn,2022,8,197.9,186.03585203234388,11.864147967656123,11.864147967656123,5.995021711801982
19009,corn,2022,9,197.9,187.44006977875597,10.459930221244036,10.459930221244036,5.2854624665204835
19009,corn,2022,10,197.9,186.25127836472055,11.648721635279458,11.648721635279458,5.886165555977492
19009,corn,2022,11,197.9,189.18081131222058,8.719188687779422,8.719188687779422,4.405855830105822
19009,corn,2022,12,197.9,189.48332496863938,8.416675031360626,8.416675031360626,4.252993952178183
19011,corn,2022,1,221.7,193.44142937311284,28.25857062688715,28.25857062688715,12.746310612037506
19011,corn,2022,2,221.7,190.13461122362153,31.565388776378455,31.565388776378455,14.237883976715587
19011,corn,2022,3,221.7,187.2170993557502,34.48290064424978,34.48290064424978,15.55385685351817
19011,corn,2022,4,221.7,189.18733190152906,32.512668098470925,32.512668098470925,14.665163779193021
19011,corn,2022,5,221.7,189.16467954600193,32.535320453998054,32.535320453998054,14.675381350472735
19011,corn,2022,6,221.7,190.32833216747505,31.371667832524935,31.371667832524935,14.150504209528613
19011,corn,2022,7,221.7,188.7998844144371,32.9001155855629,32.9001155855629,14.839925839225486
19011,corn,2022,8,221.7,191.50258857521433,30.197411424785656,30.197411424785656,13.620844124846936
19011,corn,2022,9,221.7,188.45750613794488,33.24249386205511,33.24249386205511,14.9943589815314
19011,corn,2022,10,221.7,188.2760135341837,33.423986465816284,33.423986465816284,15.076223033746633
19011,corn,2022,11,221.7,189.50286421667303,32.19713578332696,32.19713578332696,14.522839775970661
19011,corn,2022,12,221.7,188.63088364230347,33.069116357696515,33.069116357696515,14.916155325979485
19013,corn,2022,1,202.5,192.6066263138224,9.893373686177597,9.893373686177597,4.885616635149431
19013,corn,2022,2,202.5,192.3240317691857,10.175968230814306,10.175968230814306,5.025169496698423
19013,corn,2022,3,202.5,188.70344976745,13.796550232550004,13.796550232550004,6.813111225950619
19013,corn,2022,4,202.5,189.92535445189182,12.57464554810818,12.57464554810818,6.209701505238607
19013,corn,2022,5,202.5,187.29028630523442,15.209713694765583,15.209713694765583,7.510969725810164
19013,corn,2022,6,202.5,188.95095685817734,13.549043141822665,13.549043141822665,6.69088550213465
19013,corn,2022,7,202.5,186.35324361899507,16.146756381004934,16.146756381004934,7.973706854817252
19013,corn,2022,8,202.5,188.2051361142012,14.294863885798804,14.294863885798804,7.05919204236978
19013,corn,2022,9,202.5,187.39970904730276,15.100290952697236,15.100290952697236,7.456933803801104
19013,corn,2022,10,202.5,187.41069183791305,15.089308162086951,15.089308162086951,7.451510203499728
19013,corn,2022,11,202.5,188.47963485920275,14.020365140797253,14.020365140797253,6.923637106566545
19013,corn,2022,12,202.5,189.05781556967455,13.442184430325455,13.442184430325455,6.638115768061953
19015,corn,2022,1,202.4,191.77904196989402,10.620958030105982,10.620958030105982,5.247508908155129
19015,corn,2022,2,202.4,192.2093806314248,10.190619368575199,10.190619368575199,5.034890992379051
19015,corn,2022,3,202.4,192.54104559075395,9.858954409246053,9.858954409246053,4.871024905753978
19015,corn,2022,4,202.4,192.40626213064883,9.993737869351179,9.993737869351179,4.937617524382993
19015,corn,2022,5,202.4,189.3632058028285,13.036794197171503,13.036794197171503,6.441103852357462
19015,corn,2022,6,202.4,187.79228128042442,14.607718719575587,14.607718719575587,7.217252331806121
19015,corn,2022,7,202.4,185.25872260150334,17.14127739849667,17.14127739849667,8.469010572379778
19015,corn,2022,8,202.4,187.07542516934913,15.324574830650874,15.324574830650874,7.571430252297863
19015,corn,2022,9,202.4,187.28362054017157,15.116379459828437,15.116379459828437,7.468566926792705
19015,corn,2022,10,202.4,188.82197924857667,13.578020751423338,13.578020751423338,6.708508276394929
19015,corn,2022,11,202.4,190.6322370719842,11.767762928015799,11.767762928015799,5.81411211858488
19015,corn,2022,12,202.4,188.88455309462432,13.515446905375683,13.515446905375683,6.677592344553203
19017,corn,2022,1,210.8,193.72776273038363,17.07223726961638,17.07223726961638,8.098784283499231
19017,corn,2022,2,210.8,190.96355669648986,19.83644330351015,19.83644330351015,9.410077468458326
19017,corn,2022,3,210.8,190.2085863702128,20.591413629787212,20.591413629787212,9.768222784529037
19017,corn,2022,4,210.8,190.79485583401677,20.00514416598324,20.00514416598324,9.49010634059926
19017,corn,2022,5,210.8,189.17139776928468,21.62860223071533,21.62860223071533,10.26024773753099
19017,corn,2022,6,210.8,184.5871838273799,26.21281617262011,26.21281617262011,12.434922283026616
19017,corn,2022,7,210.8,185.3540268160466,25.445973183953413,25.445973183953413,12.071144774171447
19017,corn,2022,8,210.8,186.55495343162525,24.24504656837476,24.24504656837476,11.501445241164497
19017,corn,2022,9,210.8,186.76858738929823,24.03141261070178,24.03141261070178,11.400100858966686
19017,corn,2022,10,210.8,186.8322505434393,23.96774945656071,23.96774945656071,11.369900121708117
19017,corn,2022,11,210.8,188.56279383564186,22.237206164358156,22.237206164358156,10.548959281004818
19017,corn,2022,12,210.8,187.3674244631923,23.432575536807718,23.432575536807718,11.116022550667799
19019,corn,2022,1,209.7,194.21349418062672,15.486505819373264,15.486505819373264,7.38507669021138
19019,corn,2022,2,209.7,189.38813203585784,20.311867964142152,20.311867964142152,9.686155443081617
19019,corn,2022,3,209.7,188.27301387696266,21.426986123037324,21.426986123037324,10.21792375919758
19019,corn,2022,4,209.7,190.7005499490792,18.999450050920785,18.999450050920785,9.060300453467232
19019,corn,2022,5,209.7,188.5676595441626,21.13234045583738,21.13234045583738,10.07741557264539
19019,corn,2022,6,209.7,190.60890479256895,19.09109520743104,19.09109520743104,9.104003437020047
19019,corn,2022,7,209.7,188.3850609285352,21.314939071464778,21.314939071464778,10.164491688824405
19019,corn,2022,8,209.7,190.98045057593393,18.71954942406606,18.71954942406606,8.926823759688155
19019,corn,2022,9,209.7,186.681012030466,23.01898796953398,23.01898796953398,10.977104420378629
19019,corn,2022,10,209.7,188.5128042346941,21.187195765305887,21.187195765305887,10.10357451850543
19019,corn,2022,11,209.7,190.35753167664328,19.342468323356712,19.342468323356712,9.223876167552081
19019,corn,2022,12,209.7,190.09396408064015,19.60603591935984,19.60603591935984,9.34956410079153
19021,corn,2022,1,197.0,197.38919240163284,-0.3891924016328403,0.3891924016328403,0.19755959473748236
19021,corn,2022,2,197.0,197.24026603659888,-0.24026603659888224,0.24026603659888224,0.12196245512633616
19021,corn,2022,3,197.0,195.23594287974674,1.7640571202532556,1.7640571202532556,0.8954604671336323
19021,corn,2022,4,197.0,195.56548136908276,1.434518630917239,1.434518630917239,0.7281820461508828
19021,corn,2022,5,197.0,193.81504639945763,3.1849536005423715,3.1849536005423715,1.6167277160113562
19021,corn,2022,6,197.0,194.07280370735376,2.9271962926462436,2.9271962926462436,1.4858864429676364
19021,corn,2022,7,197.0,186.938101187424,10.061898812576004,10.061898812576004,5.107562849023353
19021,corn,2022,8,197.0,191.00448088321627,5.995519116783726,5.995519116783726,3.043410719179556
19021,corn,2022,9,197.0,191.03504514784004,5.964954852159963,5.964954852159963,3.02789586404059
19021,corn,2022,10,197.0,188.4016859881131,8.598314011886913,8.598314011886913,4.364626401973052
19021,corn,2022,11,197.0,195.69437814527583,1.3056218547241656,1.3056218547241656,0.662752210519881
19021,corn,2022,12,197.0,196.6861135414022,0.31388645859780695,0.31388645859780695,0.1593332277146228
19023,corn,2022,1,212.4,198.19323990515022,14.206760094849784,14.206760094849784,6.688681777236245
19023,corn,2022,2,212.4,196.88891264574818,15.511087354251828,15.511087354251828,7.3027718240357
19023,corn,2022,3,212.4,193.7345916804626,18.66540831953742,18.66540831953742,8.787857024264321
19023,corn,2022,4,212.4,193.09257763702814,19.307422362971863,19.307422362971863,9.090123523056432
19023,corn,2022,5,212.4,193.48337316176497,18.916626838235032,18.916626838235032,8.906133163010843
19023,corn,2022,6,212.4,194.70692466226996,17.69307533773005,17.69307533773005,8.330073134524506
19023,corn,2022,7,212.4,186.79666200227823,25.60333799772178,25.60333799772178,12.054302258814397
19023,corn,2022,8,212.4,192.0830067420454,20.316993257954607,20.316993257954607,9.565439386984279
19023,corn,2022,9,212.4,191.1104650453061,21.28953495469389,21.28953495469389,10.023321541757953
19023,corn,2022,10,212.4,187.60805790761563,24.791942092384375,24.791942092384375,11.672289120708273
19023,corn,2022,11,212.4,192.5610558563944,19.8389441436056,19.8389441436056,9.340369182488512
19023,corn,2022,12,212.4,194.86480960241775,17.535190397582255,17.535190397582255,8.255739358560383
19025,corn,2022,1,202.3,200.08506762626223,2.2149323737377813,2.2149323737377813,1.0948751229549092
19025,corn,2022,2,202.3,197.77596880705897,4.524031192941038,4.524031192941038,2.2362981675437656
19025,corn,2022,3,202.3,195.04879656689508,7.2512034331049335,7.2512034331049335,3.5843813312431703
19025,corn,2022,4,202.3,194.29688751263686,8.003112487363154,8.003112487363154,3.956061536017377
19025,corn,2022,5,202.3,193.8895951495283,8.410404850471707,8.410404850471707,4.157392412492193
19025,corn,2022,6,202.3,193.7482069489307,8.551793051069325,8.551793051069325,4.227282773637827
19025,corn,2022,7,202.3,189.53745848073316,12.762541519266847,12.762541519266847,6.308720474180348
19025,corn,2022,8,202.3,194.18381641949918,8.11618358050083,8.11618358050083,4.011954315620776
19025,corn,2022,9,202.3,191.98569790670817,10.314302093291843,10.314302093291843,5.098518088626714
19025,corn,2022,10,202.3,189.46395434102445,12.836045658975564,12.836045658975564,6.345054700432804
19025,corn,2022,11,202.3,197.48880828430885,4.811191715691166,4.811191715691166,2.37824602851763
19025,corn,2022,12,202.3,199.86440526388944,2.4355947361105734,2.4355947361105734,1.2039519209641982
19027,corn,2022,1,195.7,197.99710443624207,-2.29710443624208,2.29710443624208,1.173788674625488
19027,corn,2022,2,195.7,195.81584302738082,-0.11584302738083352,0.11584302738083352,0.05919418874850973
19027,corn,2022,3,195.7,193.82134625228403,1.8786537477159584,1.8786537477159584,0.959966145996913
19027,corn,2022,4,195.7,195.21640792983612,0.48359207016386563,0.48359207016386563,0.24710887591408567
19027,corn,2022,5,195.7,193.19949676596002,2.500503234039968,2.500503234039968,1.2777226540827635
19027,corn,2022,6,195.7,193.616320606957,2.083679393042985,2.083679393042985,1.0647314220965687
19027,corn,2022,7,195.7,187.39946075560925,8.300539244390734,8.300539244390734,4.241461034435735
19027,corn,2022,8,195.7,192.03742117983134,3.6625788201686476,3.6625788201686476,1.8715272458705405
19027,corn,2022,9,195.7,190.8064974710471,4.893502528952894,4.893502528952894,2.50051227846341
19027,corn,2022,10,195.7,187.8117660394356,7.888233960564378,7.888233960564378,4.03077872282288
19027,corn,2022,11,195.7,196.00620821020232,-0.30620821020232825,0.30620821020232825,0.1564681707727789
19027,corn,2022,12,195.7,196.48974879686443,-0.7897487968644441,0.7897487968644441,0.40355073932776914
19029,corn,2022,1,179.2,198.55415963502898,-19.354159635028992,19.354159635028992,10.800312296333143
19029,corn,2022,2,179.2,196.37664967943758,-17.17664967943759,17.17664967943759,9.58518397290044
19029,corn,2022,3,179.2,192.65721997673654,-13.457219976736553,13.457219976736553,7.509609362018166
19029,corn,2022,4,179.2,193.47060459785956,-14.270604597859574,14.270604597859574,7.963507030055567
19029,corn,2022,5,179.2,189.82619886827467,-10.626198868274685,10.626198868274685,5.929798475599713
19029,corn,2022,6,179.2,193.14359348735096,-13.943593487350967,13.943593487350967,7.781023151423532
19029,corn,2022,7,179.2,188.82807611110775,-9.62807611110776,9.62807611110776,5.372810329859242
19029,corn,2022,8,179.2,190.2227530856616,-11.022753085661606,11.022753085661606,6.151089891552235
19029,corn,2022,9,179.2,191.09747382633114,-11.89747382633115,11.89747382633115,6.639215304872294
19029,corn,2022,10,179.2,187.68491464526272,-8.484914645262734,8.484914645262734,4.734885404722508
19029,corn,2022,11,179.2,188.8647265351461,-9.664726535146116,9.664726535146116,5.39326257541636
19029,corn,2022,12,179.2,195.6183383243924,-16.41833832439241,16.41833832439241,9.162019154236836
19031,corn,2022,1,221.4,197.44835877571006,23.951641224289943,23.951641224289943,10.818266135632314
19031,corn,2022,2,221.4,192.64564102913013,28.754358970869873,28.754358970869873,12.987515343662995
19031,corn,2022,3,221.4,191.81748174332486,29.582518256675144,29.582518256675144,13.361571028308555
19031,corn,2022,4,221.4,194.19938079348222,27.200619206517786,27.200619206517786,12.285735865635857
19031,corn,2022,5,221.4,191.69108425016066,29.70891574983935,29.70891574983935,13.418661133622109
19031,corn,2022,6,221.4,189.62169531546235,31.77830468453766,31.77830468453766,14.35334448262767
19031,corn,2022,7,221.4,186.9536516806767,34.446348319323306,34.446348319323306,15.558422908456777
19031,corn,2022,8,221.4,191.2651600952637,30.13483990473631,30.13483990473631,13.611038800693906
19031,corn,2022,9,221.4,190.1759280674166,31.2240719325834,31.2240719325834,14.103013519685364
19031,corn,2022,10,221.4,187.32361077436877,34.07638922563123,34.07638922563123,15.39132304680724
19031,corn,2022,11,221.4,191.74543163700116,29.654568362998845,29.654568362998845,13.394113985094327
19031,corn,2022,12,221.4,193.68111132725002,27.718888672749983,27.718888672749983,12.519823248757897
19033,corn,2022,1,216.9,194.45235243388618,22.44764756611383,22.44764756611383,10.349307314944136
19033,corn,2022,2,216.9,197.47847305333286,19.421526946667143,19.421526946667143,8.954138749039716
19033,corn,2022,3,216.9,194.43633747650279,22.46366252349722,22.46366252349722,10.356690882202498
19033,corn,2022,4,216.9,193.7114538013024,23.188546198697594,23.188546198697594,10.690892668832454
19033,corn,2022,5,216.9,193.72672303905193,23.173276960948073,23.173276960948073,10.683852909611836
19033,corn,2022,6,216.9,193.84118186750757,23.058818132492434,23.058818132492434,10.631082587594483
19033,corn,2022,7,216.9,186.54288272325343,30.35711727674658,30.35711727674658,13.995904691907135
19033,corn,2022,8,216.9,192.00442626189687,24.89557373810314,24.89557373810314,11.477903982527957
19033,corn,2022,9,216.9,191.80115568446055,25.098844315539452,25.098844315539452,11.571620246906155
19033,corn,2022,10,216.9,189.28270635918278,27.617293640817223,27.617293640817223,12.73273104694201
19033,corn,2022,11,216.9,193.323047958377,23.576952041623002,23.576952041623002,10.869964057917473
19033,corn,2022,12,216.9,194.7442374010411,22.155762598958916,22.155762598958916,10.214736099105078
19035,corn,2022,1,198.8,198.3292942597205,0.47070574027949874,0.47070574027949874,0.2367735112069913
19035,corn,2022,2,198.8,195.9244769814548,2.875523018545209,2.875523018545209,1.4464401501736464
19035,corn,2022,3,198.8,195.27942117270226,3.5205788272977543,3.5205788272977543,1.7709149030672808
19035,corn,2022,4,198.8,196.22310823103373,2.576891768966277,2.576891768966277,1.2962232238260951
19035,corn,2022,5,198.8,194.08271541985178,4.717284580148231,4.717284580148231,2.3728795674789893
19035,corn,2022,6,198.8,193.92359894398004,4.876401056019972,4.876401056019972,2.45291803622735
19035,corn,2022,7,198.8,188.46927286689927,10.330727133100737,10.330727133100737,5.196542823491316
19035,corn,2022,8,198.8,191.77728720261578,7.02271279738423,7.02271279738423,3.5325517089457894
19035,corn,2022,9,198.8,191.09399102004954,7.706008979950468,7.706008979950468,3.87626206234933
19035,corn,2022,10,198.8,189.47639557579907,9.323604424200937,9.323604424200937,4.689941863280149
19035,corn,2022,11,198.8,196.33956401281895,2.4604359871810573,2.4604359871810573,1.237643856730914
19035,corn,2022,12,198.8,197.36838318709113,1.431616812908885,1.431616812908885,0.7201291815437048
19037,corn,2022,1,214.6,192.89537530598267,21.704624694017326,21.704624694017326,10.11399100373594
19037,corn,2022,2,214.6,194.63575520769734,19.96424479230265,19.96424479230265,9.303003165099092
19037,corn,2022,3,214.6,194.2500079974132,20.349992002586788,20.349992002586788,9.482754894029258
19037,corn,2022,4,214.6,193.12874111332573,21.471258886674264,21.471258886674264,10.005246452317923
19037,corn,2022,5,214.6,192.26519944695482,22.33480055304517,22.33480055304517,10.407642382593277
19037,corn,2022,6,214.6,191.3140435947037,23.285956405296304,23.285956405296304,10.850865053726144
19037,corn,2022,7,214.6,185.36589491179578,29.234105088204217,29.234105088204217,13.622602557411097
19037,corn,2022,8,214.6,187.08376653003256,27.516233469967432,27.516233469967432,12.822103201289577
19037,corn,2022,9,214.6,189.6437272453337,24.956272754666287,24.956272754666287,11.629204452314207
19037,corn,2022,10,214.6,186.70034593909585,27.89965406090414,27.89965406090414,13.000770764633804
19037,corn,2022,11,214.6,192.2765590447039,22.323440955296093,22.323440955296093,10.402349000603959
19037,corn,2022,12,214.6,191.74319116813342,22.856808831866573,22.856808831866573,10.650889483628413
19041,corn,2022,1,191.5,196.37569415578938,-4.875694155789375,4.875694155789375,2.546054389446149
19041,corn,2022,2,191.5,196.4955815866878,-4.995581586687791,4.995581586687791,2.6086587920040682
19041,corn,2022,3,191.5,195.78678285423797,-4.28678285423797,4.28678285423797,2.2385289056072946
19041,corn,2022,4,191.5,195.3934509492624,-3.8934509492623874,3.8934509492623874,2.0331336549673042
19041,corn,2022,5,191.5,193.35635823834085,-1.856358238340846,1.856358238340846,0.9693776701518778
19041,corn,2022,6,191.5,194.1190945786114,-2.6190945786113957,2.6190945786113957,1.3676734091965512
19041,corn,2022,7,191.5,188.00936430741078,3.4906356925892226,3.4906356925892226,1.8227862624486804
19041,corn,2022,8,191.5,190.33254701581717,1.1674529841828303,1.1674529841828303,0.6096360230719741
19041,corn,2022,9,191.5,190.70273614134004,0.7972638586599601,0.7972638586599601,0.4163257747571593
19041,corn,2022,10,191.5,187.2868113110861,4.2131886889139025,4.2131886889139025,2.200098532069923
19041,corn,2022,11,191.5,194.72461522327376,-3.2246152232737586,3.2246152232737586,1.6838721792552265
19041,corn,2022,12,191.5,195.61702901896365,-4.117029018963649,4.117029018963649,2.1498846052029497
19043,corn,2022,1,215.4,198.32399378019335,17.076006219806658,17.076006219806658,7.927579489232431
19043,corn,2022,2,215.4,196.9737113661719,18.426288633828108,18.426288633828108,8.55445154773821
19043,corn,2022,3,215.4,195.97645825734335,19.423541742656653,19.423541742656653,9.017428849887025
19043,corn,2022,4,215.4,190.8680340963904,24.531965903609603,24.531965903609603,11.389027810403714
19043,corn,2022,5,215.4,189.6362632620963,25.763736737903713,25.763736737903713,11.960880565414907
19043,corn,2022,6,215.4,195.15977387252593,20.240226127474074,20.240226127474074,9.396576660851473
19043,corn,2022,7,215.4,194.53341184312401,20.86658815687599,20.86658815687599,9.687366832347257
19043,corn,2022,8,215.4,196.862400820924,18.53759917907601,18.53759917907601,8.606127752588677
19043,corn,2022,9,215.4,193.65843065907285,21.741569340927157,21.741569340927157,10.093579081210379
19043,corn,2022,10,215.4,189.85692525762607,25.543074742373932,25.543074742373932,11.858437670554284
19043,corn,2022,11,215.4,192.9496148144139,22.4503851855861,22.4503851855861,10.422648646975905
19043,corn,2022,12,215.4,195.43099308410993,19.969006915890077,19.969006915890077,9.270662449345439
19045,corn,2022,1,225.2,198.98268695712142,26.217313042878573,26.217313042878573,11.641790871615708
19045,corn,2022,2,225.2,193.5546245736218,31.645375426378195,31.645375426378195,14.05212052681092
19045,corn,2022,3,225.2,193.84822826830643,31.35177173169356,31.35177173169356,13.921745884410996
19045,corn,2022,4,225.2,192.97596470746126,32.22403529253873,32.22403529253873,14.309074286207252
19045,corn,2022,5,225.2,192.93940739450554,32.26059260549445,32.26059260549445,14.325307551285283
19045,corn,2022,6,225.2,195.95832610142028,29.241673898579705,29.241673898579705,12.984757503809815
19045,corn,2022,7,225.2,188.21225114100935,36.98774885899064,36.98774885899064,16.42440002619478
19045,corn,2022,8,225.2,195.60856389133926,29.59143610866073,29.59143610866073,13.140069320009207
19045,corn,2022,9,225.2,193.9682921202532,31.23170787974678,31.23170787974678,13.868431562942622
19045,corn,2022,10,225.2,188.03578553497448,37.16421446502551,37.16421446502551,16.50275953153886
19045,corn,2022,11,225.2,191.86546430820832,33.33453569179167,33.33453569179167,14.802191692625078
19045,corn,2022,12,225.2,193.0536501647466,32.146349835253375,32.146349835253375,14.274578079597413
19047,corn,2022,1,216.4,202.68017144473765,13.719828555262353,13.719828555262353,6.340031679880939
19047,corn,2022,2,216.4,197.28868219131928,19.111317808680724,19.111317808680724,8.831477730443957
19047,corn,2022,3,216.4,196.55894626188208,19.84105373811792,19.84105373811792,9.16869396401013
19047,corn,2022,4,216.4,197.6934375099078,18.70656249009221,18.70656249009221,8.644437379894738
19047,corn,2022,5,216.4,194.97745811905483,21.422541880945175,21.422541880945175,9.89951103555692
19047,corn,2022,6,216.4,200.763319724374,15.636680275625991,15.636680275625991,7.225822678200551
19047,corn,2022,7,216.4,193.16036241400528,23.23963758599473,23.23963758599473,10.7392040600715
19047,corn,2022,8,216.4,195.99109017490508,20.408909825094923,20.408909825094923,9.431104355404308
19047,corn,2022,9,216.4,193.26934173222728,23.13065826777273,23.13065826777273,10.68884393150311
19047,corn,2022,10,216.4,188.7015412685711,27.6984587314289,27.6984587314289,12.799657454449584
19047,corn,2022,11,216.4,189.31161445544146,27.088385544558548,27.088385544558548,12.517738236856998
19047,corn,2022,12,216.4,201.54576609178184,14.854233908218163,14.854233908218163,6.864248571265325
19049,corn,2022,1,187.2,200.77417275511584,-13.574172755115853,13.574172755115853,7.2511606597841105
19049,corn,2022,2,187.2,197.20247445623653,-10.002474456236541,10.002474456236541,5.3432021667930245
19049,corn,2022,3,187.2,193.80900520023783,-6.609005200237846,6.609005200237846,3.5304514958535504
19049,corn,2022,4,187.2,193.72224086118223,-6.52224086118224,6.52224086118224,3.484103024135812
19049,corn,2022,5,187.2,192.12507830879883,-4.925078308798845,4.925078308798845,2.630917899999383
19049,corn,2022,6,187.2,196.0964514761696,-8.896451476169602,8.896451476169602,4.752377925304275
19049,corn,2022,7,187.2,190.0438526473498,-2.84385264734982,2.84385264734982,1.5191520552082374
19049,corn,2022,8,187.2,192.59407865375408,-5.394078653754093,5.394078653754093,2.881452272304537
19049,corn,2022,9,187.2,191.82404866404733,-4.624048664047336,4.624048664047336,2.4701114658372525
19049,corn,2022,10,187.2,190.1528451961381,-2.9528451961380995,2.9528451961380995,1.5773745705865916
19049,corn,2022,11,187.2,192.84445914064796,-5.644459140647967,5.644459140647967,3.0152025323974185
19049,corn,2022,12,187.2,197.13543289012367,-9.935432890123678,9.935432890123678,5.307389364382307
19051,corn,2022,1,154.9,184.67005952561382,-29.770059525613817,29.770059525613817,19.21888929994436
19051,corn,2022,2,154.9,192.1742824344933,-37.2742824344933,37.2742824344933,24.06344895706475
19051,corn,2022,3,154.9,184.52101502702766,-29.621015027027653,29.621015027027653,19.122669481618885
19051,corn,2022,4,154.9,182.39844343161158,-27.498443431611577,27.498443431611577,17.75238439742516
19051,corn,2022,5,154.9,182.85325219420915,-27.953252194209142,27.953252194209142,18.045998834221525
19051,corn,2022,6,154.9,184.65021760215046,-29.750217602150457,29.750217602150457,19.206079794803394
19051,corn,2022,7,154.9,184.21340651531375,-29.313406515313744,29.313406515313744,18.924084257788085
19051,corn,2022,8,154.9,185.45683883007518,-30.55683883007518,30.55683883007518,19.726816546207345
19051,corn,2022,9,154.9,190.00122033237795,-35.10122033237795,35.10122033237795,22.66056832303289
19051,corn,2022,10,154.9,185.35326814579258,-30.453268145792578,30.453268145792578,19.659953612519416
19051,corn,2022,11,154.9,185.6682286535305,-30.768228653530485,30.768228653530485,19.863285121711094
19051,corn,2022,12,154.9,185.7879405495922,-30.8879405495922,30.8879405495922,19.940568463261588
19053,corn,2022,1,148.7,192.13246992407463,-43.43246992407464,43.43246992407464,29.208116963062974
19053,corn,2022,2,148.7,194.18139705634755,-45.48139705634756,45.48139705634756,30.5860101253178
19053,corn,2022,3,148.7,185.64085398998827,-36.940853989988284,36.940853989988284,24.842537989232202
19053,corn,2022,4,148.7,182.40929061860578,-33.70929061860579,33.70929061860579,22.66932792105299
19053,corn,2022,5,148.7,183.30780041541377,-34.60780041541378,34.60780041541378,23.27357122758156
19053,corn,2022,6,148.7,188.23766578547813,-39.53766578547814,39.53766578547814,26.58888082412787
19053,corn,2022,7,148.7,185.63539477615782,-36.935394776157835,36.935394776157835,24.83886669546593
19053,corn,2022,8,148.7,188.58887289792335,-39.88887289792336,39.88887289792336,26.825065835859697
19053,corn,2022,9,148.7,190.2790692375007,-41.579069237500704,41.579069237500704,27.961714349361603
19053,corn,2022,10,148.7,187.1732061048131,-38.4732061048131,38.4732061048131,25.87303705770888
19053,corn,2022,11,148.7,184.76961620687993,-36.06961620687994,36.06961620687994,24.256634974364456
19053,corn,2022,12,148.7,185.65951564018337,-36.95951564018338,36.95951564018338,24.855087854864415
19055,corn,2022,1,230.8,196.66993049005902,34.130069509940995,34.130069509940995,14.787725090962303
19055,corn,2022,2,230.8,195.17546825430583,35.624531745694185,35.624531745694185,15.435239057926422
19055,corn,2022,3,230.8,191.87915022695213,38.92084977304788,38.92084977304788,16.86345310790636
19055,corn,2022,4,230.8,194.20758579759223,36.59241420240778,36.59241420240778,15.854598874526769
19055,corn,2022,5,230.8,188.8083029163639,41.9916970836361,41.9916970836361,18.193976206081498
19055,corn,2022,6,230.8,189.8471841110913,40.9528158889087,40.9528158889087,17.7438543712776
19055,corn,2022,7,230.8,187.4193937490366,43.38060625096341,43.38060625096341,18.79575660786976
19055,corn,2022,8,230.8,191.3116140919949,39.488385908005114,39.488385908005114,17.109352646449356
19055,corn,2022,9,230.8,189.87467892528318,40.925321074716834,40.925321074716834,17.73194154017194
19055,corn,2022,10,230.8,187.0438621988133,43.756137801186725,43.756137801186725,18.958465251814005
19055,corn,2022,11,230.8,188.82555653119437,41.974443468805646,41.974443468805646,18.186500636397593
19055,corn,2022,12,230.8,190.55939940083744,40.240600599162576,40.240600599162576,17.43526889045172
19057,corn,2022,1,194.8,194.22224990967663,0.5777500903233772,0.5777500903233772,0.2965862886670314
19057,corn,2022,2,194.8,194.56204484557375,0.2379551544262597,0.2379551544262597,0.12215357003401421
19057,corn,2022,3,194.8,191.20972115789053,3.590278842109484,3.590278842109484,1.8430589538549713
19057,corn,2022,4,194.8,188.92146624324133,5.878533756758685,5.878533756758685,3.0177278012108237
19057,corn,2022,5,194.8,185.69777356039015,9.102226439609865,9.102226439609865,4.672600841688842
19057,corn,2022,6,194.8,187.14787093554096,7.6521290644590465,7.6521290644590465,3.9281976716935554
19057,corn,2022,7,194.8,187.02421794057912,7.775782059420891,7.775782059420891,3.9916745684912165
19057,corn,2022,8,194.8,186.9949593783659,7.805040621634106,7.805040621634106,4.006694364288555
19057,corn,2022,9,194.8,187.91392617599814,6.886073824001869,6.886073824001869,3.534945494867489
19057,corn,2022,10,194.8,185.6761562565488,9.123843743451204,9.123843743451204,4.683698020252158
19057,corn,2022,11,194.8,188.826022598373,5.973977401627025,5.973977401627025,3.0667235121288625
19057,corn,2022,12,194.8,188.49475103315703,6.305248966842981,6.305248966842981,3.2367807838002984
19059,corn,2022,1,203.4,192.24750831624831,11.152491683751691,11.152491683751691,5.483034259464942
19059,corn,2022,2,203.4,193.29618542441702,10.103814575582987,10.103814575582987,4.96746045997197
19059,corn,2022,3,203.4,194.55135051979622,8.84864948020379,8.84864948020379,4.350368476009729
19059,corn,2022,4,203.4,195.47420628473023,7.925793715269776,7.925793715269776,3.896653743987107
19059,corn,2022,5,203.4,193.02485235386695,10.375147646133058,10.375147646133058,5.100859216387934
19059,corn,2022,6,203.4,190.59259333987268,12.807406660127327,12.807406660127327,6.296660108223858
19059,corn,2022,7,203.4,185.66483613055658,17.735163869443426,17.735163869443426,8.71935293482961
19059,corn,2022,8,203.4,186.95238412843534,16.447615871564665,16.447615871564665,8.0863401531783
19059,corn,2022,9,203.4,190.95914068158143,12.440859318418575,12.440859318418575,6.116450009055346
19059,corn,2022,10,203.4,187.82412501310236,15.575874986897645,15.575874986897645,7.657755647442303
19059,corn,2022,11,203.4,192.69998888884345,10.700011111156556,10.700011111156556,5.260575767530264
19059,corn,2022,12,203.4,191.14719040438368,12.252809595616327,12.252809595616327,6.02399685133546
19061,corn,2022,1,223.7,197.88955065135622,25.810449348643772,25.810449348643772,11.53797467529896
19061,corn,2022,2,223.7,198.1035801717032,25.596419828296803,25.596419828296803,11.44229764340492
19061,corn,2022,3,223.7,194.2574228065272,29.4425771934728,29.4425771934728,13.161634865209122
19061,corn,2022,4,223.7,187.09230594184447,36.607694058155516,36.607694058155516,16.364637486882216
19061,corn,2022,5,223.7,187.75639710589192,35.94360289410807,35.94360289410807,16.067770627674598
19061,corn,2022,6,223.7,193.70375597348297,29.99624402651702,29.99624402651702,13.409139037334386
19061,corn,2022,7,223.7,192.07747139985202,31.622528600147973,31.622528600147973,14.136132588354034
19061,corn,2022,8,223.7,194.50115474595208,29.19884525404791,29.19884525404791,13.052680042041981
19061,corn,2022,9,223.7,191.68649417929157,32.01350582070842,32.01350582070842,14.310910067370772
19061,corn,2022,10,223.7,189.93355764954757,33.76644235045242,33.76644235045242,15.094520496402513
19061,corn,2022,11,223.7,188.5106958558795,35.189304144120484,35.189304144120484,15.730578517711438
19061,corn,2022,12,223.7,192.87301135698934,30.82698864301065,30.82698864301065,13.780504534202349
19063,corn,2022,1,213.7,192.08679700094086,21.613202999059126,21.613202999059126,10.11380580208663
19063,corn,2022,2,213.7,194.63127542324517,19.068724576754818,19.068724576754818,8.923128019071044
19063,corn,2022,3,213.7,193.68839133550625,20.011608664493735,20.011608664493735,9.364346590778538
19063,corn,2022,4,213.7,194.46617608476538,19.23382391523461,19.23382391523461,9.000385547606275
19063,corn,2022,5,213.7,192.94968518026857,20.750314819731415,20.750314819731415,9.710020973201411
19063,corn,2022,6,213.7,191.20046541155412,22.49953458844587,22.49953458844587,10.528560874331244
19063,corn,2022,7,213.7,185.67494624597217,28.025053754027823,28.025053754027823,13.11420390923155
19063,corn,2022,8,213.7,189.14298677276128,24.557013227238713,24.557013227238713,11.491349193841232
19063,corn,2022,9,213.7,190.4526042344029,23.247395765597076,23.247395765597076,10.878519310059467
19063,corn,2022,10,213.7,187.8260071647645,25.873992835235498,25.873992835235498,12.107624162487365
19063,corn,2022,11,213.7,193.01375212283585,20.686247877164135,20.686247877164135,9.680041121742693
19063,corn,2022,12,213.7,192.71149218007426,20.98850781992573,20.98850781992573,9.82148236777058
19065,corn,2022,1,209.8,199.02235914127039,10.777640858729626,10.777640858729626,5.137102411215265
19065,corn,2022,2,209.8,198.89932937979282,10.900670620207194,10.900670620207194,5.1957438609185855
19065,corn,2022,3,209.8,192.32248394800567,17.477516051994343,17.477516051994343,8.330560558624567
19065,corn,2022,4,209.8,191.4499725260378,18.3500274739622,18.3500274739622,8.746438262136415
19065,corn,2022,5,209.8,190.11885675736207,19.681143242637944,19.681143242637944,9.380907169989488
19065,corn,2022,6,209.8,196.37638996878576,13.423610031214253,13.423610031214253,6.398288861398595
19065,corn,2022,7,209.8,190.21109940370644,19.58890059629357,19.58890059629357,9.336940227022673
19065,corn,2022,8,209.8,194.49401445816375,15.305985541836264,15.305985541836264,7.295512651018238
19065,corn,2022,9,209.8,189.52882210858522,20.271177891414794,20.271177891414794,9.662143894859291
19065,corn,2022,10,209.8,188.04809244565016,21.751907554349856,21.751907554349856,10.367925431053315
19065,corn,2022,11,209.8,188.63587414179884,21.164125858201174,21.164125858201174,10.087762563489596
19065,corn,2022,12,209.8,195.09851371864664,14.701486281353368,14.701486281353368,7.007381449644122
19067,corn,2022,1,204.6,194.29979431865235,10.300205681347649,10.300205681347649,5.0343136272471405
19067,corn,2022,2,204.6,193.565322885604,11.034677114396004,11.034677114396004,5.393292822285437
19067,corn,2022,3,204.6,193.3006763454386,11.299323654561391,11.299323654561391,5.522641082385822
19067,corn,2022,4,204.6,192.5874927544373,12.012507245562688,12.012507245562688,5.871215662542858
19067,corn,2022,5,204.6,193.18905257097802,11.410947429021974,11.410947429021974,5.577198156902235
19067,corn,2022,6,204.6,192.39999153209482,12.200008467905178,12.200008467905178,5.962858488712208
19067,corn,2022,7,204.6,184.20325894304514,20.396741056954852,20.396741056954852,9.969081650515568
19067,corn,2022,8,204.6,189.836467171341,14.763532828658981,14.763532828658981,7.215802946558641
19067,corn,2022,9,204.6,190.8719326544808,13.728067345519207,13.728067345519207,6.709710335053376
19067,corn,2022,10,204.6,187.29553672198298,17.30446327801701,17.30446327801701,8.45770443695846
19067,corn,2022,11,204.6,193.28740849232608,11.312591507673915,11.312591507673915,5.52912585907816
19067,corn,2022,12,204.6,192.31020513337123,12.289794866628768,12.289794866628768,6.006742359056093
19069,corn,2022,1,220.1,197.0463585128377,23.05364148716228,23.05364148716228,10.474166963726617
19069,corn,2022,2,220.1,197.18704552786105,22.91295447213895,22.91295447213895,10.410247374892753
19069,corn,2022,3,220.1,193.92590085335056,26.17409914664944,26.17409914664944,11.89191237921374
19069,corn,2022,4,220.1,193.05402112604577,27.045978873954226,27.045978873954226,12.28804128757575
19069,corn,2022,5,220.1,193.7928140554438,26.30718594455618,26.30718594455618,11.952378893483045
19069,corn,2022,6,220.1,195.29185039406386,24.808149605936137,24.808149605936137,11.271308317099562
19069,corn,2022,7,220.1,186.33764157704294,33.76235842295705,33.76235842295705,15.339554031329872
19069,corn,2022,8,220.1,192.43671279440673,27.663287205593264,27.663287205593264,12.568508498679357
19069,corn,2022,9,220.1,192.28374002570183,27.816259974298163,27.816259974298163,12.638009983779266
19069,corn,2022,10,220.1,189.29025805376233,30.809741946237665,30.809741946237665,13.998065400380586
19069,corn,2022,11,220.1,193.5371424809327,26.562857519067308,26.562857519067308,12.0685404448284
19069,corn,2022,12,220.1,196.2508465737184,23.84915342628159,23.84915342628159,10.83559901239509
19071,corn,2022,1,191.6,199.4763408699823,-7.8763408699823,7.8763408699823,4.1108250887172755
19071,corn,2022,2,191.6,195.54770422542356,-3.947704225423564,3.947704225423564,2.060388426630253
19071,corn,2022,3,191.6,192.20299930525817,-0.6029993052581801,0.6029993052581801,0.31471780023913365
19071,corn,2022,4,191.6,192.01448045223836,-0.41448045223836516,0.41448045223836516,0.21632591452941816
19071,corn,2022,5,191.6,189.692818806448,1.9071811935519918,1.9071811935519918,0.9953972826471773
19071,corn,2022,6,191.6,194.54477566392376,-2.944775663923764,2.944775663923764,1.5369392817973715
19071,corn,2022,7,191.6,189.73973033582124,1.8602696641787588,1.8602696641787588,0.9709131858970557
19071,corn,2022,8,191.6,193.53725456511572,-1.9372545651157225,1.9372545651157225,1.0110931968244898
19071,corn,2022,9,191.6,192.52643050648047,-0.9264305064804716,0.9264305064804716,0.4835232288520207
19071,corn,2022,10,191.6,189.75127470245687,1.848725297543126,1.848725297543126,0.9648879423502745
19071,corn,2022,11,191.6,191.0372807614938,0.5627192385061903,0.5627192385061903,0.293694800890496
19071,corn,2022,12,191.6,196.82673656713908,-5.226736567139085,5.226736567139085,2.7279418408867877
19073,corn,2022,1,197.3,197.60891934847405,-0.3089193484740349,0.3089193484740349,0.15657341534416366
19073,corn,2022,2,197.3,195.7054463453909,1.5945536546091148,1.5945536546091148,0.8081873566189126
19073,corn,2022,3,197.3,192.33057977477444,4.969420225225576,4.969420225225576,2.5187127345289286
19073,corn,2022,4,197.3,193.54490417625937,3.755095823740646,3.755095823740646,1.9032416744757457
19073,corn,2022,5,197.3,192.32330833863062,4.976691661369387,4.976691661369387,2.522398206472066
19073,corn,2022,6,197.3,193.50446562027665,3.795534379723364,3.795534379723364,1.9237376481111828
19073,corn,2022,7,197.3,187.9366451400551,9.363354859944906,9.363354859944906,4.745744987301016
19073,corn,2022,8,197.3,189.83656109761355,7.463438902386457,7.463438902386457,3.782787076729071
19073,corn,2022,9,197.3,190.56740097704582,6.73259902295419,6.73259902295419,3.4123664586691285
19073,corn,2022,10,197.3,189.99137860586336,7.308621394136651,7.308621394136651,3.704319003617157
19073,corn,2022,11,197.3,196.23349104658382,1.0665089534161893,1.0665089534161893,0.5405519277324832
19073,corn,2022,12,197.3,195.60421955527525,1.695780444724761,1.695780444724761,0.8594933830333304
19075,corn,2022,1,207.5,201.39212688669392,6.107873113306084,6.107873113306084,2.94355330761739
19075,corn,2022,2,207.5,196.7697263699652,10.730273630034787,10.730273630034787,5.17121620724568
19075,corn,2022,3,207.5,193.24371835386174,14.256281646138262,14.256281646138262,6.870497178861814
19075,corn,2022,4,207.5,190.78978956275563,16.71021043724437,16.71021043724437,8.053113463732227
19075,corn,2022,5,207.5,193.63346774555754,13.866532254442461,13.866532254442461,6.682666146719258
19075,corn,2022,6,207.5,200.2224309689048,7.277569031095197,7.277569031095197,3.507262183660336
19075,corn,2022,7,207.5,192.34134253721868,15.15865746278132,15.15865746278132,7.305377090497021
19075,corn,2022,8,207.5,197.10985774699972,10.390142253000278,10.390142253000278,5.007297471325435
19075,corn,2022,9,207.5,193.61939010989158,13.880609890108417,13.880609890108417,6.689450549449839
19075,corn,2022,10,207.5,189.2456361320546,18.254363867945386,18.254363867945386,8.79728379178091
19075,corn,2022,11,207.5,194.78348215223897,12.716517847761025,12.716517847761025,6.128442336270374
19075,corn,2022,12,207.5,198.56182689000698,8.938173109993016,8.938173109993016,4.307553306020731
19077,corn,2022,1,193.6,198.98192801373546,-5.381928013735461,5.381928013735461,2.7799214946980686
19077,corn,2022,2,193.6,196.7654864422308,-3.165486442230815,3.165486442230815,1.6350653110696358
19077,corn,2022,3,193.6,193.09108239114946,0.5089176088505383,0.5089176088505383,0.26287066572858386
19077,corn,2022,4,193.6,189.34094958521533,4.259050414784667,4.259050414784667,2.199922734909436
19077,corn,2022,5,193.6,188.36233568512267,5.237664314877321,5.237664314877321,2.7054051213209305
19077,corn,2022,6,193.6,194.84151419774707,-1.2415141977470796,1.2415141977470796,0.6412779947040701
19077,corn,2022,7,193.6,191.00927172784162,2.5907282721583726,2.5907282721583726,1.338186090990895
19077,corn,2022,8,193.6,194.02570486107226,-0.425704861072262,0.425704861072262,0.21988887452079653
19077,corn,2022,9,193.6,191.93444519491092,1.665554805089073,1.665554805089073,0.860307234033612
19077,corn,2022,10,193.6,189.16578499595556,4.434215004044432,4.434215004044432,2.290400312006422
19077,corn,2022,11,193.6,192.45143067181772,1.1485693281822762,1.1485693281822762,0.5932692810858865
19077,corn,2022,12,193.6,196.95862409263373,-3.3586240926337325,3.3586240926337325,1.7348264941289941
19079,corn,2022,1,208.6,199.68566738696944,8.914332613030552,8.914332613030552,4.273409689851655
19079,corn,2022,2,208.6,197.49257193310305,11.107428066896944,11.107428066896944,5.324749792376291
19079,corn,2022,3,208.6,193.73040269829679,14.869597301703209,14.869597301703209,7.128282503213428
19079,corn,2022,4,208.6,192.74867488066545,15.851325119334547,15.851325119334547,7.598909453180512
19079,corn,2022,5,208.6,192.95100763570872,15.648992364291274,15.648992364291274,7.5019138850869
19079,corn,2022,6,208.6,196.00169873767754,12.598301262322451,12.598301262322451,6.039454104660811
19079,corn,2022,7,208.6,190.61088163737017,17.989118362629824,17.989118362629824,8.623738428873358
19079,corn,2022,8,208.6,193.47168357609158,15.128316423908416,15.128316423908416,7.252308928048139
19079,corn,2022,9,208.6,191.51796085574242,17.08203914425758,17.08203914425758,8.188897001082253
19079,corn,2022,10,208.6,189.96238833330278,18.63761166669721,18.63761166669721,8.93461728988361
19079,corn,2022,11,208.6,194.46430354984668,14.135696450153318,14.135696450153318,6.7764604267273825
19079,corn,2022,12,208.6,196.37139811631832,12.228601883681677,12.228601883681677,5.86222525583973
19081,corn,2022,1,211.5,196.32875599610165,15.171244003898352,15.171244003898352,7.173165013663524
19081,corn,2022,2,211.5,196.78745437449695,14.712545625503054,14.712545625503054,6.956286347755582
19081,corn,2022,3,211.5,194.10534321077375,17.394656789226246,17.394656789226246,8.224424013818556
19081,corn,2022,4,211.5,193.45126754116984,18.04873245883016,18.04873245883016,8.533679649565087
19081,corn,2022,5,211.5,193.6019686358392,17.8980313641608,17.8980313641608,8.462426176908181
19081,corn,2022,6,211.5,195.0498599673968,16.4501400326032,16.4501400326032,7.77784398704643
19081,corn,2022,7,211.5,186.26750896127734,25.232491038722657,25.232491038722657,11.93025581027076
19081,corn,2022,8,211.5,191.34603589611288,20.15396410388712,20.15396410388712,9.529061042027006
19081,corn,2022,9,211.5,191.3813557131399,20.118644286860103,20.118644286860103,9.512361364945674
19081,corn,2022,10,211.5,189.48686724472256,22.01313275527744,22.01313275527744,10.408100593511792
19081,corn,2022,11,211.5,192.27157445204077,19.228425547959233,19.228425547959233,9.0914541597916
19081,corn,2022,12,211.5,194.44820591926262,17.05179408073738,17.05179408073738,8.062313986164247
19083,corn,2022,1,215.6,200.07430988799663,15.52569011200336,15.52569011200336,7.201154968461671
19083,corn,2022,2,215.6,197.4150585241098,18.184941475890184,18.184941475890184,8.434573968409177
19083,corn,2022,3,215.6,193.7970261283341,21.8029738716659,21.8029738716659,10.112696600958209
19083,corn,2022,4,215.6,192.71101309841396,22.888986901586037,22.888986901586037,10.616413219659572
19083,corn,2022,5,215.6,193.04074335102595,22.559256648974042,22.559256648974042,10.463477109913748
19083,corn,2022,6,215.6,196.36018523197532,19.239814768024672,19.239814768024672,8.923847295002167
19083,corn,2022,7,215.6,191.74849119042642,23.851508809573573,23.851508809573573,11.06285195249238
19083,corn,2022,8,215.6,194.9671784590148,20.63282154098519,20.63282154098519,9.569954332553428
19083,corn,2022,9,215.6,191.75041526860485,23.84958473139514,23.84958473139514,11.061959522910547
19083,corn,2022,10,215.6,189.30696508690957,26.293034913090423,26.293034913090423,12.195285210153257
19083,corn,2022,11,215.6,193.8894482223726,21.710551777627387,21.710551777627387,10.069829210402313
19083,corn,2022,12,215.6,197.91439199364405,17.68560800635595,17.68560800635595,8.202972173634485
19085,corn,2022,1,172.4,201.18909253869035,-28.78909253869034,28.78909253869034,16.699009593207855
19085,corn,2022,2,172.4,197.01043207963363,-24.610432079633625,24.610432079633625,14.27519262159723
19085,corn,2022,3,172.4,194.60017833483315,-22.20017833483314,22.20017833483314,12.877133604891613
19085,corn,2022,4,172.4,193.85114642018752,-21.451146420187513,21.451146420187513,12.44266033653568
19085,corn,2022,5,172.4,192.93154516803924,-20.53154516803923,20.53154516803923,11.909248937377743
19085,corn,2022,6,172.4,195.26946916468737,-22.86946916468736,22.86946916468736,13.26535334378617
19085,corn,2022,7,172.4,193.86994163627313,-21.46994163627312,21.46994163627312,12.453562434033131
19085,corn,2022,8,172.4,195.61830469484804,-23.21830469484803,23.21830469484803,13.46769413854294
19085,corn,2022,9,172.4,195.09900474594104,-22.69900474594104,22.69900474594104,13.166476070731461
19085,corn,2022,10,172.4,189.69422544005113,-17.29422544005112,17.29422544005112,10.031453271491369
19085,corn,2022,11,172.4,188.83678908488525,-16.43678908488525,16.43678908488525,9.534100397265224
19085,corn,2022,12,172.4,201.14217606500054,-28.742176065000535,28.742176065000535,16.67179586136922
19087,corn,2022,1,167.7,191.8821266657111,-24.18212666571111,24.18212666571111,14.419872788140198
19087,corn,2022,2,167.7,192.92676528004856,-25.226765280048568,25.226765280048568,15.042793846182809
19087,corn,2022,3,167.7,191.76801833238795,-24.068018332387965,24.068018332387965,14.351829655568258
19087,corn,2022,4,167.7,186.57239255729075,-18.872392557290766,18.872392557290766,11.253662824860326
19087,corn,2022,5,167.7,185.05885958117383,-17.358859581173846,17.358859581173846,10.35113868883354
19087,corn,2022,6,167.7,183.70343928467747,-16.003439284677484,16.003439284677484,9.54289760565145
19087,corn,2022,7,167.7,186.23511793937888,-18.535117939378893,18.535117939378893,11.05254498472206
19087,corn,2022,8,167.7,185.20171962643175,-17.501719626431765,17.501719626431765,10.436326551241363
19087,corn,2022,9,167.7,189.40625810165193,-21.70625810165194,21.70625810165194,12.943505129190186
19087,corn,2022,10,167.7,185.61390702748162,-17.913907027481628,17.913907027481628,10.682115102851299
19087,corn,2022,11,167.7,188.50502491348166,-20.805024913481674,20.805024913481674,12.406097145785138
19087,corn,2022,12,167.7,187.06194645499116,-19.36194645499117,19.36194645499117,11.545585244478932
19089,corn,2022,1,217.3,191.98912877636369,25.310871223636326,25.310871223636326,11.64789287788142
19089,corn,2022,2,217.3,192.7441504570066,24.5558495429934,24.5558495429934,11.300436973305752
19089,corn,2022,3,217.3,192.08053673065515,25.219463269344857,25.219463269344857,11.60582755147025
19089,corn,2022,4,217.3,192.8976337143393,24.40236628566072,24.40236628566072,11.229805009507924
19089,corn,2022,5,217.3,191.3647688498384,25.9352311501616,25.9352311501616,11.935219121105199
19089,corn,2022,6,217.3,192.03265262218267,25.267347377817345,25.267347377817345,11.627863496464492
19089,corn,2022,7,217.3,185.1713180688314,32.128681931168614,32.128681931168614,14.78540355783185
19089,corn,2022,8,217.3,186.4540907539743,30.845909246025712,30.845909246025712,14.195080186850303
19089,corn,2022,9,217.3,189.23528268524677,28.06471731475324,28.06471731475324,12.915194346411981
19089,corn,2022,10,217.3,185.54540013971507,31.75459986028494,31.75459986028494,14.613253502201998
19089,corn,2022,11,217.3,190.3769410029222,26.923058997077817,26.923058997077817,12.389810859216666
19089,corn,2022,12,217.3,191.06900675616362,26.230993243836394,26.230993243836394,12.071326849441506
19091,corn,2022,1,195.5,193.58491779755968,1.915082202440317,1.915082202440317,0.9795816892277835
19091,corn,2022,2,195.5,194.02404567651413,1.4759543234858654,1.4759543234858654,0.7549638483303659
19091,corn,2022,3,195.5,193.70020647104917,1.7997935289508291,1.7997935289508291,0.920610500742112
19091,corn,2022,4,195.5,192.5566083466587,2.9433916533413083,2.9433916533413083,1.5055711781796974
19091,corn,2022,5,195.5,192.43688863536494,3.0631113646350627,3.0631113646350627,1.5668088821662725
19091,corn,2022,6,195.5,190.30263936381192,5.19736063618808,5.19736063618808,2.658496489098762
19091,corn,2022,7,195.5,183.81572244511042,11.684277554889576,11.684277554889576,5.976612560045819
19091,corn,2022,8,195.5,190.1146062126113,5.3853937873886935,5.3853937873886935,2.754677129099076
19091,corn,2022,9,195.5,191.7311411582765,3.7688588417234996,3.7688588417234996,1.9278050341296673
19091,corn,2022,10,195.5,189.50543433818586,5.994565661814136,5.994565661814136,3.066273995812857
19091,corn,2022,11,195.5,194.86977391199912,0.6302260880008816,0.6302260880008816,0.32236628542244583
19091,corn,2022,12,195.5,193.35558147193444,2.1444185280655574,2.1444185280655574,1.0968892726678043
19093,corn,2022,1,221.2,198.59610406695538,22.603895933044612,22.603895933044612,10.218759463401723
19093,corn,2022,2,221.2,196.3798364677971,24.820163532202884,24.820163532202884,11.220688757777072
19093,corn,2022,3,221.2,194.5455589492948,26.654441050705202,26.654441050705202,12.049928142271792
19093,corn,2022,4,221.2,196.21263751111402,24.987362488885964,24.987362488885964,11.296275989550617
19093,corn,2022,5,221.2,194.44797945352207,26.752020546477922,26.752020546477922,12.094041838371576
19093,corn,2022,6,221.2,196.34959848622134,24.85040151377865,24.85040151377865,11.23435873136467
19093,corn,2022,7,221.2,188.1328110996415,33.0671889003585,33.0671889003585,14.949000407033683
19093,corn,2022,8,221.2,193.5378527231382,27.662147276861788,27.662147276861788,12.505491535651803
19093,corn,2022,9,221.2,191.71868656562773,29.481313434372254,29.481313434372254,13.327899382627603
19093,corn,2022,10,221.2,187.80828011425953,33.39171988574046,33.39171988574046,15.095714234059882
19093,corn,2022,11,221.2,194.9952957008668,26.204704299133198,26.204704299133198,11.846611346805243
19093,corn,2022,12,221.2,196.61004260806396,24.589957391936025,24.589957391936025,11.116617265793865
19095,corn,2022,1,205.9,196.4862132669327,9.413786733067298,9.413786733067298,4.572018811591693
19095,corn,2022,2,205.9,194.69407324060538,11.205926759394629,11.205926759394629,5.442412219230029
19095,corn,2022,3,205.9,192.00505371450024,13.89494628549977,13.89494628549977,6.748395476201928
19095,corn,2022,4,205.9,190.53877646721648,15.361223532783526,15.361223532783526,7.46052624224552
19095,corn,2022,5,205.9,187.10977100081857,18.790228999181437,18.790228999181437,9.125900436707838
19095,corn,2022,6,205.9,190.03221747509724,15.867782524902765,15.867782524902765,7.706548093687599
19095,corn,2022,7,205.9,187.80266047659765,18.097339523402354,18.097339523402354,8.789382964255637
19095,corn,2022,8,205.9,192.68876350352187,13.211236496478136,13.211236496478136,6.416336326604243
19095,corn,2022,9,205.9,190.89739474179987,15.002605258200134,15.002605258200134,7.2863551521127405
19095,corn,2022,10,205.9,188.16626631598157,17.733733684018432,17.733733684018432,8.612789550276071
19095,corn,2022,11,205.9,190.21312753351552,15.686872466484488,15.686872466484488,7.618685025004608
19095,corn,2022,12,205.9,191.07611675066588,14.82388324933413,14.82388324933413,7.199554759268641
19097,corn,2022,1,219.2,196.9804733136651,22.219526686334888,22.219526686334888,10.136645386101682
19097,corn,2022,2,219.2,196.94147554846163,22.258524451538364,22.258524451538364,10.154436337380641
19097,corn,2022,3,219.2,195.91980882623616,23.280191173763825,23.280191173763825,10.620525170512694
19097,corn,2022,4,219.2,187.5536954576383,31.64630454236169,31.64630454236169,14.437182729179604
19097,corn,2022,5,219.2,188.90155390107418,30.298446098925808,30.298446098925808,13.822283804254475
19097,corn,2022,6,219.2,194.66329123755028,24.536708762449706,24.536708762449706,11.193753997467933
19097,corn,2022,7,219.2,192.40630521696494,26.79369478303505,26.79369478303505,12.223400904669274
19097,corn,2022,8,219.2,194.59917580581407,24.60082419418592,24.60082419418592,11.223003738223504
19097,corn,2022,9,219.2,195.42186820488547,23.77813179511452,23.77813179511452,10.847687862734725
19097,corn,2022,10,219.2,190.74374152951017,28.456258470489814,28.456258470489814,12.98186974018696
19097,corn,2022,11,219.2,189.92351876958975,29.27648123041024,29.27648123041024,13.356058955479124
19097,corn,2022,12,219.2,193.94033573721524,25.259664262784753,25.259664262784753,11.523569462949249
19099,corn,2022,1,203.6,199.27926374189042,4.3207362581095765,4.3207362581095765,2.122169085515509
19099,corn,2022,2,203.6,195.5452939225993,8.054706077400681,8.054706077400681,3.9561424741653637
19099,corn,2022,3,203.6,192.53247005417592,11.067529945824077,11.067529945824077,5.435918440974498
19099,corn,2022,4,203.6,192.52885291974607,11.071147080253922,11.071147080253922,5.4376950295942645
19099,corn,2022,5,203.6,191.93289111919802,11.667108880801976,11.667108880801976,5.730407112378181
19099,corn,2022,6,203.6,197.56174689593314,6.038253104066854,6.038253104066854,2.965743174885488
19099,corn,2022,7,203.6,191.48107043874356,12.118929561256437,12.118929561256437,5.952322967218289
19099,corn,2022,8,203.6,196.7811341513996,6.818865848600382,6.818865848600382,3.3491482556976337
19099,corn,2022,9,203.6,193.9742546507513,9.625745349248689,9.625745349248689,4.72777276485692
19099,corn,2022,10,203.6,190.26552866019568,13.33447133980431,13.33447133980431,6.549347416406833
19099,corn,2022,11,203.6,193.39929579522558,10.20070420477441,10.20070420477441,5.010169059319455
19099,corn,2022,12,203.6,200.04804215870558,3.55195784129441,3.55195784129441,1.7445765428754472
19101,corn,2022,1,178.0,191.04509652170017,-13.045096521700174,13.045096521700174,7.328705911067514
19101,corn,2022,2,178.0,192.93286972595274,-14.932869725952742,14.932869725952742,8.38925265502963
19101,corn,2022,3,178.0,192.44424625618618,-14.444246256186176,14.444246256186176,8.114745087745042
19101,corn,2022,4,178.0,184.93727774785182,-6.937277747851823,6.937277747851823,3.8973470493549565
19101,corn,2022,5,178.0,183.82415774508237,-5.824157745082374,5.824157745082374,3.2719987331923455
19101,corn,2022,6,178.0,183.7092003214681,-5.709200321468103,5.709200321468103,3.2074159109371365
19101,corn,2022,7,178.0,186.0565366788351,-8.056536678835101,8.056536678835101,4.5261442015927535
19101,corn,2022,8,178.0,185.49822457094407,-7.498224570944075,7.498224570944075,4.212485714013525
19101,corn,2022,9,178.0,190.09189503367074,-12.091895033670738,12.091895033670738,6.7931994571183925
19101,corn,2022,10,178.0,187.47763500240572,-9.47763500240572,9.47763500240572,5.324514046295348
19101,corn,2022,11,178.0,187.74968529222863,-9.749685292228634,9.749685292228634,5.4773512877688955
19101,corn,2022,12,178.0,187.35348684939677,-9.353486849396774,9.353486849396774,5.254767892919536
19103,corn,2022,1,205.2,197.43236221707076,7.767637782929228,7.767637782929228,3.7853985296926065
19103,corn,2022,2,205.2,195.8845362666991,9.315463733300902,9.315463733300902,4.539699675097906
19103,corn,2022,3,205.2,193.24875867841527,11.951241321584718,11.951241321584718,5.824191677185535
19103,corn,2022,4,205.2,186.4108971126342,18.7891028873658,18.7891028873658,9.156482888579825
19103,corn,2022,5,205.2,186.173156977453,19.026843022546984,19.026843022546984,9.272340654262663
19103,corn,2022,6,205.2,192.038186327394,13.161813672606002,13.161813672606002,6.414139216669591
19103,corn,2022,7,205.2,189.9731489698742,15.2268510301258,15.2268510301258,7.420492704739669
19103,corn,2022,8,205.2,192.96121636030455,12.238783639695441,12.238783639695441,5.964319512522145
19103,corn,2022,9,205.2,190.8687306160129,14.331269383987092,14.331269383987092,6.984049407401118
19103,corn,2022,10,205.2,188.1827417374067,17.017258262593288,17.017258262593288,8.293010849217001
19103,corn,2022,11,205.2,186.5354581371038,18.664541862896186,18.664541862896186,9.095780634939663
19103,corn,2022,12,205.2,192.683847483053,12.516152516946988,12.516152516946988,6.099489530675921
19105,corn,2022,1,218.2,195.79347216636282,22.40652783363717,22.40652783363717,10.268802856845634
19105,corn,2022,2,218.2,193.74305186867844,24.456948131321553,24.456948131321553,11.208500518479173
19105,corn,2022,3,218.2,193.40694168089632,24.793058319103665,24.793058319103665,11.362538184740451
19105,corn,2022,4,218.2,191.917841455341,26.282158544658984,26.282158544658984,12.044985584170021
19105,corn,2022,5,218.2,186.97252424314655,31.227475756853437,31.227475756853437,14.311400438521282
19105,corn,2022,6,218.2,189.33879175667144,28.861208243328548,28.861208243328548,13.226951532231231
19105,corn,2022,7,218.2,188.3755762931362,29.824423706863797,29.824423706863797,13.668388499937581
19105,corn,2022,8,218.2,191.31942735893108,26.88057264106891,26.88057264106891,12.319235857501793
19105,corn,2022,9,218.2,190.59461802578514,27.60538197421485,27.60538197421485,12.651412453810657
19105,corn,2022,10,218.2,186.9751909753953,31.224809024604696,31.224809024604696,14.310178288086478
19105,corn,2022,11,218.2,185.73999475555914,32.46000524444085,32.46000524444085,14.876262715142463
19105,corn,2022,12,218.2,189.53273890370295,28.66726109629704,28.66726109629704,13.138066496928067
19107,corn,2022,1,170.4,195.9131298298802,-25.5131298298802,25.5131298298802,14.972494031619835
19107,corn,2022,2,170.4,195.9214977453367,-25.52149774533669,25.52149774533669,14.977404780127165
19107,corn,2022,3,170.4,192.64125908096392,-22.241259080963914,22.241259080963914,13.052382089767555
19107,corn,2022,4,170.4,191.89350950390636,-21.493509503906353,21.493509503906353,12.613561915438002
19107,corn,2022,5,170.4,187.93646897314937,-17.53646897314937,17.53646897314937,10.291355031190944
19107,corn,2022,6,170.4,187.9132046066712,-17.513204606671195,17.513204606671195,10.27770223396197
19107,corn,2022,7,170.4,186.93049478314177,-16.530494783141762,16.530494783141762,9.700994591045635
19107,corn,2022,8,170.4,191.4761847950473,-21.076184795047283,21.076184795047283,12.368653048736668
19107,corn,2022,9,170.4,190.99834500401278,-20.59834500401277,20.59834500401277,12.088230636157729
19107,corn,2022,10,170.4,188.49442741734333,-18.094427417343326,18.094427417343326,10.618795432713219
19107,corn,2022,11,170.4,190.04629307212045,-19.646293072120443,19.646293072120443,11.529514713685705
19107,corn,2022,12,170.4,191.4964290090479,-21.09642900904788,21.09642900904788,12.380533456014014
19109,corn,2022,1,197.6,198.66902500132935,-1.0690250013293507,1.0690250013293507,0.5410045553286188
19109,corn,2022,2,197.6,197.7441430136812,-0.14414301368120164,0.14414301368120164,0.07294686927186317
19109,corn,2022,3,197.6,197.23540944052593,0.3645905594740668,0.3645905594740668,0.18450939244639009
19109,corn,2022,4,197.6,196.6573219431061,0.9426780568938966,0.9426780568938966,0.47706379397464405
19109,corn,2022,5,197.6,194.3719813923357,3.2280186076642963,3.2280186076642963,1.6336126557005548
19109,corn,2022,6,197.6,196.42298124393008,1.1770187560699128,1.1770187560699128,0.5956572652175672
19109,corn,2022,7,197.6,190.91520071960272,6.684799280397272,6.684799280397272,3.382995587245583
19109,corn,2022,8,197.6,194.97591162820012,2.6240883717998713,2.6240883717998713,1.32797994524285
19109,corn,2022,9,197.6,194.42824371763564,3.171756282364356,3.171756282364356,1.605139819010302
19109,corn,2022,10,197.6,189.703117051838,7.896882948161988,7.896882948161988,3.996398253118415
19109,corn,2022,11,197.6,200.5370599762896,-2.9370599762896177,2.9370599762896177,1.4863663847619522
19109,corn,2022,12,197.6,198.35185476871803,-0.751854768718033,0.751854768718033,0.38049330400710174
19111,corn,2022,1,178.2,197.30866866476464,-19.10866866476465,19.10866866476465,10.723158622202385
19111,corn,2022,2,178.2,196.34320040212418,-18.143200402124194,18.143200402124194,10.181369473694835
19111,corn,2022,3,178.2,191.9794791866659,-13.779479186665924,13.779479186665924,7.732592136176164
19111,corn,2022,4,178.2,190.42177041577867,-12.221770415778678,12.221770415778678,6.858457023444825
19111,corn,2022,5,178.2,187.55872047851506,-9.358720478515067,9.358720478515067,5.2518072270006
19111,corn,2022,6,178.2,191.22390433080454,-13.023904330804555,13.023904330804555,7.308588288891446
19111,corn,2022,7,178.2,190.9946220390746,-12.794622039074625,12.794622039074625,7.179922580849958
19111,corn,2022,8,178.2,188.27999369129577,-10.079993691295783,10.079993691295783,5.656562116327601
19111,corn,2022,9,178.2,193.62700960087946,-15.427009600879472,15.427009600879472,8.657132211492408
19111,corn,2022,10,178.2,188.363464402894,-10.163464402894022,10.163464402894022,5.703403144160506
19111,corn,2022,11,178.2,188.85159237813454,-10.651592378134552,10.651592378134552,5.977324566854407
19111,corn,2022,12,178.2,191.88596726172054,-13.685967261720549,13.685967261720549,7.680116308485157
19113,corn,2022,1,215.0,199.4286987551212,15.57130124487881,15.57130124487881,7.24246569529247
19113,corn,2022,2,215.0,196.6565201409095,18.343479859090507,18.343479859090507,8.5318510972514
19113,corn,2022,3,215.0,195.24158763422966,19.75841236577034,19.75841236577034,9.189959239893183
19113,corn,2022,4,215.0,194.34620959507293,20.653790404927065,20.653790404927065,9.60641414182654
19113,corn,2022,5,215.0,189.64945472781253,25.350545272187475,25.350545272187475,11.790951289389524
19113,corn,2022,6,215.0,193.6325885756896,21.367411424310404,21.367411424310404,9.938330895028095
19113,corn,2022,7,215.0,191.99914768092384,23.00085231907616,23.00085231907616,10.698070846081935
19113,corn,2022,8,215.0,195.22981591848347,19.770184081516533,19.770184081516533,9.195434456519317
19113,corn,2022,9,215.0,191.79183488592386,23.208165114076138,23.208165114076138,10.794495401895878
19113,corn,2022,10,215.0,190.84808911586427,24.15191088413573,24.15191088413573,11.233446922853828
19113,corn,2022,11,215.0,189.56962197418804,25.43037802581196,25.43037802581196,11.828082802703237
19113,corn,2022,12,215.0,194.1892144351505,20.81078556484951,20.81078556484951,9.679435146441632
19115,corn,2022,1,196.3,196.3512491017327,-0.05124910173267949,0.05124910173267949,0.02610754036305629
19115,corn,2022,2,196.3,194.95417081464308,1.3458291853569335,1.3458291853569335,0.6855981586128036
19115,corn,2022,3,196.3,193.60015881616525,2.6998411838347636,2.6998411838347636,1.3753648414848516
19115,corn,2022,4,196.3,188.1750427758294,8.1249572241706,8.1249572241706,4.1390510566330105
19115,corn,2022,5,196.3,187.37318890931675,8.926811090683259,8.926811090683259,4.547534941764268
19115,corn,2022,6,196.3,188.78863017824023,7.511369821759786,7.511369821759786,3.8264746926947453
19115,corn,2022,7,196.3,187.97908916685657,8.320910833143444,8.320910833143444,4.238874596608988
19115,corn,2022,8,196.3,189.40504996767086,6.894950032329149,6.894950032329149,3.5124554418385885
19115,corn,2022,9,196.3,189.95934702655273,6.340652973447277,6.340652973447277,3.230083022642525
19115,corn,2022,10,196.3,186.83642812783833,9.46357187216168,9.46357187216168,4.820973954234171
19115,corn,2022,11,196.3,189.8948408362768,6.405159163723198,6.405159163723198,3.2629440467260302
19115,corn,2022,12,196.3,189.04557219536406,7.254427804635952,7.254427804635952,3.6955821725094
19117,corn,2022,1,139.5,186.73327945928784,-47.23327945928784,47.23327945928784,33.858981691245766
19117,corn,2022,2,139.5,192.29802303338897,-52.79802303338897,52.79802303338897,37.84804518522507
19117,corn,2022,3,139.5,188.34697817562426,-48.84697817562426,48.84697817562426,35.01575496460521
19117,corn,2022,4,139.5,181.95620319426308,-42.45620319426308,42.45620319426308,30.43455426112049
19117,corn,2022,5,139.5,182.84108086168297,-43.34108086168297,43.34108086168297,31.068875169665212
19117,corn,2022,6,139.5,184.67782336442122,-45.177823364421215,45.177823364421215,32.38553646195069
19117,corn,2022,7,139.5,184.46642742942234,-44.96642742942234,44.96642742942234,32.233998157292
19117,corn,2022,8,139.5,185.57577194132384,-46.075771941323836,46.075771941323836,33.0292271980816
19117,corn,2022,9,139.5,189.9831187721114,-50.483118772111396,50.483118772111396,36.188615607248316
19117,corn,2022,10,139.5,185.87721560335476,-46.377215603354756,46.377215603354756,33.245315844698744
19117,corn,2022,11,139.5,184.86480626279578,-45.36480626279578,45.36480626279578,32.51957438193246
19117,corn,2022,12,139.5,185.3564973016273,-45.856497301627286,45.856497301627286,32.87204107643533
19119,corn,2022,1,190.8,202.1250877651664,-11.325087765166387,11.325087765166387,5.935580589709846
19119,corn,2022,2,190.8,200.72749800688155,-9.927498006881535,9.927498006881535,5.203091198575228
19119,corn,2022,3,190.8,196.1022314986747,-5.302231498674701,5.302231498674701,2.7789473263494235
19119,corn,2022,4,190.8,198.1844347031847,-7.384434703184695,7.384434703184695,3.8702487962183936
19119,corn,2022,5,190.8,192.98404916060494,-2.1840491606049284,2.1840491606049284,1.1446798535665241
19119,corn,2022,6,190.8,196.95753329415828,-6.15753329415827,6.15753329415827,3.2272187076301204
19119,corn,2022,7,190.8,194.37645451746997,-3.576454517469955,3.576454517469955,1.874452053181318
19119,corn,2022,8,190.8,195.41643338134472,-4.616433381344706,4.616433381344706,2.419514350809594
19119,corn,2022,9,190.8,192.38489930827566,-1.5848993082756522,1.5848993082756522,0.8306600148195241
19119,corn,2022,10,190.8,192.2877145271593,-1.4877145271592838,1.4877145271592838,0.7797245949472137
19119,corn,2022,11,190.8,195.50947627057917,-4.7094762705791595,4.7094762705791595,2.4682789678087835
19119,corn,2022,12,190.8,198.95477120799023,-8.154771207990223,8.154771207990223,4.273989102720242
19121,corn,2022,1,166.9,193.57317147168337,-26.67317147168336,26.67317147168336,15.981528742770138
19121,corn,2022,2,166.9,193.6262701183308,-26.726270118330802,26.726270118330802,16.01334339025213
19121,corn,2022,3,166.9,190.6911708413123,-23.791170841312294,23.791170841312294,14.25474586058256
19121,corn,2022,4,166.9,184.12896917373195,-17.22896917373194,17.22896917373194,10.322929403074859
19121,corn,2022,5,166.9,185.82155247295185,-18.921552472951845,18.921552472951845,11.337059600330644
19121,corn,2022,6,166.9,189.3592707176526,-22.4592707176526,22.4592707176526,13.45672301836585
19121,corn,2022,7,166.9,188.484943832656,-21.584943832655995,21.584943832655995,12.932860295180342
19121,corn,2022,8,166.9,191.9281735781126,-25.028173578112586,25.028173578112586,14.995909873045289
19121,corn,2022,9,166.9,191.48696388095377,-24.58696388095376,24.58696388095376,14.731554152758394
19121,corn,2022,10,166.9,188.4233050501327,-21.523305050132706,21.523305050132706,12.895928729857822
19121,corn,2022,11,166.9,187.5162057202581,-20.616205720258108,20.616205720258108,12.352430030112707
19121,corn,2022,12,166.9,190.85610385528645,-23.956103855286443,23.956103855286443,14.35356731892537
19123,corn,2022,1,186.3,196.76241273626488,-10.462412736264866,10.462412736264866,5.615895188547968
19123,corn,2022,2,186.3,194.19117374403015,-7.891173744030141,7.891173744030141,4.235734698888964
19123,corn,2022,3,186.3,191.6704376664722,-5.370437666472185,5.370437666472185,2.882682590698972
19123,corn,2022,4,186.3,191.94355445096485,-5.643554450964842,5.643554450964842,3.029283119143769
19123,corn,2022,5,186.3,189.39921575318238,-3.0992157531823636,3.0992157531823636,1.6635618642954177
19123,corn,2022,6,186.3,189.80322285537125,-3.5032228553712343,3.5032228553712343,1.8804202122228848
19123,corn,2022,7,186.3,188.46334742453533,-2.163347424535317,2.163347424535317,1.1612170824129453
19123,corn,2022,8,186.3,191.6245020840788,-5.3245020840788015,5.3245020840788015,2.858025810026195
19123,corn,2022,9,186.3,191.54515181316546,-5.2451518131654495,5.2451518131654495,2.815433072015807
19123,corn,2022,10,186.3,189.15234933084886,-2.8523493308488526,2.8523493308488526,1.531051707379953
19123,corn,2022,11,186.3,191.75847383360468,-5.458473833604671,5.458473833604671,2.929937645520489
19123,corn,2022,12,186.3,194.52051810090637,-8.22051810090636,8.22051810090636,4.412516425607279
19125,corn,2022,1,175.2,195.77178364755622,-20.57178364755623,20.57178364755623,11.741885643582323
19125,corn,2022,2,175.2,194.242623421558,-19.042623421558005,19.042623421558005,10.86907729540982
19125,corn,2022,3,175.2,191.34351309349955,-16.143513093499564,16.143513093499564,9.21433395747692
19125,corn,2022,4,175.2,189.7527725390419,-14.55277253904191,14.55277253904191,8.30637702000109
19125,corn,2022,5,175.2,186.08959497376782,-10.889594973767828,10.889594973767828,6.215522245301272
19125,corn,2022,6,175.2,188.19903933754878,-12.999039337548794,12.999039337548794,7.4195430008840155
19125,corn,2022,7,175.2,186.66570642560768,-11.465706425607692,11.465706425607692,6.544352982652793
19125,corn,2022,8,175.2,190.51966917844933,-15.319669178449345,15.319669178449345,8.744103412356932
19125,corn,2022,9,175.2,191.9920801650555,-16.792080165055523,16.792080165055523,9.58452064215498
19125,corn,2022,10,175.2,188.14835660660634,-12.948356606606353,12.948356606606353,7.390614501487645
19125,corn,2022,11,175.2,187.93457551150667,-12.734575511506677,12.734575511506677,7.268593328485546
19125,corn,2022,12,175.2,189.93630691698215,-14.736306916982159,14.736306916982159,8.41113408503548
19127,corn,2022,1,214.1,197.54118574307515,16.558814256924848,16.558814256924848,7.734149582870082
19127,corn,2022,2,214.1,195.8127411778623,18.287258822137687,18.287258822137687,8.54145671281536
19127,corn,2022,3,214.1,192.25644985955046,21.843550140449537,21.843550140449537,10.202498897921316
19127,corn,2022,4,214.1,192.544220962652,21.555779037348003,21.555779037348003,10.068089228093417
19127,corn,2022,5,214.1,192.11905945903663,21.98094054096336,21.98094054096336,10.26667003314496
19127,corn,2022,6,214.1,195.62840372134883,18.471596278651162,18.471596278651162,8.627555478118246
19127,corn,2022,7,214.1,189.2900875950607,24.809912404939297,24.809912404939297,11.588002057421438
19127,corn,2022,8,214.1,192.8998714866693,21.200128513330696,21.200128513330696,9.901975017903176
19127,corn,2022,9,214.1,192.51747262722668,21.582527372773313,21.582527372773313,10.080582612224807
19127,corn,2022,10,214.1,189.28513450421397,24.814865495786023,24.814865495786023,11.590315504804307
19127,corn,2022,11,214.1,193.33485373153127,20.765146268468726,20.765146268468726,9.698807224880301
19127,corn,2022,12,214.1,195.08144497830838,19.01855502169161,19.01855502169161,8.883024297847554
19129,corn,2022,1,191.1,195.1472996590191,-4.047299659019103,4.047299659019103,2.1178962108943504
19129,corn,2022,2,191.1,194.23223922051594,-3.1322392205159417,3.1322392205159417,1.6390576768790903
19129,corn,2022,3,191.1,191.68361409935213,-0.5836140993521326,0.5836140993521326,0.3053972262439208
19129,corn,2022,4,191.1,191.7765281176155,-0.6765281176155042,0.6765281176155042,0.35401785327865215
19129,corn,2022,5,191.1,186.31954908730714,4.7804509126928565,4.7804509126928565,2.501544172000448
19129,corn,2022,6,191.1,189.05623188714944,2.0437681128505574,2.0437681128505574,1.0694757262430965
19129,corn,2022,7,191.1,186.03437958852047,5.065620411479529,5.065620411479529,2.650769446090805
19129,corn,2022,8,191.1,188.01543209466573,3.084567905334268,3.084567905334268,1.6141119337175658
19129,corn,2022,9,191.1,190.2434343752938,0.8565656247062066,0.8565656247062066,0.44822900298597934
19129,corn,2022,10,191.1,186.5382324791938,4.5617675208062,4.5617675208062,2.3871101626406066
19129,corn,2022,11,191.1,188.59015276886248,2.5098472311375133,2.5098472311375133,1.3133685144623304
19129,corn,2022,12,191.1,193.12236934733858,-2.022369347338582,2.022369347338582,1.0582780467496504
19131,corn,2022,1,217.9,191.3960893810267,26.503910618973293,26.503910618973293,12.16333667690376
19131,corn,2022,2,217.9,193.47415377577457,24.425846224225438,24.425846224225438,11.209658661874913
19131,corn,2022,3,217.9,192.61996530380384,25.280034696196168,25.280034696196168,11.601668056996864
19131,corn,2022,4,217.9,194.0081865702042,23.891813429795803,23.891813429795803,10.964577067368426
19131,corn,2022,5,217.9,192.99954339929747,24.90045660070254,24.90045660070254,11.427469757091574
19131,corn,2022,6,217.9,189.560601196887,28.339398803113,28.339398803113,13.00569013451721
19131,corn,2022,7,217.9,184.9592838122728,32.94071618772722,32.94071618772722,15.11735483603819
19131,corn,2022,8,217.9,189.78470226938063,28.115297730619375,28.115297730619375,12.902844300421926
19131,corn,2022,9,217.9,190.40313323249256,27.49686676750744,27.49686676750744,12.619030182426544
19131,corn,2022,10,217.9,186.12652511695208,31.773474883047925,31.773474883047925,14.581677321270273
19131,corn,2022,11,217.9,193.68370625279334,24.216293747206663,24.216293747206663,11.113489558148997
19131,corn,2022,12,217.9,191.8098641954953,26.090135804504712,26.090135804504712,11.973444609685503
19133,corn,2022,1,168.6,202.11351323068678,-33.51351323068678,33.51351323068678,19.877528606575794
19133,corn,2022,2,168.6,197.55544148641877,-28.955441486418778,28.955441486418778,17.174045958729998
19133,corn,2022,3,168.6,195.99257203700628,-27.39257203700629,27.39257203700629,16.24707712752449
19133,corn,2022,4,168.6,196.63192927314833,-28.031929273148336,28.031929273148336,16.626292570076117
19133,corn,2022,5,168.6,193.30333784933802,-24.703337849338027,24.703337849338027,14.652039056546872
19133,corn,2022,6,168.6,195.21302112513388,-26.613021125133884,26.613021125133884,15.784710038632197
19133,corn,2022,7,168.6,194.46798858887553,-25.867988588875534,25.867988588875534,15.342816482132582
19133,corn,2022,8,168.6,196.2650885045512,-27.665088504551193,27.665088504551193,16.40871204303155
19133,corn,2022,9,168.6,195.0321791436838,-26.43217914368381,26.43217914368381,15.677449076918037
19133,corn,2022,10,168.6,192.6322843972468,-24.032284397246798,24.032284397246798,14.254023960407352
19133,corn,2022,11,168.6,193.74374621055222,-25.143746210552223,25.143746210552223,14.913253980161462
19133,corn,2022,12,168.6,200.1948835163903,-31.594883516390297,31.594883516390297,18.739551314584993
19135,corn,2022,1,145.4,186.83344983105934,-41.433449831059335,41.433449831059335,28.496182827413573
19135,corn,2022,2,145.4,193.09036665522842,-47.69036665522842,47.69036665522842,32.79942686054223
19135,corn,2022,3,145.4,187.92355386175026,-42.52355386175026,42.52355386175026,29.24591049638945
19135,corn,2022,4,145.4,182.371318187277,-36.97131818727701,36.97131818727701,25.427316497439477
19135,corn,2022,5,145.4,182.5248770731924,-37.12487707319241,37.12487707319241,25.53292783575819
19135,corn,2022,6,145.4,185.304858632581,-39.90485863258098,39.90485863258098,27.444882140702187
19135,corn,2022,7,145.4,183.9977990026967,-38.59779900269669,38.59779900269669,26.545941542432384
19135,corn,2022,8,145.4,186.575837850176,-41.17583785017598,41.17583785017598,28.319008150052255
19135,corn,2022,9,145.4,191.34734786121274,-45.947347861212734,45.947347861212734,31.600651899045896
19135,corn,2022,10,145.4,185.98883703702606,-40.58883703702605,40.58883703702605,27.915293698092196
19135,corn,2022,11,145.4,185.92780791454337,-40.52780791454336,40.52780791454336,27.873320436412214
19135,corn,2022,12,145.4,185.6362103025362,-40.23621030253619,40.23621030253619,27.6727718724458
19137,corn,2022,1,187.8,191.21315886302807,-3.413158863028059,3.413158863028059,1.8174434840404998
19137,corn,2022,2,187.8,193.37089028151038,-5.570890281510373,5.570890281510373,2.9663952510704856
19137,corn,2022,3,187.8,192.5609629966619,-4.7609629966619025,4.7609629966619025,2.5351240663801398
19137,corn,2022,4,187.8,191.53963007665843,-3.7396300766584147,3.7396300766584147,1.991283320904374
19137,corn,2022,5,187.8,186.20633699635042,1.5936630036495956,1.5936630036495956,0.848595848588709
19137,corn,2022,6,187.8,187.28255533102225,0.5174446689777596,0.5174446689777596,0.2755296426931627
19137,corn,2022,7,187.8,184.8082895745211,2.9917104254789137,2.9917104254789137,1.5930300455159283
19137,corn,2022,8,187.8,186.02363282451878,1.7763671754812265,1.7763671754812265,0.945882415059226
19137,corn,2022,9,187.8,190.5896872505425,-2.7896872505424994,2.7896872505424994,1.485456469937433
19137,corn,2022,10,187.8,186.44603494287813,1.3539650571218829,1.3539650571218829,0.7209611592768279
19137,corn,2022,11,187.8,188.31321963024772,-0.5132196302477041,0.5132196302477041,0.27327988831081157
19137,corn,2022,12,187.8,193.98465872368325,-6.184658723683242,6.184658723683242,3.2932155078185525
19139,corn,2022,1,213.1,195.55445133608706,17.54554866391294,17.54554866391294,8.233481306388052
19139,corn,2022,2,213.1,194.0143558032886,19.0856441967114,19.0856441967114,8.956191551718161
19139,corn,2022,3,213.1,193.7108707314845,19.38912926851549,19.38912926851549,9.098605944868837
19139,corn,2022,4,213.1,192.48583975298845,20.61416024701154,20.61416024701154,9.673467971380358
19139,corn,2022,5,213.1,189.27276936575205,23.82723063424794,23.82723063424794,11.181243845259473
19139,corn,2022,6,213.1,188.2156002611389,24.884399738861106,24.884399738861106,11.67733446215913
19139,corn,2022,7,213.1,186.01602600738227,27.08397399261773,27.08397399261773,12.709513839801845
19139,corn,2022,8,213.1,189.71107968153848,23.388920318461516,23.388920318461516,10.975560919034029
19139,corn,2022,9,213.1,189.3899761685559,23.71002383144409,23.71002383144409,11.126242999269868
19139,corn,2022,10,213.1,186.84642049735112,26.253579502648876,26.253579502648876,12.319840217104119
19139,corn,2022,11,213.1,189.34378947778507,23.75621052221493,23.75621052221493,11.147916716196587
19139,corn,2022,12,213.1,188.57790764297266,24.522092357027333,24.522092357027333,11.507316920238072
19141,corn,2022,1,201.2,197.95255541632486,3.247444583675133,3.247444583675133,1.6140380634568254
19141,corn,2022,2,201.2,197.12534370220504,4.074656297794945,4.074656297794945,2.0251770863791974
19141,corn,2022,3,201.2,195.36344804639597,5.836551953604015,5.836551953604015,2.900870752288278
19141,corn,2022,4,201.2,195.498143917974,5.701856082025984,5.701856082025984,2.8339244940487
19141,corn,2022,5,201.2,192.91403817196164,8.285961828038353,8.285961828038353,4.118271286301368
19141,corn,2022,6,201.2,194.23996405661546,6.960035943384526,6.960035943384526,3.4592623973084122
19141,corn,2022,7,201.2,189.75621991572442,11.443780084275573,11.443780084275573,5.68776346136957
19141,corn,2022,8,201.2,190.6473547739123,10.55264522608769,10.55264522608769,5.2448534920912975
19141,corn,2022,9,201.2,191.47744659256466,9.722553407435328,9.722553407435328,4.832283005683563
19141,corn,2022,10,201.2,190.27554276255194,10.924457237448053,10.924457237448053,5.429650714437402
19141,corn,2022,11,201.2,197.41074783502538,3.789252164974613,3.789252164974613,1.8833261257329093
19141,corn,2022,12,201.2,197.55561353756644,3.6443864624335447,3.6443864624335447,1.8113252795395354
19143,corn,2022,1,197.6,194.23539118538773,3.364608814612268,3.364608814612268,1.7027372543584354
19143,corn,2022,2,197.6,193.80058691287155,3.7994130871284426,3.7994130871284426,1.9227799023929366
19143,corn,2022,3,197.6,193.95949554317517,3.6405044568248286,3.6405044568248286,1.8423605550732938
19143,corn,2022,4,197.6,195.31889080094484,2.2811091990551517,2.2811091990551517,1.1544074894003804
19143,corn,2022,5,197.6,193.60842788522868,3.9915721147713157,3.9915721147713157,2.020026373872123
19143,corn,2022,6,197.6,190.59537511851812,7.004624881481874,7.004624881481874,3.544850648523216
19143,corn,2022,7,197.6,187.51858088503835,10.081419114961648,10.081419114961648,5.101932750486664
19143,corn,2022,8,197.6,188.1741646977724,9.425835302227597,9.425835302227597,4.770159565904654
19143,corn,2022,9,197.6,191.5840368317935,6.015963168206497,6.015963168206497,3.044515773383855
19143,corn,2022,10,197.6,190.5957261391704,7.004273860829585,7.004273860829585,3.5446730064927054
19143,corn,2022,11,197.6,194.56833027327795,3.0316697267220434,3.0316697267220434,1.534245813118443
19143,corn,2022,12,197.6,193.53720927637266,4.06279072362733,4.06279072362733,2.0560681799733453
19145,corn,2022,1,174.5,196.32964202016214,-21.82964202016214,21.82964202016214,12.50982350725624
19145,corn,2022,2,174.5,196.681678583902,-22.181678583902,22.181678583902,12.71156365839656
19145,corn,2022,3,174.5,193.04400506951697,-18.54400506951697,18.54400506951697,10.626937002588521
19145,corn,2022,4,174.5,190.47378180806183,-15.97378180806183,15.97378180806183,9.154029689433713
19145,corn,2022,5,174.5,187.4988740537713,-12.998874053771289,12.998874053771289,7.449211492132543
19145,corn,2022,6,174.5,190.66671775003985,-16.16671775003985,16.16671775003985,9.264594699163238
19145,corn,2022,7,174.5,187.1768203744704,-12.676820374470395,12.676820374470395,7.2646535097251554
19145,corn,2022,8,174.5,191.9681938426781,-17.46819384267809,17.46819384267809,10.010426270875698
19145,corn,2022,9,174.5,191.72360760652546,-17.223607606525462,17.223607606525462,9.87026223869654
19145,corn,2022,10,174.5,187.9374833057884,-13.43748330578839,13.43748330578839,7.700563499019135
19145,corn,2022,11,174.5,190.24890664169726,-15.74890664169726,15.74890664169726,9.025161399253443
19145,corn,2022,12,174.5,195.15436427991142,-20.65436427991142,20.65436427991142,11.836311908258693
19147,corn,2022,1,195.9,195.22115608123792,0.6788439187620838,0.6788439187620838,0.34652573698932304
19147,corn,2022,2,195.9,197.36199178199612,-1.4619917819961188,1.4619917819961188,0.7462949372108825
19147,corn,2022,3,195.9,194.76265581314905,1.137344186850953,1.137344186850953,0.580573857504315
19147,corn,2022,4,195.9,194.14462240368755,1.7553775963124565,1.7553775963124565,0.8960579868874203
19147,corn,2022,5,195.9,192.66604218204859,3.2339578179514206,3.2339578179514206,1.6508207340231857
19147,corn,2022,6,195.9,193.31149672673257,2.5885032732674347,2.5885032732674347,1.3213390879364137
19147,corn,2022,7,195.9,187.5768293127916,8.323170687208403,8.323170687208403,4.2486833523269025
19147,corn,2022,8,195.9,190.29600276408402,5.603997235915983,5.603997235915983,2.8606417743317936
19147,corn,2022,9,195.9,190.5731465564937,5.326853443506309,5.326853443506309,2.719169700615778
19147,corn,2022,10,195.9,187.34871516957122,8.551284830428784,8.551284830428784,4.365127529570589
19147,corn,2022,11,195.9,194.7328439978524,1.1671560021476068,1.1671560021476068,0.5957917315710091
19147,corn,2022,12,195.9,195.2507387220239,0.6492612779761089,0.6492612779761089,0.33142484837984115
19149,corn,2022,1,171.8,202.7427098045191,-30.942709804519097,30.942709804519097,18.010890456646738
19149,corn,2022,2,171.8,197.0511136684026,-25.25111366840258,25.25111366840258,14.69797070337752
19149,corn,2022,3,171.8,199.97655252279856,-28.176552522798545,28.176552522798545,16.400787265889722
19149,corn,2022,4,171.8,198.37519082922725,-26.57519082922724,26.57519082922724,15.468679178828426
19149,corn,2022,5,171.8,194.5016902340023,-22.701690234002285,22.701690234002285,13.214022254948944
19149,corn,2022,6,171.8,198.23811452712266,-26.43811452712265,26.43811452712265,15.38889087725416
19149,corn,2022,7,171.8,195.30568217203367,-23.50568217203366,23.50568217203366,13.682003592569068
19149,corn,2022,8,171.8,196.69380874425127,-24.89380874425126,24.89380874425126,14.489993448341826
19149,corn,2022,9,171.8,195.63880642596024,-23.83880642596023,23.83880642596023,13.875905952246931
19149,corn,2022,10,171.8,191.85770838615554,-20.057708386155525,20.057708386155525,11.675033984956649
19149,corn,2022,11,171.8,201.73575909223217,-29.93575909223216,29.93575909223216,17.424772463464585
19149,corn,2022,12,171.8,199.4274558032151,-27.6274558032151,27.6274558032151,16.081173342965716
19151,corn,2022,1,198.3,196.75077727512078,1.549222724879229,1.549222724879229,0.7812520044776746
19151,corn,2022,2,198.3,197.77258958298086,0.5274104170191549,0.5274104170191549,0.26596591881954357
19151,corn,2022,3,198.3,194.8216825177,3.478317482300014,3.478317482300014,1.7540683218860382
19151,corn,2022,4,198.3,194.25255549812937,4.047444501870643,4.047444501870643,2.0410713574738493
19151,corn,2022,5,198.3,193.04218488386925,5.257815116130757,5.257815116130757,2.6514448391985663
19151,corn,2022,6,198.3,193.20038656150268,5.099613438497329,5.099613438497329,2.571665879222052
19151,corn,2022,7,198.3,186.2980439299989,12.001956070001114,12.001956070001114,6.052423635905756
19151,corn,2022,8,198.3,191.63559334788962,6.664406652110387,6.664406652110387,3.360769869949766
19151,corn,2022,9,198.3,191.4402582720519,6.859741727948119,6.859741727948119,3.4592746989148355
19151,corn,2022,10,198.3,188.32898325841668,9.971016741583327,9.971016741583327,5.028248482896282
19151,corn,2022,11,198.3,195.86848856711563,2.4315114328843777,2.4315114328843777,1.2261782314091667
19151,corn,2022,12,198.3,196.0450611211978,2.2549388788022213,2.2549388788022213,1.1371350876461024
19153,corn,2022,1,188.6,195.8541097590302,-7.2541097590302,7.2541097590302,3.8462936156045604
19153,corn,2022,2,188.6,197.16088299583373,-8.560882995833737,8.560882995833737,4.539174441057125
19153,corn,2022,3,188.6,193.51999649221491,-4.919996492214921,4.919996492214921,2.60869379226666
19153,corn,2022,4,188.6,187.32349162902392,1.2765083709760745,1.2765083709760745,0.6768337067741647
19153,corn,2022,5,188.6,188.17210529948605,0.42789470051394574,0.42789470051394574,0.22687948065426605
19153,corn,2022,6,188.6,192.03908693951936,-3.4390869395193704,3.4390869395193704,1.8234819403602176
19153,corn,2022,7,188.6,189.48740276300975,-0.8874027630097601,0.8874027630097601,0.4705210832501379
19153,corn,2022,8,188.6,193.34466192500884,-4.744661925008842,4.744661925008842,2.515727425773511
19153,corn,2022,9,188.6,192.9189476600678,-4.318947660067806,4.318947660067806,2.2900040615417847
19153,corn,2022,10,188.6,189.0081567926746,-0.40815679267461746,0.40815679267461746,0.21641399399502514
19153,corn,2022,11,188.6,188.72071197938257,-0.12071197938257683,0.12071197938257683,0.06400423084972261
19153,corn,2022,12,188.6,194.27050536760532,-5.67050536760533,5.67050536760533,3.0066306296952967
19155,corn,2022,1,195.0,200.5309667625832,-5.530966762583205,5.530966762583205,2.8363932115811306
19155,corn,2022,2,195.0,194.8685514889589,0.1314485110410999,0.1314485110410999,0.06740949284158969
19155,corn,2022,3,195.0,194.83975364363107,0.1602463563689298,0.1602463563689298,0.08217761865073324
19155,corn,2022,4,195.0,195.50305780439754,-0.5030578043975424,0.5030578043975424,0.25797836122950896
19155,corn,2022,5,195.0,193.5250056492105,1.4749943507895011,1.4749943507895011,0.7564073593792313
19155,corn,2022,6,195.0,197.48459591898134,-2.4845959189813414,2.4845959189813414,1.2741517533237647
19155,corn,2022,7,195.0,193.29495914157656,1.7050408584234447,1.7050408584234447,0.8743799273966383
19155,corn,2022,8,195.0,194.4966114559805,0.5033885440194865,0.5033885440194865,0.25814797129204436
19155,corn,2022,9,195.0,195.02819814412004,-0.02819814412004007,0.02819814412004007,0.014460586728225677
19155,corn,2022,10,195.0,192.266517293389,2.7334827066109995,2.7334827066109995,1.401786003390256
19155,corn,2022,11,195.0,192.4410870559693,2.558912944030709,2.558912944030709,1.3122630482208764
19155,corn,2022,12,195.0,201.62373953154122,-6.623739531541219,6.623739531541219,3.3967895033544715
19157,corn,2022,1,193.3,196.50344846386662,-3.203448463866607,3.203448463866607,1.6572418333505468
19157,corn,2022,2,193.3,193.90996069234637,-0.6099606923463625,0.6099606923463625,0.3155513152335036
19157,corn,2022,3,193.3,191.56028164552893,1.73971835447108,1.73971835447108,0.9000094953290636
19157,corn,2022,4,193.3,191.25305084604548,2.046949153954529,2.046949153954529,1.0589493812491095
19157,corn,2022,5,193.3,191.2356770725364,2.0643229274636212,2.0643229274636212,1.0679373654752309
19157,corn,2022,6,193.3,192.65404807298373,0.6459519270162843,0.6459519270162843,0.33417068133279065
19157,corn,2022,7,193.3,188.0756874843349,5.224312515665105,5.224312515665105,2.7026965937222474
19157,corn,2022,8,193.3,192.36331270716485,0.9366872928351597,0.9366872928351597,0.4845769750828555
19157,corn,2022,9,193.3,191.28151355852725,2.01848644147276,2.01848644147276,1.044224749856575
19157,corn,2022,10,193.3,188.8866665966607,4.413333403339323,4.413333403339323,2.283152303848589
19157,corn,2022,11,193.3,192.0105359057169,1.2894640942831188,1.2894640942831188,0.6670792003533982
19157,corn,2022,12,193.3,194.0038590692959,-0.7038590692959019,0.7038590692959019,0.36412781650072523
19159,corn,2022,1,151.8,190.3957031642821,-38.5957031642821,38.5957031642821,25.42536440334789
19159,corn,2022,2,151.8,194.58511732923344,-42.78511732923343,42.78511732923343,28.185189281444945
19159,corn,2022,3,151.8,189.05173543008254,-37.25173543008253,37.25173543008253,24.54001016474475
19159,corn,2022,4,151.8,183.4122334327651,-31.612233432765095,31.612233432765095,20.824923209990178
19159,corn,2022,5,151.8,183.7439609187003,-31.9439609187003,31.9439609187003,21.04345251561284
19159,corn,2022,6,151.8,188.5842996941739,-36.78429969417388,36.78429969417388,24.232081484963032
19159,corn,2022,7,151.8,186.12602615595193,-34.32602615595192,34.32602615595192,22.612665451878737
19159,corn,2022,8,151.8,188.009975617511,-36.20997561751099,36.20997561751099,23.853738878465737
19159,corn,2022,9,151.8,190.23451782960475,-38.434517829604744,38.434517829604744,25.319181705931975
19159,corn,2022,10,151.8,187.6442652814293,-35.8442652814293,35.8442652814293,23.612822978543672
19159,corn,2022,11,151.8,184.15286430691117,-32.35286430691116,32.35286430691116,21.312822336568612
19159,corn,2022,12,151.8,185.84404567431622,-34.04404567431621,34.04404567431621,22.42690755883808
19161,corn,2022,1,212.4,201.8043736476797,10.595626352320295,10.595626352320295,4.988524647985073
19161,corn,2022,2,212.4,198.8156725218759,13.584327478124095,13.584327478124095,6.395634405896466
19161,corn,2022,3,212.4,196.2151790033274,16.184820996672613,16.184820996672613,7.619972220655656
19161,corn,2022,4,212.4,196.43750607323014,15.962493926769866,15.962493926769866,7.515298458931198
19161,corn,2022,5,212.4,193.7128725833818,18.68712741661821,18.68712741661821,8.79808258786168
19161,corn,2022,6,212.4,198.11453334806845,14.285466651931557,14.285466651931557,6.7257375950713545
19161,corn,2022,7,212.4,190.00805193725768,22.39194806274233,22.39194806274233,10.542348428786408
19161,corn,2022,8,212.4,195.63498036685633,16.76501963314368,16.76501963314368,7.893135420500791
19161,corn,2022,9,212.4,191.70726031938275,20.69273968061725,20.69273968061725,9.742344482399835
19161,corn,2022,10,212.4,188.65195423726988,23.74804576273013,23.74804576273013,11.180812505993469
19161,corn,2022,11,212.4,197.64645839999628,14.753541600003729,14.753541600003729,6.946111864408536
19161,corn,2022,12,212.4,201.06260699718575,11.337393002814252,11.337393002814252,5.3377556510424915
19163,corn,2022,1,216.2,199.27963496740762,16.920365032592372,16.920365032592372,7.82625579675873
19163,corn,2022,2,216.2,192.04386735124103,24.156132648758955,24.156132648758955,11.173049328750674
19163,corn,2022,3,216.2,193.76931465386272,22.430685346137267,22.430685346137267,10.374970095345637
19163,corn,2022,4,216.2,193.72079778196212,22.47920221803787,22.47920221803787,10.39741083165489
19163,corn,2022,5,216.2,193.62300696768705,22.57699303231294,22.57699303231294,10.442642475630407
19163,corn,2022,6,216.2,195.4417147387553,20.75828526124468,20.75828526124468,9.601427040353691
19163,corn,2022,7,216.2,188.8867606895349,27.313239310465093,27.313239310465093,12.633320680141116
19163,corn,2022,8,216.2,193.8508805171717,22.349119482828286,22.349119482828286,10.337243054037137
19163,corn,2022,9,216.2,192.37423712021638,23.82576287978361,23.82576287978361,11.020241850038673
19163,corn,2022,10,216.2,188.3000142555861,27.899985744413897,27.899985744413897,12.904711260135937
19163,corn,2022,11,216.2,191.26778891528798,24.93221108471201,24.93221108471201,11.532012527618877
19163,corn,2022,12,216.2,193.11652053908668,23.08347946091331,23.08347946091331,10.676910018923826
19165,corn,2022,1,209.0,201.76587827882375,7.234121721176251,7.234121721176251,3.4613022589360054
19165,corn,2022,2,209.0,196.96402495209978,12.035975047900223,12.035975047900223,5.7588397358374275
19165,corn,2022,3,209.0,194.29726618399275,14.702733816007253,14.702733816007253,7.034800868902992
19165,corn,2022,4,209.0,196.4152220801768,12.58477791982321,12.58477791982321,6.021424842020675
19165,corn,2022,5,209.0,193.73413359847714,15.265866401522857,15.265866401522857,7.304242297379357
19165,corn,2022,6,209.0,199.23004278820736,9.769957211792644,9.769957211792644,4.674620675498872
19165,corn,2022,7,209.0,191.98952235849677,17.01047764150323,17.01047764150323,8.13898451746566
19165,corn,2022,8,209.0,196.13515890120428,12.864841098795722,12.864841098795722,6.155426363060154
19165,corn,2022,9,209.0,191.73127529710968,17.268724702890324,17.268724702890324,8.262547704732212
19165,corn,2022,10,209.0,187.4630927832379,21.536907216762103,21.536907216762103,10.304740295101485
19165,corn,2022,11,209.0,192.16785272313172,16.832147276868284,16.832147276868284,8.053658984147505
19165,corn,2022,12,209.0,199.06962369322713,9.930376306772871,9.930376306772871,4.751376223336302
19167,corn,2022,1,196.9,202.472451860461,-5.572451860461001,5.572451860461001,2.830092361839005
19167,corn,2022,2,196.9,198.62501728076202,-1.7250172807620174,1.7250172807620174,0.8760880044499835
19167,corn,2022,3,196.9,199.96512266419842,-3.0651226641984124,3.0651226641984124,1.5566900275258568
19167,corn,2022,4,196.9,197.82246826632831,-0.922468266328309,0.922468266328309,0.4684958183485572
19167,corn,2022,5,196.9,193.53469953289485,3.3653004671051576,3.3653004671051576,1.7091419335221725
19167,corn,2022,6,196.9,197.70990489931907,-0.809904899319065,0.809904899319065,0.4113280341894693
19167,corn,2022,7,196.9,196.02027821686443,0.8797217831355795,0.8797217831355795,0.44678607574178747
19167,corn,2022,8,196.9,196.4050935845633,0.4949064154367022,0.4949064154367022,0.2513491190638406
19167,corn,2022,9,196.9,194.04512590555169,2.85487409444832,2.85487409444832,1.4499106624927984
19167,corn,2022,10,196.9,191.35741905977395,5.54258094022606,5.54258094022606,2.8149217573519856
19167,corn,2022,11,196.9,198.2408128675523,-1.3408128675523017,1.3408128675523017,0.6809613344602852
19167,corn,2022,12,196.9,198.9877733099462,-2.0877733099461864,2.0877733099461864,1.0603216403992821
19169,corn,2022,1,207.1,196.6343960518883,10.465603948111692,10.465603948111692,5.053406058962671
19169,corn,2022,2,207.1,195.35859346644685,11.741406533553146,11.741406533553146,5.669438210310548
19169,corn,2022,3,207.1,192.8867413472892,14.213258652710806,14.213258652710806,6.8629930722891395
19169,corn,2022,4,207.1,192.79040979008371,14.30959020991628,14.30959020991628,6.909507585666963
19169,corn,2022,5,207.1,192.47132389644213,14.628676103557865,14.628676103557865,7.063580928806308
19169,corn,2022,6,207.1,193.17489496368555,13.925105036314449,13.925105036314449,6.7238556428365275
19169,corn,2022,7,207.1,188.11167519570546,18.988324804294535,18.988324804294535,9.168674458857815
19169,corn,2022,8,207.1,192.40397005067302,14.69602994932697,14.69602994932697,7.096103307255901
19169,corn,2022,9,207.1,192.02437134041443,15.075628659585561,15.075628659585561,7.279395779616399
19169,corn,2022,10,207.1,190.24701333473362,16.85298666526637,16.85298666526637,8.137608240109305
19169,corn,2022,11,207.1,195.03741942919675,12.062580570803249,12.062580570803249,5.824519831387373
19169,corn,2022,12,207.1,194.41398927571356,12.686010724286433,12.686010724286433,6.1255483941508615
19171,corn,2022,1,203.3,201.62841320994949,1.671586790050526,1.671586790050526,0.8222266552142282
19171,corn,2022,2,203.3,197.25747045023928,6.042529549760729,6.042529549760729,2.972223093832134
19171,corn,2022,3,203.3,191.5819614700217,11.718038529978315,11.718038529978315,5.763914672886529
19171,corn,2022,4,203.3,189.19732964915832,14.102670350841692,14.102670350841692,6.93687670971062
19171,corn,2022,5,203.3,192.88618882264782,10.413811177352187,10.413811177352187,5.122386216110273
19171,corn,2022,6,203.3,200.1179407950838,3.1820592049162144,3.1820592049162144,1.5652037407359636
19171,corn,2022,7,203.3,193.64759625605782,9.652403743942187,9.652403743942187,4.747862146552969
19171,corn,2022,8,203.3,196.92920100705362,6.370798992946391,6.370798992946391,3.1336935528511507
19171,corn,2022,9,203.3,193.9403436799991,9.359656320000909,9.359656320000909,4.60386439744265
19171,corn,2022,10,203.3,189.57431336056675,13.725686639433263,13.725686639433263,6.751444485702539
19171,corn,2022,11,203.3,193.9183039736471,9.381696026352898,9.381696026352898,4.614705374497245
19171,corn,2022,12,203.3,197.32425932289158,5.975740677108433,5.975740677108433,2.93937072164704
19173,corn,2022,1,172.1,189.13686874890854,-17.036868748908546,17.036868748908546,9.89940078379346
19173,corn,2022,2,172.1,196.47147666098124,-24.371476660981244,24.371476660981244,14.161229901790382
19173,corn,2022,3,172.1,192.44016976814405,-20.34016976814405,20.34016976814405,11.818808697352733
19173,corn,2022,4,172.1,186.16014221556193,-14.060142215561939,14.060142215561939,8.169751432633317
19173,corn,2022,5,172.1,185.7568608897012,-13.656860889701193,13.656860889701193,7.935421783672977
19173,corn,2022,6,172.1,190.13660261754356,-18.036602617543565,18.036602617543565,10.480303670856227
19173,corn,2022,7,172.1,187.5044618363675,-15.404461836367517,15.404461836367517,8.950878463897453
19173,corn,2022,8,172.1,189.5740211918907,-17.4740211918907,17.4740211918907,10.153411500227019
19173,corn,2022,9,172.1,191.6786419488626,-19.57864194886261,19.57864194886261,11.37631722769472
19173,corn,2022,10,172.1,187.82163727480952,-15.721637274809524,15.721637274809524,9.1351756390526
19173,corn,2022,11,172.1,190.11648351737497,-18.01648351737498,18.01648351737498,10.468613316313178
19173,corn,2022,12,172.1,191.99938428232548,-19.899384282325485,19.899384282325485,11.562686974041538
19175,corn,2022,1,149.4,183.406028408626,-34.00602840862601,34.00602840862601,22.76173253589425
19175,corn,2022,2,149.4,191.057869025891,-41.65786902589099,41.65786902589099,27.88344646980655
19175,corn,2022,3,149.4,187.59563412953165,-38.19563412953164,38.19563412953164,25.56602016702252
19175,corn,2022,4,149.4,182.91852619707282,-33.518526197072816,33.518526197072816,22.43542583472076
19175,corn,2022,5,149.4,182.7198149813346,-33.31981498133459,33.31981498133459,22.302419666221276
19175,corn,2022,6,149.4,184.7952502132706,-35.3952502132706,35.3952502132706,23.69159987501379
19175,corn,2022,7,149.4,184.18385576600187,-34.783855766001864,34.783855766001864,23.282366643910215
19175,corn,2022,8,149.4,185.74668730468818,-36.346687304688174,36.346687304688174,24.328438624289273
19175,corn,2022,9,149.4,189.77356907361215,-40.373569073612146,40.373569073612146,27.02380794753155
19175,corn,2022,10,149.4,186.2017075815656,-36.80170758156561,36.80170758156561,24.63300373598769
19175,corn,2022,11,149.4,185.77422045298172,-36.37422045298172,36.37422045298172,24.34686777308013
19175,corn,2022,12,149.4,186.84176152226598,-37.44176152226598,37.44176152226598,25.06142002829048
19177,corn,2022,1,151.9,186.28277249693684,-34.38277249693684,34.38277249693684,22.635136601011745
19177,corn,2022,2,151.9,192.69613424741897,-40.79613424741896,40.79613424741896,26.857231235957187
19177,corn,2022,3,151.9,185.6971931669199,-33.7971931669199,33.7971931669199,22.24963342127709
19177,corn,2022,4,151.9,182.4185810677754,-30.518581067775386,30.518581067775386,20.091231776020663
19177,corn,2022,5,151.9,183.17116234487193,-31.271162344871925,31.271162344871925,20.586676988065783
19177,corn,2022,6,151.9,184.7730829953414,-32.873082995341406,32.873082995341406,21.641265961383414
19177,corn,2022,7,151.9,184.7043484810534,-32.80434848105338,32.80434848105338,21.596016116559174
19177,corn,2022,8,151.9,184.96215714684848,-33.06215714684848,33.06215714684848,21.765738740519076
19177,corn,2022,9,151.9,189.6738224475015,-37.77382244750149,37.77382244750149,24.86755921494502
19177,corn,2022,10,151.9,185.68369062448582,-33.783690624485814,33.783690624485814,22.240744321583815
19177,corn,2022,11,151.9,186.3547621514622,-34.454762151462205,34.454762151462205,22.68252939530099
19177,corn,2022,12,151.9,186.5270549992813,-34.627054999281285,34.627054999281285,22.795954574905387
19179,corn,2022,1,170.8,188.71561798532306,-17.915617985323053,17.915617985323053,10.48923769632497
19179,corn,2022,2,170.8,192.49781410147057,-21.697814101470556,21.697814101470556,12.703638232711098
19179,corn,2022,3,170.8,188.66966043581863,-17.869660435818616,17.869660435818616,10.462330465935956
19179,corn,2022,4,170.8,184.73365754499923,-13.933657544999221,13.933657544999221,8.157879124706803
19179,corn,2022,5,170.8,182.9604671868707,-12.160467186870676,12.160467186870676,7.119711467722878
19179,corn,2022,6,170.8,184.70548362109685,-13.905483621096835,13.905483621096835,8.14138385310119
19179,corn,2022,7,170.8,184.25207354989598,-13.452073549895971,13.452073549895971,7.8759212821404985
19179,corn,2022,8,170.8,186.61082264225828,-15.810822642258273,15.810822642258273,9.25692192169688
19179,corn,2022,9,170.8,190.5158175311951,-19.715817531195086,19.715817531195086,11.543218695079089
19179,corn,2022,10,170.8,186.32437002590703,-15.524370025907018,15.524370025907018,9.089209617041579
19179,corn,2022,11,170.8,186.92076575485765,-16.120765754857644,16.120765754857644,9.438387444296044
19179,corn,2022,12,170.8,187.3288357278759,-16.5288357278759,16.5288357278759,9.677304290325468
19181,corn,2022,1,157.8,196.2094415217655,-38.4094415217655,38.4094415217655,24.340583980839988
19181,corn,2022,2,157.8,194.4414803312794,-36.64148033127938,36.64148033127938,23.22020299827591
19181,corn,2022,3,157.8,191.78931141675199,-33.989311416751974,33.989311416751974,21.53948758983015
19181,corn,2022,4,157.8,184.0341535797956,-26.23415357979559,26.23415357979559,16.624938897208864
19181,corn,2022,5,157.8,186.07141766481175,-28.271417664811736,28.271417664811736,17.915980776179808
19181,corn,2022,6,157.8,189.66783041523698,-31.867830415236966,31.867830415236966,20.195076308768673
19181,corn,2022,7,157.8,187.70391459763337,-29.90391459763336,29.90391459763336,18.9505162215674
19181,corn,2022,8,157.8,191.72304382711772,-33.92304382711771,33.92304382711771,21.49749291959297
19181,corn,2022,9,157.8,191.92914791883206,-34.12914791883205,34.12914791883205,21.628103877586845
19181,corn,2022,10,157.8,188.10587922804615,-30.305879228046138,30.305879228046138,19.20524665909134
19181,corn,2022,11,157.8,187.0421904601463,-29.242190460146276,29.242190460146276,18.531172661689656
19181,corn,2022,12,157.8,189.9067418446653,-32.106741844665294,32.106741844665294,20.346477721587636
19183,corn,2022,1,185.7,195.31398667679596,-9.613986676795975,9.613986676795975,5.177160299836282
19183,corn,2022,2,185.7,195.1927763704816,-9.492776370481607,9.492776370481607,5.111888190889395
19183,corn,2022,3,185.7,192.6447011573285,-6.944701157328524,6.944701157328524,3.73974214180319
19183,corn,2022,4,185.7,188.4562351446754,-2.7562351446754008,2.7562351446754008,1.4842407887320412
19183,corn,2022,5,185.7,186.72596980026083,-1.0259698002608388,1.0259698002608388,0.5524877761232304
19183,corn,2022,6,185.7,187.26522617535244,-1.56522617535245,1.56522617535245,0.8428789312614162
19183,corn,2022,7,185.7,186.88345022396862,-1.1834502239686344,1.1834502239686344,0.6372914507100886
19183,corn,2022,8,185.7,189.91475472025328,-4.214754720253296,4.214754720253296,2.2696578999748502
19183,corn,2022,9,185.7,190.5985757949733,-4.898575794973311,4.898575794973311,2.637897574029785
19183,corn,2022,10,185.7,187.12243385112913,-1.4224338511291421,1.4224338511291421,0.7659848417496726
19183,corn,2022,11,185.7,189.3305957061169,-3.6305957061169067,3.6305957061169067,1.9550865407199285
19183,corn,2022,12,185.7,189.0721404944074,-3.372140494407404,3.372140494407404,1.8159076437304276
19185,corn,2022,1,170.1,189.1336506305344,-19.033650630534396,19.033650630534396,11.189682910367075
19185,corn,2022,2,170.1,192.9039454691235,-22.803945469123505,22.803945469123505,13.4061995703254
19185,corn,2022,3,170.1,189.86126085306591,-19.76126085306592,19.76126085306592,11.617437303389725
19185,corn,2022,4,170.1,183.73248589449307,-13.632485894493072,13.632485894493072,8.014394999701983
19185,corn,2022,5,170.1,182.85346328773866,-12.753463287738668,12.753463287738668,7.497626859340781
19185,corn,2022,6,170.1,183.8524808647786,-13.752480864778619,13.752480864778619,8.084938779999188
19185,corn,2022,7,170.1,183.66268948762635,-13.562689487626358,13.562689487626358,7.9733624265881
19185,corn,2022,8,170.1,185.57094168341007,-15.470941683410075,15.470941683410075,9.095203811528558
19185,corn,2022,9,170.1,190.14707652942866,-20.047076529428665,20.047076529428665,11.785465331821673
19185,corn,2022,10,170.1,186.6010994516312,-16.501099451631205,16.501099451631205,9.700822722887246
19185,corn,2022,11,170.1,185.541827586018,-15.441827586018007,15.441827586018007,9.07808794004586
19185,corn,2022,12,170.1,185.64432717019616,-15.54432717019617,15.54432717019617,9.13834636695836
19187,corn,2022,1,201.5,199.75006846354376,1.7499315364562449,1.7499315364562449,0.8684523754125284
19187,corn,2022,2,201.5,196.91659976854174,4.583400231458256,4.583400231458256,2.274640313378787
19187,corn,2022,3,201.5,195.18176711950483,6.318232880495174,6.318232880495174,3.135599444414478
19187,corn,2022,4,201.5,194.06491109643355,7.435088903566452,7.435088903566452,3.68987042360618
19187,corn,2022,5,201.5,193.4103172820962,8.089682717903798,8.089682717903798,4.014730877371612
19187,corn,2022,6,201.5,196.6563627048157,4.843637295184294,4.843637295184294,2.4037902209351336
19187,corn,2022,7,201.5,190.73766866101298,10.762331338987025,10.762331338987025,5.341107364261551
19187,corn,2022,8,201.5,194.45764784526742,7.042352154732583,7.042352154732583,3.4949638485025227
19187,corn,2022,9,201.5,194.09967911815937,7.400320881840628,7.400320881840628,3.6726158222534133
19187,corn,2022,10,201.5,190.89537140238124,10.604628597618756,10.604628597618756,5.262842976485735
19187,corn,2022,11,201.5,195.85496771243612,5.645032287563879,5.645032287563879,2.8015048573518007
19187,corn,2022,12,201.5,198.96025855430585,2.5397414456941476,2.5397414456941476,1.2604175909152098
19189,corn,2022,1,217.6,188.9726790478294,28.627320952170606,28.627320952170606,13.155937937578404
19189,corn,2022,2,217.6,193.48679507344028,24.113204926559717,24.113204926559717,11.0814360875734
19189,corn,2022,3,217.6,193.43817429525134,24.16182570474865,24.16182570474865,11.103780195196991
19189,corn,2022,4,217.6,193.13670228752073,24.46329771247926,24.46329771247926,11.242324316396719
19189,corn,2022,5,217.6,193.46235083880583,24.13764916119416,24.13764916119416,11.092669651284082
19189,corn,2022,6,217.6,189.32395532601586,28.27604467398413,28.27604467398413,12.994505824441237
19189,corn,2022,7,217.6,185.42296002063958,32.177039979360416,32.177039979360416,14.787242637573723
19189,corn,2022,8,217.6,189.66404600613416,27.935953993865837,27.935953993865837,12.838214151592755
19189,corn,2022,9,217.6,190.7730624999482,26.8269375000518,26.8269375000518,12.328555836420865
19189,corn,2022,10,217.6,188.30533203386545,29.29466796613454,29.29466796613454,13.462623146201535
19189,corn,2022,11,217.6,192.66868799139817,24.93131200860182,24.93131200860182,11.457404415717749
19189,corn,2022,12,217.6,192.72207512534354,24.877924874656458,24.877924874656458,11.432869887250211
19191,corn,2022,1,212.4,198.95715209669075,13.442847903309257,13.442847903309257,6.32902443658628
19191,corn,2022,2,212.4,196.962455391464,15.437544608536001,15.437544608536001,7.268147179160075
19191,corn,2022,3,212.4,191.18384171395073,21.21615828604928,21.21615828604928,9.988775087593822
19191,corn,2022,4,212.4,184.6417010469848,27.758298953015213,27.758298953015213,13.06887897976234
19191,corn,2022,5,212.4,187.75165724176912,24.648342758230882,24.648342758230882,11.604681147942976
19191,corn,2022,6,212.4,193.7454670723996,18.6545329276004,18.6545329276004,8.78273678323936
19191,corn,2022,7,212.4,190.19711741209346,22.202882587906544,22.202882587906544,10.453334551745076
19191,corn,2022,8,212.4,192.91939274084615,19.480607259153857,19.480607259153857,9.171660668151533
19191,corn,2022,9,212.4,189.1010689914154,23.298931008584617,23.298931008584617,10.969364881631176
19191,corn,2022,10,212.4,186.02047953916426,26.37952046083575,26.37952046083575,12.41973656348199
19191,corn,2022,11,212.4,186.22687602709567,26.173123972904335,26.173123972904335,12.322563075755337
19191,corn,2022,12,212.4,196.09605377135097,16.30394622864904,16.30394622864904,7.676057546444934
19193,corn,2022,1,200.2,201.60266424506392,-1.4026642450639315,1.4026642450639315,0.7006314910409248
19193,corn,2022,2,200.2,197.5482758890319,2.6517241109680754,2.6517241109680754,1.3245375179660717
19193,corn,2022,3,200.2,199.20738477215795,0.9926152278420375,0.9926152278420375,0.49581180211889986
19193,corn,2022,4,200.2,196.88690695419234,3.3130930458076477,3.3130930458076477,1.6548916312725512
19193,corn,2022,5,200.2,193.57099142819334,6.629008571806651,6.629008571806651,3.311193092810515
19193,corn,2022,6,200.2,197.9953520576132,2.2046479423867993,2.2046479423867993,1.1012227484449548
19193,corn,2022,7,200.2,193.2673086532842,6.932691346715785,6.932691346715785,3.4628827905673254
19193,corn,2022,8,200.2,196.13330521496945,4.066694785030535,4.066694785030535,2.0313160764388285
19193,corn,2022,9,200.2,196.11051307916873,4.089486920831263,4.089486920831263,2.0427007596559754
19193,corn,2022,10,200.2,190.71065149815644,9.489348501843551,9.489348501843551,4.739934316605171
19193,corn,2022,11,200.2,197.6406673040058,2.5593326959941862,2.5593326959941862,1.2783879600370562
19193,corn,2022,12,200.2,200.01548034848656,0.1845196515134262,0.1845196515134262,0.09216765809861449
19195,corn,2022,1,219.5,188.75810649019562,30.741893509804385,30.741893509804385,14.005418455491746
19195,corn,2022,2,219.5,193.78872153946975,25.711278460530252,25.711278460530252,11.713566496824717
19195,corn,2022,3,219.5,193.79634752985487,25.70365247014513,25.70365247014513,11.710092241523977
19195,corn,2022,4,219.5,193.95077626472585,25.549223735274154,25.549223735274154,11.639737464817381
19195,corn,2022,5,219.5,193.5070868075281,25.99291319247189,25.99291319247189,11.841873891786738
19195,corn,2022,6,219.5,188.68625464483833,30.81374535516167,30.81374535516167,14.038152781394839
19195,corn,2022,7,219.5,186.18961008342103,33.31038991657897,33.31038991657897,15.175576271789964
19195,corn,2022,8,219.5,189.75499762549944,29.745002374500558,29.745002374500558,13.551253929157431
19195,corn,2022,9,219.5,190.71200365778665,28.787996342213347,28.787996342213347,13.115260292580114
19195,corn,2022,10,219.5,188.9676168365568,30.5323831634432,30.5323831634432,13.9099695505436
19195,corn,2022,11,219.5,193.5849110261937,25.91508897380629,25.91508897380629,11.806418666882138
19195,corn,2022,12,219.5,193.23721474194087,26.262785258059125,26.262785258059125,11.964822441029215
19197,corn,2022,1,209.7,197.35196338421787,12.34803661578212,12.34803661578212,5.888429478198436
19197,corn,2022,2,209.7,196.57259909620504,13.12740090379495,13.12740090379495,6.260086267904125
19197,corn,2022,3,209.7,193.9197400505029,15.780259949497093,15.780259949497093,7.525159727943296
19197,corn,2022,4,209.7,193.27483949366786,16.425160506332134,16.425160506332134,7.83269456668199
19197,corn,2022,5,209.7,192.54142864243195,17.158571357568036,17.158571357568036,8.182437461882706
19197,corn,2022,6,209.7,194.68800242328865,15.011997576711337,15.011997576711337,7.158797127663967
19197,corn,2022,7,209.7,185.43625695158647,24.263743048413517,24.263743048413517,11.570692917698388
19197,corn,2022,8,209.7,191.5530641342127,18.1469358657873,18.1469358657873,8.653760546393562
19197,corn,2022,9,209.7,191.43225238016532,18.267747619834665,18.267747619834665,8.711372255524399
19197,corn,2022,10,209.7,190.17594803441804,19.524051965581947,19.524051965581947,9.310468271617523
19197,corn,2022,11,209.7,193.33149610489392,16.368503895106073,16.368503895106073,7.805676630951871
19197,corn,2022,12,209.7,194.38875344262496,15.311246557375028,15.311246557375028,7.30150050423225
