county_id,crop_type,year,month,yield_bu_acre,prediction,residual,abs_error,ape
19001,corn,2022,1,164.2,186.2648523773621,-22.064852377362115,22.064852377362115,13.437790729209572
19001,corn,2022,2,164.2,190.34204487676757,-26.142044876767585,26.142044876767585,15.920855588774414
19001,corn,2022,3,164.2,189.59770699732655,-25.397706997326566,25.397706997326566,15.46754384733652
19001,corn,2022,4,164.2,190.52572463022324,-26.32572463022325,26.32572463022325,16.03271901962439
19001,corn,2022,5,164.2,185.77491639696464,-21.574916396964653,21.574916396964653,13.139413152840836
19001,corn,2022,6,164.2,186.41621951640354,-22.216219516403555,22.216219516403555,13.529975344947353
19001,corn,2022,7,164.2,186.85260595105717,-22.652605951057183,22.652605951057183,13.795740530485496
19001,corn,2022,8,164.2,186.91082160057755,-22.71082160057756,22.71082160057756,13.831194641033836
19001,corn,2022,9,164.2,187.27740499480402,-23.077404994804027,23.077404994804027,14.054448839710126
19001,corn,2022,10,164.2,187.4710886159686,-23.27108861596861,23.27108861596861,14.172404760029606
19001,corn,2022,11,164.2,188.2052862658744,-24.005286265874417,24.005286265874417,14.61954096581877
19001,corn,2022,12,164.2,191.10563482984566,-26.905634829845667,26.905634829845667,16.385892101002234
19005,corn,2022,1,215.9,192.04182486125694,23.858175138743064,23.858175138743064,11.050567456573907
19005,corn,2022,2,215.9,192.9047615607532,22.995238439246805,22.995238439246805,10.650874682374619
19005,corn,2022,3,215.9,188.3421466543846,27.5578533456154,27.5578533456154,12.764174777959889
19005,corn,2022,4,215.9,187.3377067924281,28.562293207571912,28.562293207571912,13.229408618606723
19005,corn,2022,5,215.9,184.29484640518,31.605153594819996,31.605153594819996,14.638792772033346
19005,corn,2022,6,215.9,189.74819789022845,26.151802109771552,26.151802109771552,12.112923626573206
19005,corn,2022,7,215.9,191.28420069854815,24.615799301451858,24.615799301451858,11.401481844118507
19005,corn,2022,8,215.9,191.9779163432705,23.922083656729512,23.922083656729512,11.080168437577356
19005,corn,2022,9,215.9,187.05960724608804,28.84039275391197,28.84039275391197,13.358218042571545
19005,corn,2022,10,215.9,185.64321849215727,30.25678150784273,30.25678150784273,14.014257298676577
19005,corn,2022,11,215.9,184.7378396777808,31.162160322219194,31.162160322219194,14.433608301166833
19005,corn,2022,12,215.9,189.5882196705371,26.31178032946292,26.31178032946292,12.187021921937434
19007,corn,2022,1,146.1,187.31993362162038,-41.219933621620385,41.219933621620385,28.213506927871585
19007,corn,2022,2,146.1,192.7530622150296,-46.65306221502959,46.65306221502959,31.93228077688542
19007,corn,2022,3,146.1,190.2260878294924,-44.126087829492405,44.126087829492405,30.20266107425901
19007,corn,2022,4,146.1,184.1385990493353,-38.03859904933532,38.03859904933532,26.036002087156273
19007,corn,2022,5,146.1,182.8695363838932,-36.76953638389321,36.76953638389321,25.16737603278112
19007,corn,2022,6,146.1,183.6801125910192,-37.5801125910192,37.5801125910192,25.722185209458733
19007,corn,2022,7,146.1,184.50024057245295,-38.40024057245296,38.40024057245296,26.283532219338095
19007,corn,2022,8,146.1,184.9878853316706,-38.88788533167062,38.88788533167062,26.617306866304325
19007,corn,2022,9,146.1,186.70872605678548,-40.608726056785486,40.608726056785486,27.795158149750502
19007,corn,2022,10,146.1,185.47954020941236,-39.37954020941237,39.37954020941237,26.953826289809975
19007,corn,2022,11,146.1,184.2540203546084,-38.154020354608406,38.154020354608406,26.11500366502971
19007,corn,2022,12,146.1,182.63009793619275,-36.53009793619276,36.53009793619276,25.003489347154524
19009,corn,2022,1,197.9,191.1121483089777,6.787851691022297,6.787851691022297,3.429940217798028
19009,corn,2022,2,197.9,191.15633338930252,6.743666610697488,6.743666610697488,3.4076132444151024
19009,corn,2022,3,197.9,190.36538120028288,7.534618799717123,7.534618799717123,3.8072859018277527
19009,corn,2022,4,197.9,193.1123865229925,4.787613477007511,4.787613477007511,2.4192084269871206
19009,corn,2022,5,197.9,188.3336521291704,9.566347870829617,9.566347870829617,4.833930202541494
19009,corn,2022,6,197.9,186.86461487350974,11.035385126490269,11.035385126490269,5.576243115962743
19009,corn,2022,7,197.9,185.61055836106638,12.289441638933624,12.289441638933624,6.2099250323060255
19009,corn,2022,8,197.9,186.6096849062757,11.290315093724303,11.290315093724303,5.70506068404462
19009,corn,2022,9,197.9,187.74981100710428,10.150188992895721,10.150188992895721,5.128948455227752
19009,corn,2022,10,197.9,185.93955238068685,11.960447619313157,11.960447619313157,6.043682475650913
19009,corn,2022,11,197.9,191.47884689138283,6.421153108617176,6.421153108617176,3.244645330276491
19009,corn,2022,12,197.9,192.27492004965688,5.625079950343121,5.625079950343121,2.842385017859081
19011,corn,2022,1,221.7,191.07905722941396,30.620942770586026,30.620942770586026,13.81188216986289
19011,corn,2022,2,221.7,188.37888222838566,33.321117771614325,33.321117771614325,15.029823081467896
19011,corn,2022,3,221.7,189.08624805939635,32.613751940603635,32.613751940603635,14.710758656113503
19011,corn,2022,4,221.7,190.2162464022828,31.483753597717197,31.483753597717197,14.201061613765088
19011,corn,2022,5,221.7,189.84228352657448,31.857716473425512,31.857716473425512,14.369741305108485
19011,corn,2022,6,221.7,188.4563420652477,33.24365793475229,33.24365793475229,14.994884048151688
19011,corn,2022,7,221.7,190.21148848738423,31.48851151261576,31.48851151261576,14.20320771881631
19011,corn,2022,8,221.7,191.92001083513344,29.77998916486655,29.77998916486655,13.432561644053473
19011,corn,2022,9,221.7,188.1649320540004,33.5350679459996,33.5350679459996,15.126327445196031
19011,corn,2022,10,221.7,187.46096875751135,34.239031242488636,34.239031242488636,15.443857123359784
19011,corn,2022,11,221.7,191.51116412440476,30.18883587559523,30.18883587559523,13.616976037706467
19011,corn,2022,12,221.7,191.46871410447267,30.23128589552732,30.23128589552732,13.636123543314083
19013,corn,2022,1,202.5,190.73510663640081,11.764893363599185,11.764893363599185,5.809823883258857
19013,corn,2022,2,202.5,190.9311378783726,11.568862121627404,11.568862121627404,5.713018331667854
19013,corn,2022,3,202.5,189.54422870576553,12.955771294234466,12.955771294234466,6.397911750239242
19013,corn,2022,4,202.5,191.29488886710234,11.205111132897656,11.205111132897656,5.53338821377662
19013,corn,2022,5,202.5,187.5950724741361,14.904927525863911,14.904927525863911,7.36045803746366
19013,corn,2022,6,202.5,187.72773568005917,14.772264319940831,14.772264319940831,7.2949453431806575
19013,corn,2022,7,202.5,188.05770896349873,14.442291036501274,14.442291036501274,7.131995573580877
19013,corn,2022,8,202.5,190.4718114440998,12.028188555900186,12.028188555900186,5.939846200444537
19013,corn,2022,9,202.5,187.2309357256788,15.26906427432121,15.26906427432121,7.540278653985783
19013,corn,2022,10,202.5,186.49408107299917,16.005918927000835,16.005918927000835,7.904157494815227
19013,corn,2022,11,202.5,187.8193536534013,14.680646346598706,14.680646346598706,7.249701899554917
19013,corn,2022,12,202.5,190.9362694706666,11.563730529333412,11.563730529333412,5.7104842120165
19015,corn,2022,1,202.4,190.4229955258994,11.977004474100596,11.977004474100596,5.917492329101085
19015,corn,2022,2,202.4,191.61035699242967,10.789643007570334,10.789643007570334,5.330851288325263
19015,corn,2022,3,202.4,192.44295751559002,9.957042484409982,9.957042484409982,4.919487393483193
19015,corn,2022,4,202.4,192.59221932510377,9.807780674896236,9.807780674896236,4.845741440166124
19015,corn,2022,5,202.4,189.43357461997437,12.96642538002564,12.96642538002564,6.406336650210297
19015,corn,2022,6,202.4,186.74030089088612,15.659699109113888,15.659699109113888,7.737005488692632
19015,corn,2022,7,202.4,186.04840024340004,16.351599756599967,16.351599756599967,8.078853634683778
19015,corn,2022,8,202.4,186.85959981826463,15.540400181735379,15.540400181735379,7.678063330896926
19015,corn,2022,9,202.4,186.38232172362777,16.017678276372237,16.017678276372237,7.913872666191817
19015,corn,2022,10,202.4,189.8227057614262,12.577294238573813,12.577294238573813,6.214078181113544
19015,corn,2022,11,202.4,192.97663114914337,9.423368850856633,9.423368850856633,4.655814649632724
19015,corn,2022,12,202.4,191.6932750587405,10.706724941259495,10.706724941259495,5.289883864258643
19017,corn,2022,1,210.8,191.44254878901125,19.357451210988756,19.357451210988756,9.182851618116109
19017,corn,2022,2,210.8,190.83818935295366,19.96181064704635,19.96181064704635,9.46954964281136
19017,corn,2022,3,210.8,189.37624614641598,21.42375385358403,21.42375385358403,10.163071088037965
19017,corn,2022,4,210.8,190.91400970791975,19.885990292080265,19.885990292080265,9.433581732485893
19017,corn,2022,5,210.8,189.588468027221,21.211531972779,21.211531972779,10.062396571527039
19017,corn,2022,6,210.8,185.1540532882775,25.6459467117225,25.6459467117225,12.1660088765287
19017,corn,2022,7,210.8,185.49592439639216,25.304075603607856,25.304075603607856,12.003830931502778
19017,corn,2022,8,210.8,187.2121177848408,23.587882215159198,23.587882215159198,11.18969744552144
19017,corn,2022,9,210.8,186.85544832325988,23.944551676740133,23.944551676740133,11.358895482324542
19017,corn,2022,10,210.8,186.85452253184434,23.945477468155673,23.945477468155673,11.359334662312936
19017,corn,2022,11,210.8,190.4546972997307,20.345302700269315,20.345302700269315,9.651471869197966
19017,corn,2022,12,210.8,192.24159944080372,18.558400559196286,18.558400559196286,8.803795331687041
19019,corn,2022,1,209.7,191.84864333322295,17.851356666777036,17.851356666777036,8.512807184919904
19019,corn,2022,2,209.7,187.67584181303707,22.02415818696292,22.02415818696292,10.502698229357616
19019,corn,2022,3,209.7,188.04404768042704,21.655952319572947,21.655952319572947,10.327111263506412
19019,corn,2022,4,209.7,191.37121718040444,18.328782819595546,18.328782819595546,8.740478216306888
19019,corn,2022,5,209.7,190.55229286171038,19.147707138289604,19.147707138289604,9.131000065946402
19019,corn,2022,6,209.7,188.68003077216665,21.019969227833343,21.019969227833343,10.023828911699258
19019,corn,2022,7,209.7,189.55701575659492,20.142984243405067,20.142984243405067,9.605619572439231
19019,corn,2022,8,209.7,190.1725904729737,19.527409527026293,19.527409527026293,9.312069397723555
19019,corn,2022,9,209.7,186.93448820972986,22.765511790270125,22.765511790270125,10.856228798412078
19019,corn,2022,10,209.7,187.8886330019783,21.811366998021697,21.811366998021697,10.401224128765712
19019,corn,2022,11,209.7,191.64487025880592,18.055129741194065,18.055129741194065,8.609980801713908
19019,corn,2022,12,209.7,192.7373235711838,16.962676428816195,16.962676428816195,8.089020709974342
19021,corn,2022,1,197.0,197.42468183590458,-0.424681835904579,0.424681835904579,0.21557453599217205
19021,corn,2022,2,197.0,196.55294566865018,0.4470543313498183,0.4470543313498183,0.22693113266488238
19021,corn,2022,3,197.0,193.45641855557932,3.5435814444206812,3.5435814444206812,1.7987723068125283
19021,corn,2022,4,197.0,193.53716848090988,3.462831519090116,3.462831519090116,1.7577824970000588
19021,corn,2022,5,197.0,192.76528226816077,4.2347177318392255,4.2347177318392255,2.1496029095630584
19021,corn,2022,6,197.0,193.23258150396885,3.767418496031155,3.767418496031155,1.9123951756503326
19021,corn,2022,7,197.0,185.99403524105244,11.005964758947556,11.005964758947556,5.586784141597744
19021,corn,2022,8,197.0,191.5281227052244,5.471877294775595,5.471877294775595,2.777602687703348
19021,corn,2022,9,197.0,191.51719301453548,5.482806985464521,5.482806985464521,2.783150754042904
19021,corn,2022,10,197.0,187.51358232657986,9.486417673420135,9.486417673420135,4.815440443360474
19021,corn,2022,11,197.0,193.22070911004312,3.779290889956883,3.779290889956883,1.9184217715517173
19021,corn,2022,12,197.0,197.49381358997354,-0.4938135899735414,0.4938135899735414,0.250666796940884
19023,corn,2022,1,212.4,198.79580720626822,13.604192793731784,13.604192793731784,6.404987191022498
19023,corn,2022,2,212.4,196.80127351425256,15.598726485747449,15.598726485747449,7.344033185380154
19023,corn,2022,3,212.4,192.16514332244628,20.234856677553722,20.234856677553722,9.526768680580847
19023,corn,2022,4,212.4,191.95605469272263,20.443945307277374,20.443945307277374,9.625209655027012
19023,corn,2022,5,212.4,192.65835770173643,19.74164229826357,19.74164229826357,9.294558520839722
19023,corn,2022,6,212.4,193.89123753957878,18.508762460421224,18.508762460421224,8.714106619784005
19023,corn,2022,7,212.4,187.00927329726164,25.390726702738363,25.390726702738363,11.954202779067025
19023,corn,2022,8,212.4,193.87250958916408,18.527490410835924,18.527490410835924,8.722923922239136
19023,corn,2022,9,212.4,191.21929215187592,21.180707848124086,21.180707848124086,9.972084674258044
19023,corn,2022,10,212.4,189.1498531675359,23.25014683246411,23.25014683246411,10.94639681377783
19023,corn,2022,11,212.4,191.70797734626353,20.692022653736473,20.692022653736473,9.742006899122632
19023,corn,2022,12,212.4,195.06362248056487,17.336377519435132,17.336377519435132,8.162136308585278
19025,corn,2022,1,202.3,201.4254144743825,0.8745855256175048,0.8745855256175048,0.43232107049802504
19025,corn,2022,2,202.3,196.5618670395664,5.738132960433603,5.738132960433603,2.836447335854475
19025,corn,2022,3,202.3,193.22790988352088,9.072090116479131,9.072090116479131,4.484473611704958
19025,corn,2022,4,202.3,192.78175850351536,9.518241496484649,9.518241496484649,4.705013097619697
19025,corn,2022,5,202.3,193.2082900732931,9.091709926706898,9.091709926706898,4.494171985519968
19025,corn,2022,6,202.3,194.47821358025803,7.821786419741983,7.821786419741983,3.866429273228859
19025,corn,2022,7,202.3,187.72009710191034,14.57990289808967,14.57990289808967,7.207070142407153
19025,corn,2022,8,202.3,194.17149467114942,8.128505328850594,8.128505328850594,4.018045145254866
19025,corn,2022,9,202.3,192.10353404408346,10.196465955916551,10.196465955916551,5.040269874402645
19025,corn,2022,10,202.3,188.78729982197072,13.512700178029291,13.512700178029291,6.6795354315518
19025,corn,2022,11,202.3,195.20908115102762,7.090918848972393,7.090918848972393,3.5051501972181875
19025,corn,2022,12,202.3,201.322134908408,0.9778650915920082,0.9778650915920082,0.483373747697483
19027,corn,2022,1,195.7,197.90505443357463,-2.205054433574645,2.205054433574645,1.1267523932420263
19027,corn,2022,2,195.7,194.347806685887,1.3521933141129807,1.3521933141129807,0.6909521278042825
19027,corn,2022,3,195.7,191.53935054880068,4.160649451199305,4.160649451199305,2.126034466632246
19027,corn,2022,4,195.7,192.946413475578,2.7535865244219906,2.7535865244219906,1.4070447237720953
19027,corn,2022,5,195.7,191.8634173616282,3.8365826383717945,3.8365826383717945,1.9604407963064867
19027,corn,2022,6,195.7,194.1854157699513,1.5145842300486834,1.5145842300486834,0.7739316454004515
19027,corn,2022,7,195.7,186.26207045964813,9.43792954035186,9.43792954035186,4.822651783521645
19027,corn,2022,8,195.7,191.7418739333226,3.95812606667738,3.95812606667738,2.0225478112812367
19027,corn,2022,9,195.7,191.29640492973863,4.40359507026136,4.40359507026136,2.2501763261427494
19027,corn,2022,10,195.7,187.82945589979568,7.870544100204313,7.870544100204313,4.021739448239302
19027,corn,2022,11,195.7,194.0474629887286,1.6525370112713915,1.6525370112713915,0.8444236133221215
19027,corn,2022,12,195.7,195.88811567263627,-0.18811567263628604,0.18811567263628604,0.09612451335528158
19029,corn,2022,1,179.2,197.7914439968164,-18.591443996816423,18.591443996816423,10.374689730366308
19029,corn,2022,2,179.2,194.47360758175583,-15.27360758175584,15.27360758175584,8.523218516604821
19029,corn,2022,3,179.2,190.06495486564845,-10.864954865648457,10.864954865648457,6.063032849134184
19029,corn,2022,4,179.2,192.30599555953597,-13.105995559535984,13.105995559535984,7.313613593491063
19029,corn,2022,5,179.2,190.85872537259291,-11.658725372592926,11.658725372592926,6.5059851409558735
19029,corn,2022,6,179.2,193.5509072589425,-14.350907258942499,14.350907258942499,8.008318782892019
19029,corn,2022,7,179.2,187.49854597238402,-8.298545972384034,8.298545972384034,4.630885029232162
19029,corn,2022,8,179.2,188.88064129315862,-9.68064129315863,9.68064129315863,5.402143578771557
19029,corn,2022,9,179.2,190.7952838164499,-11.595283816449921,11.595283816449921,6.470582486858216
19029,corn,2022,10,179.2,187.10750412424161,-7.907504124241626,7.907504124241626,4.412669712188408
19029,corn,2022,11,179.2,190.26798278774916,-11.067982787749173,11.067982787749173,6.176329680663602
19029,corn,2022,12,179.2,193.6527160673667,-14.452716067366708,14.452716067366708,8.0651317340216
19031,corn,2022,1,221.4,197.1421086354041,24.257891364595906,24.257891364595906,10.95659049891414
19031,corn,2022,2,221.4,191.56058739903787,29.839412600962135,29.839412600962135,13.477602800795903
19031,corn,2022,3,221.4,188.50031955098234,32.899680449017666,32.899680449017666,14.859837601182324
19031,corn,2022,4,221.4,192.98699713861333,28.413002861386673,28.413002861386673,12.833334625739237
19031,corn,2022,5,221.4,191.2692626358056,30.130737364194403,30.130737364194403,13.609185801352485
19031,corn,2022,6,221.4,189.60304463668115,31.796955363318858,31.796955363318858,14.361768456783587
19031,corn,2022,7,221.4,187.70424379580163,33.695756204198375,33.695756204198375,15.219402079583727
19031,corn,2022,8,221.4,190.704087828341,30.695912171659018,30.695912171659018,13.864458975455744
19031,corn,2022,9,221.4,190.44873218289612,30.951267817103883,30.951267817103883,13.979795762016206
19031,corn,2022,10,221.4,186.94670399706985,34.45329600293016,34.45329600293016,15.561560976933226
19031,corn,2022,11,221.4,190.93688494683238,30.463115053167627,30.463115053167627,13.759311225459633
19031,corn,2022,12,221.4,193.929242875205,27.470757124795,27.470757124795,12.40774937885953
19033,corn,2022,1,216.9,195.1705035084368,21.729496491563197,21.729496491563197,10.018209539678743
19033,corn,2022,2,216.9,197.1089673338174,19.791032666182616,19.791032666182616,9.12449638828152
19033,corn,2022,3,216.9,192.57395113439637,24.32604886560364,24.32604886560364,11.215329121993378
19033,corn,2022,4,216.9,191.7767559351386,25.12324406486141,25.12324406486141,11.582869555030618
19033,corn,2022,5,216.9,192.6956642698641,24.20433573013591,24.20433573013591,11.159214260090323
19033,corn,2022,6,216.9,193.20340662406664,23.69659337593336,23.69659337593336,10.925123732564943
19033,corn,2022,7,216.9,185.93833889629695,30.96166110370305,30.96166110370305,14.274624759660234
19033,corn,2022,8,216.9,193.8210341369821,23.078965863017913,23.078965863017913,10.640371536661094
19033,corn,2022,9,216.9,191.5563160718007,25.34368392819931,25.34368392819931,11.684501580543712
19033,corn,2022,10,216.9,190.63269740642463,26.26730259357538,26.26730259357538,12.110328535534984
19033,corn,2022,11,216.9,190.99613371003454,25.903866289965464,25.903866289965464,11.94276915166688
19033,corn,2022,12,216.9,195.97172506490256,20.92827493509745,20.92827493509745,9.648812787043545
19035,corn,2022,1,198.8,198.20712089565538,0.5928791043446324,0.5928791043446324,0.29822892572667625
19035,corn,2022,2,198.8,196.62974785768952,2.1702521423104884,2.1702521423104884,1.091676127922781
19035,corn,2022,3,198.8,193.0259397496363,5.7740602503637035,5.7740602503637035,2.9044568663801322
19035,corn,2022,4,198.8,193.69512765292734,5.104872347072671,5.104872347072671,2.567843232933939
19035,corn,2022,5,198.8,192.13996789900457,6.660032100995437,6.660032100995437,3.350116751003741
19035,corn,2022,6,198.8,194.0392351331989,4.760764866801111,4.760764866801111,2.394750939034764
19035,corn,2022,7,198.8,187.282518240138,11.517481759862022,11.517481759862022,5.793501891278683
19035,corn,2022,8,198.8,191.13526959780754,7.664730402192475,7.664730402192475,3.8554981902376633
19035,corn,2022,9,198.8,191.60140632727294,7.198593672727071,7.198593672727071,3.6210229742087883
19035,corn,2022,10,198.8,189.17024967569344,9.62975032430657,9.62975032430657,4.843938794922821
19035,corn,2022,11,198.8,193.66494702936356,5.135052970636451,5.135052970636451,2.583024633116927
19035,corn,2022,12,198.8,196.5875139228056,2.2124860771943986,2.2124860771943986,1.1129205619690135
19037,corn,2022,1,214.6,191.59952223523356,23.00047776476643,23.00047776476643,10.717836796256492
19037,corn,2022,2,214.6,192.29372662933244,22.306273370667554,22.306273370667554,10.39434919416009
19037,corn,2022,3,214.6,189.77134418309998,24.82865581690001,24.82865581690001,11.5697371001398
19037,corn,2022,4,214.6,189.6561849185047,24.943815081495302,24.943815081495302,11.62339938559893
19037,corn,2022,5,214.6,191.7539751786916,22.84602482130839,22.84602482130839,10.645864315614348
19037,corn,2022,6,214.6,190.99372379342776,23.606276206572232,23.606276206572232,11.000128707629187
19037,corn,2022,7,214.6,185.73966748930962,28.86033251069037,28.86033251069037,13.44843080647268
19037,corn,2022,8,214.6,188.03683629027134,26.563163709728656,26.563163709728656,12.377988681141034
19037,corn,2022,9,214.6,189.7648555649216,24.835144435078405,24.835144435078405,11.572760687361793
19037,corn,2022,10,214.6,185.59163764611284,29.00836235388715,29.00836235388715,13.51741023014313
19037,corn,2022,11,214.6,188.38942140541056,26.210578594589435,26.210578594589435,12.213689932241117
19037,corn,2022,12,214.6,192.04397415246336,22.55602584753663,22.55602584753663,10.510729658684358
19041,corn,2022,1,191.5,196.66509875762895,-5.165098757628954,5.165098757628954,2.697179507900237
19041,corn,2022,2,191.5,197.28007357166155,-5.780073571661546,5.780073571661546,3.018315181024306
19041,corn,2022,3,191.5,193.704281148328,-2.2042811483279934,2.2042811483279934,1.151060651868404
19041,corn,2022,4,191.5,193.40590461542152,-1.9059046154215196,1.9059046154215196,0.9952504519172426
19041,corn,2022,5,191.5,192.26444975740338,-0.7644497574033835,0.7644497574033835,0.39919047383988693
19041,corn,2022,6,191.5,193.00846201495125,-1.5084620149512489,1.5084620149512489,0.7877086239954302
19041,corn,2022,7,191.5,186.7026168976439,4.797383102356093,4.797383102356093,2.5051608889587955
19041,corn,2022,8,191.5,190.9254262200616,0.5745737799383903,0.5745737799383903,0.30003852738297143
19041,corn,2022,9,191.5,191.17861803705628,0.32138196294371824,0.32138196294371824,0.1678234793439782
19041,corn,2022,10,191.5,186.87328117881424,4.6267188211857615,4.6267188211857615,2.416041159888126
19041,corn,2022,11,191.5,192.51473009483607,-1.014730094836068,1.014730094836068,0.5298851670162235
19041,corn,2022,12,191.5,197.24721144992517,-5.7472114499251745,5.7472114499251745,3.0011548041384724
19043,corn,2022,1,215.4,199.46211881122997,15.937881188770035,15.937881188770035,7.399202037497695
19043,corn,2022,2,215.4,198.6118704652259,16.7881295347741,16.7881295347741,7.793932003144893
19043,corn,2022,3,215.4,195.38120874751817,20.018791252481833,20.018791252481833,9.293774954726942
19043,corn,2022,4,215.4,190.26668998538545,25.13331001461455,25.13331001461455,11.668203349403226
19043,corn,2022,5,215.4,189.95430483712033,25.445695162879673,25.445695162879673,11.813228952126124
19043,corn,2022,6,215.4,195.44161274140467,19.958387258595337,19.958387258595337,9.26573224633024
19043,corn,2022,7,215.4,192.42342402799412,22.97657597200589,22.97657597200589,10.666934063141081
19043,corn,2022,8,215.4,198.20971320848736,17.190286791512648,17.190286791512648,7.980634536449697
19043,corn,2022,9,215.4,193.96082856905767,21.439171430942338,21.439171430942338,9.953190079360416
19043,corn,2022,10,215.4,189.30434980047863,26.095650199521373,26.095650199521373,12.114972237475104
19043,corn,2022,11,215.4,192.7480180203027,22.651981979697297,22.651981979697297,10.516240473397072
19043,corn,2022,12,215.4,198.94361364732515,16.456386352674855,16.456386352674855,7.639919383785912
19045,corn,2022,1,225.2,198.19553552539836,27.004464474601633,27.004464474601633,11.991325255151702
19045,corn,2022,2,225.2,191.97403301199216,33.225966988007826,33.225966988007826,14.753981788635803
19045,corn,2022,3,225.2,192.78074800433413,32.41925199566586,32.41925199566586,14.395760211219299
19045,corn,2022,4,225.2,192.5280160875165,32.67198391248348,32.67198391248348,14.50798575154684
19045,corn,2022,5,225.2,193.17977082211164,32.02022917788835,32.02022917788835,14.218574235296783
19045,corn,2022,6,225.2,195.0809594955107,30.119040504489277,30.119040504489277,13.374351911407317
19045,corn,2022,7,225.2,187.19710130900623,38.00289869099376,38.00289869099376,16.87517703862956
19045,corn,2022,8,225.2,193.4254594751238,31.774540524876187,31.774540524876187,14.10947625438552
19045,corn,2022,9,225.2,192.9121773107532,32.28782268924678,32.28782268924678,14.337399062720596
19045,corn,2022,10,225.2,187.7936657366129,37.406334263387095,37.406334263387095,16.610272763493384
19045,corn,2022,11,225.2,191.3766854571509,33.82331454284909,33.82331454284909,15.019233811211851
19045,corn,2022,12,225.2,193.4323113514065,31.76768864859349,31.76768864859349,14.106433680547733
19047,corn,2022,1,216.4,203.16676920212174,13.233230797878264,13.233230797878264,6.11517134837258
19047,corn,2022,2,216.4,199.6583080076709,16.741691992329095,16.741691992329095,7.7364565583775855
19047,corn,2022,3,216.4,195.44467439779072,20.955325602209285,20.955325602209285,9.683607025050502
19047,corn,2022,4,216.4,195.03872284927118,21.361277150728824,21.361277150728824,9.871200162074317
19047,corn,2022,5,216.4,192.6411495686658,23.758850431334196,23.758850431334196,10.97913605884205
19047,corn,2022,6,216.4,200.47270112421555,15.927298875784459,15.927298875784459,7.3601196283662
19047,corn,2022,7,216.4,191.62229864844434,24.777701351555663,24.777701351555663,11.449954413842727
19047,corn,2022,8,216.4,196.34942598200408,20.050574017995928,20.050574017995928,9.265514795746732
19047,corn,2022,9,216.4,192.88911911981492,23.510880880185084,23.510880880185084,10.864547541675178
19047,corn,2022,10,216.4,188.1015614512138,28.29843854878621,28.29843854878621,13.076912453228376
19047,corn,2022,11,216.4,192.34253297267315,24.05746702732685,24.05746702732685,11.11712894053921
19047,corn,2022,12,216.4,204.17231497120838,12.227685028791626,12.227685028791626,5.650501399626444
19049,corn,2022,1,187.2,200.70132947857294,-13.501329478572956,13.501329478572956,7.2122486530838446
19049,corn,2022,2,187.2,197.54687659465782,-10.346876594657829,10.346876594657829,5.527177668086447
19049,corn,2022,3,187.2,192.0336524780031,-4.833652478003103,4.833652478003103,2.5820793151725976
19049,corn,2022,4,187.2,192.7165054837105,-5.516505483710517,5.516505483710517,2.9468512199308323
19049,corn,2022,5,187.2,192.27922771243263,-5.07922771243264,5.07922771243264,2.713262666897778
19049,corn,2022,6,187.2,196.75259837465526,-9.552598374655275,9.552598374655275,5.102883747144912
19049,corn,2022,7,187.2,189.16549039473767,-1.9654903947376852,1.9654903947376852,1.0499414501803874
19049,corn,2022,8,187.2,191.92673816871067,-4.726738168710682,4.726738168710682,2.524966970465108
19049,corn,2022,9,187.2,191.86929783942313,-4.6692978394231375,4.6692978394231375,2.494283033879881
19049,corn,2022,10,187.2,191.34104489419897,-4.141044894198984,4.141044894198984,2.2120966315165513
19049,corn,2022,11,187.2,192.1964652161728,-4.9964652161728225,4.9964652161728225,2.6690519317162513
19049,corn,2022,12,187.2,197.93147074841866,-10.731470748418673,10.731470748418673,5.732623263044164
19051,corn,2022,1,154.9,188.06844322761611,-33.16844322761611,33.16844322761611,21.41281034707302
19051,corn,2022,2,154.9,190.48097600844875,-35.580976008448744,35.580976008448744,22.970287933149606
19051,corn,2022,3,154.9,188.3507653632279,-33.4507653632279,33.4507653632279,21.595071248049
19051,corn,2022,4,154.9,184.6289441448285,-29.72894414482849,29.72894414482849,19.192346123194636
19051,corn,2022,5,154.9,185.12216058003435,-30.22216058003434,30.22216058003434,19.51075570047407
19051,corn,2022,6,154.9,184.2427054435906,-29.342705443590603,29.342705443590603,18.942998995216655
19051,corn,2022,7,154.9,184.12595426904397,-29.225954269043967,29.225954269043967,18.86762702972496
19051,corn,2022,8,154.9,186.05237691489813,-31.152376914898127,31.152376914898127,20.11128270813307
19051,corn,2022,9,154.9,189.95667276693334,-35.05667276693333,35.05667276693333,22.631809404088656
19051,corn,2022,10,154.9,185.21624927791038,-30.316249277910373,30.316249277910373,19.571497274312698
19051,corn,2022,11,154.9,186.7801151046845,-31.880115104684506,31.880115104684506,20.58109432193964
19051,corn,2022,12,154.9,188.32912620724852,-33.429126207248515,33.429126207248515,21.581101489508402
19053,corn,2022,1,148.7,193.62917452532525,-44.929174525325266,44.929174525325266,30.214643258456803
19053,corn,2022,2,148.7,192.92140772899296,-44.22140772899297,44.22140772899297,29.73867365769534
19053,corn,2022,3,148.7,187.74902589197455,-39.049025891974566,39.049025891974566,26.2602729603057
19053,corn,2022,4,148.7,185.39426998707694,-36.69426998707695,36.69426998707695,24.67671149097307
19053,corn,2022,5,148.7,185.25673861815048,-36.55673861815049,36.55673861815049,24.584222339038664
19053,corn,2022,6,148.7,188.34776814649598,-39.64776814649599,39.64776814649599,26.662924106587756
19053,corn,2022,7,148.7,186.18763180272674,-37.48763180272675,37.48763180272675,25.21024331050891
19053,corn,2022,8,148.7,187.3076026761325,-38.6076026761325,38.6076026761325,25.963418074063554
19053,corn,2022,9,148.7,189.7749996653027,-41.0749996653027,41.0749996653027,27.622730104440286
19053,corn,2022,10,148.7,187.10675229669332,-38.40675229669333,38.40675229669333,25.828347206922214
19053,corn,2022,11,148.7,185.47035758746924,-36.77035758746925,36.77035758746925,24.727880018472934
19053,corn,2022,12,148.7,186.5075319436161,-37.80753194361611,37.80753194361611,25.425374541772772
19055,corn,2022,1,230.8,197.59964424776138,33.200355752238636,33.200355752238636,14.384902838924884
19055,corn,2022,2,230.8,193.5983704502732,37.20162954972682,37.20162954972682,16.11855699728198
19055,corn,2022,3,230.8,189.52887434307678,41.27112565692323,41.27112565692323,17.881770215304694
19055,corn,2022,4,230.8,191.5494156582696,39.250584341730416,39.250584341730416,17.006319038877997
19055,corn,2022,5,230.8,189.06722679557762,41.73277320442239,41.73277320442239,18.081790816474168
19055,corn,2022,6,230.8,189.55585397730357,41.24414602269644,41.24414602269644,17.870080599088578
19055,corn,2022,7,230.8,187.1288404016899,43.67115959831011,43.67115959831011,18.921646273097966
19055,corn,2022,8,230.8,190.79992280807306,40.00007719192695,40.00007719192695,17.331055975704913
19055,corn,2022,9,230.8,190.60713802547633,40.19286197452368,40.19286197452368,17.41458491097213
19055,corn,2022,10,230.8,186.65974732223955,44.14025267776046,44.14025267776046,19.124892841317358
19055,corn,2022,11,230.8,188.50029837368945,42.299701626310565,42.299701626310565,18.327427047794874
19055,corn,2022,12,230.8,192.76704317833799,38.032956821662026,38.032956821662026,16.47875078928164
19057,corn,2022,1,194.8,193.2787421271431,1.5212578728569213,1.5212578728569213,0.7809331996185427
19057,corn,2022,2,194.8,193.1432274571672,1.6567725428328117,1.6567725428328117,0.8504992519675625
19057,corn,2022,3,194.8,190.4079982502891,4.392001749710914,4.392001749710914,2.2546210214121736
19057,corn,2022,4,194.8,190.5142157057747,4.285784294225323,4.285784294225323,2.200094606891849
19057,corn,2022,5,194.8,188.68357109534614,6.116428904653873,6.116428904653873,3.139850567070776
19057,corn,2022,6,194.8,186.8188880968327,7.981111903167317,7.981111903167317,4.097080032426754
19057,corn,2022,7,194.8,186.2398573356023,8.560142664397716,8.560142664397716,4.394323749690819
19057,corn,2022,8,194.8,186.44211262615264,8.357887373847376,8.357887373847376,4.290496598484279
19057,corn,2022,9,194.8,189.3954486215074,5.404551378492613,5.404551378492613,2.774410358569103
19057,corn,2022,10,194.8,185.55913990406464,9.240860095935375,9.240860095935375,4.74376801639393
19057,corn,2022,11,194.8,188.76495942658718,6.035040573412829,6.035040573412829,3.09807010955484
19057,corn,2022,12,194.8,192.19487052165624,2.6051294783437697,2.6051294783437697,1.3373354611620993
19059,corn,2022,1,203.4,191.0971033460445,12.302896653955514,12.302896653955514,6.048621757106939
19059,corn,2022,2,203.4,193.2221239666986,10.177876033301402,10.177876033301402,5.003872189430384
19059,corn,2022,3,203.4,192.78601738039697,10.613982619603036,10.613982619603036,5.218280540611128
19059,corn,2022,4,203.4,192.4394347562484,10.960565243751603,10.960565243751603,5.38867514442065
19059,corn,2022,5,203.4,192.17748567510355,11.222514324896451,11.222514324896451,5.517460336723919
19059,corn,2022,6,203.4,190.6298180144042,12.770181985595798,12.770181985595798,6.278358891640018
19059,corn,2022,7,203.4,184.41000217295652,18.98999782704348,18.98999782704348,9.336282117523835
19059,corn,2022,8,203.4,188.24790327023757,15.152096729762434,15.152096729762434,7.4494084217121115
19059,corn,2022,9,203.4,191.0862020086677,12.313797991332308,12.313797991332308,6.053981313339384
19059,corn,2022,10,203.4,189.53574259067034,13.864257409329667,13.864257409329667,6.816252413633071
19059,corn,2022,11,203.4,191.42958578464248,11.970414215357522,11.970414215357522,5.885159397914219
19059,corn,2022,12,203.4,192.29180823892094,11.10819176107907,11.10819176107907,5.461254553136219
19061,corn,2022,1,223.7,198.7647687226553,24.935231277344684,24.935231277344684,11.14672833140129
19061,corn,2022,2,223.7,198.53709111577086,25.162908884229125,25.162908884229125,11.248506430142658
19061,corn,2022,3,223.7,191.9159684259671,31.784031574032895,31.784031574032895,14.208328821650825
19061,corn,2022,4,223.7,189.51460799268375,34.18539200731624,34.18539200731624,15.28180241721781
19061,corn,2022,5,223.7,188.77126698237643,34.92873301762356,34.92873301762356,15.614096118740974
19061,corn,2022,6,223.7,194.17032694312638,29.529673056873605,29.529673056873605,13.200569091137062
19061,corn,2022,7,223.7,191.9865435231079,31.713456476892077,31.713456476892077,14.176779828740314
19061,corn,2022,8,223.7,194.96719188094414,28.732808119055846,28.732808119055846,12.844348734490769
19061,corn,2022,9,223.7,192.7638951923395,30.936104807660485,30.936104807660485,13.829282435252788
19061,corn,2022,10,223.7,189.61773667514075,34.08226332485924,34.08226332485924,15.235701083978203
19061,corn,2022,11,223.7,187.7391619060402,35.96083809395978,35.96083809395978,16.075475231989174
19061,corn,2022,12,223.7,191.9395286811273,31.760471318872675,31.760471318872675,14.19779674513754
19063,corn,2022,1,213.7,190.4020914504704,23.29790854952958,23.29790854952958,10.902156551019926
19063,corn,2022,2,213.7,193.29000178963,20.40999821036999,20.40999821036999,9.550771272985491
19063,corn,2022,3,213.7,192.83295324022555,20.86704675977444,20.86704675977444,9.76464518473301
19063,corn,2022,4,213.7,192.09372558093682,21.60627441906317,21.60627441906317,10.110563602743646
19063,corn,2022,5,213.7,192.44609417741626,21.253905822583732,21.253905822583732,9.945674226758882
19063,corn,2022,6,213.7,190.86915818040316,22.830841819596827,22.830841819596827,10.683594674589063
19063,corn,2022,7,213.7,184.3896162905331,29.31038370946689,29.31038370946689,13.715668558477724
19063,corn,2022,8,213.7,190.00390632317706,23.696093676822926,23.696093676822926,11.088485576426264
19063,corn,2022,9,213.7,190.56318963236438,23.136810367635604,23.136810367635604,10.82677134657726
19063,corn,2022,10,213.7,188.12400190307454,25.575998096925446,25.575998096925446,11.968178800620237
19063,corn,2022,11,213.7,191.92014894354344,21.77985105645655,21.77985105645655,10.191788047008213
19063,corn,2022,12,213.7,192.19762742690122,21.502372573098768,21.502372573098768,10.061943178801483
19065,corn,2022,1,209.8,200.9000046320067,8.899995367993313,8.899995367993313,4.242133159196049
19065,corn,2022,2,209.8,200.3644008328605,9.435599167139515,9.435599167139515,4.497425723136089
19065,corn,2022,3,209.8,192.33074200219173,17.469257997808285,17.469257997808285,8.326624403149802
19065,corn,2022,4,209.8,191.26176193307177,18.538238066928244,18.538238066928244,8.836147791672184
19065,corn,2022,5,209.8,190.44958074870223,19.35041925129778,19.35041925129778,9.223269423878827
19065,corn,2022,6,209.8,196.13599171345547,13.664008286544544,13.664008286544544,6.5128733491632715
19065,corn,2022,7,209.8,190.38444195140082,19.415558048599195,19.415558048599195,9.254317468350425
19065,corn,2022,8,209.8,194.03648140146385,15.763518598536166,15.763518598536166,7.513593230951461
19065,corn,2022,9,209.8,190.59222124814488,19.20777875185513,19.20777875185513,9.15528062528843
19065,corn,2022,10,209.8,187.2209336224342,22.579066377565823,22.579066377565823,10.762186071289715
19065,corn,2022,11,209.8,189.33994087254206,20.460059127457953,20.460059127457953,9.752173082677764
19065,corn,2022,12,209.8,196.3739559082821,13.426044091717898,13.426044091717898,6.3994490427635355
19067,corn,2022,1,204.6,193.55993558198688,11.040064418013117,11.040064418013117,5.395925913007389
19067,corn,2022,2,204.6,192.76209144897717,11.83790855102282,11.83790855102282,5.785879057195905
19067,corn,2022,3,204.6,191.6113998464221,12.988600153577892,12.988600153577892,6.348289420126046
19067,corn,2022,4,204.6,191.4009467391599,13.199053260840088,13.199053260840088,6.451150176363679
19067,corn,2022,5,204.6,191.51724335887914,13.082756641120852,13.082756641120852,6.394309208758971
19067,corn,2022,6,204.6,192.29183861867355,12.308161381326443,12.308161381326443,6.015719150208428
19067,corn,2022,7,204.6,184.7327950756547,19.867204924345288,19.867204924345288,9.710266336434648
19067,corn,2022,8,204.6,190.55751049663053,14.042489503369467,14.042489503369467,6.863386854041773
19067,corn,2022,9,204.6,190.4866441895588,14.113355810441192,14.113355810441192,6.898023367762068
19067,corn,2022,10,204.6,187.46187493252074,17.13812506747925,17.13812506747925,8.376405213821727
19067,corn,2022,11,204.6,191.3699174728649,13.230082527135096,13.230082527135096,6.466315995667203
19067,corn,2022,12,204.6,192.03956189464,12.560438105359992,12.560438105359992,6.139021556871942
19069,corn,2022,1,220.1,197.24654578155912,22.853454218440874,22.853454218440874,10.38321409288545
19069,corn,2022,2,220.1,197.52930042668464,22.570699573315352,22.570699573315352,10.2547476480306
19069,corn,2022,3,220.1,192.65270561830465,27.447294381695343,27.447294381695343,12.470374548703019
19069,corn,2022,4,220.1,192.33505273233243,27.764947267667566,27.764947267667566,12.614696623201985
19069,corn,2022,5,220.1,192.72384557671774,27.37615442328226,27.37615442328226,12.438052895630285
19069,corn,2022,6,220.1,195.18340897185723,24.91659102814276,24.91659102814276,11.320577477575085
19069,corn,2022,7,220.1,186.25020295391428,33.84979704608571,33.84979704608571,15.379280802401505
19069,corn,2022,8,220.1,194.33216521102872,25.76783478897127,25.76783478897127,11.707330662867456
19069,corn,2022,9,220.1,191.73265600183097,28.36734399816902,28.36734399816902,12.888388913298055
19069,corn,2022,10,220.1,190.5303193027718,29.569680697228193,29.569680697228193,13.434657290880597
19069,corn,2022,11,220.1,192.13620737514552,27.963792624854477,27.963792624854477,12.705039811383227
19069,corn,2022,12,220.1,195.76144388360214,24.338556116397854,24.338556116397854,11.05795371031252
19071,corn,2022,1,191.6,199.0108684258173,-7.410868425817313,7.410868425817313,3.8678853996958833
19071,corn,2022,2,191.6,195.16098474901858,-3.560984749018587,3.560984749018587,1.858551539153751
19071,corn,2022,3,191.6,191.0946882173271,0.5053117826728908,0.5053117826728908,0.263732663190444
19071,corn,2022,4,191.6,191.89442091081455,-0.29442091081455146,0.29442091081455146,0.15366435846270954
19071,corn,2022,5,191.6,190.1656958904826,1.4343041095173987,1.4343041095173987,0.7485929590383084
19071,corn,2022,6,191.6,196.9548040430045,-5.354804043004492,5.354804043004492,2.794782903447021
19071,corn,2022,7,191.6,189.31993603798708,2.2800639620129175,2.2800639620129175,1.19001250626979
19071,corn,2022,8,191.6,194.01863285994105,-2.418632859941056,2.418632859941056,1.2623344780485677
19071,corn,2022,9,191.6,192.07563917477825,-0.47563917477825157,0.47563917477825157,0.24824591585503736
19071,corn,2022,10,191.6,188.81954364192902,2.7804563580709782,2.7804563580709782,1.4511776399117842
19071,corn,2022,11,191.6,191.29407043292542,0.3059295670745712,0.3059295670745712,0.15967096402639416
19071,corn,2022,12,191.6,194.51381861097948,-2.91381861097949,2.91381861097949,1.5207821560435753
19073,corn,2022,1,197.3,197.6771568583971,-0.3771568583970861,0.3771568583970861,0.19115907673445823
19073,corn,2022,2,197.3,194.72491292437977,2.575087075620246,2.575087075620246,1.3051632415713361
19073,corn,2022,3,197.3,190.52227455667563,6.777725443324385,6.777725443324385,3.435238440610433
19073,corn,2022,4,197.3,192.22714969092473,5.072850309075278,5.072850309075278,2.5711354835657767
19073,corn,2022,5,197.3,191.43274769006877,5.867252309931246,5.867252309931246,2.973772078018878
19073,corn,2022,6,197.3,193.75509256447137,3.5449074355286427,3.5449074355286427,1.7967092932228295
19073,corn,2022,7,197.3,186.43232145318416,10.867678546815853,10.867678546815853,5.50819997304402
19073,corn,2022,8,197.3,189.19022200118255,8.109777998817464,8.109777998817464,4.110379117494913
19073,corn,2022,9,197.3,190.11387657214556,7.186123427854454,7.186123427854454,3.642231843818781
19073,corn,2022,10,197.3,191.2369169463003,6.0630830536997,6.0630830536997,3.0730273967053723
19073,corn,2022,11,197.3,193.8370371378074,3.4629628621925974,3.4629628621925974,1.7551763112988328
19073,corn,2022,12,197.3,195.09189871863535,2.2081012813646623,2.2081012813646623,1.1191592911123478
19075,corn,2022,1,207.5,202.38148786965107,5.1185121303489325,5.1185121303489325,2.4667528339031
19075,corn,2022,2,207.5,195.9600391119772,11.53996088802279,11.53996088802279,5.561426933986887
19075,corn,2022,3,207.5,188.81241622001,18.687583779990007,18.687583779990007,9.00606447228434
19075,corn,2022,4,207.5,190.24054738331404,17.259452616685962,17.259452616685962,8.317808489969138
19075,corn,2022,5,207.5,193.8359528677574,13.664047132242587,13.664047132242587,6.585082955297632
19075,corn,2022,6,207.5,199.8554790261674,7.644520973832613,7.644520973832613,3.6841064934133074
19075,corn,2022,7,207.5,190.34629617759305,17.153703822406953,17.153703822406953,8.266845215617808
19075,corn,2022,8,207.5,197.4976040595465,10.00239594045351,10.00239594045351,4.8204317785318125
19075,corn,2022,9,207.5,193.54117183285194,13.958828167148056,13.958828167148056,6.727146104649666
19075,corn,2022,10,207.5,189.51415014449205,17.98584985550795,17.98584985550795,8.667879448437567
19075,corn,2022,11,207.5,192.9439442404471,14.55605575955289,14.55605575955289,7.014966631109827
19075,corn,2022,12,207.5,198.88333818820277,8.61666181179723,8.61666181179723,4.152608102070953
19077,corn,2022,1,193.6,198.76648596448257,-5.166485964482575,5.166485964482575,2.6686394444641404
19077,corn,2022,2,193.6,197.18609010891478,-3.5860901089147887,3.5860901089147887,1.852319271133672
19077,corn,2022,3,193.6,190.50541713420805,3.094582865791949,3.094582865791949,1.5984415629090647
19077,corn,2022,4,193.6,190.20793061337744,3.392069386622552,3.392069386622552,1.7521019559000786
19077,corn,2022,5,193.6,189.9336625539708,3.666337446029189,3.666337446029189,1.8937693419572257
19077,corn,2022,6,193.6,196.23820226255907,-2.6382022625590764,2.6382022625590764,1.362707780247457
19077,corn,2022,7,193.6,190.27082234919348,3.329177650806514,3.329177650806514,1.719616555168654
19077,corn,2022,8,193.6,193.02331257738666,0.5766874226133325,0.5766874226133325,0.2978757348209362
19077,corn,2022,9,193.6,192.30311492258397,1.2968850774160217,1.2968850774160217,0.6698786556900939
19077,corn,2022,10,193.6,189.31756341897554,4.282436581024456,4.282436581024456,2.2120023662316406
19077,corn,2022,11,193.6,193.048855836814,0.5511441631859952,0.5511441631859952,0.284681902472105
19077,corn,2022,12,193.6,196.92907162987774,-3.3290716298777454,3.3290716298777454,1.719561792292224
19079,corn,2022,1,208.6,200.88257249039688,7.717427509603112,7.717427509603112,3.69962967862086
19079,corn,2022,2,208.6,198.556964461283,10.043035538716993,10.043035538716993,4.814494505616967
19079,corn,2022,3,208.6,192.89639839377088,15.703601606229114,15.703601606229114,7.528092812190371
19079,corn,2022,4,208.6,192.28490075258355,16.31509924741644,16.31509924741644,7.82123645609609
19079,corn,2022,5,208.6,193.47235351011872,15.127646489881272,15.127646489881272,7.251987770796392
19079,corn,2022,6,208.6,195.94217289138504,12.657827108614953,12.657827108614953,6.067989984954436
19079,corn,2022,7,208.6,188.91098442898257,19.68901557101742,19.68901557101742,9.438646007199146
19079,corn,2022,8,208.6,193.04469851525778,15.555301484742216,15.555301484742216,7.456999752992434
19079,corn,2022,9,208.6,190.36665220259383,18.233347797406168,18.233347797406168,8.740818694825585
19079,corn,2022,10,208.6,190.96255954387743,17.63744045612256,17.63744045612256,8.455148828438428
19079,corn,2022,11,208.6,193.05243480571212,15.54756519428787,15.54756519428787,7.453291080674913
19079,corn,2022,12,208.6,197.81104015123128,10.788959848768712,10.788959848768712,5.172080464414532
19081,corn,2022,1,211.5,197.57805716323196,13.92194283676804,13.92194283676804,6.5824788826326435
19081,corn,2022,2,211.5,197.59269834413223,13.90730165586777,13.90730165586777,6.575556338471758
19081,corn,2022,3,211.5,192.3701435988117,19.129856401188306,19.129856401188306,9.044849362263975
19081,corn,2022,4,211.5,192.3346063146064,19.16539368539361,19.16539368539361,9.061651860706199
19081,corn,2022,5,211.5,192.7969048937256,18.70309510627439,18.70309510627439,8.843070972233754
19081,corn,2022,6,211.5,194.3250030019391,17.17499699806089,17.17499699806089,8.120565956529973
19081,corn,2022,7,211.5,185.95735492014583,25.542645079854168,25.542645079854168,12.076900746975966
19081,corn,2022,8,211.5,192.53772777059496,18.962272229405045,18.962272229405045,8.965613347236427
19081,corn,2022,9,211.5,191.82033190591085,19.679668094089152,19.679668094089152,9.304807609498416
19081,corn,2022,10,211.5,190.6063548974127,20.8936451025873,20.8936451025873,9.878792010679573
19081,corn,2022,11,211.5,190.28186131596806,21.218138684031942,21.218138684031942,10.032216871882715
19081,corn,2022,12,211.5,195.00160818722048,16.498391812779516,16.498391812779516,7.800658067508046
19083,corn,2022,1,215.6,200.46658315441817,15.13341684558182,15.13341684558182,7.0192100396947215
19083,corn,2022,2,215.6,198.60040290352367,16.99959709647632,16.99959709647632,7.884785295211652
19083,corn,2022,3,215.6,191.64546882150464,23.95453117849536,23.95453117849536,11.110635982604526
19083,corn,2022,4,215.6,192.95157012167522,22.648429878324777,22.648429878324777,10.504837605902031
19083,corn,2022,5,215.6,192.46810486526948,23.131895134730513,23.131895134730513,10.729079376034562
19083,corn,2022,6,215.6,196.63276101270375,18.96723898729624,18.96723898729624,8.79742068056412
19083,corn,2022,7,215.6,189.86179138827168,25.73820861172831,25.73820861172831,11.937944625105896
19083,corn,2022,8,215.6,195.9136953077604,19.686304692239588,19.686304692239588,9.13093909658608
19083,corn,2022,9,215.6,190.88831309552702,24.71168690447297,24.71168690447297,11.461821384263901
19083,corn,2022,10,215.6,190.7719394004545,24.828060599545495,24.828060599545495,11.515798051737242
19083,corn,2022,11,215.6,193.15155169597148,22.448448304028517,22.448448304028517,10.412081773668143
19083,corn,2022,12,215.6,198.39613863826858,17.203861361731413,17.203861361731413,7.9795275332706
19085,corn,2022,1,172.4,201.0574123908783,-28.657412390878306,28.657412390878306,16.622628997029178
19085,corn,2022,2,172.4,199.15845743949487,-26.75845743949486,26.75845743949486,15.521147006667551
19085,corn,2022,3,172.4,193.1984445064693,-20.79844450646928,20.79844450646928,12.064062938787286
19085,corn,2022,4,172.4,193.47164672233237,-21.07164672233236,21.07164672233236,12.222532901584895
19085,corn,2022,5,172.4,193.09104268174448,-20.691042681744477,20.691042681744477,12.001764896603524
19085,corn,2022,6,172.4,197.88675387118508,-25.486753871185073,25.486753871185073,14.783499925281365
19085,corn,2022,7,172.4,191.44143366222076,-19.041433662220754,19.041433662220754,11.044915117297421
19085,corn,2022,8,172.4,195.7361078802293,-23.336107880229292,23.336107880229292,13.536025452569195
19085,corn,2022,9,172.4,195.46274494837644,-23.062744948376434,23.062744948376434,13.377462267039695
19085,corn,2022,10,172.4,189.99771639047415,-17.597716390474147,17.597716390474147,10.207492105843473
19085,corn,2022,11,172.4,191.69236293991702,-19.292362939917012,19.292362939917012,11.19046574241126
19085,corn,2022,12,172.4,201.8989280970009,-29.498928097000885,29.498928097000885,17.110747156032996
19087,corn,2022,1,167.7,191.43569896027896,-23.735698960278967,23.735698960278967,14.1536666429809
19087,corn,2022,2,167.7,192.39104325741633,-24.69104325741634,24.69104325741634,14.723341238769432
19087,corn,2022,3,167.7,190.78580758916377,-23.085807589163778,23.085807589163778,13.766134519477507
19087,corn,2022,4,167.7,189.16828219126933,-21.46828219126934,21.46828219126934,12.801599398490959
19087,corn,2022,5,167.7,186.624863887758,-18.924863887758022,18.924863887758022,11.28495163253311
19087,corn,2022,6,167.7,183.87854222396774,-16.178542223967753,16.178542223967753,9.647311999980772
19087,corn,2022,7,167.7,184.86230408431535,-17.162304084315366,17.162304084315366,10.233932071744405
19087,corn,2022,8,167.7,185.61894320661312,-17.918943206613136,17.918943206613136,10.68511819118255
19087,corn,2022,9,167.7,189.4898366659253,-21.78983666592532,21.78983666592532,12.9933432712733
19087,corn,2022,10,167.7,185.5645927210472,-17.864592721047217,17.864592721047217,10.652708837833762
19087,corn,2022,11,167.7,188.6198250646198,-20.9198250646198,20.9198250646198,12.474552811341564
19087,corn,2022,12,167.7,191.14093948945424,-23.44093948945425,23.44093948945425,13.977900709275046
19089,corn,2022,1,217.3,190.25500932536684,27.04499067463317,27.04499067463317,12.445922997990413
19089,corn,2022,2,217.3,189.1727249225009,28.12727507749912,28.12727507749912,12.943983008513172
19089,corn,2022,3,217.3,189.1056826050556,28.19431739494442,28.19431739494442,12.974835432556105
19089,corn,2022,4,217.3,192.00204644258062,25.29795355741939,25.29795355741939,11.641948254679885
19089,corn,2022,5,217.3,191.90165281868263,25.398347181317376,25.398347181317376,11.688148725870859
19089,corn,2022,6,217.3,191.75787014393615,25.542129856063866,25.542129856063866,11.754316546739007
19089,corn,2022,7,217.3,185.7642852764808,31.53571472351922,31.53571472351922,14.512524032912664
19089,corn,2022,8,217.3,187.48165282100473,29.818347178995282,29.818347178995282,13.722203027609424
19089,corn,2022,9,217.3,189.2329489072498,28.067051092750205,28.067051092750205,12.916268335365947
19089,corn,2022,10,217.3,184.9594188095221,32.340581190477906,32.340581190477906,14.882918173252602
19089,corn,2022,11,217.3,186.77466833071637,30.525331669283645,30.525331669283645,14.04755253993725
19089,corn,2022,12,217.3,191.65958271658863,25.64041728341138,25.64041728341138,11.799547760428615
19091,corn,2022,1,195.5,193.31874888178478,2.181251118215215,2.181251118215215,1.1157294722328466
19091,corn,2022,2,195.5,192.26526673113446,3.23473326886554,3.23473326886554,1.6545950224376165
19091,corn,2022,3,195.5,191.94981061114888,3.5501893888511233,3.5501893888511233,1.8159536515862524
19091,corn,2022,4,195.5,192.48385012840583,3.016149871594166,3.016149871594166,1.5427876581044326
19091,corn,2022,5,195.5,192.32836064004084,3.1716393599591584,3.1716393599591584,1.6223219232527664
19091,corn,2022,6,195.5,191.92432899412782,3.575671005872181,3.575671005872181,1.8289877267888393
19091,corn,2022,7,195.5,184.31709800252023,11.182901997479775,11.182901997479775,5.7201544744142065
19091,corn,2022,8,195.5,191.0580204384265,4.441979561573504,4.441979561573504,2.2721123077102323
19091,corn,2022,9,195.5,191.27096749421392,4.22903250578608,4.22903250578608,2.1631879824992737
19091,corn,2022,10,195.5,189.84496461061306,5.6550353893869385,5.6550353893869385,2.8926012221928072
19091,corn,2022,11,195.5,192.69744139574786,2.802558604252141,2.802558604252141,1.4335338129166961
19091,corn,2022,12,195.5,192.35148517137517,3.148514828624826,3.148514828624826,1.610493518478172
19093,corn,2022,1,221.2,198.5190645428959,22.680935457104084,22.680935457104084,10.253587458003654
19093,corn,2022,2,221.2,196.2800007898335,24.91999921016648,24.91999921016648,11.265822427742531
19093,corn,2022,3,221.2,192.5253326098489,28.674667390151086,28.674667390151086,12.963231189037563
19093,corn,2022,4,221.2,194.27414943317032,26.925850566829666,26.925850566829666,12.172626838530592
19093,corn,2022,5,221.2,192.98196801265067,28.21803198734932,28.21803198734932,12.756795654317054
19093,corn,2022,6,221.2,196.41403488870972,24.785965111290267,24.785965111290267,11.205228350492888
19093,corn,2022,7,221.2,187.22715331151096,33.97284668848903,33.97284668848903,15.358429786839526
19093,corn,2022,8,221.2,192.98038139847807,28.219618601521915,28.219618601521915,12.757512930163614
19093,corn,2022,9,221.2,191.77334613186866,29.426653868131325,29.426653868131325,13.303188909643456
19093,corn,2022,10,221.2,187.27768762289207,33.922312377107914,33.922312377107914,15.33558425728206
19093,corn,2022,11,221.2,192.6131329565703,28.58686704342969,28.58686704342969,12.923538446396787
19093,corn,2022,12,221.2,196.49772408645688,24.702275913543104,24.702275913543104,11.16739417429616
19095,corn,2022,1,205.9,196.98616526107432,8.913834738925686,8.913834738925686,4.329205798409755
19095,corn,2022,2,205.9,194.52521061255047,11.374789387449539,11.374789387449539,5.524424180402884
19095,corn,2022,3,205.9,189.00576315976693,16.894236840233077,16.894236840233077,8.205068887922815
19095,corn,2022,4,205.9,190.8945029986605,15.005497001339506,15.005497001339506,7.28775959268553
19095,corn,2022,5,205.9,187.8630467614298,18.03695323857019,18.03695323857019,8.760054996877217
19095,corn,2022,6,205.9,190.10874682698355,15.791253173016457,15.791253173016457,7.669379880046846
19095,corn,2022,7,205.9,188.1514549846871,17.748545015312914,17.748545015312914,8.619983008894081
19095,corn,2022,8,205.9,192.2855948164067,13.614405183593306,13.614405183593306,6.612144333945268
19095,corn,2022,9,205.9,190.20842070124516,15.691579298754846,15.691579298754846,7.620971004737662
19095,corn,2022,10,205.9,187.93872219083246,17.96127780916754,17.96127780916754,8.72330151003766
19095,corn,2022,11,205.9,190.54420087578552,15.355799124214485,15.355799124214485,7.457891755325151
19095,corn,2022,12,205.9,191.81660499592644,14.083395004073566,14.083395004073566,6.839919865990075
19097,corn,2022,1,219.2,195.81541949647573,23.384580503524262,23.384580503524262,10.668148039928953
19097,corn,2022,2,219.2,195.83031562370604,23.369684376293947,23.369684376293947,10.66135236144797
19097,corn,2022,3,219.2,193.85795621534962,25.34204378465037,25.34204378465037,11.561151361610571
19097,corn,2022,4,219.2,190.192983847359,29.007016152641,29.007016152641,13.233127806861772
19097,corn,2022,5,219.2,191.55569233414707,27.64430766585292,27.64430766585292,12.611454227122683
19097,corn,2022,6,219.2,195.07888119300583,24.12111880699416,24.12111880699416,11.004160039687118
19097,corn,2022,7,219.2,192.82247893263738,26.377521067362608,26.377521067362608,12.033540632920898
19097,corn,2022,8,219.2,194.58944354916426,24.61055645083573,24.61055645083573,11.22744363633017
19097,corn,2022,9,219.2,194.8767800667029,24.323219933297082,24.323219933297082,11.096359458620931
19097,corn,2022,10,219.2,189.99320054251675,29.206799457483243,29.206799457483243,13.32426982549418
19097,corn,2022,11,219.2,189.5428449312344,29.657155068765576,29.657155068765576,13.529724027721524
19097,corn,2022,12,219.2,192.71396648962224,26.48603351037775,26.48603351037775,12.083044484661382
19099,corn,2022,1,203.6,199.15678312020043,4.443216879799564,4.443216879799564,2.1823265617876055
19099,corn,2022,2,203.6,192.33396950830476,11.266030491695233,11.266030491695233,5.533413797492747
19099,corn,2022,3,203.6,191.1623842379531,12.437615762046903,12.437615762046903,6.10884860611341
19099,corn,2022,4,203.6,191.5404462961984,12.059553703801583,12.059553703801583,5.9231599723976345
19099,corn,2022,5,203.6,190.3477208335068,13.252279166493196,13.252279166493196,6.5089779796135545
19099,corn,2022,6,203.6,196.78427116537944,6.815728834620558,6.815728834620558,3.3476074826230633
19099,corn,2022,7,203.6,190.6271543235988,12.972845676401192,12.972845676401192,6.3717316681734735
19099,corn,2022,8,203.6,194.60239439731552,8.997605602684473,8.997605602684473,4.419256189923612
19099,corn,2022,9,203.6,192.85056046721292,10.749439532787079,10.749439532787079,5.279685428677348
19099,corn,2022,10,203.6,190.81219679095878,12.787803209041215,12.787803209041215,6.280846369863072
19099,corn,2022,11,203.6,192.8758620662573,10.724137933742696,10.724137933742696,5.267258317162424
19099,corn,2022,12,203.6,198.858446936945,4.741553063054994,4.741553063054994,2.3288571036615884
19101,corn,2022,1,178.0,189.62612785294996,-11.626127852949963,11.626127852949963,6.531532501657283
19101,corn,2022,2,178.0,191.93102965024383,-13.931029650243829,13.931029650243829,7.826421151822376
19101,corn,2022,3,178.0,191.11061731450954,-13.11061731450954,13.11061731450954,7.365515345230078
19101,corn,2022,4,178.0,188.15025458783785,-10.15025458783785,10.15025458783785,5.702390217886433
19101,corn,2022,5,178.0,185.54712709110328,-7.5471270911032775,7.5471270911032775,4.239959039945662
19101,corn,2022,6,178.0,184.35449567419107,-6.354495674191071,6.354495674191071,3.5699413899949834
19101,corn,2022,7,178.0,184.917626663404,-6.917626663404008,6.917626663404008,3.886307114271914
19101,corn,2022,8,178.0,186.2218120344459,-8.22181203444589,8.22181203444589,4.618995524969601
19101,corn,2022,9,178.0,189.47094150833232,-11.470941508332317,11.470941508332317,6.444349161984447
19101,corn,2022,10,178.0,186.23963843920865,-8.239638439208647,8.239638439208647,4.6290103591059815
19101,corn,2022,11,178.0,189.06003689374128,-11.060036893741284,11.060036893741284,6.213503872888362
19101,corn,2022,12,178.0,190.27223750987986,-12.272237509879858,12.272237509879858,6.894515454988684
19103,corn,2022,1,205.2,197.51556167390964,7.684438326090344,7.684438326090344,3.7448529854241444
19103,corn,2022,2,205.2,197.02291709945828,8.177082900541706,8.177082900541706,3.984933187398492
19103,corn,2022,3,205.2,191.19703902391697,14.002960976083017,14.002960976083017,6.824055056570671
19103,corn,2022,4,205.2,188.9634749406189,16.23652505938108,16.23652505938108,7.912536578645751
19103,corn,2022,5,205.2,187.69860960981293,17.501390390187055,17.501390390187055,8.528942685276343
19103,corn,2022,6,205.2,194.16233838346196,11.037661616538031,11.037661616538031,5.3789773959737
19103,corn,2022,7,205.2,190.7431497038125,14.456850296187497,14.456850296187497,7.0452486823525815
19103,corn,2022,8,205.2,193.61150587849193,11.588494121508063,11.588494121508063,5.647414289233949
19103,corn,2022,9,205.2,191.15391747760975,14.046082522390236,14.046082522390236,6.845069455355866
19103,corn,2022,10,205.2,188.69153789704558,16.50846210295441,16.50846210295441,8.045059504363747
19103,corn,2022,11,205.2,187.26086834113173,17.939131658868263,17.939131658868263,8.742266890286677
19103,corn,2022,12,205.2,192.45209254557076,12.747907454429225,12.747907454429225,6.212430533347576
19105,corn,2022,1,218.2,195.6486320317918,22.551367968208183,22.551367968208183,10.33518238689651
19105,corn,2022,2,218.2,193.28020249693654,24.91979750306345,24.91979750306345,11.420622137059325
19105,corn,2022,3,218.2,192.71860863106377,25.481391368936215,25.481391368936215,11.677997877605966
19105,corn,2022,4,218.2,191.10821638221495,27.09178361778504,27.09178361778504,12.41603282208297
19105,corn,2022,5,218.2,188.4208462829518,29.77915371704819,29.77915371704819,13.64764148352346
19105,corn,2022,6,218.2,189.2330290405114,28.966970959488577,28.966970959488577,13.27542207125966
19105,corn,2022,7,218.2,187.97769072656334,30.22230927343665,30.22230927343665,13.850737522198282
19105,corn,2022,8,218.2,191.06260571976375,27.137394280236236,27.137394280236236,12.436935967111017
19105,corn,2022,9,218.2,190.24724444047106,27.952755559528924,27.952755559528924,12.810612080444054
19105,corn,2022,10,218.2,186.51826052521182,31.681739474788174,31.681739474788174,14.519587293670108
19105,corn,2022,11,218.2,186.13132078114137,32.06867921885862,32.06867921885862,14.69691989865198
19105,corn,2022,12,218.2,188.39450369642765,29.80549630357234,29.80549630357234,13.659714162957076
19107,corn,2022,1,170.4,196.45460555591575,-26.054605555915742,26.054605555915742,15.290261476476374
19107,corn,2022,2,170.4,195.37539149430594,-24.97539149430594,24.97539149430594,14.65691989102461
19107,corn,2022,3,170.4,190.93872935656847,-20.538729356568467,20.538729356568467,12.053244927563654
19107,corn,2022,4,170.4,191.1609299632154,-20.760929963215403,20.760929963215403,12.183644344609979
19107,corn,2022,5,170.4,188.69845218520314,-18.298452185203132,18.298452185203132,10.738528277701368
19107,corn,2022,6,170.4,188.398179778675,-17.998179778674995,17.998179778674995,10.562312076687205
19107,corn,2022,7,170.4,187.0930524251496,-16.693052425149602,16.693052425149602,9.796392268280282
19107,corn,2022,8,170.4,189.31338928259132,-18.91338928259131,18.91338928259131,11.099406855980815
19107,corn,2022,9,170.4,189.95007497926363,-19.550074979263627,19.550074979263627,11.473048696750956
19107,corn,2022,10,170.4,187.99853530563954,-17.59853530563953,17.59853530563953,10.327778935234464
19107,corn,2022,11,170.4,190.94131271879087,-20.541312718790863,20.541312718790863,12.054760985205904
19107,corn,2022,12,170.4,193.18003137953528,-22.780031379535274,22.780031379535274,13.368563016159198
19109,corn,2022,1,197.6,198.95712140264962,-1.357121402649625,1.357121402649625,0.6868023292761261
19109,corn,2022,2,197.6,199.11212784866436,-1.5121278486643632,1.5121278486643632,0.7652468869758924
19109,corn,2022,3,197.6,197.544089126177,0.0559108738229952,0.0559108738229952,0.028294976631070445
19109,corn,2022,4,197.6,194.40952546688754,3.19047453311245,3.19047453311245,1.6146126179718878
19109,corn,2022,5,197.6,194.3861922885538,3.213807711446208,3.213807711446208,1.626420906602332
19109,corn,2022,6,197.6,195.5285790544047,2.0714209455952926,2.0714209455952926,1.0482899522243385
19109,corn,2022,7,197.6,190.49967037762318,7.100329622376819,7.100329622376819,3.593284221850617
19109,corn,2022,8,197.6,195.5027259289962,2.0972740710037954,2.0972740710037954,1.0613735177144712
19109,corn,2022,9,197.6,195.50926359686943,2.0907364031305633,2.0907364031305633,1.0580649813413783
19109,corn,2022,10,197.6,190.7940596470959,6.805940352904088,6.805940352904088,3.4443017980283845
19109,corn,2022,11,197.6,200.99558615956047,-3.39558615956048,3.39558615956048,1.718414048360567
19109,corn,2022,12,197.6,200.23388334016937,-2.633883340169376,2.633883340169376,1.3329369130411823
19111,corn,2022,1,178.2,196.4720227530959,-18.27202275309591,18.27202275309591,10.253660355272679
19111,corn,2022,2,178.2,197.34463602868937,-19.144636028689376,19.144636028689376,10.743342328108517
19111,corn,2022,3,178.2,191.99505594058272,-13.795055940582728,13.795055940582728,7.741333299990308
19111,corn,2022,4,178.2,192.52725832762022,-14.327258327620228,14.327258327620228,8.039987838170722
19111,corn,2022,5,178.2,189.05063663902757,-10.850636639027584,10.850636639027584,6.0890216829559956
19111,corn,2022,6,178.2,192.87600437241483,-14.676004372414837,14.676004372414837,8.23569268934615
19111,corn,2022,7,178.2,190.81477000069953,-12.614770000699536,12.614770000699536,7.078995511054735
19111,corn,2022,8,178.2,190.00326298647843,-11.803262986478444,11.803262986478444,6.623604369516524
19111,corn,2022,9,178.2,193.57939152627662,-15.379391526276635,15.379391526276635,8.630410508572748
19111,corn,2022,10,178.2,188.21646714638715,-10.016467146387157,10.016467146387157,5.620913101227361
19111,corn,2022,11,178.2,189.7199535249426,-11.519953524942622,11.519953524942622,6.464620384367353
19111,corn,2022,12,178.2,194.35338119154878,-16.15338119154879,16.15338119154879,9.064748143405605
19113,corn,2022,1,215.0,198.99359320167343,16.006406798326566,16.006406798326566,7.444840371314681
19113,corn,2022,2,215.0,196.75261747886893,18.247382521131073,18.247382521131073,8.487154660991196
19113,corn,2022,3,215.0,193.49504721388183,21.504952786118167,21.504952786118167,10.002303621450311
19113,corn,2022,4,215.0,191.8221952515684,23.177804748431612,23.177804748431612,10.7803743015961
19113,corn,2022,5,215.0,189.72973592733754,25.270264072662457,25.270264072662457,11.75361119658719
19113,corn,2022,6,215.0,194.93843672638968,20.061563273610318,20.061563273610318,9.330959662144334
19113,corn,2022,7,215.0,191.71513105184155,23.284868948158447,23.284868948158447,10.830171603794627
19113,corn,2022,8,215.0,194.98361698824107,20.016383011758933,20.016383011758933,9.30994558686462
19113,corn,2022,9,215.0,191.79164219722566,23.208357802774344,23.208357802774344,10.794585024546206
19113,corn,2022,10,215.0,190.57029810228806,24.429701897711936,24.429701897711936,11.362652045447412
19113,corn,2022,11,215.0,190.14944851987318,24.850551480126825,24.850551480126825,11.558396037268292
19113,corn,2022,12,215.0,195.18187258705768,19.818127412942317,19.818127412942317,9.217733680438286
19115,corn,2022,1,196.3,196.50789706896873,-0.20789706896871962,0.20789706896871962,0.1059078293269076
19115,corn,2022,2,196.3,195.96337845518835,0.3366215448116634,0.3366215448116634,0.17148321182458653
19115,corn,2022,3,196.3,192.31225510103064,3.9877448989693676,3.9877448989693676,2.0314543550531674
19115,corn,2022,4,196.3,190.18246972564577,6.1175302743542375,6.1175302743542375,3.116418886578827
19115,corn,2022,5,196.3,189.24921446874333,7.050785531256679,7.050785531256679,3.5918418396620875
19115,corn,2022,6,196.3,189.5286831259778,6.7713168740222045,6.7713168740222045,3.4494737004697935
19115,corn,2022,7,196.3,187.71732575808164,8.582674241918369,8.582674241918369,4.37222325110462
19115,corn,2022,8,196.3,188.81862735229674,7.481372647703267,7.481372647703267,3.8111934017846494
19115,corn,2022,9,196.3,190.4511550557368,5.84884494426322,5.84884494426322,2.979544036812644
19115,corn,2022,10,196.3,186.77784340443156,9.522156595568447,9.522156595568447,4.850818438903946
19115,corn,2022,11,196.3,190.5349841090416,5.765015890958409,5.765015890958409,2.936839475781156
19115,corn,2022,12,196.3,192.20341401449804,4.096585985501974,4.096585985501974,2.086900654866008
19117,corn,2022,1,139.5,189.0049167354597,-49.50491673545969,49.50491673545969,35.487395509290096
19117,corn,2022,2,139.5,190.55279098207157,-51.05279098207157,51.05279098207157,36.59698278284701
19117,corn,2022,3,139.5,189.21326111086546,-49.71326111086546,49.71326111086546,35.636746316032585
19117,corn,2022,4,139.5,185.7750765717603,-46.27507657176031,46.27507657176031,33.172097900903445
19117,corn,2022,5,139.5,184.80830962743227,-45.308309627432266,45.308309627432266,32.47907500174356
19117,corn,2022,6,139.5,184.22509793536813,-44.725097935368126,44.725097935368126,32.061002104206544
19117,corn,2022,7,139.5,184.44116795065193,-44.94116795065193,44.94116795065193,32.215891004051564
19117,corn,2022,8,139.5,184.9326356286264,-45.4326356286264,45.4326356286264,32.56819758324473
19117,corn,2022,9,139.5,189.06937809742274,-49.56937809742274,49.56937809742274,35.53360437091236
19117,corn,2022,10,139.5,185.41021789403007,-45.91021789403007,45.91021789403007,32.910550461670304
19117,corn,2022,11,139.5,185.81139766498924,-46.311397664989244,46.311397664989244,33.198134526874014
19117,corn,2022,12,139.5,186.13176609858058,-46.631766098580584,46.631766098580584,33.42778931797891
19119,corn,2022,1,190.8,203.40287788726914,-12.60287788726913,12.60287788726913,6.60528191156663
19119,corn,2022,2,190.8,200.67606289604598,-9.876062896045966,9.876062896045966,5.1761335933154955
19119,corn,2022,3,190.8,196.0301800740368,-5.230180074036781,5.230180074036781,2.74118452517651
19119,corn,2022,4,190.8,194.74284372797734,-3.9428437279773334,3.9428437279773334,2.0664799412879105
19119,corn,2022,5,190.8,192.29587051080844,-1.4958705108084303,1.4958705108084303,0.7839992195012737
19119,corn,2022,6,190.8,198.1532143826666,-7.353214382666579,7.353214382666579,3.853885944793804
19119,corn,2022,7,190.8,192.1281609308093,-1.3281609308092754,1.3281609308092754,0.6961011167763498
19119,corn,2022,8,190.8,195.2156558926128,-4.41565589261279,4.41565589261279,2.3142850590213784
19119,corn,2022,9,190.8,192.1953237978765,-1.3953237978765003,1.3953237978765003,0.7313017808577046
19119,corn,2022,10,190.8,193.2563010471663,-2.456301047166278,2.456301047166278,1.2873695215756173
19119,corn,2022,11,190.8,193.93684299053277,-3.136842990532756,3.136842990532756,1.6440476889584672
19119,corn,2022,12,190.8,202.73959743939795,-11.939597439397943,11.939597439397943,6.257650649579634
19121,corn,2022,1,166.9,193.74059959568274,-26.840599595682733,26.840599595682733,16.081845174165807
19121,corn,2022,2,166.9,194.67052506390982,-27.770525063909815,27.770525063909815,16.639020409772208
19121,corn,2022,3,166.9,190.9653802258061,-24.06538022580608,24.06538022580608,14.419041477415268
19121,corn,2022,4,166.9,187.47573345275686,-20.57573345275685,20.57573345275685,12.328180618787806
19121,corn,2022,5,166.9,187.13382438372005,-20.233824383720048,20.233824383720048,12.123321979460783
19121,corn,2022,6,166.9,188.63914242800016,-21.73914242800015,21.73914242800015,13.025250106650779
19121,corn,2022,7,166.9,186.66326479138561,-19.76326479138561,19.76326479138561,11.841380941513247
19121,corn,2022,8,166.9,189.4481896914678,-22.548189691467798,22.548189691467798,13.509999815139484
19121,corn,2022,9,166.9,188.44639035548738,-21.546390355487375,21.546390355487375,12.90976054852449
19121,corn,2022,10,166.9,188.16880147016795,-21.268801470167944,21.268801470167944,12.743440066008354
19121,corn,2022,11,166.9,189.29839545760944,-22.39839545760944,22.39839545760944,13.420248926069167
19121,corn,2022,12,166.9,189.80347284801366,-22.90347284801365,22.90347284801365,13.722871688444366
19123,corn,2022,1,186.3,197.0748922222681,-10.774892222268079,10.774892222268079,5.7836243812496395
19123,corn,2022,2,186.3,194.249757258609,-7.949757258608997,7.949757258608997,4.267180493080513
19123,corn,2022,3,186.3,190.87802450361497,-4.578024503614955,4.578024503614955,2.4573400448818865
19123,corn,2022,4,186.3,190.32728121934343,-4.027281219343422,4.027281219343422,2.161718314194
19123,corn,2022,5,186.3,188.94048510899228,-2.640485108992266,2.640485108992266,1.417329634456396
19123,corn,2022,6,186.3,189.81269872775943,-3.512698727759414,3.512698727759414,1.8855065634779462
19123,corn,2022,7,186.3,187.35375688546898,-1.053756885468971,1.053756885468971,0.5656236636977836
19123,corn,2022,8,186.3,189.0594905135693,-2.7594905135692898,2.7594905135692898,1.4812080051364946
19123,corn,2022,9,186.3,189.47031721147476,-3.170317211474753,3.170317211474753,1.7017268982687885
19123,corn,2022,10,186.3,189.35856676594275,-3.058566765942743,3.058566765942743,1.641742762180753
19123,corn,2022,11,186.3,191.53439699169746,-5.2343969916974515,5.2343969916974515,2.809660220986286
19123,corn,2022,12,186.3,193.26972202070456,-6.969722020704552,6.969722020704552,3.741128298821552
19125,corn,2022,1,175.2,195.19188446356603,-19.991884463566038,19.991884463566038,11.410892958656415
19125,corn,2022,2,175.2,194.57850219948287,-19.37850219948288,19.37850219948288,11.06078892664548
19125,corn,2022,3,175.2,189.80771845319356,-14.60771845319357,14.60771845319357,8.337738843147015
19125,corn,2022,4,175.2,189.53521716904876,-14.335217169048775,14.335217169048775,8.182201580507293
19125,corn,2022,5,175.2,187.36881724288585,-12.168817242885865,12.168817242885865,6.945671942286453
19125,corn,2022,6,175.2,187.46981613983104,-12.26981613983105,12.26981613983105,7.003319714515441
19125,corn,2022,7,175.2,186.50015559662253,-11.300155596622545,11.300155596622545,6.449860500355334
19125,corn,2022,8,175.2,188.5086225994661,-13.308622599466105,13.308622599466105,7.596245775950973
19125,corn,2022,9,175.2,188.58171461762956,-13.38171461762957,13.38171461762957,7.63796496440044
19125,corn,2022,10,175.2,187.809042990037,-12.609042990037011,12.609042990037011,7.196942345911536
19125,corn,2022,11,175.2,189.87457175232362,-14.67457175232363,14.67457175232363,8.375897118906183
19125,corn,2022,12,175.2,190.34911918824906,-15.149119188249074,15.149119188249074,8.646757527539426
19127,corn,2022,1,214.1,198.04523204658426,16.054767953415734,16.054767953415734,7.498723939007816
19127,corn,2022,2,214.1,194.2184582995939,19.881541700406103,19.881541700406103,9.286100747504019
19127,corn,2022,3,214.1,189.52147861705353,24.578521382946462,24.578521382946462,11.479925914500917
19127,corn,2022,4,214.1,191.409500062165,22.690499937835,22.690499937835,10.598084977970574
19127,corn,2022,5,214.1,191.41293692704792,22.68706307295207,22.68706307295207,10.596479716465236
19127,corn,2022,6,214.1,194.98800487868056,19.11199512131944,19.11199512131944,8.926667501783951
19127,corn,2022,7,214.1,187.22713262863007,26.87286737136992,26.87286737136992,12.551549449495525
19127,corn,2022,8,214.1,192.20834585442228,21.891654145577718,21.891654145577718,10.2249669059214
19127,corn,2022,9,214.1,191.306131749933,22.793868250066993,22.793868250066993,10.646365366682389
19127,corn,2022,10,214.1,188.35473275463144,25.745267245368552,25.745267245368552,12.02487961016747
19127,corn,2022,11,214.1,191.82971055779453,22.270289442205467,22.270289442205467,10.401816647457014
19127,corn,2022,12,214.1,194.505829125162,19.594170874838,19.594170874838,9.151878035888837
19129,corn,2022,1,191.1,194.70626187327073,-3.606261873270739,3.606261873270739,1.8871072073630244
19129,corn,2022,2,191.1,192.5160336220163,-1.4160336220163003,1.4160336220163003,0.7409909063402932
19129,corn,2022,3,191.1,191.074374728832,0.02562527116799629,0.02562527116799629,0.013409351736261794
19129,corn,2022,4,191.1,190.41704171655618,0.6829582834438099,0.6829582834438099,0.35738267056191
19129,corn,2022,5,191.1,188.82093124622503,2.2790687537749648,2.2790687537749648,1.1926053133306984
19129,corn,2022,6,191.1,190.43276822627604,0.6672317737239553,0.6672317737239553,0.3491532044604685
19129,corn,2022,7,191.1,186.1073639371707,4.992636062829291,4.992636062829291,2.612577740883983
19129,corn,2022,8,191.1,187.63833411265009,3.461665887349909,3.461665887349909,1.811442117922506
19129,corn,2022,9,191.1,190.49599893970827,0.6040010602917221,0.6040010602917221,0.3160654423295249
19129,corn,2022,10,191.1,186.58830466601606,4.511695333983937,4.511695333983937,2.3609080763913854
19129,corn,2022,11,191.1,189.44005535851718,1.6599446414828094,1.6599446414828094,0.8686261860192619
19129,corn,2022,12,191.1,191.025887744088,0.07411225591198445,0.07411225591198445,0.03878192355415199
19131,corn,2022,1,217.9,188.98358571931203,28.916414280687974,28.916414280687974,13.27049760472142
19131,corn,2022,2,217.9,190.64444438954206,27.255555610457947,27.255555610457947,12.508286191123426
19131,corn,2022,3,217.9,191.41629283705674,26.48370716294326,26.48370716294326,12.154064783360836
19131,corn,2022,4,217.9,191.9431691034994,25.956830896500605,25.956830896500605,11.912267506425243
19131,corn,2022,5,217.9,192.34178024940866,25.55821975059135,25.55821975059135,11.729334442676159
19131,corn,2022,6,217.9,190.5059709275393,27.39402907246071,27.39402907246071,12.571835278779583
19131,corn,2022,7,217.9,184.9444236350168,32.955576364983216,32.955576364983216,15.124174559423228
19131,corn,2022,8,217.9,189.39025960743666,28.509740392563344,28.509740392563344,13.083864338028153
19131,corn,2022,9,217.9,191.0378466547526,26.862153345247407,26.862153345247407,12.327743618745941
19131,corn,2022,10,217.9,186.43766017978683,31.462339820213174,31.462339820213174,14.438889316297923
19131,corn,2022,11,217.9,191.51302662791343,26.386973372086572,26.386973372086572,12.109671120737298
19131,corn,2022,12,217.9,191.5972365376354,26.302763462364595,26.302763462364595,12.071024994201283
19133,corn,2022,1,168.6,202.16214923264405,-33.56214923264406,33.56214923264406,19.906375582825657
19133,corn,2022,2,168.6,199.11985706607416,-30.519857066074167,30.519857066074167,18.101931830411726
19133,corn,2022,3,168.6,194.65211554815733,-26.05211554815733,26.05211554815733,15.452025829274813
19133,corn,2022,4,168.6,193.73481549586657,-25.134815495866576,25.134815495866576,14.907956996362145
19133,corn,2022,5,168.6,193.51177431140746,-24.91177431140747,24.91177431140747,14.775666851368607
19133,corn,2022,6,168.6,196.52537027530417,-27.925370275304175,27.925370275304175,16.563090317499512
19133,corn,2022,7,168.6,191.72505910699084,-23.125059106990847,23.125059106990847,13.715930668440599
19133,corn,2022,8,168.6,197.28311200783722,-28.683112007837224,28.683112007837224,17.012521950081393
19133,corn,2022,9,168.6,194.26348304831305,-25.663483048313054,25.663483048313054,15.221520194728978
19133,corn,2022,10,168.6,193.09835076159513,-24.498350761595134,24.498350761595134,14.530457153971016
19133,corn,2022,11,168.6,193.26873951908973,-24.66873951908974,24.66873951908974,14.631518101476715
19133,corn,2022,12,168.6,203.3355394496733,-34.7355394496733,34.7355394496733,20.602336565642528
19135,corn,2022,1,145.4,189.54583525579113,-44.14583525579113,44.14583525579113,30.36164735611494
19135,corn,2022,2,145.4,190.96611925608167,-45.56611925608166,45.56611925608166,31.33845891064764
19135,corn,2022,3,145.4,189.23784513366698,-43.837845133666974,43.837845133666974,30.14982471366367
19135,corn,2022,4,145.4,185.9513096580457,-40.55130965804568,40.55130965804568,27.8894839463863
19135,corn,2022,5,145.4,184.3698676315224,-38.96986763152239,38.96986763152239,26.8018346846784
19135,corn,2022,6,145.4,184.5310433470929,-39.131043347092884,39.131043347092884,26.912684557835547
19135,corn,2022,7,145.4,184.00779967886623,-38.60779967886623,38.60779967886623,26.552819586565494
19135,corn,2022,8,145.4,186.7560188610206,-41.3560188610206,41.3560188610206,28.44292906535117
19135,corn,2022,9,145.4,189.0364404714282,-43.63644047142819,43.63644047142819,30.01130706425597
19135,corn,2022,10,145.4,185.58702820033423,-40.187028200334225,40.187028200334225,27.63894649266453
19135,corn,2022,11,145.4,186.75058099529414,-41.35058099529414,41.35058099529414,28.43918913018854
19135,corn,2022,12,145.4,186.61957596907632,-41.21957596907632,41.21957596907632,28.34908938726019
19137,corn,2022,1,187.8,190.97749810389075,-3.1774981038907413,3.1774981038907413,1.6919585217735578
19137,corn,2022,2,187.8,191.74419927284825,-3.9441992728482376,3.9441992728482376,2.100212605350499
19137,corn,2022,3,187.8,189.67443210042646,-1.8744321004264464,1.8744321004264464,0.9981001599714836
19137,corn,2022,4,187.8,190.1266724338264,-2.3266724338263884,2.3266724338263884,1.2389097091727308
19137,corn,2022,5,187.8,188.5064953156642,-0.7064953156641991,0.7064953156641991,0.3761955887455799
19137,corn,2022,6,187.8,187.47193561453903,0.3280643854609764,0.3280643854609764,0.17468817117197888
19137,corn,2022,7,187.8,184.0333728217405,3.7666271782595118,3.7666271782595118,2.005658774366087
19137,corn,2022,8,187.8,186.4523015780224,1.3476984219776114,1.3476984219776114,0.7176242928528281
19137,corn,2022,9,187.8,190.54918432280968,-2.7491843228096684,2.7491843228096684,1.4638894157665965
19137,corn,2022,10,187.8,186.113983960241,1.6860160397590107,1.6860160397590107,0.897772119147503
19137,corn,2022,11,187.8,188.74857871358762,-0.948578713587608,0.948578713587608,0.5051004864683749
19137,corn,2022,12,187.8,192.36977055249997,-4.569770552499961,4.569770552499961,2.4333176530883707
19139,corn,2022,1,213.1,195.0406556466932,18.059344353306784,18.059344353306784,8.474586744864752
19139,corn,2022,2,213.1,195.13567120878344,17.96432879121656,17.96432879121656,8.429999432762346
19139,corn,2022,3,213.1,191.74175619199383,21.358243808006165,21.358243808006165,10.022639046459956
19139,corn,2022,4,213.1,191.31234740948761,21.78765259051238,21.78765259051238,10.224144810188822
19139,corn,2022,5,213.1,190.39189823881966,22.70810176118033,22.70810176118033,10.656077785631314
19139,corn,2022,6,213.1,188.170765067252,24.92923493274799,24.92923493274799,11.698373971256682
19139,corn,2022,7,213.1,187.21013458649546,25.889865413504538,25.889865413504538,12.149162559129302
19139,corn,2022,8,213.1,188.1292244934614,24.970775506538587,24.970775506538587,11.717867436198306
19139,corn,2022,9,213.1,190.01487104682133,23.085128953178668,23.085128953178668,10.83300279360801
19139,corn,2022,10,213.1,187.09249372756213,26.007506272437865,26.007506272437865,12.20436709171181
19139,corn,2022,11,213.1,190.04229541321612,23.05770458678387,23.05770458678387,10.82013354612101
19139,corn,2022,12,213.1,192.49286482433862,20.60713517566137,20.60713517566137,9.670171363520117
19141,corn,2022,1,201.2,199.1572663390832,2.042733660916781,2.042733660916781,1.015275179382098
19141,corn,2022,2,201.2,196.03911530920058,5.160884690799406,5.160884690799406,2.5650520332005002
19141,corn,2022,3,201.2,193.59553413278127,7.604465867218721,7.604465867218721,3.779555600009305
19141,corn,2022,4,201.2,193.58615667003264,7.613843329967352,7.613843329967352,3.7842163667829785
19141,corn,2022,5,201.2,192.363457976834,8.836542023165975,8.836542023165975,4.391919494615296
19141,corn,2022,6,201.2,194.27946534751928,6.920534652480711,6.920534652480711,3.4396295489466757
19141,corn,2022,7,201.2,189.23602588424703,11.963974115752961,11.963974115752961,5.946309202660518
19141,corn,2022,8,201.2,191.38583247780304,9.814167522196954,9.814167522196954,4.877816859938844
19141,corn,2022,9,201.2,192.75869925742813,8.441300742571855,8.441300742571855,4.195477506248437
19141,corn,2022,10,201.2,189.64396837110365,11.556031628896335,11.556031628896335,5.7435544875230296
19141,corn,2022,11,201.2,195.07334533973776,6.126654660262233,6.126654660262233,3.045056988201905
19141,corn,2022,12,201.2,197.59461461244268,3.6053853875573054,3.6053853875573054,1.7919410474936905
19143,corn,2022,1,197.6,193.51606251607285,4.083937483927144,4.083937483927144,2.0667699817445064
19143,corn,2022,2,197.6,192.82376363452624,4.77623636547375,4.77623636547375,2.417123666737728
19143,corn,2022,3,197.6,193.1279574298099,4.472042570190098,4.472042570190098,2.2631794383553125
19143,corn,2022,4,197.6,193.0774234890828,4.52257651091719,4.52257651091719,2.288753294998578
19143,corn,2022,5,197.6,192.13282799040272,5.467172009597277,5.467172009597277,2.7667874542496347
19143,corn,2022,6,197.6,191.01583303227463,6.584166967725366,6.584166967725366,3.33206830350474
19143,corn,2022,7,197.6,186.51971373645478,11.080286263545219,11.080286263545219,5.607432319607905
19143,corn,2022,8,197.6,189.52680028292346,8.073199717076534,8.073199717076534,4.085627387184481
19143,corn,2022,9,197.6,191.8016581814456,5.798341818554405,5.798341818554405,2.9343835114141728
19143,corn,2022,10,197.6,190.71201255060072,6.887987449399276,6.887987449399276,3.485823607995585
19143,corn,2022,11,197.6,192.18319666643166,5.416803333568339,5.416803333568339,2.741297233587216
19143,corn,2022,12,197.6,193.01586009776474,4.5841399022352505,4.5841399022352505,2.3199088574065034
19145,corn,2022,1,174.5,195.65164895639893,-21.15164895639893,21.15164895639893,12.121288800228614
19145,corn,2022,2,174.5,194.95954629086634,-20.459546290866342,20.459546290866342,11.72466836152799
19145,corn,2022,3,174.5,191.29784051118958,-16.797840511189577,16.797840511189577,9.626269633919527
19145,corn,2022,4,174.5,190.29797097538687,-15.797970975386875,15.797970975386875,9.05327849592371
19145,corn,2022,5,174.5,189.84447745382525,-15.344477453825249,15.344477453825249,8.79339682167636
19145,corn,2022,6,174.5,191.48239304756552,-16.982393047565523,16.982393047565523,9.732030399751016
19145,corn,2022,7,174.5,187.17203711549644,-12.672037115496437,12.672037115496437,7.261912387103974
19145,corn,2022,8,174.5,189.19164306026678,-14.691643060266784,14.691643060266784,8.419279690697298
19145,corn,2022,9,174.5,190.6858454012385,-16.18584540123851,16.18584540123851,9.275556103861609
19145,corn,2022,10,174.5,186.93072841821848,-12.430728418218479,12.430728418218479,7.123626600698269
19145,corn,2022,11,174.5,189.81930939565618,-15.319309395656177,15.319309395656177,8.778973865705545
19145,corn,2022,12,174.5,193.32103329287756,-18.82103329287756,18.82103329287756,10.785692431448457
19147,corn,2022,1,195.9,195.29136827539043,0.6086317246095803,0.6086317246095803,0.31068490281244526
19147,corn,2022,2,195.9,196.9019612857683,-1.0019612857682887,1.0019612857682887,0.5114656895192897
19147,corn,2022,3,195.9,193.04261345467833,2.857386545321674,2.857386545321674,1.4585944590718092
19147,corn,2022,4,195.9,193.06306275991244,2.8369372400875648,2.8369372400875648,1.4481558142356123
19147,corn,2022,5,195.9,192.30954965173527,3.5904503482647385,3.5904503482647385,1.8327975233612754
19147,corn,2022,6,195.9,192.43772842960183,3.4622715703981726,3.4622715703981726,1.7673668046953406
19147,corn,2022,7,195.9,186.14986596125962,9.750134038740384,9.750134038740384,4.977097518499431
19147,corn,2022,8,195.9,191.27405302589253,4.625946974107478,4.625946974107478,2.361381814245777
19147,corn,2022,9,195.9,191.06367448584132,4.836325514158688,4.836325514158688,2.468772595282638
19147,corn,2022,10,195.9,186.77388045130428,9.126119548695726,9.126119548695726,4.6585602596711215
19147,corn,2022,11,195.9,192.36161092794885,3.53838907205116,3.53838907205116,1.8062220888469422
19147,corn,2022,12,195.9,196.5581831605403,-0.6581831605402897,0.6581831605402897,0.335979152904691
19149,corn,2022,1,171.8,203.5790129323072,-31.779012932307182,31.779012932307182,18.497679238828393
19149,corn,2022,2,171.8,199.73236093822987,-27.932360938229863,27.932360938229863,16.258650138666976
19149,corn,2022,3,171.8,198.04102804657967,-26.241028046579657,26.241028046579657,15.274172320477101
19149,corn,2022,4,171.8,195.68040962921776,-23.880409629217752,23.880409629217752,13.900122019335129
19149,corn,2022,5,171.8,194.02875187288234,-22.228751872882327,22.228751872882327,12.938737993528711
19149,corn,2022,6,171.8,199.64295509744008,-27.84295509744007,27.84295509744007,16.206609486286418
19149,corn,2022,7,171.8,192.56166622572866,-20.761666225728646,20.761666225728646,12.084788257117953
19149,corn,2022,8,171.8,197.1104796312853,-25.31047963128529,25.31047963128529,14.732525978629388
19149,corn,2022,9,171.8,196.44128481368548,-24.641284813685473,24.641284813685473,14.343006294345443
19149,corn,2022,10,171.8,192.78123147330132,-20.981231473301307,20.981231473301307,12.212591078755125
19149,corn,2022,11,171.8,199.04747079320185,-27.247470793201842,27.247470793201842,15.859994640978952
19149,corn,2022,12,171.8,200.5728160287421,-28.772816028742085,28.772816028742085,16.747855662830084
19151,corn,2022,1,198.3,196.80487628389713,1.4951237161028814,1.4951237161028814,0.7539706082213219
19151,corn,2022,2,198.3,196.5661506762245,1.7338493237755017,1.7338493237755017,0.8743566937849226
19151,corn,2022,3,198.3,192.86387080619278,5.436129193807233,5.436129193807233,2.7413662096859466
19151,corn,2022,4,198.3,192.69179978358233,5.608200216417686,5.608200216417686,2.828139292192479
19151,corn,2022,5,198.3,192.84425591519283,5.455744084807179,5.455744084807179,2.751257733135239
19151,corn,2022,6,198.3,193.02533919701153,5.274660802988478,5.274660802988478,2.6599398905640332
19151,corn,2022,7,198.3,185.57430208914093,12.725697910859083,12.725697910859083,6.417396828471548
19151,corn,2022,8,198.3,192.4752294044688,5.82477059553122,5.82477059553122,2.9373527965361674
19151,corn,2022,9,198.3,191.52994356971664,6.7700564302833754,6.7700564302833754,3.41404761991093
19151,corn,2022,10,198.3,186.84977641638653,11.450223583613479,11.450223583613479,5.774192427439979
19151,corn,2022,11,198.3,193.8019609948881,4.498039005111906,4.498039005111906,2.268300053006508
19151,corn,2022,12,198.3,196.26812806465102,2.0318719353489882,2.0318719353489882,1.024645454033781
19153,corn,2022,1,188.6,197.02460282359107,-8.424602823591073,8.424602823591073,4.466915601055712
19153,corn,2022,2,188.6,197.5559621960036,-8.955962196003611,8.955962196003611,4.74865439872938
19153,corn,2022,3,188.6,192.43464726649353,-3.8346472664935334,3.8346472664935334,2.0332170023825733
19153,corn,2022,4,188.6,188.93329881146687,-0.3332988114668751,0.3332988114668751,0.17672259356674183
19153,corn,2022,5,188.6,189.22110527960544,-0.6211052796054446,0.6211052796054446,0.3293241143188996
19153,corn,2022,6,188.6,193.26863768926486,-4.6686376892648696,4.6686376892648696,2.475417650723685
19153,corn,2022,7,188.6,187.72885606353285,0.8711439364671492,0.8711439364671492,0.4619002844470569
19153,corn,2022,8,188.6,193.47813154418722,-4.878131544187227,4.878131544187227,2.586496046758869
19153,corn,2022,9,188.6,191.61767870552237,-3.0176787055223713,3.0176787055223713,1.6000417314540674
19153,corn,2022,10,188.6,188.79280116917806,-0.19280116917806822,0.19280116917806822,0.10222755523757596
19153,corn,2022,11,188.6,190.49173571059444,-1.8917357105944461,1.8917357105944461,1.0030412039207033
19153,corn,2022,12,188.6,194.069388326593,-5.46938832659302,5.46938832659302,2.899993810494708
19155,corn,2022,1,195.0,199.39785502442447,-4.397855024424473,4.397855024424473,2.2553102689356272
19155,corn,2022,2,195.0,192.9533147170651,2.0466852829349023,2.0466852829349023,1.0495821963768728
19155,corn,2022,3,195.0,194.0012300140756,0.9987699859244117,0.9987699859244117,0.5121897363714931
19155,corn,2022,4,195.0,195.09172531644325,-0.09172531644324522,0.09172531644324522,0.04703862381704883
19155,corn,2022,5,195.0,192.3631073364556,2.636892663544387,2.636892663544387,1.3522526479714805
19155,corn,2022,6,195.0,199.49618790034245,-4.4961879003424485,4.4961879003424485,2.305737384790999
19155,corn,2022,7,195.0,192.1140074860277,2.8859925139722975,2.8859925139722975,1.4799961610114347
19155,corn,2022,8,195.0,193.05468888647925,1.945311113520745,1.945311113520745,0.9975954428311513
19155,corn,2022,9,195.0,195.29202595692144,-0.2920259569214352,0.2920259569214352,0.14975690098535135
19155,corn,2022,10,195.0,191.0106367307918,3.989363269208212,3.989363269208212,2.0458273175426727
19155,corn,2022,11,195.0,192.89155714971886,2.1084428502811363,2.1084428502811363,1.081252743733916
19155,corn,2022,12,195.0,202.3835715075711,-7.383571507571105,7.383571507571105,3.7864469269595413
19157,corn,2022,1,193.3,196.1504994312168,-2.8504994312167753,2.8504994312167753,1.4746505076134377
19157,corn,2022,2,193.3,190.69110525066014,2.6088947493398678,2.6088947493398678,1.3496610187997244
19157,corn,2022,3,193.3,187.70452053030692,5.595479469693089,5.595479469693089,2.8947126071873197
19157,corn,2022,4,193.3,190.0238922034833,3.2761077965166976,3.2761077965166976,1.6948307276340908
19157,corn,2022,5,193.3,190.59348792355485,2.706512076445165,2.706512076445165,1.400161446686583
19157,corn,2022,6,193.3,191.40618841739433,1.8938115826056787,1.8938115826056787,0.979726633525959
19157,corn,2022,7,193.3,187.88635623454013,5.413643765459881,5.413643765459881,2.800643437899576
19157,corn,2022,8,193.3,190.62410691356695,2.6758930864330637,2.6758930864330637,1.3843213070010674
19157,corn,2022,9,193.3,190.40644024694328,2.893559753056735,2.893559753056735,1.4969269286377314
19157,corn,2022,10,193.3,188.993119252606,4.306880747394018,4.306880747394018,2.2280810902193573
19157,corn,2022,11,193.3,191.06806612322572,2.231933876774292,2.231933876774292,1.1546476341305183
19157,corn,2022,12,193.3,192.5583244278764,0.7416755721235972,0.7416755721235972,0.38369144962420965
19159,corn,2022,1,151.8,191.77702434883273,-39.977024348832714,39.977024348832714,26.335325657992563
19159,corn,2022,2,151.8,194.33422976559862,-42.53422976559861,42.53422976559861,28.019914206586698
19159,corn,2022,3,151.8,190.31488983916122,-38.514889839161214,38.514889839161214,25.372127693782087
19159,corn,2022,4,151.8,186.65325207934663,-34.85325207934662,34.85325207934662,22.959981606947704
19159,corn,2022,5,151.8,185.36986505753595,-33.569865057535935,33.569865057535935,22.114535611024987
19159,corn,2022,6,151.8,188.3016773413794,-36.50167734137938,36.50167734137938,24.04590075189682
19159,corn,2022,7,151.8,185.72242885779258,-33.92242885779257,33.92242885779257,22.346791078914734
19159,corn,2022,8,151.8,188.00850896515462,-36.20850896515461,36.20850896515461,23.85277270431792
19159,corn,2022,9,151.8,190.14734227574164,-38.347342275741624,38.347342275741624,25.261753804836378
19159,corn,2022,10,151.8,187.35954870139884,-35.559548701398825,35.559548701398825,23.425262649142834
19159,corn,2022,11,151.8,185.5346073821412,-33.73460738214118,33.73460738214118,22.22306151656204
19159,corn,2022,12,151.8,188.61018911365107,-36.81018911365106,36.81018911365106,24.24913643850531
19161,corn,2022,1,212.4,203.06660095925054,9.33339904074947,9.33339904074947,4.394255668902764
19161,corn,2022,2,212.4,199.7468592131956,12.653140786804414,12.653140786804414,5.957222592657446
19161,corn,2022,3,212.4,193.95462814059638,18.445371859403622,18.445371859403622,8.68426170405067
19161,corn,2022,4,212.4,194.10478764069865,18.29521235930136,18.29521235930136,8.61356514091401
19161,corn,2022,5,212.4,193.57795108818598,18.822048911814022,18.822048911814022,8.861604949064981
19161,corn,2022,6,212.4,197.36218655356132,15.03781344643869,15.03781344643869,7.079949833539873
19161,corn,2022,7,212.4,189.4390499128559,22.960950087144113,22.960950087144113,10.810240154022651
19161,corn,2022,8,212.4,195.84440700895092,16.55559299104908,16.55559299104908,7.794535306520283
19161,corn,2022,9,212.4,192.2660397011228,20.133960298877213,20.133960298877213,9.479265677437482
19161,corn,2022,10,212.4,187.8688185466758,24.531181453324194,24.531181453324194,11.549520458250562
19161,corn,2022,11,212.4,195.76093663910413,16.639063360895875,16.639063360895875,7.833833974056438
19161,corn,2022,12,212.4,201.90173859845595,10.498261401544056,10.498261401544056,4.942684275679875
19163,corn,2022,1,216.2,199.55531333635815,16.644686663641835,16.644686663641835,7.698744987808434
19163,corn,2022,2,216.2,188.37275135226207,27.827248647737918,27.827248647737918,12.871067829666014
19163,corn,2022,3,216.2,192.05371695522123,24.146283044778755,24.146283044778755,11.168493545226067
19163,corn,2022,4,216.2,192.50508376899677,23.69491623100322,23.69491623100322,10.95972073589418
19163,corn,2022,5,216.2,193.5987713276337,22.60122867236629,22.60122867236629,10.453852299891901
19163,corn,2022,6,216.2,196.133172930349,20.066827069650998,20.066827069650998,9.281603639986585
19163,corn,2022,7,216.2,189.90856312318277,26.291436876817215,26.291436876817215,12.160701608148573
19163,corn,2022,8,216.2,194.62487882437742,21.57512117562257,21.57512117562257,9.979241986874454
19163,corn,2022,9,216.2,191.99625008701446,24.20374991298553,24.20374991298553,11.195073965303205
19163,corn,2022,10,216.2,188.99494873488783,27.20505126511216,27.20505126511216,12.583279956111081
19163,corn,2022,11,216.2,191.26358426968255,24.936415730317435,24.936415730317435,11.53395732207097
19163,corn,2022,12,216.2,193.81016294415952,22.389837055840474,22.389837055840474,10.356076344052024
19165,corn,2022,1,209.0,204.0964747261836,4.903525273816399,4.903525273816399,2.346184341538947
19165,corn,2022,2,209.0,196.82396575300058,12.176034246999421,12.176034246999421,5.825853706698288
19165,corn,2022,3,209.0,192.27888704049494,16.721112959505064,16.721112959505064,8.0005325165096
19165,corn,2022,4,209.0,194.69495669522465,14.305043304775353,14.305043304775353,6.84451832764371
19165,corn,2022,5,209.0,192.32831103328428,16.67168896671572,16.67168896671572,7.976884673069723
19165,corn,2022,6,209.0,199.19025888009475,9.809741119905254,9.809741119905254,4.693656038232179
19165,corn,2022,7,209.0,190.3043803075307,18.695619692469307,18.695619692469307,8.945272580128854
19165,corn,2022,8,209.0,193.13668903351152,15.863310966488484,15.863310966488484,7.590100940903581
19165,corn,2022,9,209.0,192.53193929191747,16.468060708082533,16.468060708082533,7.879454884250016
19165,corn,2022,10,209.0,187.1471554813026,21.852844518697395,21.852844518697395,10.455906468276266
19165,corn,2022,11,209.0,192.7026457782336,16.297354221766398,16.297354221766398,7.7977771396011475
19165,corn,2022,12,209.0,198.6751983492993,10.324801650700692,10.324801650700692,4.940096483588849
19167,corn,2022,1,196.9,203.17902595960607,-6.279025959606059,6.279025959606059,3.1889415742031786
19167,corn,2022,2,196.9,200.49147051266482,-3.591470512664813,3.591470512664813,1.8240073705763398
19167,corn,2022,3,196.9,198.0847663495672,-1.1847663495671839,1.1847663495671839,0.6017096747420945
19167,corn,2022,4,196.9,194.7074297868105,2.192570213189498,2.192570213189498,1.1135450549464183
19167,corn,2022,5,196.9,193.94334989452366,2.956650105476342,2.956650105476342,1.501599850419676
19167,corn,2022,6,196.9,198.3927033702368,-1.4927033702367964,1.4927033702367964,0.7581022703081749
19167,corn,2022,7,196.9,192.75902629399116,4.14097370600885,4.14097370600885,2.1030846653168362
19167,corn,2022,8,196.9,196.33385220167054,0.5661477983294674,0.5661477983294674,0.2875306238341632
19167,corn,2022,9,196.9,195.0476325745129,1.8523674254871025,1.8523674254871025,0.9407655792214843
19167,corn,2022,10,196.9,191.80447577851373,5.095524221486272,5.095524221486272,2.587874160226649
19167,corn,2022,11,196.9,197.00899906831074,-0.10899906831073736,0.10899906831073736,0.055357576592553255
19167,corn,2022,12,196.9,201.2469544605072,-4.346954460507192,4.346954460507192,2.207696526412997
19169,corn,2022,1,207.1,196.80353110410536,10.296468895894634,10.296468895894634,4.971737757554145
19169,corn,2022,2,207.1,195.19832061076738,11.901679389232612,11.901679389232612,5.746827324593246
19169,corn,2022,3,207.1,192.0378455849931,15.062154415006887,15.062154415006887,7.27288962578797
19169,corn,2022,4,207.1,192.453948629555,14.646051370445008,14.646051370445008,7.07197072450266
19169,corn,2022,5,207.1,191.5271621589851,15.572837841014888,15.572837841014888,7.519477470311389
19169,corn,2022,6,207.1,193.32272421538806,13.77727578461193,13.77727578461193,6.652475028784129
19169,corn,2022,7,207.1,186.17157696444377,20.92842303555622,20.92842303555622,10.105467424218359
19169,corn,2022,8,207.1,193.13863814059076,13.961361859409237,13.961361859409237,6.741362558864915
19169,corn,2022,9,207.1,191.07879363969383,16.021206360306167,16.021206360306167,7.7359760310507815
19169,corn,2022,10,207.1,190.3365669471427,16.763433052857295,16.763433052857295,8.094366515141136
19169,corn,2022,11,207.1,192.92032484636124,14.179675153638755,14.179675153638755,6.846776993548409
19169,corn,2022,12,207.1,193.88911823839385,13.210881761606146,13.210881761606146,6.378986847709389
19171,corn,2022,1,203.3,202.63596100210412,0.6640389978958865,0.6640389978958865,0.32663010226064265
19171,corn,2022,2,203.3,196.1868880797978,7.113111920202215,7.113111920202215,3.4988253419587876
19171,corn,2022,3,203.3,186.9647734329412,16.33522656705881,16.33522656705881,8.035035202685101
19171,corn,2022,4,203.3,189.2234175722415,14.076582427758524,14.076582427758524,6.924044479959923
19171,corn,2022,5,203.3,192.4770595622228,10.82294043777722,10.82294043777722,5.323630318631195
19171,corn,2022,6,203.3,199.3627259942384,3.9372740057616227,3.9372740057616227,1.9366817539407881
19171,corn,2022,7,203.3,192.4971008833077,10.802899116692316,10.802899116692316,5.313772315146244
19171,corn,2022,8,203.3,196.25139199136896,7.048608008631049,7.048608008631049,3.467096905376807
19171,corn,2022,9,203.3,193.85457205922467,9.445427940775346,9.445427940775346,4.646054078099039
19171,corn,2022,10,203.3,189.02793285601956,14.27206714398045,14.27206714398045,7.020200267575233
19171,corn,2022,11,203.3,192.956918176986,10.343081823014018,10.343081823014018,5.087595584364986
19171,corn,2022,12,203.3,197.11782557504714,6.182174424952876,6.182174424952876,3.0409121618066286
19173,corn,2022,1,172.1,190.0904002626684,-17.990400262668402,17.990400262668402,10.453457444897387
19173,corn,2022,2,172.1,194.88165306039403,-22.781653060394035,22.781653060394035,13.237450935731573
19173,corn,2022,3,172.1,191.24492799533246,-19.144927995332466,19.144927995332466,11.124304471430834
19173,corn,2022,4,172.1,188.22493557450773,-16.12493557450773,16.12493557450773,9.36951515078892
19173,corn,2022,5,172.1,187.21347177428544,-15.113471774285443,15.113471774285443,8.781796498713215
19173,corn,2022,6,172.1,189.76633268550242,-17.666332685502425,17.666332685502425,10.265155540675435
19173,corn,2022,7,172.1,187.18457491949334,-15.084574919493349,15.084574919493349,8.765005763796252
19173,corn,2022,8,172.1,189.34974798973593,-17.249747989735937,17.249747989735937,10.023095868527564
19173,corn,2022,9,172.1,190.97675439581127,-18.876754395811275,18.876754395811275,10.968480183504518
19173,corn,2022,10,172.1,188.32024735293908,-16.220247352939083,16.220247352939083,9.424896776838516
19173,corn,2022,11,172.1,189.87583071177966,-17.775830711779662,17.775830711779662,10.32878019278307
19173,corn,2022,12,172.1,191.43150542372553,-19.33150542372553,19.33150542372553,11.232716690136858
19175,corn,2022,1,149.4,186.56022410007324,-37.160224100073236,37.160224100073236,24.872974631909795
19175,corn,2022,2,149.4,188.13348992877482,-38.733489928774816,38.733489928774816,25.926030742151816
19175,corn,2022,3,149.4,188.79867339040123,-39.39867339040123,39.39867339040123,26.37126732958583
19175,corn,2022,4,149.4,186.58081918905583,-37.180819189055825,37.180819189055825,24.88675983203201
19175,corn,2022,5,149.4,185.24996194661688,-35.84996194661687,35.84996194661687,23.995958464937665
19175,corn,2022,6,149.4,184.91169954168973,-35.51169954168972,35.51169954168972,23.769544539283615
19175,corn,2022,7,149.4,183.77709152085706,-34.37709152085705,34.37709152085705,23.01010141958303
19175,corn,2022,8,149.4,186.10641756050234,-36.70641756050233,36.70641756050233,24.569221928047074
19175,corn,2022,9,149.4,188.8710781861343,-39.47107818613429,39.47107818613429,26.419731048282657
19175,corn,2022,10,149.4,185.7449292969143,-36.3449292969143,36.3449292969143,24.327261912258567
19175,corn,2022,11,149.4,186.4248445431642,-37.02484454316419,37.02484454316419,24.782359131970676
19175,corn,2022,12,149.4,188.67820235010262,-39.27820235010262,39.27820235010262,26.29063075642745
19177,corn,2022,1,151.9,188.4992492179712,-36.59924921797119,36.59924921797119,24.09430494928979
19177,corn,2022,2,151.9,190.2434949729903,-38.3434949729903,38.3434949729903,25.242590502297762
19177,corn,2022,3,151.9,188.21032611930804,-36.31032611930803,36.31032611930803,23.904098827720887
19177,corn,2022,4,151.9,185.69342842891479,-33.79342842891478,33.79342842891478,22.24715498941065
19177,corn,2022,5,151.9,185.3207799391572,-33.4207799391572,33.4207799391572,22.001830111360896
19177,corn,2022,6,151.9,183.98613382172,-32.08613382171998,32.08613382171998,21.12319540600394
19177,corn,2022,7,151.9,183.98997182060992,-32.08997182060992,32.08997182060992,21.125722067550964
19177,corn,2022,8,151.9,185.55259869054083,-33.65259869054083,33.65259869054083,22.154442850915622
19177,corn,2022,9,151.9,189.62637888480887,-37.72637888480887,37.72637888480887,24.83632579645087
19177,corn,2022,10,151.9,185.2701205566051,-33.37012055660509,33.37012055660509,21.968479629101438
19177,corn,2022,11,151.9,186.62426973617502,-34.72426973617502,34.72426973617502,22.85995374336736
19177,corn,2022,12,151.9,188.68737363170118,-36.78737363170117,36.78737363170117,24.21815248959919
19179,corn,2022,1,170.8,189.46650286944146,-18.666502869441445,18.666502869441445,10.928865848619113
19179,corn,2022,2,170.8,190.96707499517805,-20.16707499517804,20.16707499517804,11.807420957364192
19179,corn,2022,3,170.8,190.30523602075144,-19.505236020751425,19.505236020751425,11.419927412617929
19179,corn,2022,4,170.8,187.26404179507736,-16.46404179507735,16.46404179507735,9.639368732480884
19179,corn,2022,5,170.8,184.9430345757666,-14.143034575766592,14.143034575766592,8.280465208294258
19179,corn,2022,6,170.8,184.15839966636892,-13.35839966636891,13.35839966636891,7.821077088038003
19179,corn,2022,7,170.8,184.4934389811181,-13.693438981118078,13.693438981118078,8.017235937422761
19179,corn,2022,8,170.8,186.66816471908095,-15.868164719080937,15.868164719080937,9.290494566206638
19179,corn,2022,9,170.8,189.05040249017173,-18.250402490171723,18.250402490171723,10.685247359585318
19179,corn,2022,10,170.8,185.87754021863697,-15.077540218636955,15.077540218636955,8.82759965962351
19179,corn,2022,11,170.8,188.2856652236915,-17.485665223691484,17.485665223691484,10.237508913168316
19179,corn,2022,12,170.8,189.06590396475588,-18.265903964755864,18.265903964755864,10.69432316437697
19181,corn,2022,1,157.8,196.29744562342154,-38.49744562342153,38.49744562342153,24.396353373524413
19181,corn,2022,2,157.8,194.84092237201506,-37.04092237201505,37.04092237201505,23.473334836511434
19181,corn,2022,3,157.8,191.0226099173559,-33.222609917355896,33.222609917355896,21.053618452063304
19181,corn,2022,4,157.8,186.7134823787591,-28.913482378759085,28.913482378759085,18.322865892749736
19181,corn,2022,5,157.8,187.43325336160066,-29.63325336160065,29.63325336160065,18.778994525729182
19181,corn,2022,6,157.8,188.41581447723706,-30.615814477237052,30.615814477237052,19.401656829681276
19181,corn,2022,7,157.8,187.2221050659102,-29.422105065910188,29.422105065910188,18.64518698726881
19181,corn,2022,8,157.8,188.80719832896034,-31.007198328960328,31.007198328960328,19.649682084258764
19181,corn,2022,9,157.8,188.14671235079726,-30.346712350797247,30.346712350797247,19.231123162735898
19181,corn,2022,10,157.8,187.31624397233884,-29.516243972338827,29.516243972338827,18.704844088934617
19181,corn,2022,11,157.8,189.37066615845936,-31.570666158459346,31.570666158459346,20.006759289264476
19181,corn,2022,12,157.8,189.72959225091276,-31.929592250912748,31.929592250912748,20.23421562161771
19183,corn,2022,1,185.7,194.70263843458622,-9.002638434586231,9.002638434586231,4.84794746073572
19183,corn,2022,2,185.7,194.22603616960555,-8.526036169605561,8.526036169605561,4.591295729459107
19183,corn,2022,3,185.7,191.1461399518336,-5.446139951833601,5.446139951833601,2.932762494256113
19183,corn,2022,4,185.7,190.31552447744932,-4.615524477449327,4.615524477449327,2.4854736012112695
19183,corn,2022,5,185.7,187.86411915864355,-2.164119158643558,2.164119158643558,1.165384576544727
19183,corn,2022,6,185.7,187.33500420167272,-1.6350042016727286,1.6350042016727286,0.8804546051010924
19183,corn,2022,7,185.7,186.79715110657088,-1.097151106570891,1.097151106570891,0.590819120393587
19183,corn,2022,8,185.7,188.1525656232825,-2.45256562328251,2.45256562328251,1.320713852063818
19183,corn,2022,9,185.7,190.2269848875212,-4.526984887521223,4.526984887521223,2.437794769801413
19183,corn,2022,10,185.7,186.8804352605325,-1.180435260532505,1.180435260532505,0.6356678839701159
19183,corn,2022,11,185.7,190.5259362319779,-4.82593623197792,4.82593623197792,2.5987809542153584
19183,corn,2022,12,185.7,193.05044304132775,-7.350443041327765,7.350443041327765,3.958235348049416
19185,corn,2022,1,170.1,190.36477931754285,-20.26477931754286,20.26477931754286,11.913450510019318
19185,corn,2022,2,170.1,191.42355687304521,-21.32355687304522,21.32355687304522,12.535894693148277
19185,corn,2022,3,170.1,188.9924688835099,-18.892468883509906,18.892468883509906,11.106683646978194
19185,corn,2022,4,170.1,186.38821650493438,-16.288216504934383,16.288216504934383,9.575671078738614
19185,corn,2022,5,170.1,184.67011014910358,-14.570110149103584,14.570110149103584,8.565614432159661
19185,corn,2022,6,170.1,184.55041996746166,-14.45041996746167,14.45041996746167,8.49524983389869
19185,corn,2022,7,170.1,184.52078524926193,-14.42078524926194,14.42078524926194,8.477827894921775
19185,corn,2022,8,170.1,185.16012474652985,-15.060124746529851,15.060124746529851,8.853688857454351
19185,corn,2022,9,170.1,189.4580234704795,-19.35802347047951,19.35802347047951,11.380378289523522
19185,corn,2022,10,170.1,186.13023432798826,-16.030234327988268,16.030234327988268,9.42400607171562
19185,corn,2022,11,170.1,186.72050092686737,-16.62050092686738,16.62050092686738,9.771017593690406
19185,corn,2022,12,170.1,188.12618768037848,-18.026187680378484,18.026187680378484,10.597406043726329
19187,corn,2022,1,201.5,200.09438462858145,1.4056153714185484,1.4056153714185484,0.6975758667089571
19187,corn,2022,2,201.5,198.84326699659485,2.656733003405151,2.656733003405151,1.3184779173226555
19187,corn,2022,3,201.5,194.4046873318535,7.095312668146505,7.095312668146505,3.521246981710424
19187,corn,2022,4,201.5,193.09736887189146,8.402631128108538,8.402631128108538,4.170040262088605
19187,corn,2022,5,201.5,193.56296148999328,7.937038510006715,7.937038510006715,3.938976928043035
19187,corn,2022,6,201.5,197.7514243919142,3.748575608085787,3.748575608085787,1.8603352893725988
19187,corn,2022,7,201.5,189.1893161587121,12.310683841287897,12.310683841287897,6.109520516768187
19187,corn,2022,8,201.5,195.5961527367159,5.903847263284092,5.903847263284092,2.9299490140367705
19187,corn,2022,9,201.5,193.6900451822564,7.809954817743602,7.809954817743602,3.875908098135783
19187,corn,2022,10,201.5,191.98876119370993,9.511238806290066,9.511238806290066,4.720217769871001
19187,corn,2022,11,201.5,195.84835247152188,5.651647528478122,5.651647528478122,2.8047878553241303
19187,corn,2022,12,201.5,200.63128300922497,0.8687169907750274,0.8687169907750274,0.4311250574565893
19189,corn,2022,1,217.6,187.25138289301978,30.348617106980214,30.348617106980214,13.946974773428408
19189,corn,2022,2,217.6,192.93604002078806,24.66395997921194,24.66395997921194,11.334540431623134
19189,corn,2022,3,217.6,192.17170652925952,25.42829347074047,25.42829347074047,11.685796631774114
19189,corn,2022,4,217.6,191.67101055122328,25.92898944877672,25.92898944877672,11.91589588638636
19189,corn,2022,5,217.6,192.60693406468278,24.99306593531722,24.99306593531722,11.485783977627399
19189,corn,2022,6,217.6,188.56246340849404,29.037536591505955,29.037536591505955,13.344456154184723
19189,corn,2022,7,217.6,185.19110187514934,32.40889812485065,32.40889812485065,14.893795094140923
19189,corn,2022,8,217.6,191.14952558851368,26.45047441148631,26.45047441148631,12.15554890233746
19189,corn,2022,9,217.6,190.910921085885,26.689078914114987,26.689078914114987,12.265201706854315
19189,corn,2022,10,217.6,189.78195209342093,27.818047906579068,27.818047906579068,12.784029368832291
19189,corn,2022,11,217.6,190.95679046862463,26.643209531375362,26.643209531375362,12.244122027286473
19189,corn,2022,12,217.6,191.96443352098743,25.635566479012567,25.635566479012567,11.781050771605042
19191,corn,2022,1,212.4,201.33594857034635,11.06405142965366,11.06405142965366,5.209063761607184
19191,corn,2022,2,212.4,199.2534518059116,13.14654819408841,13.14654819408841,6.189523631868366
19191,corn,2022,3,212.4,190.81964745839636,21.580352541603645,21.580352541603645,10.160241309606235
19191,corn,2022,4,212.4,186.83483135301296,25.565168646987047,25.565168646987047,12.036331754702
19191,corn,2022,5,212.4,189.19432294420838,23.205677055791625,23.205677055791625,10.925460007434852
19191,corn,2022,6,212.4,194.59267349999593,17.80732650000408,17.80732650000408,8.383863700566893
19191,corn,2022,7,212.4,190.95491176900856,21.445088230991445,21.445088230991445,10.09655754754776
19191,corn,2022,8,212.4,192.23221960486057,20.16778039513943,20.16778039513943,9.495188509952651
19191,corn,2022,9,212.4,189.7117390718007,22.6882609281993,22.6882609281993,10.681855427589124
19191,corn,2022,10,212.4,185.99007741509828,26.40992258490172,26.40992258490172,12.434050181215499
19191,corn,2022,11,212.4,185.81548793259694,26.584512067403068,26.584512067403068,12.516248619304646
19191,corn,2022,12,212.4,196.62330034446003,15.776699655539971,15.776699655539971,7.427824696581907
19193,corn,2022,1,200.2,201.08537078834715,-0.88537078834716,0.88537078834716,0.44224315102255746
19193,corn,2022,2,200.2,200.218802675073,-0.018802675073004593,0.018802675073004593,0.009391945590911385
19193,corn,2022,3,200.2,197.8713118630951,2.3286881369049013,2.3286881369049013,1.1631808875648857
19193,corn,2022,4,200.2,194.28941243798556,5.9105875620144275,5.9105875620144275,2.952341439567646
19193,corn,2022,5,200.2,193.81197515634642,6.388024843653568,6.388024843653568,3.190821600226558
19193,corn,2022,6,200.2,199.8744832187088,0.325516781291185,0.325516781291185,0.16259579485074177
19193,corn,2022,7,200.2,191.14175436963907,9.058245630360915,9.058245630360915,4.524598216963494
19193,corn,2022,8,200.2,196.4264309095394,3.7735690904605974,3.7735690904605974,1.884899645584714
19193,corn,2022,9,200.2,196.28136225907664,3.9186377409233444,3.9186377409233444,1.9573615089527197
19193,corn,2022,10,200.2,191.32831414706604,8.87168585293395,8.87168585293395,4.431411514952024
19193,corn,2022,11,200.2,197.5210672528041,2.678932747195887,2.678932747195887,1.3381282453525911
19193,corn,2022,12,200.2,200.9128118233248,-0.7128118233248131,0.7128118233248131,0.35604986180060594
19195,corn,2022,1,219.5,186.93596165011792,32.56403834988208,32.56403834988208,14.835552778989559
19195,corn,2022,2,219.5,192.7842631300433,26.715736869956686,26.715736869956686,12.171178528454071
19195,corn,2022,3,219.5,192.08870144034742,27.41129855965258,27.41129855965258,12.48806312512646
19195,corn,2022,4,219.5,191.77793388519538,27.72206611480462,27.72206611480462,12.629642876904153
19195,corn,2022,5,219.5,192.58870439081807,26.911295609181934,26.911295609181934,12.260271348146667
19195,corn,2022,6,219.5,188.42607443705847,31.073925562941525,31.073925562941525,14.15668590566812
19195,corn,2022,7,219.5,185.40236054321122,34.097639456788784,34.097639456788784,15.534232098764821
19195,corn,2022,8,219.5,191.48565314195028,28.01434685804972,28.01434685804972,12.762800390911034
19195,corn,2022,9,219.5,191.39767071589972,28.10232928410028,28.10232928410028,12.802883500729056
19195,corn,2022,10,219.5,190.76824668336894,28.731753316631057,28.731753316631057,13.089637046301164
19195,corn,2022,11,219.5,191.90796106051596,27.59203893948404,27.59203893948404,12.570404983819609
19195,corn,2022,12,219.5,191.91904604607797,27.580953953922034,27.580953953922034,12.565354876502067
19197,corn,2022,1,209.7,197.79169186124727,11.908308138752716,11.908308138752716,5.67873540236181
19197,corn,2022,2,209.7,196.71970198594613,12.980298014053858,12.980298014053858,6.189937059634649
19197,corn,2022,3,209.7,191.85451028007571,17.845489719924274,17.845489719924274,8.510009403874237
19197,corn,2022,4,209.7,192.18868148360522,17.511318516394766,17.511318516394766,8.350652606769083
19197,corn,2022,5,209.7,192.47437708336113,17.225622916638855,17.225622916638855,8.214412454286531
19197,corn,2022,6,209.7,194.5545923370207,15.145407662979295,15.145407662979295,7.222416625168954
19197,corn,2022,7,209.7,185.73871749875528,23.96128250124471,23.96128250124471,11.426458035882076
19197,corn,2022,8,209.7,192.56832453689316,17.13167546310683,17.13167546310683,8.169611570389524
19197,corn,2022,9,209.7,191.42148691096355,18.278513089036437,18.278513089036437,8.716506003355478
19197,corn,2022,10,209.7,191.1328730667956,18.567126933204378,18.567126933204378,8.854137784074572
19197,corn,2022,11,209.7,191.73987693363048,17.960123066369505,17.960123066369505,8.564674805135674
19197,corn,2022,12,209.7,194.03554798664658,15.664452013353412,15.664452013353412,7.4699341980702965
