county_id,crop_type,year,month,actual,BaselineTrainMean,BaselinePreviousYearSameCounty,remote_only_Ridge,remote_only_RandomForest,remote_only_ExtraTrees,history_only_Ridge,history_only_RandomForest,history_only_ExtraTrees,combined_Ridge,combined_RandomForest,combined_ExtraTrees,best_prediction,best_residual
19001,corn,2022,1,164.2,192.2696703296703,192.2696703296703,188.16877737914965,178.76475706349217,178.5637666666666,175.7609916311511,170.1467999999998,167.1383999999999,174.80458190467317,170.35309999999987,167.90629999999985,178.5637666666666,14.363766666666606
19001,corn,2022,2,164.2,192.2696703296703,192.2696703296703,186.97594929724505,191.07184499999994,185.43583333333328,175.7609916311511,170.1467999999998,167.1383999999999,167.91250825421756,170.43030666666652,167.7831666666665,185.43583333333328,21.23583333333329
19001,corn,2022,3,164.2,192.2696703296703,192.2696703296703,189.3270700126648,190.86831793650796,195.08360000000002,175.7609916311511,170.1467999999998,167.1383999999999,172.1871866752694,170.4164933333332,167.15963333333326,195.08360000000002,30.88360000000003
19001,corn,2022,4,164.2,192.2696703296703,192.2696703296703,193.32868393023668,178.62401404761897,182.9366,175.7609916311511,170.1467999999998,167.1383999999999,179.63651857095874,170.3909399999999,166.73073333333312,182.9366,18.73660000000001
19001,corn,2022,5,164.2,192.2696703296703,192.2696703296703,184.28402079504363,181.38078698412696,178.11223333333345,175.7609916311511,170.1467999999998,167.1383999999999,176.71911681464428,170.38315238095225,167.9797999999998,178.11223333333345,13.912233333333461
19001,corn,2022,6,164.2,192.2696703296703,192.2696703296703,193.9538042763674,190.18247777777776,189.9816333333335,175.7609916311511,170.1467999999998,167.1383999999999,175.7063044022747,170.19689333333318,167.7374666666666,189.9816333333335,25.781633333333502
19001,corn,2022,7,164.2,192.2696703296703,192.2696703296703,189.034378005691,199.3889855555555,194.78776666666667,175.7609916311511,170.1467999999998,167.1383999999999,173.22328764781213,170.19679333333323,167.42609999999985,194.78776666666667,30.58776666666668
19001,corn,2022,8,164.2,192.2696703296703,192.2696703296703,194.82184063408206,196.3605259523808,185.6631666666667,175.7609916311511,170.1467999999998,167.1383999999999,175.8915975753294,170.21872666666656,167.32176666666652,185.6631666666667,21.463166666666723
19001,corn,2022,9,164.2,192.2696703296703,192.2696703296703,191.33234742376658,191.47869095238084,191.6314333333334,175.7609916311511,170.1467999999998,167.1383999999999,177.8678311293179,170.21803999999986,167.21696666666654,191.6314333333334,27.431433333333416
19001,corn,2022,10,164.2,192.2696703296703,192.2696703296703,188.69963011053662,178.31540547619053,179.75626666666636,175.7609916311511,170.1467999999998,167.1383999999999,163.41165289252842,170.14109999999982,167.35473333333314,179.75626666666636,15.556266666666374
19001,corn,2022,11,164.2,192.2696703296703,192.2696703296703,182.39278930504415,179.27565579365074,180.33436666666654,175.7609916311511,170.1467999999998,167.1383999999999,167.8982583832048,170.0214666666665,167.63256666666663,180.33436666666654,16.13436666666655
19001,corn,2022,12,164.2,192.2696703296703,192.2696703296703,190.42577160415613,184.76074854978359,184.36506666666656,175.7609916311511,170.1467999999998,167.1383999999999,180.94594641771178,170.19910666666652,168.18193333333323,184.36506666666656,20.165066666666576
19005,corn,2022,1,215.9,192.2696703296703,199.4,187.90212376196027,200.49616785714275,198.71216666666658,182.85662366094954,164.36299999999923,175.74673333333297,176.47446758069077,163.92226666666573,176.06993333333304,198.71216666666658,-17.18783333333343
19005,corn,2022,2,215.9,192.2696703296703,199.4,182.5344516314404,192.09932960317462,185.07696666666666,182.85662366094954,164.36299999999923,175.74673333333297,172.7820340165226,163.96646666666575,176.43359999999973,185.07696666666666,-30.823033333333342
19005,corn,2022,3,215.9,192.2696703296703,199.4,185.96296282532072,186.1590201515152,189.3887333333336,182.85662366094954,164.36299999999923,175.74673333333297,177.72739165654122,163.91693333333242,177.53783333333308,189.3887333333336,-26.511266666666415
19005,corn,2022,4,215.9,192.2696703296703,199.4,179.899962191023,182.0074936507934,182.2956666666664,182.85662366094954,164.36299999999923,175.74673333333297,177.91427323982077,163.95419999999908,176.9146999999996,182.2956666666664,-33.604333333333614
19005,corn,2022,5,215.9,192.2696703296703,199.4,184.20316258230824,187.25532214285718,186.3901333333334,182.85662366094954,164.36299999999923,175.74673333333297,174.94691981172875,163.95606666666575,177.27623333333293,186.3901333333334,-29.509866666666596
19005,corn,2022,6,215.9,192.2696703296703,199.4,189.80878442098233,192.6572519841269,191.18883333333343,182.85662366094954,164.36299999999923,175.74673333333297,173.95660831342036,163.90906666666575,177.30066666666627,191.18883333333343,-24.71116666666657
19005,corn,2022,7,215.9,192.2696703296703,199.4,200.79400374973764,198.942567142857,197.53385000000003,182.85662366094954,164.36299999999923,175.74673333333297,191.45624988170132,163.86093333333238,178.23486666666642,197.53385000000003,-18.366149999999976
19005,corn,2022,8,215.9,192.2696703296703,199.4,193.46060247367987,194.5330001587299,192.87186666666662,182.85662366094954,164.36299999999923,175.74673333333297,184.45148913893132,163.81939999999906,177.93136666666635,192.87186666666662,-23.028133333333386
19005,corn,2022,9,215.9,192.2696703296703,199.4,189.34131663690275,198.6911494444443,200.8884666666669,182.85662366094954,164.36299999999923,175.74673333333297,176.91835677772949,163.88286666666573,176.3016666666663,200.8884666666669,-15.01153333333312
19005,corn,2022,10,215.9,192.2696703296703,199.4,186.77749146130301,170.51247650793658,178.23813333333325,182.85662366094954,164.36299999999923,175.74673333333297,170.62023547138335,163.94379999999907,176.43276666666623,178.23813333333325,-37.661866666666754
19005,corn,2022,11,215.9,192.2696703296703,199.4,183.90205364269536,188.8745741269842,192.09693333333325,182.85662366094954,164.36299999999923,175.74673333333297,176.94175807798354,163.9653333333324,177.3347999999996,192.09693333333325,-23.80306666666675
19005,corn,2022,12,215.9,192.2696703296703,199.4,186.22781602721932,172.91914393939388,180.94393333333323,182.85662366094954,164.36299999999923,175.74673333333297,187.88456181047343,163.95606666666575,177.85253333333299,180.94393333333323,-34.95606666666677
19007,corn,2022,1,146.1,192.2696703296703,172.3,185.01414081162613,182.7063910317462,175.0872333333332,166.5429396692532,172.27259999999922,169.36959999999988,162.78347199344665,172.37761333333262,167.83163333333337,175.0872333333332,28.987233333333194
19007,corn,2022,2,146.1,192.2696703296703,172.3,185.24524581682098,189.7259405555555,186.41773333333316,166.5429396692532,172.27259999999922,169.36959999999988,159.692210182695,172.46432666666593,167.20713333333327,186.41773333333316,40.317733333333166
19007,corn,2022,3,146.1,192.2696703296703,172.3,176.83923415875586,191.6937430158731,194.03119999999996,166.5429396692532,172.27259999999922,169.36959999999988,154.52460559599115,172.48516666666592,168.52760000000006,194.03119999999996,47.93119999999996
19007,corn,2022,4,146.1,192.2696703296703,172.3,177.38079188458602,193.29634642857155,194.0191333333335,166.5429396692532,172.27259999999922,169.36959999999988,156.66305382167636,172.48516666666592,168.4034333333334,194.0191333333335,47.91913333333352
19007,corn,2022,5,146.1,192.2696703296703,172.3,175.44148518827416,169.28218182539686,169.46753333333334,166.5429396692532,172.27259999999922,169.36959999999988,158.74362204756133,172.32206666666596,167.79293333333337,169.46753333333334,23.36753333333334
19007,corn,2022,6,146.1,192.2696703296703,172.3,183.69589789102724,176.3524624603175,172.3061333333332,166.5429396692532,172.27259999999922,169.36959999999988,161.76267093143667,172.2921999999993,168.2552,172.3061333333332,26.206133333333213
19007,corn,2022,7,146.1,192.2696703296703,172.3,191.51001964106533,175.59911703463194,179.14550000000003,166.5429396692532,172.27259999999922,169.36959999999988,168.99852537539564,172.29034999999928,168.11850000000004,179.14550000000003,33.04550000000003
19007,corn,2022,8,146.1,192.2696703296703,172.3,186.03532557274445,175.55200888888868,172.4224333333335,166.5429396692532,172.27259999999922,169.36959999999988,161.77272164379235,172.43962999999928,168.2628666666666,172.4224333333335,26.322433333333493
19007,corn,2022,9,146.1,192.2696703296703,172.3,187.43059346336418,175.74630595238102,176.63666666666657,166.5429396692532,172.27259999999922,169.36959999999988,163.36230059379983,172.41214666666596,168.33299999999994,176.63666666666657,30.536666666666576
19007,corn,2022,10,146.1,192.2696703296703,172.3,185.88505499322656,170.32665111111118,173.2368333333331,166.5429396692532,172.27259999999922,169.36959999999988,157.02026092778067,172.44935999999925,168.53109999999998,173.2368333333331,27.1368333333331
19007,corn,2022,11,146.1,192.2696703296703,172.3,177.59461247231644,177.86667285714287,179.72756666666658,166.5429396692532,172.27259999999922,169.36959999999988,158.51871972987266,172.30519999999925,167.84533333333343,179.72756666666658,33.62756666666658
19007,corn,2022,12,146.1,192.2696703296703,172.3,181.85879507556783,167.3227271428573,170.60369999999983,166.5429396692532,172.27259999999922,169.36959999999988,168.1173690448524,172.3405333333326,167.9333000000001,170.60369999999983,24.50369999999984
19009,corn,2022,1,197.9,192.2696703296703,216.3,197.8898488786886,198.04476452380965,200.2127333333332,188.55240114616257,174.8206000000013,184.6423000000006,184.47426407793762,173.97876333333465,185.78726666666722,200.2127333333332,2.312733333333199
19009,corn,2022,2,197.9,192.2696703296703,216.3,184.92546290831325,191.2384929365078,187.40123333333324,188.55240114616257,174.8206000000013,184.6423000000006,173.58340569926054,173.94952047619168,185.5562666666672,187.40123333333324,-10.498766666666768
19009,corn,2022,3,197.9,192.2696703296703,216.3,200.524112144019,183.50633341269844,189.62210000000002,188.55240114616257,174.8206000000013,184.6423000000006,189.72095589117825,174.5172383333346,185.42856666666717,189.62210000000002,-8.277899999999988
19009,corn,2022,4,197.9,192.2696703296703,216.3,201.90967328948986,183.52273087301586,187.07323333333318,188.55240114616257,174.8206000000013,184.6423000000006,190.81519769029333,174.12535595238222,185.61633333333384,187.07323333333318,-10.826766666666828
19009,corn,2022,5,197.9,192.2696703296703,216.3,195.1731382883885,196.46165214285713,195.3587,188.55240114616257,174.8206000000013,184.6423000000006,188.1651938461865,174.208896666668,185.93123333333384,195.3587,-2.5413000000000068
19009,corn,2022,6,197.9,192.2696703296703,216.3,195.68447855278893,190.02687619047637,193.47713333333343,188.55240114616257,174.8206000000013,184.6423000000006,185.493911494016,174.300046666668,185.73966666666723,193.47713333333343,-4.422866666666579
19009,corn,2022,7,197.9,192.2696703296703,216.3,188.36338199404986,194.22871984126985,196.9185333333334,188.55240114616257,174.8206000000013,184.6423000000006,184.08132893098724,174.2186680952393,185.6071000000006,196.9185333333334,-0.9814666666666199
19009,corn,2022,8,197.9,192.2696703296703,216.3,198.1406251817061,199.60517587301575,204.1373666666666,188.55240114616257,174.8206000000013,184.6423000000006,188.36965109615073,173.78459333333464,185.6472333333339,204.1373666666666,6.237366666666588
19009,corn,2022,9,197.9,192.2696703296703,216.3,193.95047137966156,194.27654019480516,195.9375333333334,188.55240114616257,174.8206000000013,184.6423000000006,185.20068285112228,173.81544666666795,185.7023333333339,195.9375333333334,-1.9624666666666144
19009,corn,2022,10,197.9,192.2696703296703,216.3,185.6190937677786,180.0268390476191,181.62846666666664,188.55240114616257,174.8206000000013,184.6423000000006,171.424507519205,173.90593000000132,185.68013333333397,181.62846666666664,-16.271533333333366
19009,corn,2022,11,197.9,192.2696703296703,216.3,187.9919359761904,186.13459722222223,181.38903333333326,188.55240114616257,174.8206000000013,184.6423000000006,176.2317783541946,174.09081000000134,185.82696666666726,181.38903333333326,-16.510966666666747
19009,corn,2022,12,197.9,192.2696703296703,216.3,197.91788194716298,191.9332181529582,197.68739999999988,188.55240114616257,174.8206000000013,184.6423000000006,192.8611877748059,174.03236238095363,185.88616666666718,197.68739999999988,-0.2126000000001227
19011,corn,2022,1,221.7,192.2696703296703,212.1,194.22038661881706,200.43805102453112,201.41526666666635,182.70582299184827,177.5772,179.5805333333334,183.94212558255907,177.7686957142858,179.00166666666655,201.41526666666635,-20.284733333333634
19011,corn,2022,2,221.7,192.2696703296703,212.1,189.9612217361542,184.62856309523804,180.34873333333314,182.70582299184827,177.5772,179.5805333333334,175.00917600165445,177.70262904761918,178.6681999999998,180.34873333333314,-41.351266666666845
19011,corn,2022,3,221.7,192.2696703296703,212.1,190.1666408906899,190.29251452380944,194.3460000000001,182.70582299184827,177.5772,179.5805333333334,177.2674508736031,177.712421904762,179.13569999999976,194.3460000000001,-27.3539999999999
19011,corn,2022,4,221.7,192.2696703296703,212.1,188.91810328126328,198.23339714285706,198.79526666666675,182.70582299184827,177.5772,179.5805333333334,177.82780278487,177.95246571428578,178.8944333333331,198.79526666666675,-22.90473333333324
19011,corn,2022,5,221.7,192.2696703296703,212.1,200.8798031801598,200.84785158730162,200.45673333333332,182.70582299184827,177.5772,179.5805333333334,184.92669196347882,177.9487657142858,179.54626666666644,200.45673333333332,-21.24326666666667
19011,corn,2022,6,221.7,192.2696703296703,212.1,196.2987803639592,191.18276436507946,195.3240666666666,182.70582299184827,177.5772,179.5805333333334,180.46620925140897,178.06947904761913,179.56106666666636,195.3240666666666,-26.375933333333393
19011,corn,2022,7,221.7,192.2696703296703,212.1,193.56309337673304,201.3332869841272,199.77136666666644,182.70582299184827,177.5772,179.5805333333334,180.81002509416658,177.84539904761914,178.868733333333,199.77136666666644,-21.92863333333355
19011,corn,2022,8,221.7,192.2696703296703,212.1,199.20247747075842,199.63334023809526,200.1289333333333,182.70582299184827,177.5772,179.5805333333334,186.6297766998045,177.70643142857153,179.29503333333307,200.1289333333333,-21.571066666666695
19011,corn,2022,9,221.7,192.2696703296703,212.1,199.01352184997629,204.83302023809512,205.38163333333344,182.70582299184827,177.5772,179.5805333333334,184.48281152007576,177.7096957142858,179.20379999999972,205.38163333333344,-16.31836666666655
19011,corn,2022,10,221.7,192.2696703296703,212.1,188.15831253658922,181.8625486507936,181.1746999999999,182.70582299184827,177.5772,179.5805333333334,169.93594681781101,177.95447857142864,178.69649999999967,181.1746999999999,-40.5253000000001
19011,corn,2022,11,221.7,192.2696703296703,212.1,191.60971782781735,191.67234801587276,187.37529999999987,182.70582299184827,177.5772,179.5805333333334,179.10708045800826,177.98059904761914,179.03856666666644,187.37529999999987,-34.32470000000012
19011,corn,2022,12,221.7,192.2696703296703,212.1,192.13850543544464,184.9748525685425,188.11393333333336,182.70582299184827,177.5772,179.5805333333334,185.8137002015083,177.91397333333342,179.37476666666643,188.11393333333336,-33.586066666666625
19013,corn,2022,1,202.5,192.2696703296703,194.5,193.3661581872376,199.88610015151522,199.3496333333331,181.0381418791344,188.45760000000004,185.42579999999987,181.04548744809975,186.44829000000016,185.57679999999985,199.3496333333331,-3.150366666666912
19013,corn,2022,2,202.5,192.2696703296703,194.5,191.04444167354907,183.41027190476188,177.80716666666663,181.0381418791344,188.45760000000004,185.42579999999987,177.60934689077538,186.45157333333358,185.25323333333316,177.80716666666663,-24.69283333333337
19013,corn,2022,3,202.5,192.2696703296703,194.5,189.6518451938005,187.81365238095236,192.14136666666667,181.0381418791344,188.45760000000004,185.42579999999987,175.008669508158,186.36729833333357,184.2609666666665,192.14136666666667,-10.35863333333333
19013,corn,2022,4,202.5,192.2696703296703,194.5,191.53257539756734,188.2631343650793,192.79309999999987,181.0381418791344,188.45760000000004,185.42579999999987,183.76147180454123,186.7712400000002,185.8000666666665,192.79309999999987,-9.706900000000132
19013,corn,2022,5,202.5,192.2696703296703,194.5,193.27503702358277,191.36522666666662,191.83086666666657,181.0381418791344,188.45760000000004,185.42579999999987,178.98770088076685,186.74540666666692,185.77659999999986,191.83086666666657,-10.669133333333434
19013,corn,2022,6,202.5,192.2696703296703,194.5,188.11637238444663,196.51335357142864,198.4562333333335,181.0381418791344,188.45760000000004,185.42579999999987,173.0846988905355,186.59476523809545,185.90349999999987,198.4562333333335,-4.0437666666664995
19013,corn,2022,7,202.5,192.2696703296703,194.5,193.19988545283618,193.50622198412714,196.70643333333314,181.0381418791344,188.45760000000004,185.42579999999987,178.18258307819093,186.2936800000002,185.61199999999988,196.70643333333314,-5.793566666666862
19013,corn,2022,8,202.5,192.2696703296703,194.5,195.42601547905846,196.05748722222214,189.2822333333334,181.0381418791344,188.45760000000004,185.42579999999987,181.80207580636414,186.6347933333335,186.0064333333333,189.2822333333334,-13.217766666666591
19013,corn,2022,9,202.5,192.2696703296703,194.5,196.918840057486,202.13751277777783,202.97413333333336,181.0381418791344,188.45760000000004,185.42579999999987,181.66013070593394,186.3658400000002,185.80529999999993,202.97413333333336,0.4741333333333557
19013,corn,2022,10,202.5,192.2696703296703,194.5,190.85032191762278,169.6100166666666,170.80703333333315,181.0381418791344,188.45760000000004,185.42579999999987,171.0846303111006,185.88791714285736,185.20946666666657,170.80703333333315,-31.692966666666848
19013,corn,2022,11,202.5,192.2696703296703,194.5,184.87229122666565,180.1216180952381,182.01833333333352,181.0381418791344,188.45760000000004,185.42579999999987,173.39334771373993,186.5344859523812,185.71936666666664,182.01833333333352,-20.481666666666484
19013,corn,2022,12,202.5,192.2696703296703,194.5,193.56766703159573,189.1401851082252,188.93526666666665,181.0381418791344,188.45760000000004,185.42579999999987,185.49772038724916,186.38635500000024,185.5365999999999,188.93526666666665,-13.56473333333335
19015,corn,2022,1,202.4,192.2696703296703,209.4,192.83366375874834,194.23088182539695,192.9846333333333,182.61292561086495,179.33759999999958,180.06956666666645,183.18313818935667,179.60035904761875,178.69576666666646,192.9846333333333,-9.4153666666667
19015,corn,2022,2,202.4,192.2696703296703,209.4,189.59790842020396,186.47105896825403,180.65863333333317,182.61292561086495,179.33759999999958,180.06956666666645,175.88045169288478,179.50045761904738,178.71473333333319,180.65863333333317,-21.741366666666835
19015,corn,2022,3,202.4,192.2696703296703,209.4,189.01607395794932,188.13733261904775,195.08266666666688,182.61292561086495,179.33759999999958,180.06956666666645,180.38609116131477,179.52043095238068,179.18679999999978,195.08266666666688,-7.317333333333124
19015,corn,2022,4,202.4,192.2696703296703,209.4,193.0923734670179,182.79708031746037,190.66596666666666,182.61292561086495,179.33759999999958,180.06956666666645,188.0517084855035,179.50390238095213,178.81496666666646,190.66596666666666,-11.734033333333343
19015,corn,2022,5,202.4,192.2696703296703,209.4,187.70176854808958,195.54369992063502,194.6499999999998,182.61292561086495,179.33759999999958,180.06956666666645,178.77549832753863,179.56870238095215,179.23746666666636,194.6499999999998,-7.750000000000199
19015,corn,2022,6,202.4,192.2696703296703,209.4,195.71281058230903,194.21937095238087,197.56206666666662,182.61292561086495,179.33759999999958,180.06956666666645,180.45703629393333,179.73137238095214,179.19369999999964,197.56206666666662,-4.837933333333382
19015,corn,2022,7,202.4,192.2696703296703,209.4,188.1685919730324,194.47524222222233,189.04933333333304,182.61292561086495,179.33759999999958,180.06956666666645,177.40880892805575,179.80934904761875,178.70976666666627,189.04933333333304,-13.350666666666967
19015,corn,2022,8,202.4,192.2696703296703,209.4,197.9202830285563,198.56557547619036,199.05900000000028,182.61292561086495,179.33759999999958,180.06956666666645,186.7875753185033,179.5312990476188,178.88133333333303,199.05900000000028,-3.340999999999724
19015,corn,2022,9,202.4,192.2696703296703,209.4,197.13962285537886,201.56431888888892,201.24950000000015,182.61292561086495,179.33759999999958,180.06956666666645,184.6697459509476,179.56129904761877,178.66936666666635,201.24950000000015,-1.1504999999998518
19015,corn,2022,10,202.4,192.2696703296703,209.4,186.50389181150325,178.7347938095238,174.64159999999978,182.61292561086495,179.33759999999958,180.06956666666645,167.50176927494374,178.91004833333307,178.1765333333329,174.64159999999978,-27.758400000000222
19015,corn,2022,11,202.4,192.2696703296703,209.4,190.74378472668025,188.59145111111104,189.1334999999997,182.61292561086495,179.33759999999958,180.06956666666645,178.4730433331826,179.18652995670968,178.46419999999972,189.1334999999997,-13.266500000000292
19015,corn,2022,12,202.4,192.2696703296703,209.4,198.10135426273354,189.7375973809523,190.30643333333322,182.61292561086495,179.33759999999958,180.06956666666645,191.68003697776092,179.47252904761876,178.68389999999974,190.30643333333322,-12.093566666666788
19017,corn,2022,1,210.8,192.2696703296703,201.1,194.2582590255674,196.19297976190487,199.14996666666636,185.3977402563591,195.64671842784307,195.17280000000076,183.82925018673666,195.77422333333456,193.11770000000092,199.14996666666636,-11.650033333333653
19017,corn,2022,2,210.8,192.2696703296703,201.1,191.10746821749373,185.2455616666666,178.94075,185.3977402563591,195.64671842784307,195.17280000000076,180.2182285580497,195.50757333333456,193.13956666666758,178.94075,-31.859250000000003
19017,corn,2022,3,210.8,192.2696703296703,201.1,190.65936847106192,188.38250523809506,191.5642,185.3977402563591,195.64671842784307,195.17280000000076,177.71234250715654,195.1758902380965,191.71680000000086,191.5642,-19.235800000000012
19017,corn,2022,4,210.8,192.2696703296703,201.1,195.72734694177237,189.14236825396821,193.80746666666664,185.3977402563591,195.64671842784307,195.17280000000076,188.369590675528,195.84969000000123,193.34856666666755,193.80746666666664,-16.99253333333337
19017,corn,2022,5,210.8,192.2696703296703,201.1,193.4208277219086,192.04846166666673,193.3387666666665,185.3977402563591,195.64671842784307,195.17280000000076,183.1051481844326,195.8264166666679,193.37290000000084,193.3387666666665,-17.461233333333524
19017,corn,2022,6,210.8,192.2696703296703,201.1,188.9793777476469,198.91947499999998,204.51336666666668,185.3977402563591,195.64671842784307,195.17280000000076,176.63686600038548,195.70207000000124,193.29400000000084,204.51336666666668,-6.286633333333327
19017,corn,2022,7,210.8,192.2696703296703,201.1,186.4484903418437,184.85033404761887,189.4159666666666,185.3977402563591,195.64671842784307,195.17280000000076,178.14037161909604,195.67293666666788,193.2806666666675,189.4159666666666,-21.384033333333406
19017,corn,2022,8,210.8,192.2696703296703,201.1,193.01980142900103,188.08074373015867,191.26323333333332,185.3977402563591,195.64671842784307,195.17280000000076,185.8696993974548,195.55698142857264,193.00226666666748,191.26323333333332,-19.536766666666693
19017,corn,2022,9,210.8,192.2696703296703,201.1,196.71030322686624,202.9206496031746,204.4624,185.3977402563591,195.64671842784307,195.17280000000076,185.66114851473048,195.39260666666783,193.1991333333342,204.4624,-6.337600000000009
19017,corn,2022,10,210.8,192.2696703296703,201.1,180.88516007669162,176.15536857142862,176.45683333333312,185.3977402563591,195.64671842784307,195.17280000000076,170.58993840942696,195.6542966666678,192.48613333333418,176.45683333333312,-34.34316666666689
19017,corn,2022,11,210.8,192.2696703296703,201.1,180.7296953985532,182.28193976190468,182.92693333333335,185.3977402563591,195.64671842784307,195.17280000000076,174.25641214772492,195.88998428571546,192.86396666666747,182.92693333333335,-27.87306666666666
19017,corn,2022,12,210.8,192.2696703296703,201.1,196.73894938214642,195.14012658730152,194.3478666666666,185.3977402563591,195.64671842784307,195.17280000000076,189.38098879796502,195.5241014285726,193.11770000000084,194.3478666666666,-16.45213333333342
19019,corn,2022,1,209.7,192.2696703296703,210.0,195.89388766537346,200.89530848484856,201.97379999999976,188.71703500509778,192.83540000000093,189.74400000000074,187.22211722349033,191.22724190476268,191.23343333333392,201.97379999999976,-7.726200000000233
19019,corn,2022,2,209.7,192.2696703296703,210.0,190.19036524461228,182.84527047619042,175.6237999999999,188.71703500509778,192.83540000000093,189.74400000000074,180.64515408857838,191.2250366666675,191.10263333333398,175.6237999999999,-34.076200000000085
19019,corn,2022,3,209.7,192.2696703296703,210.0,189.43803621478165,188.92995690476198,190.31913333333338,188.71703500509778,192.83540000000093,189.74400000000074,183.61150209954684,191.739618095239,190.64900000000054,190.31913333333338,-19.380866666666606
19019,corn,2022,4,209.7,192.2696703296703,210.0,196.05218963468874,188.10924944444463,195.7401999999999,188.71703500509778,192.83540000000093,189.74400000000074,192.02665857611586,191.85575523809607,191.30530000000067,195.7401999999999,-13.959800000000087
19019,corn,2022,5,209.7,192.2696703296703,210.0,198.19928967099014,195.78048349206338,195.5111666666667,188.71703500509778,192.83540000000093,189.74400000000074,188.15654771357865,191.78257666666755,191.44220000000067,195.5111666666667,-14.188833333333292
19019,corn,2022,6,209.7,192.2696703296703,210.0,191.4161391326161,198.07122690476203,199.00296666666668,188.71703500509778,192.83540000000093,189.74400000000074,183.05485805956639,193.36252666666752,191.13840000000067,199.00296666666668,-10.697033333333309
19019,corn,2022,7,209.7,192.2696703296703,210.0,193.54171795095948,204.1397273809526,202.9466666666666,188.71703500509778,192.83540000000093,189.74400000000074,184.7170807550394,191.94387714285799,190.69830000000064,202.9466666666666,-6.753333333333387
19019,corn,2022,8,209.7,192.2696703296703,210.0,199.82019618004654,200.70101666666667,197.23739999999987,188.71703500509778,192.83540000000093,189.74400000000074,192.31970840804047,192.2078857142866,191.17516666666737,197.23739999999987,-12.462600000000123
19019,corn,2022,9,209.7,192.2696703296703,210.0,193.87583351563325,204.1079769047619,205.67473333333345,188.71703500509778,192.83540000000093,189.74400000000074,186.1042197441654,191.06997190476275,191.26493333333397,205.67473333333345,-4.025266666666539
19019,corn,2022,10,209.7,192.2696703296703,210.0,185.49555130572043,179.99315071428555,176.70423333333312,188.71703500509778,192.83540000000093,189.74400000000074,173.78329833164508,190.78399952381028,190.04473333333397,176.70423333333312,-32.99576666666687
19019,corn,2022,11,209.7,192.2696703296703,210.0,190.75142327728497,191.76737738095224,191.79619999999997,188.71703500509778,192.83540000000093,189.74400000000074,181.7884069354698,191.94402000000088,190.81706666666727,191.79619999999997,-17.903800000000018
19019,corn,2022,12,209.7,192.2696703296703,210.0,193.18570200298294,190.14048415584435,192.55846666666665,188.71703500509778,192.83540000000093,189.74400000000074,189.56693483564635,192.1980719047627,191.1016000000006,192.55846666666665,-17.141533333333342
19021,corn,2022,1,197.0,192.2696703296703,204.7,197.57985533972055,196.64689857864346,197.003,182.573995767896,178.35235560460657,180.08476666666598,183.85424492340115,178.90059809523711,179.72053333333278,197.003,0.002999999999985903
19021,corn,2022,2,197.0,192.2696703296703,204.7,185.46455044560668,190.99528809523827,184.52336666666642,182.573995767896,178.35235560460657,180.08476666666598,171.76392529799182,177.8979473809514,179.39516666666606,184.52336666666642,-12.47663333333358
19021,corn,2022,3,197.0,192.2696703296703,204.7,196.66002066346186,194.38701499999982,198.32719999999986,182.573995767896,178.35235560460657,180.08476666666598,184.1302923369969,178.27687619047518,179.61066666666602,198.32719999999986,1.3271999999998627
19021,corn,2022,4,197.0,192.2696703296703,204.7,206.66189246957674,200.39403497835517,200.18063333333336,182.573995767896,178.35235560460657,180.08476666666598,195.42846544502345,178.98550333333225,179.52513333333283,200.18063333333336,3.180633333333361
19021,corn,2022,5,197.0,192.2696703296703,204.7,204.14244200659667,201.82613841269855,199.00873333333357,182.573995767896,178.35235560460657,180.08476666666598,192.4669978698488,178.9578299999989,179.6725666666661,199.00873333333357,2.0087333333335664
19021,corn,2022,6,197.0,192.2696703296703,204.7,201.16133320800776,200.5027861038961,201.16423333333347,182.573995767896,178.35235560460657,180.08476666666598,185.11200369973454,179.16714333333226,179.98183333333273,201.16423333333347,4.1642333333334705
19021,corn,2022,7,197.0,192.2696703296703,204.7,190.5999948950686,202.04227027417028,200.85469999999995,182.573995767896,178.35235560460657,180.08476666666598,180.42574075503381,178.65127682539577,179.27216666666604,200.85469999999995,3.8546999999999514
19021,corn,2022,8,197.0,192.2696703296703,204.7,195.82615839498567,198.55216142857162,200.75800000000007,182.573995767896,178.35235560460657,180.08476666666598,184.45199014495597,179.380409999999,180.63146666666603,200.75800000000007,3.7580000000000666
19021,corn,2022,9,197.0,192.2696703296703,204.7,192.27068280521857,200.90170507215007,202.35760000000013,182.573995767896,178.35235560460657,180.08476666666598,181.2963615508557,178.01927095237994,179.85716666666602,202.35760000000013,5.357600000000133
19021,corn,2022,10,197.0,192.2696703296703,204.7,168.10835064365082,180.17885047619052,183.55776666666688,182.573995767896,178.35235560460657,180.08476666666598,156.96803311844963,176.18841499999903,177.83486666666604,183.55776666666688,-13.442233333333121
19021,corn,2022,11,197.0,192.2696703296703,204.7,201.8143511626049,199.32109880952373,201.71813333333324,182.573995767896,178.35235560460657,180.08476666666598,183.70318155548017,179.0721973015863,180.5909999999994,201.71813333333324,4.718133333333242
19021,corn,2022,12,197.0,192.2696703296703,204.7,206.66153679950676,199.2915968253969,199.0114666666666,182.573995767896,178.35235560460657,180.08476666666598,194.62661188505862,178.94602928571328,180.01006666666592,199.0114666666666,2.0114666666665926
19023,corn,2022,1,212.4,192.2696703296703,205.6,197.6390897339073,193.09834158730152,196.17746666666662,186.056794725574,185.42840000000078,190.6978000000007,187.90265643539908,185.8287004761913,191.19896666666716,196.17746666666662,-16.222533333333388
19023,corn,2022,2,212.4,192.2696703296703,205.6,192.7801691725722,186.61169841269864,182.1877000000002,186.056794725574,185.42840000000078,190.6978000000007,179.43425364802187,184.92877666666746,187.73213333333388,182.1877000000002,-30.2122999999998
19023,corn,2022,3,212.4,192.2696703296703,205.6,197.01353246032266,200.07850626984117,198.99706666666683,186.056794725574,185.42840000000078,190.6978000000007,181.7920778055714,185.7657466666675,187.21193333333406,198.99706666666683,-13.40293333333318
19023,corn,2022,4,212.4,192.2696703296703,205.6,202.07414567622897,195.9103911183261,196.32023333333325,186.056794725574,185.42840000000078,190.6978000000007,193.14952535443555,185.97134000000082,189.68480000000062,196.32023333333325,-16.079766666666757
19023,corn,2022,5,212.4,192.2696703296703,205.6,197.88484800969584,188.8671564285713,193.0656000000001,186.056794725574,185.42840000000078,190.6978000000007,186.944557484251,185.27353095238175,189.93000000000063,193.0656000000001,-19.334399999999903
19023,corn,2022,6,212.4,192.2696703296703,205.6,193.47344319903746,195.5133675180377,197.16980000000007,186.056794725574,185.42840000000078,190.6978000000007,182.0611527024845,185.60309000000078,189.9226666666674,197.16980000000007,-15.23019999999994
19023,corn,2022,7,212.4,192.2696703296703,205.6,191.42502026574192,197.2638327777779,200.91079999999994,186.056794725574,185.42840000000078,190.6978000000007,179.25560906107793,185.39080166666744,189.7942333333339,200.91079999999994,-11.489200000000068
19023,corn,2022,8,212.4,192.2696703296703,205.6,194.2603501506748,206.03723341269844,203.7968666666667,186.056794725574,185.42840000000078,190.6978000000007,185.39965329285832,185.90669000000082,190.43183333333394,203.7968666666667,-8.603133333333318
19023,corn,2022,9,212.4,192.2696703296703,205.6,192.5529046179125,201.30353198412703,201.81546666666668,186.056794725574,185.42840000000078,190.6978000000007,183.5131651712293,185.33356761904838,189.41026666666733,201.81546666666668,-10.584533333333326
19023,corn,2022,10,212.4,192.2696703296703,205.6,185.61048358217073,168.96312023809537,161.44090000000008,186.056794725574,185.42840000000078,190.6978000000007,172.73000770828526,181.5109976190484,183.53556666666725,161.44090000000008,-50.95909999999992
19023,corn,2022,11,212.4,192.2696703296703,205.6,184.22508293881015,183.17423563492076,184.44993333333343,186.056794725574,185.42840000000078,190.6978000000007,177.13223921504897,185.4614471428579,189.35593333333395,184.44993333333343,-27.950066666666572
19023,corn,2022,12,212.4,192.2696703296703,205.6,204.8966056134153,195.81520277056276,196.33773333333338,186.056794725574,185.42840000000078,190.6978000000007,193.6529461759525,186.23843333333411,189.71326666666732,196.33773333333338,-16.06226666666663
19025,corn,2022,1,202.3,192.2696703296703,220.0,195.2541655981998,198.9107478571429,197.26783333333336,186.26255234542717,199.3176493319354,188.62629999999996,186.7409370079804,199.68660738095258,188.81109999999995,197.26783333333336,-5.0321666666666545
19025,corn,2022,2,202.3,192.2696703296703,220.0,186.61130825660675,192.75497380952376,186.91469999999993,186.26255234542717,199.3176493319354,188.62629999999996,175.4009472615188,198.89567261904776,188.5959,186.91469999999993,-15.385300000000086
19025,corn,2022,3,202.3,192.2696703296703,220.0,198.61073029444577,193.20637071428575,199.57276666666667,186.26255234542717,199.3176493319354,188.62629999999996,188.83566298295037,200.26156857142848,189.53113333333334,199.57276666666667,-2.727233333333345
19025,corn,2022,4,202.3,192.2696703296703,220.0,208.2007667573912,204.413534047619,202.18340000000018,186.26255234542717,199.3176493319354,188.62629999999996,200.84176177720073,199.6051123809524,189.75209999999987,202.18340000000018,-0.11659999999983484
19025,corn,2022,5,202.3,192.2696703296703,220.0,205.69619821179214,200.9090052380954,198.5426,186.26255234542717,199.3176493319354,188.62629999999996,196.0056933414586,199.40482857142862,189.81719999999984,198.5426,-3.7574000000000183
19025,corn,2022,6,202.3,192.2696703296703,220.0,198.2121966298115,198.04175285714305,197.04650000000012,186.26255234542717,199.3176493319354,188.62629999999996,185.88215586531973,200.77119238095224,189.0053666666665,197.04650000000012,-5.253499999999889
19025,corn,2022,7,202.3,192.2696703296703,220.0,197.26483995662636,194.3962761111111,198.06403333333316,186.26255234542717,199.3176493319354,188.62629999999996,189.01818081495983,198.44785198412723,188.89753333333306,198.06403333333316,-4.2359666666668545
19025,corn,2022,8,202.3,192.2696703296703,220.0,196.01040382057226,205.04783753968252,203.65836666666675,186.26255234542717,199.3176493319354,188.62629999999996,188.08540113876185,201.18929999999997,189.75809999999976,203.65836666666675,1.3583666666667398
19025,corn,2022,9,202.3,192.2696703296703,220.0,192.49789441913506,194.69773708513725,195.6294,186.26255234542717,199.3176493319354,188.62629999999996,185.69258581193378,199.14167309523827,188.08689999999976,195.6294,-6.670600000000007
19025,corn,2022,10,202.3,192.2696703296703,220.0,190.37883328637002,175.40488525974035,182.14506666666682,186.26255234542717,199.3176493319354,188.62629999999996,176.95122951967323,198.59918285714286,188.30373333333299,182.14506666666682,-20.15493333333319
19025,corn,2022,11,202.3,192.2696703296703,220.0,203.0167408767475,199.51725452380964,199.39209999999994,186.26255234542717,199.3176493319354,188.62629999999996,188.09434393628212,201.15687333333338,189.2043333333332,199.39209999999994,-2.907900000000069
19025,corn,2022,12,202.3,192.2696703296703,220.0,211.22097957442602,199.23756003607502,194.16643333333337,186.26255234542717,199.3176493319354,188.62629999999996,202.05389417097186,199.43802904761918,189.56579999999994,194.16643333333337,-8.133566666666638
19027,corn,2022,1,195.7,192.2696703296703,220.5,201.20584650859996,203.01463056277035,202.3958333333335,189.01845523414684,176.8277567366548,184.7339000000006,191.26514626079415,180.21471285714327,187.18893333333375,202.3958333333335,6.695833333333525
19027,corn,2022,2,195.7,192.2696703296703,220.5,188.13099780790557,191.53475126984134,187.06233333333313,189.01845523414684,176.8277567366548,184.7339000000006,178.45594698387401,178.49774452380993,186.76723333333376,187.06233333333313,-8.63766666666686
19027,corn,2022,3,195.7,192.2696703296703,220.5,202.14479168993867,189.94471640692626,198.2523333333331,189.01845523414684,176.8277567366548,184.7339000000006,192.40874662397985,178.07850714285777,186.97936666666718,198.2523333333331,2.5523333333331095
19027,corn,2022,4,195.7,192.2696703296703,220.5,208.27205749836912,202.29661849206335,203.22443333333337,189.01845523414684,176.8277567366548,184.7339000000006,200.87811099837802,178.7023666666673,187.0516333333338,203.22443333333337,7.524433333333377
19027,corn,2022,5,195.7,192.2696703296703,220.5,202.69808519144257,200.25921634920638,199.3964166666667,189.01845523414684,176.8277567366548,184.7339000000006,194.90514346016676,178.43976333333404,187.00813333333375,199.3964166666667,3.696416666666721
19027,corn,2022,6,195.7,192.2696703296703,220.5,195.7441838431774,198.76601650793648,198.69039999999993,189.01845523414684,176.8277567366548,184.7339000000006,187.2048221455106,180.92270047619093,186.6826666666671,198.69039999999993,2.990399999999937
19027,corn,2022,7,195.7,192.2696703296703,220.5,192.26810659676863,208.81338706349214,205.63503333333327,189.01845523414684,176.8277567366548,184.7339000000006,188.76874799626475,179.74827476190526,186.4909666666671,205.63503333333327,9.93503333333328
19027,corn,2022,8,195.7,192.2696703296703,220.5,194.87766015742747,201.67343277777792,201.52506666666682,189.01845523414684,176.8277567366548,184.7339000000006,188.5159171273382,180.47197571428617,186.8573000000004,201.52506666666682,5.825066666666828
19027,corn,2022,9,195.7,192.2696703296703,220.5,192.4958604219652,202.91170904761904,202.8862333333334,189.01845523414684,176.8277567366548,184.7339000000006,186.95125558581645,179.23221380952432,186.90766666666704,202.8862333333334,7.186233333333405
19027,corn,2022,10,195.7,192.2696703296703,220.5,186.0206718088375,171.22867476190498,173.69980000000007,189.01845523414684,176.8277567366548,184.7339000000006,176.91946661945036,176.43736277777828,186.11490000000043,173.69980000000007,-22.00019999999992
19027,corn,2022,11,195.7,192.2696703296703,220.5,196.32549501450515,199.06181674603158,199.6673333333332,189.01845523414684,176.8277567366548,184.7339000000006,180.94061963128016,180.3479692063496,187.34703333333374,199.6673333333332,3.9673333333332153
19027,corn,2022,12,195.7,192.2696703296703,220.5,207.54005469898613,198.22899031746027,201.20443333333324,189.01845523414684,176.8277567366548,184.7339000000006,199.4332236418764,178.3845580952387,187.40633333333378,201.20443333333324,5.504433333333253
19029,corn,2022,1,179.2,192.2696703296703,213.5,197.251579672928,200.49365920634915,203.2550000000003,185.79093116165393,162.23086726296884,185.1298000000001,184.87852600983678,164.01471619047533,187.78100000000012,203.2550000000003,24.05500000000032
19029,corn,2022,2,179.2,192.2696703296703,213.5,186.69116498622958,192.53123269841254,190.90384999999995,185.79093116165393,162.23086726296884,185.1298000000001,172.43845759823057,161.61594634920544,186.0587666666667,190.90384999999995,11.70384999999996
19029,corn,2022,3,179.2,192.2696703296703,213.5,189.82161926193342,189.6996729365079,195.5987666666668,185.79093116165393,162.23086726296884,185.1298000000001,179.7502090697645,159.39740555555474,187.01586666666682,195.5987666666668,16.398766666666802
19029,corn,2022,4,179.2,192.2696703296703,213.5,207.83368640916083,199.4102698629149,201.30393333333345,185.79093116165393,162.23086726296884,185.1298000000001,196.4685562739467,163.3151033333324,187.37513333333348,201.30393333333345,22.103933333333458
19029,corn,2022,5,179.2,192.2696703296703,213.5,192.76194443546504,188.83267976911986,191.58723333333342,185.79093116165393,162.23086726296884,185.1298000000001,186.1094323857306,163.91508666666576,186.81820000000013,191.58723333333342,12.387233333333427
19029,corn,2022,6,179.2,192.2696703296703,213.5,191.4039455104111,198.52674761183258,200.58369999999994,185.79093116165393,162.23086726296884,185.1298000000001,182.83226640982176,164.80099214285624,187.05813333333342,200.58369999999994,21.383699999999948
19029,corn,2022,7,179.2,192.2696703296703,213.5,187.77255733265127,205.75297928571416,201.38833333333343,185.79093116165393,162.23086726296884,185.1298000000001,181.29219574845732,164.61257880952286,187.28873333333328,201.38833333333343,22.188333333333446
19029,corn,2022,8,179.2,192.2696703296703,213.5,195.4275936703925,200.77530007936505,196.31133333333338,185.79093116165393,162.23086726296884,185.1298000000001,184.84506296100662,164.17403666666578,187.2772666666667,196.31133333333338,17.11133333333339
19029,corn,2022,9,179.2,192.2696703296703,213.5,187.88713110810468,195.66205798701282,195.76250000000005,185.79093116165393,162.23086726296884,185.1298000000001,181.6329521062105,163.20719380952295,185.95226666666667,195.76250000000005,16.562500000000057
19029,corn,2022,10,179.2,192.2696703296703,213.5,178.98560608681186,163.40191023809538,177.16496666666654,185.79093116165393,162.23086726296884,185.1298000000001,167.27886208310704,155.7083945238088,183.65286666666657,177.16496666666654,-2.0350333333334447
19029,corn,2022,11,179.2,192.2696703296703,213.5,187.4707620419932,184.21987682539685,184.3870666666667,185.79093116165393,162.23086726296884,185.1298000000001,174.78700293872882,159.86258682539605,186.2818666666667,184.3870666666667,5.187066666666709
19029,corn,2022,12,179.2,192.2696703296703,213.5,206.59310986725626,194.05233432178923,196.4257,185.79093116165393,162.23086726296884,185.1298000000001,195.92982238065684,163.98353285714188,187.77393333333347,196.4257,17.225700000000018
19031,corn,2022,1,221.4,192.2696703296703,207.5,199.396827434585,190.75838329725823,197.04346666666686,181.37804645006327,180.0346,178.41056666666657,184.08029036380938,180.5861273809525,176.63326666666637,197.04346666666686,-24.356533333333147
19031,corn,2022,2,221.4,192.2696703296703,207.5,192.8904174909358,190.14003904761913,182.5318999999999,181.37804645006327,180.0346,178.41056666666657,176.7626083790008,180.4659580952382,176.73923333333315,182.5318999999999,-38.86810000000011
19031,corn,2022,3,221.4,192.2696703296703,207.5,193.98060013659264,192.21768158730163,191.78806666666682,181.37804645006327,180.0346,178.41056666666657,179.91726109593841,180.32050571428576,176.29089999999982,191.78806666666682,-29.611933333333184
19031,corn,2022,4,221.4,192.2696703296703,207.5,201.29216024695893,198.13452476190483,196.29893333333337,181.37804645006327,180.0346,178.41056666666657,189.39670247595663,180.61806126984132,176.74433333333312,196.29893333333337,-25.10106666666664
19031,corn,2022,5,221.4,192.2696703296703,207.5,195.29997901731087,193.64085103174622,194.94183333333334,181.37804645006327,180.0346,178.41056666666657,183.24643359625088,180.40095444444458,177.12966666666637,194.94183333333334,-26.45816666666667
19031,corn,2022,6,221.4,192.2696703296703,207.5,192.2915278425229,191.85366261904764,188.43956666666656,181.37804645006327,180.0346,178.41056666666657,177.7576504225032,179.88882978354974,176.73246666666634,188.43956666666656,-32.96043333333344
19031,corn,2022,7,221.4,192.2696703296703,207.5,192.62939033568657,206.24245285714255,203.1796000000002,181.37804645006327,180.0346,178.41056666666657,181.15903100282128,180.5755780952381,177.0063666666663,203.1796000000002,-18.220399999999813
19031,corn,2022,8,221.4,192.2696703296703,207.5,199.67078266928377,206.98525513708526,212.10513333333336,181.37804645006327,180.0346,178.41056666666657,186.62612338672557,180.4652590476191,177.23816666666636,212.10513333333336,-9.29486666666665
19031,corn,2022,9,221.4,192.2696703296703,207.5,193.3689331798303,199.54646588023067,201.42409999999992,181.37804645006327,180.0346,178.41056666666657,181.64893683253644,180.47384761904766,177.56969999999973,201.42409999999992,-19.97590000000008
19031,corn,2022,10,221.4,192.2696703296703,207.5,183.25476879544055,176.58361301587306,178.3813666666666,181.37804645006327,180.0346,178.41056666666657,167.70598986113202,174.8921719047619,175.80793333333298,178.3813666666666,-43.01863333333341
19031,corn,2022,11,221.4,192.2696703296703,207.5,187.7424405375869,183.07094777777758,184.90616666666668,181.37804645006327,180.0346,178.41056666666657,176.96934979972337,180.17904500000006,176.75746666666635,184.90616666666668,-36.49383333333333
19031,corn,2022,12,221.4,192.2696703296703,207.5,199.3491341424258,188.76532292929275,190.59456666666648,181.37804645006327,180.0346,178.41056666666657,187.97691295754177,180.85207225829728,176.82093333333307,190.59456666666648,-30.805433333333525
19033,corn,2022,1,216.9,192.2696703296703,200.9,198.51783445128936,187.74138896103884,191.15413333333328,181.2771072764398,175.815999999999,180.02013333333275,185.78722649382001,176.07411333333224,179.96553333333256,191.15413333333328,-25.74586666666673
19033,corn,2022,2,216.9,192.2696703296703,200.9,196.70702122932758,184.88726738095252,181.79773333333324,181.2771072764398,175.815999999999,180.02013333333275,176.74724612605786,176.1043999999989,179.52449999999942,181.79773333333324,-35.102266666666765
19033,corn,2022,3,216.9,192.2696703296703,200.9,193.33994751906903,191.6129145238094,198.7992666666666,181.2771072764398,175.815999999999,180.02013333333275,180.35037894864166,175.88875333333232,179.68413333333248,198.7992666666666,-18.10073333333341
19033,corn,2022,4,216.9,192.2696703296703,200.9,200.04691524285863,194.19158823232334,194.2360333333333,181.2771072764398,175.815999999999,180.02013333333275,191.00753050716472,175.89029333333238,179.09339999999924,194.2360333333333,-22.66396666666671
19033,corn,2022,5,216.9,192.2696703296703,200.9,194.716008956259,191.8740465079365,189.3124666666666,181.2771072764398,175.815999999999,180.02013333333275,182.3736710110396,175.8612533333323,179.6648999999993,189.3124666666666,-27.587533333333397
19033,corn,2022,6,216.9,192.2696703296703,200.9,196.49112249263308,199.75455785714297,199.81513333333322,181.2771072764398,175.815999999999,180.02013333333275,182.3363772901252,175.92789999999897,179.55539999999925,199.81513333333322,-17.084866666666784
19033,corn,2022,7,216.9,192.2696703296703,200.9,185.4371903471687,196.3900849206349,197.7913666666667,181.2771072764398,175.815999999999,180.02013333333275,175.58754853094985,176.04383809523705,180.04076666666597,197.7913666666667,-19.1086333333333
19033,corn,2022,8,216.9,192.2696703296703,200.9,194.09596615217978,200.7619597979799,201.61693333333344,181.2771072764398,175.815999999999,180.02013333333275,184.9362067974628,175.74113999999906,180.7630999999993,201.61693333333344,-15.28306666666657
19033,corn,2022,9,216.9,192.2696703296703,200.9,192.4377985633264,199.47824857142876,202.32080000000008,181.2771072764398,175.815999999999,180.02013333333275,183.40619369563836,175.98533333333228,179.71666666666604,202.32080000000008,-14.579199999999929
19033,corn,2022,10,216.9,192.2696703296703,200.9,176.0795640919884,163.40547785714304,175.6205999999999,181.2771072764398,175.815999999999,180.02013333333275,163.33514350530962,175.7790666666656,178.13969999999935,175.6205999999999,-41.279400000000095
19033,corn,2022,11,216.9,192.2696703296703,200.9,189.78973963100466,189.48976146464648,192.35716666666664,181.2771072764398,175.815999999999,180.02013333333275,179.66618115737236,176.0144166666656,180.6215333333327,192.35716666666664,-24.542833333333363
19033,corn,2022,12,216.9,192.2696703296703,200.9,200.5167636669421,195.11590824675318,196.5480666666665,181.2771072764398,175.815999999999,180.02013333333275,189.40076231612545,175.99953333333227,179.72483333333258,196.5480666666665,-20.351933333333506
19035,corn,2022,1,198.8,192.2696703296703,192.2696703296703,199.1062277806327,195.26360142857138,198.1900333333333,197.10734017085375,185.04168765142163,188.5134333333338,195.54500991858825,185.26549142857186,189.63533333333388,198.1900333333333,-0.6099666666667076
19035,corn,2022,2,198.8,192.2696703296703,192.2696703296703,187.33600899647652,191.93208555555523,191.28566666666666,197.10734017085375,185.04168765142163,188.5134333333338,184.83577667290743,182.46149547619086,187.37330000000048,191.28566666666666,-7.514333333333354
19035,corn,2022,3,198.8,192.2696703296703,192.2696703296703,201.41663218469293,191.23750902597394,195.90496666666655,197.10734017085375,185.04168765142163,188.5134333333338,199.10410666228302,184.36111928571466,188.61106666666714,195.90496666666655,-2.8950333333334584
19035,corn,2022,4,198.8,192.2696703296703,192.2696703296703,208.40778890771244,189.66398975246943,193.12439999999992,197.10734017085375,185.04168765142163,188.5134333333338,206.3397065755711,186.07153166666703,188.8349333333338,193.12439999999992,-5.675600000000088
19035,corn,2022,5,198.8,192.2696703296703,192.2696703296703,204.4569666692438,192.91353261904763,197.58133333333345,197.10734017085375,185.04168765142163,188.5134333333338,203.26429443575014,186.11154952380988,189.0724666666672,197.58133333333345,-1.2186666666665644
19035,corn,2022,6,198.8,192.2696703296703,192.2696703296703,201.7007088241351,204.72334999278505,206.0277000000003,197.10734017085375,185.04168765142163,188.5134333333338,197.55463950343213,187.20950111111148,189.88460000000038,206.0277000000003,7.227700000000283
19035,corn,2022,7,198.8,192.2696703296703,192.2696703296703,191.20753450959583,202.95068452380943,201.35890000000006,197.10734017085375,185.04168765142163,188.5134333333338,194.43362405638135,186.8303269047622,188.1289666666671,201.35890000000006,2.558900000000051
19035,corn,2022,8,198.8,192.2696703296703,192.2696703296703,191.18253340124477,197.5141326190475,195.01706666666658,197.10734017085375,185.04168765142163,188.5134333333338,194.92546294813675,187.0683428571432,189.02023333333386,195.01706666666658,-3.782933333333432
19035,corn,2022,9,198.8,192.2696703296703,192.2696703296703,186.44181310435184,194.37416936507933,194.87546666666657,197.10734017085375,185.04168765142163,188.5134333333338,189.04525678059687,183.0409028571433,188.27663333333385,194.87546666666657,-3.924533333333443
19035,corn,2022,10,198.8,192.2696703296703,192.2696703296703,171.8290951600162,179.57657301587307,181.90109999999996,197.10734017085375,185.04168765142163,188.5134333333338,172.8868771705551,181.11334642857184,186.12066666666712,181.90109999999996,-16.898900000000054
19035,corn,2022,11,198.8,192.2696703296703,192.2696703296703,202.2848246862782,195.8939581529582,196.7172333333333,197.10734017085375,185.04168765142163,188.5134333333338,196.464969049766,186.2611644444447,189.7190666666671,196.7172333333333,-2.082766666666714
19035,corn,2022,12,198.8,192.2696703296703,192.2696703296703,209.90476506226977,197.98503865079354,196.7431333333335,197.10734017085375,185.04168765142163,188.5134333333338,208.31539230604255,186.52935785714322,188.56340000000048,196.7431333333335,-2.056866666666508
19037,corn,2022,1,214.6,192.2696703296703,209.1,195.0668883137729,188.04925642135635,190.44513333333316,186.94425123222538,193.13980000000106,192.46220000000068,185.6222154528196,191.80920904761993,190.93383333333395,190.44513333333316,-24.154866666666834
19037,corn,2022,2,214.6,192.2696703296703,209.1,188.46113260908206,179.34313063492073,177.84296666666677,186.94425123222538,193.13980000000106,192.46220000000068,176.60069929787576,190.0961023809533,189.8614000000006,177.84296666666677,-36.757033333333226
19037,corn,2022,3,214.6,192.2696703296703,209.1,195.24457534272625,194.77464642857146,195.99673333333314,186.94425123222538,193.13980000000106,192.46220000000068,179.6862243214054,191.07982952381036,188.63780000000077,195.99673333333314,-18.603266666666855
19037,corn,2022,4,214.6,192.2696703296703,209.1,198.40666851351713,187.126592063492,189.56586666666675,186.94425123222538,193.13980000000106,192.46220000000068,192.56229460347754,192.92619777777867,191.7673333333339,189.56586666666675,-25.034133333333244
19037,corn,2022,5,214.6,192.2696703296703,209.1,192.57787810178976,189.94788944444443,192.71146666666655,186.94425123222538,193.13980000000106,192.46220000000068,186.27650216085178,192.55755571428665,191.39760000000055,192.71146666666655,-21.88853333333344
19037,corn,2022,6,214.6,192.2696703296703,209.1,193.27409000053967,196.1477523809525,198.7318000000001,186.94425123222538,193.13980000000106,192.46220000000068,182.56936344300044,192.5116726190486,191.38050000000055,198.7318000000001,-15.868199999999888
19037,corn,2022,7,214.6,192.2696703296703,209.1,187.44906671407068,188.40466420634917,193.22413333333324,186.94425123222538,193.13980000000106,192.46220000000068,180.06406319944733,190.60871500000093,190.65753333333387,193.22413333333324,-21.375866666666752
19037,corn,2022,8,214.6,192.2696703296703,209.1,188.64408241244553,185.2469655555557,190.27193333333355,186.94425123222538,193.13980000000106,192.46220000000068,183.40347480185468,192.04340380952476,190.95513333333392,190.27193333333355,-24.328066666666444
19037,corn,2022,9,214.6,192.2696703296703,209.1,189.768360759693,197.5319937301589,197.2374999999999,186.94425123222538,193.13980000000106,192.46220000000068,183.20234670132035,192.21285238095322,191.06443333333394,197.2374999999999,-17.362500000000097
19037,corn,2022,10,214.6,192.2696703296703,209.1,176.12511445170742,174.49311714285722,171.5894333333334,186.94425123222538,193.13980000000106,192.46220000000068,170.13214407673522,183.9101273015882,188.24150000000043,171.5894333333334,-43.01056666666659
19037,corn,2022,11,214.6,192.2696703296703,209.1,177.57481644268483,180.52696793650776,182.74816666666655,186.94425123222538,193.13980000000106,192.46220000000068,174.59940563594043,190.46412380952466,191.1006000000005,182.74816666666655,-31.851833333333445
19037,corn,2022,12,214.6,192.2696703296703,209.1,199.58643221069778,190.36706119047616,193.86889999999988,186.94425123222538,193.13980000000106,192.46220000000068,190.8540859657972,188.93392587301682,190.98520000000056,193.86889999999988,-20.73110000000011
19041,corn,2022,1,191.5,192.2696703296703,204.2,195.1895543523446,196.07205801587295,193.84786666666673,180.4858225106762,158.29439999999897,163.18009999999938,181.76690121079247,158.9480833333324,162.830266666666,193.84786666666673,2.3478666666667323
19041,corn,2022,2,191.5,192.2696703296703,204.2,190.25253328550983,189.29267515873025,184.58773333333335,180.4858225106762,158.29439999999897,163.18009999999938,173.93160673199694,158.8942699999991,163.8145333333327,184.58773333333335,-6.912266666666653
19041,corn,2022,3,191.5,192.2696703296703,204.2,196.47069723231868,193.21721063492058,200.62090000000003,180.4858225106762,158.29439999999897,163.18009999999938,182.8295485819665,159.0610952380943,163.95496666666602,200.62090000000003,9.120900000000034
19041,corn,2022,4,191.5,192.2696703296703,204.2,207.5660439593685,202.4825395238096,201.12116666666662,180.4858225106762,158.29439999999897,163.18009999999938,195.1114252348664,159.22090833333237,163.81259999999943,201.12116666666662,9.621166666666625
19041,corn,2022,5,191.5,192.2696703296703,204.2,201.50453666791313,187.6442515584414,194.22229999999985,180.4858225106762,158.29439999999897,163.18009999999938,188.96873556513498,159.16249285714193,163.62073333333274,194.22229999999985,2.722299999999848
19041,corn,2022,6,191.5,192.2696703296703,204.2,200.44237958066253,202.11566825396832,202.50570000000013,180.4858225106762,158.29439999999897,163.18009999999938,182.15382912601316,159.36529999999908,163.49199999999925,202.50570000000013,11.005700000000132
19041,corn,2022,7,191.5,192.2696703296703,204.2,188.78867529257627,191.4880164646466,198.02493333333342,180.4858225106762,158.29439999999897,163.18009999999938,178.33833023519787,159.18459333333237,162.5515666666659,198.02493333333342,6.524933333333422
19041,corn,2022,8,191.5,192.2696703296703,204.2,195.00206019703361,194.24769725829722,195.74429999999987,180.4858225106762,158.29439999999897,163.18009999999938,183.06758908950317,159.19280999999904,163.3475333333326,195.74429999999987,4.244299999999868
19041,corn,2022,9,191.5,192.2696703296703,204.2,185.61832265140862,196.25537134920643,197.88906666666668,180.4858225106762,158.29439999999897,163.18009999999938,175.6970786879744,158.47785833333236,163.7255333333326,197.88906666666668,6.389066666666679
19041,corn,2022,10,191.5,192.2696703296703,204.2,167.97530432140667,169.60754571428595,179.52420000000004,180.4858225106762,158.29439999999897,163.18009999999938,154.8439033303394,157.42983999999907,163.41283333333263,179.52420000000004,-11.975799999999964
19041,corn,2022,11,191.5,192.2696703296703,204.2,195.63162150934286,196.15178777777763,198.0191,180.4858225106762,158.29439999999897,163.18009999999938,179.7228063162932,159.07631428571335,164.25419999999923,198.0191,6.519100000000009
19041,corn,2022,12,191.5,192.2696703296703,204.2,206.75233007005235,195.14013507936497,200.47539999999998,180.4858225106762,158.29439999999897,163.18009999999938,192.13520903706333,159.11961999999906,163.15896666666592,200.47539999999998,8.97539999999998
19043,corn,2022,1,215.4,192.2696703296703,196.5,197.69997506513366,202.28042555555552,200.29866666666672,181.36615465964584,154.48040000000108,166.5332000000006,181.2283530881381,154.4192933333343,170.6198333333341,200.29866666666672,-15.101333333333287
19043,corn,2022,2,215.4,192.2696703296703,196.5,192.9766823777186,192.38259833333336,180.45396666666673,181.36615465964584,154.48040000000108,166.5332000000006,175.30926127131391,154.2456933333343,167.61700000000067,180.45396666666673,-34.946033333333276
19043,corn,2022,3,215.4,192.2696703296703,196.5,204.93860028241156,199.27578268398284,197.60169999999994,181.36615465964584,154.48040000000108,166.5332000000006,189.41413304540862,154.33986000000098,171.11093333333378,197.60169999999994,-17.79830000000007
19043,corn,2022,4,215.4,192.2696703296703,196.5,206.74843529441563,205.86415308080814,203.69260000000008,181.36615465964584,154.48040000000108,166.5332000000006,195.5681582693,154.325500000001,170.13090000000054,203.69260000000008,-11.707399999999922
19043,corn,2022,5,215.4,192.2696703296703,196.5,197.47041530886088,199.15745430735942,194.62193333333337,181.36615465964584,154.48040000000108,166.5332000000006,184.9002227899132,154.27220000000096,168.48563333333394,194.62193333333337,-20.778066666666632
19043,corn,2022,6,215.4,192.2696703296703,196.5,197.10231815962436,194.16390896825405,195.99746666666664,181.36615465964584,154.48040000000108,166.5332000000006,185.21490030231908,154.42418571428666,169.3304333333339,195.99746666666664,-19.402533333333366
19043,corn,2022,7,215.4,192.2696703296703,196.5,206.49391636271986,210.4511831746031,207.93083333333334,181.36615465964584,154.48040000000108,166.5332000000006,188.9144714234192,154.48260000000096,170.7089333333338,207.93083333333334,-7.469166666666666
19043,corn,2022,8,215.4,192.2696703296703,196.5,207.96085388801896,202.90854174603194,205.06403333333307,181.36615465964584,154.48040000000108,166.5332000000006,191.61614579319712,154.43696666666764,170.30816666666715,205.06403333333307,-10.335966666666934
19043,corn,2022,9,215.4,192.2696703296703,196.5,193.2973461719225,202.94484928571427,205.52223333333367,181.36615465964584,154.48040000000108,166.5332000000006,179.6793251652346,154.2524333333343,169.01963333333396,205.52223333333367,-9.877766666666332
19043,corn,2022,10,215.4,192.2696703296703,196.5,186.94209753821147,169.25084539682564,172.14649999999995,181.36615465964584,154.48040000000108,166.5332000000006,170.7904050083739,154.31930000000096,165.91646666666725,172.14649999999995,-43.25350000000006
19043,corn,2022,11,215.4,192.2696703296703,196.5,191.25309603497578,197.16710992063497,199.6110333333334,181.36615465964584,154.48040000000108,166.5332000000006,178.96585491034338,154.25264571428667,169.31016666666733,199.6110333333334,-15.788966666666596
19043,corn,2022,12,215.4,192.2696703296703,196.5,209.44867629713224,200.2301072366523,198.52343333333343,181.36615465964584,154.48040000000108,166.5332000000006,197.8381013939494,154.3322457142867,171.24760000000063,198.52343333333343,-16.876566666666577
19045,corn,2022,1,225.2,192.2696703296703,206.8,201.77286502783124,192.64543976190458,197.99846666666693,183.28350862912598,178.60297735462677,181.56869999999955,186.82368859959126,178.75446238095196,181.79396666666653,197.99846666666693,-27.20153333333306
19045,corn,2022,2,225.2,192.2696703296703,206.8,192.81591984397946,189.88864619047635,186.05739999999986,183.28350862912598,178.60297735462677,181.56869999999955,177.68717324582792,178.97269030302996,181.17773333333312,186.05739999999986,-39.14260000000013
19045,corn,2022,3,225.2,192.2696703296703,206.8,195.89684016754276,197.74218230158743,197.91289999999992,183.28350862912598,178.60297735462677,181.56869999999955,182.65484452793436,178.79775571428527,181.1181999999997,197.91289999999992,-27.287100000000066
19045,corn,2022,4,225.2,192.2696703296703,206.8,199.6577146958316,199.7049357142857,200.8985000000002,183.28350862912598,178.60297735462677,181.56869999999955,187.30757109035864,178.8266957142853,181.166233333333,200.8985000000002,-24.301499999999777
19045,corn,2022,5,225.2,192.2696703296703,206.8,192.87123231093645,190.63927174603168,191.17536666666666,183.28350862912598,178.60297735462677,181.56869999999955,181.21584059979088,178.6358326190472,181.64643333333302,191.17536666666666,-34.02463333333333
19045,corn,2022,6,225.2,192.2696703296703,206.8,196.32935514691917,201.81434698412704,197.70449999999985,183.28350862912598,178.60297735462677,181.56869999999955,182.42136206406548,178.83153571428537,181.88166666666632,197.70449999999985,-27.495500000000135
19045,corn,2022,7,225.2,192.2696703296703,206.8,195.194278918172,204.38568547619045,204.34939999999995,183.28350862912598,178.60297735462677,181.56869999999955,182.4979504202224,178.91337285714243,181.70369999999969,204.34939999999995,-20.850600000000043
19045,corn,2022,8,225.2,192.2696703296703,206.8,201.72416385874493,207.51034706349185,210.2583,183.28350862912598,178.60297735462677,181.56869999999955,188.9977692761737,179.004172380952,182.17556666666636,210.2583,-14.941699999999997
19045,corn,2022,9,225.2,192.2696703296703,206.8,197.9802656506124,203.52142587301586,203.84520000000003,183.28350862912598,178.60297735462677,181.56869999999955,186.40094925100308,178.92345316017287,182.35876666666636,203.84520000000003,-21.354799999999955
19045,corn,2022,10,225.2,192.2696703296703,206.8,184.88414798569246,173.02522134920645,173.24486666666658,183.28350862912598,178.60297735462677,181.56869999999955,170.81915253078398,173.2009088744587,179.17733333333314,173.24486666666658,-51.95513333333341
19045,corn,2022,11,225.2,192.2696703296703,206.8,189.63843408697,191.72413272727277,188.57999999999996,183.28350862912598,178.60297735462677,181.56869999999955,180.4912974720056,178.883557380952,181.74486666666635,188.57999999999996,-36.62000000000003
19045,corn,2022,12,225.2,192.2696703296703,206.8,201.51323989486653,199.19795225219207,196.2683666666667,183.28350862912598,178.60297735462677,181.56869999999955,193.02097885892175,178.80706571428527,181.5072999999997,196.2683666666667,-28.93163333333328
19047,corn,2022,1,216.4,192.2696703296703,220.1,201.88051462601229,200.73510634920635,205.75756666666675,193.82581876419667,183.76940000000053,187.1671000000008,193.59398993143185,186.47482857142916,188.6487000000006,205.75756666666675,-10.642433333333258
19047,corn,2022,2,216.4,192.2696703296703,220.1,189.77438209933277,193.181532142857,192.4527333333333,193.82581876419667,183.76940000000053,187.1671000000008,180.7832524015909,183.2892544444449,188.24886666666728,192.4527333333333,-23.947266666666707
19047,corn,2022,3,216.4,192.2696703296703,220.1,208.0169441747778,198.3297013564214,200.41923333333327,193.82581876419667,183.76940000000053,187.1671000000008,198.77544900523068,183.78700642857217,188.36266666666734,200.41923333333327,-15.980766666666739
19047,corn,2022,4,216.4,192.2696703296703,220.1,215.8218022897466,209.5022883982685,206.3618999999999,193.82581876419667,183.76940000000053,187.1671000000008,208.46959081618627,184.15693476190543,187.82296666666718,206.3618999999999,-10.0381000000001
19047,corn,2022,5,216.4,192.2696703296703,220.1,215.71230569526864,219.63258809523808,212.7489666666664,193.82581876419667,183.76940000000053,187.1671000000008,206.9812694162171,184.3546990476197,187.8249666666673,212.7489666666664,-3.6510333333336007
19047,corn,2022,6,216.4,192.2696703296703,220.1,206.58416556907812,204.89817126984138,204.48839999999996,193.82581876419667,183.76940000000053,187.1671000000008,196.1145247327173,185.59956380952443,188.07810000000066,204.48839999999996,-11.91160000000005
19047,corn,2022,7,216.4,192.2696703296703,220.1,194.40196797813806,208.52145301587305,209.45870000000005,193.82581876419667,183.76940000000053,187.1671000000008,190.225435998521,184.05870904761977,187.57616666666735,209.45870000000005,-6.941299999999956
19047,corn,2022,8,216.4,192.2696703296703,220.1,203.53122914957518,210.20547499999992,207.6453333333334,193.82581876419667,183.76940000000053,187.1671000000008,196.88896677048007,184.734412380953,187.8923666666673,207.6453333333334,-8.754666666666594
19047,corn,2022,9,216.4,192.2696703296703,220.1,198.42071705506336,205.29325958152978,205.7832000000003,193.82581876419667,183.76940000000053,187.1671000000008,192.58219282702998,186.6971849206355,188.381533333334,205.7832000000003,-10.6167999999997
19047,corn,2022,10,216.4,192.2696703296703,220.1,186.8154282124231,181.77684999999994,181.8343000000001,193.82581876419667,183.76940000000053,187.1671000000008,179.24001776437854,182.0502620634926,187.48263333333398,181.8343000000001,-34.56569999999991
19047,corn,2022,11,216.4,192.2696703296703,220.1,192.74610208588703,188.50421162337662,189.37236666666664,193.82581876419667,183.76940000000053,187.1671000000008,187.00485406778537,181.83549253968312,188.31126666666734,189.37236666666664,-27.02763333333337
19047,corn,2022,12,216.4,192.2696703296703,220.1,210.50515935414774,203.4216926190477,201.3510666666667,193.82581876419667,183.76940000000053,187.1671000000008,205.38796201344778,184.52081809523867,188.3497000000006,201.3510666666667,-15.04893333333331
19049,corn,2022,1,187.2,192.2696703296703,210.8,196.8692305566903,205.09938507936525,202.2719666666668,181.59960282925906,178.74559999999988,176.76076666666674,184.84071839617656,179.51941666666653,177.0358333333333,202.2719666666668,15.07196666666681
19049,corn,2022,2,187.2,192.2696703296703,210.8,189.49198802371933,193.039078809524,182.34879999999998,181.59960282925906,178.74559999999988,176.76076666666674,174.41009427181012,179.15655976190467,176.54696666666675,182.34879999999998,-4.851200000000006
19049,corn,2022,3,187.2,192.2696703296703,210.8,195.99735536090705,195.8747656349208,195.6467333333332,181.59960282925906,178.74559999999988,176.76076666666674,183.556169125816,179.42750571428556,176.9873666666667,195.6467333333332,8.446733333333214
19049,corn,2022,4,187.2,192.2696703296703,210.8,207.11039304079443,208.63184649350654,205.89186666666689,181.59960282925906,178.74559999999988,176.76076666666674,195.7608723516954,179.58092238095222,177.09873333333337,205.89186666666689,18.691866666666897
19049,corn,2022,5,187.2,192.2696703296703,210.8,199.00478070597538,195.7471002380954,192.75556666666668,181.59960282925906,178.74559999999988,176.76076666666674,187.35785742823452,179.61067904761893,176.99209999999994,192.75556666666668,5.555566666666692
19049,corn,2022,6,187.2,192.2696703296703,210.8,197.22394085022867,196.94008714285738,200.85296666666673,181.59960282925906,178.74559999999988,176.76076666666674,183.3005624028679,180.73389523809507,176.9501333333332,200.85296666666673,13.652966666666742
19049,corn,2022,7,187.2,192.2696703296703,210.8,188.18544767856235,192.99470333333346,189.41396666666697,181.59960282925906,178.74559999999988,176.76076666666674,176.7035587009764,179.2463147619047,176.35779999999986,189.41396666666697,2.213966666666977
19049,corn,2022,8,187.2,192.2696703296703,210.8,192.0959785842188,200.23532952380955,199.20899999999983,181.59960282925906,178.74559999999988,176.76076666666674,182.51887862691964,179.78175333333317,177.06933333333322,199.20899999999983,12.008999999999844
19049,corn,2022,9,187.2,192.2696703296703,210.8,190.98504843355784,201.49851209956708,202.90333333333356,181.59960282925906,178.74559999999988,176.76076666666674,181.60609535513532,179.52116333333325,176.5560999999999,202.90333333333356,15.703333333333575
19049,corn,2022,10,187.2,192.2696703296703,210.8,185.53450391084024,174.10098928571432,172.60810000000006,181.59960282925906,178.74559999999988,176.76076666666674,169.27339794792482,174.5970152380951,175.70439999999996,172.60810000000006,-14.591899999999924
19049,corn,2022,11,187.2,192.2696703296703,210.8,196.54788436337532,194.489527142857,191.2301999999998,181.59960282925906,178.74559999999988,176.76076666666674,179.8373555181727,179.76363873015862,177.71779999999995,191.2301999999998,4.030199999999809
19049,corn,2022,12,187.2,192.2696703296703,210.8,206.06822306919503,193.7777625324674,191.64786666666663,181.59960282925906,178.74559999999988,176.76076666666674,194.32725953115659,179.51677238095226,177.57659999999998,191.64786666666663,4.447866666666641
19051,corn,2022,1,154.9,192.2696703296703,152.9,179.9793118732176,185.18439285714277,178.91753333333327,166.41863317657067,163.58400000000105,166.4130000000009,158.9438343928865,163.41392666666772,167.31550000000067,178.91753333333327,24.01753333333326
19051,corn,2022,2,154.9,192.2696703296703,152.9,182.08849848106755,188.85262650793624,184.40819999999988,166.41863317657067,163.58400000000105,166.4130000000009,156.80260600283583,163.65021333333436,166.52716666666728,184.40819999999988,29.508199999999874
19051,corn,2022,3,154.9,192.2696703296703,152.9,181.00446946166733,191.768063968254,186.70813333333354,166.41863317657067,163.58400000000105,166.4130000000009,160.86934585820399,164.04501190476296,167.7274000000006,186.70813333333354,31.80813333333353
19051,corn,2022,4,154.9,192.2696703296703,152.9,177.20325225909775,191.93243412698425,186.7704333333332,166.41863317657067,163.58400000000105,166.4130000000009,159.39376337633053,163.9210452380963,167.07340000000062,186.7704333333332,31.87043333333318
19051,corn,2022,5,154.9,192.2696703296703,152.9,174.9023083018945,166.56275682539686,167.1329666666665,166.41863317657067,163.58400000000105,166.4130000000009,157.9457399490351,163.27720000000102,166.24170000000078,167.1329666666665,12.2329666666665
19051,corn,2022,6,154.9,192.2696703296703,152.9,181.43384605712572,175.99090023809518,169.40980000000016,166.41863317657067,163.58400000000105,166.4130000000009,161.70158837170018,163.27706666666776,166.86106666666734,169.40980000000016,14.509800000000155
19051,corn,2022,7,154.9,192.2696703296703,152.9,186.3712060071223,184.3819815584416,186.10999999999996,166.41863317657067,163.58400000000105,166.4130000000009,168.13326566371967,163.31183333333442,167.01660000000066,186.10999999999996,31.20999999999995
19051,corn,2022,8,154.9,192.2696703296703,152.9,184.13152053700765,173.60748888888875,171.58193333333332,166.41863317657067,163.58400000000105,166.4130000000009,163.41329970586008,163.2610133333344,166.04010000000068,171.58193333333332,16.68193333333332
19051,corn,2022,9,154.9,192.2696703296703,152.9,182.58174124433737,172.35575325396823,172.38236666666668,166.41863317657067,163.58400000000105,166.4130000000009,162.86003655625336,163.40364666666778,167.13806666666733,172.38236666666668,17.482366666666678
19051,corn,2022,10,154.9,192.2696703296703,152.9,181.3381031189544,170.212909047619,165.40193333333337,166.41863317657067,163.58400000000105,166.4130000000009,157.95981651910313,163.41360666666773,166.88023333333405,165.40193333333337,10.501933333333369
19051,corn,2022,11,154.9,192.2696703296703,152.9,176.90821863739322,176.19160214285696,173.95556666666664,166.41863317657067,163.58400000000105,166.4130000000009,156.94725511943224,163.20680000000107,166.2213000000007,173.95556666666664,19.055566666666635
19051,corn,2022,12,154.9,192.2696703296703,152.9,179.54642941692356,163.10262690476176,159.5228666666667,166.41863317657067,163.58400000000105,166.4130000000009,165.2362492305049,163.3056333333344,166.06970000000067,159.5228666666667,4.622866666666681
19053,corn,2022,1,148.7,192.2696703296703,192.2696703296703,183.8855594836548,186.89054793650791,184.65766666666661,175.03003014288353,163.44099999999938,164.19526666666633,168.1209218062252,164.32453285714226,166.53279999999995,184.65766666666661,35.957666666666626
19053,corn,2022,2,148.7,192.2696703296703,192.2696703296703,183.95613149577167,191.1022460317458,187.15459999999968,175.03003014288353,163.44099999999938,164.19526666666633,164.39597943286586,165.3794116666661,167.68243333333342,187.15459999999968,38.45459999999969
19053,corn,2022,3,148.7,192.2696703296703,192.2696703296703,194.0615105584464,201.5835648989901,196.76053333333329,175.03003014288353,163.44099999999938,164.19526666666633,175.87623305323422,165.61548666666616,166.55056666666664,196.76053333333329,48.0605333333333
19053,corn,2022,4,148.7,192.2696703296703,192.2696703296703,190.28060552371144,199.86004214285742,190.39506666666654,175.03003014288353,163.44099999999938,164.19526666666633,175.61205959705705,165.39496999999955,166.15036666666666,190.39506666666654,41.69506666666655
19053,corn,2022,5,148.7,192.2696703296703,192.2696703296703,178.66495500579595,177.07118801587308,173.37993333333335,175.03003014288353,163.44099999999938,164.19526666666633,167.80336998034107,164.04732333333274,165.17533333333336,173.37993333333335,24.679933333333366
19053,corn,2022,6,148.7,192.2696703296703,192.2696703296703,186.3069703766194,187.81081833333323,177.06856666666667,175.03003014288353,163.44099999999938,164.19526666666633,170.56991391432234,164.20345476190414,165.88813333333317,177.06856666666667,28.36856666666668
19053,corn,2022,7,148.7,192.2696703296703,192.2696703296703,190.31691280405258,183.775767857143,184.3412000000002,175.03003014288353,163.44099999999938,164.19526666666633,175.32495737390795,164.13465999999943,166.20396666666664,184.3412000000002,35.641200000000225
19053,corn,2022,8,148.7,192.2696703296703,192.2696703296703,185.37073147294475,189.39913952380962,179.1767333333333,175.03003014288353,163.44099999999938,164.19526666666633,169.88513817867621,163.98244666666605,165.6922333333333,179.1767333333333,30.4767333333333
19053,corn,2022,9,148.7,192.2696703296703,192.2696703296703,185.37916350141137,166.61970968253974,169.27773333333343,175.03003014288353,163.44099999999938,164.19526666666633,169.19230575143754,164.11014999999935,165.63556666666665,169.27773333333343,20.57773333333344
19053,corn,2022,10,148.7,192.2696703296703,192.2696703296703,182.7979037396793,157.8914265873019,160.09926666666678,175.03003014288353,163.44099999999938,164.19526666666633,161.59273440127387,163.8102099999993,165.26359999999997,160.09926666666678,11.39926666666679
19053,corn,2022,11,148.7,192.2696703296703,192.2696703296703,180.0304046047499,171.39047513708508,175.6332666666666,175.03003014288353,163.44099999999938,164.19526666666633,165.91985050001819,163.714546666666,164.8816666666666,175.6332666666666,26.93326666666661
19053,corn,2022,12,148.7,192.2696703296703,192.2696703296703,185.5990602018258,180.13132250360758,178.61793333333327,175.03003014288353,163.44099999999938,164.19526666666633,174.5440897634567,164.58516166666607,165.9450666666667,178.61793333333327,29.91793333333328
19055,corn,2022,1,230.8,192.2696703296703,219.0,200.50297750753984,195.7110909523809,194.3986666666668,189.02731457645504,189.45739999999986,194.07089999999988,188.87083142603964,188.8934380952381,193.3217666666667,194.3986666666668,-36.40133333333321
19055,corn,2022,2,230.8,192.2696703296703,219.0,186.9166515945821,183.0203901587302,179.12499999999994,189.02731457645504,189.45739999999986,194.07089999999988,177.1124380936706,188.09816523809528,192.9266333333334,179.12499999999994,-51.67500000000007
19055,corn,2022,3,230.8,192.2696703296703,219.0,197.85349952070928,196.68303428571434,192.37706666666656,189.02731457645504,189.45739999999986,194.07089999999988,190.867308897861,189.67419904761897,194.5882333333333,192.37706666666656,-38.42293333333345
19055,corn,2022,4,230.8,192.2696703296703,219.0,199.51195508284675,193.05820323232328,196.77139999999994,189.02731457645504,189.45739999999986,194.07089999999988,195.4911956039535,189.83486142857132,195.50223333333327,196.77139999999994,-34.02860000000007
19055,corn,2022,5,230.8,192.2696703296703,219.0,188.7778963322404,192.213702918193,192.87320000000014,189.02731457645504,189.45739999999986,194.07089999999988,185.8197716130904,189.10430134920634,194.4756,192.87320000000014,-37.92679999999987
19055,corn,2022,6,230.8,192.2696703296703,219.0,191.3876535453227,191.37014523809535,192.05186666666665,189.02731457645504,189.45739999999986,194.07089999999988,186.27198414219,190.02863571428568,194.76770000000002,192.05186666666665,-38.74813333333336
19055,corn,2022,7,230.8,192.2696703296703,219.0,190.01819244067153,208.95306103174616,207.53443333333354,189.02731457645504,189.45739999999986,194.07089999999988,184.71349734730407,189.44729047619037,194.98546666666664,207.53443333333354,-23.265566666666473
19055,corn,2022,8,230.8,192.2696703296703,219.0,193.98417269574335,196.06309158730159,197.48050000000023,189.02731457645504,189.45739999999986,194.07089999999988,189.8588497090407,189.52011095238086,195.27616666666668,197.48050000000023,-33.31949999999978
19055,corn,2022,9,230.8,192.2696703296703,219.0,193.0742550229121,199.46388285714315,199.06143333333304,189.02731457645504,189.45739999999986,194.07089999999988,186.93413526762436,188.49241714285716,194.22150000000008,199.06143333333304,-31.73856666666697
19055,corn,2022,10,230.8,192.2696703296703,219.0,180.63417452819527,179.68212015873007,180.71019999999987,189.02731457645504,189.45739999999986,194.07089999999988,171.5458656580443,181.8314235714286,191.59963333333323,180.71019999999987,-50.08980000000014
19055,corn,2022,11,230.8,192.2696703296703,219.0,184.6386408567334,180.68120007936508,185.25526666666659,189.02731457645504,189.45739999999986,194.07089999999988,179.64045466267302,189.23633492063496,194.79640000000006,185.25526666666659,-45.544733333333426
19055,corn,2022,12,230.8,192.2696703296703,219.0,202.67617279082438,194.75944067099582,197.19160000000005,189.02731457645504,189.45739999999986,194.07089999999988,197.54354752711393,189.81748142857137,194.5608666666667,197.19160000000005,-33.60839999999996
19057,corn,2022,1,194.8,192.2696703296703,192.2696703296703,186.08522887080292,193.85592126984128,197.3786333333332,191.07076895607872,178.48096600239325,174.68099999999967,184.4587252208541,178.2574838095229,173.47099999999975,197.3786333333332,2.578633333333187
19057,corn,2022,2,194.8,192.2696703296703,192.2696703296703,186.47802715344653,195.4708724603174,194.58810000000017,191.07076895607872,178.48096600239325,174.68099999999967,180.17144237511266,177.8672477777769,173.55863333333318,194.58810000000017,-0.21189999999984366
19057,corn,2022,3,194.8,192.2696703296703,192.2696703296703,181.99885156891375,191.2631761904761,189.00883333333337,191.07076895607872,178.48096600239325,174.68099999999967,182.2777003797155,177.772106666666,173.1256666666666,189.00883333333337,-5.791166666666641
19057,corn,2022,4,194.8,192.2696703296703,192.2696703296703,184.13763748794725,195.40183047619067,196.87940000000006,191.07076895607872,178.48096600239325,174.68099999999967,184.98346023090727,177.78384333333267,173.10026666666664,196.87940000000006,2.0794000000000494
19057,corn,2022,5,194.8,192.2696703296703,192.2696703296703,187.2183393987536,186.14342238095244,186.29319999999987,191.07076895607872,178.48096600239325,174.68099999999967,186.60880197978258,177.5018833333327,172.37203333333332,186.29319999999987,-8.50680000000014
19057,corn,2022,6,194.8,192.2696703296703,192.2696703296703,186.03653562758518,182.33949468253957,183.5701333333333,191.07076895607872,178.48096600239325,174.68099999999967,181.92234874192738,177.15017190476124,172.17943333333315,183.5701333333333,-11.229866666666709
19057,corn,2022,7,194.8,192.2696703296703,192.2696703296703,188.9405798916337,199.37195119047598,197.4423666666666,191.07076895607872,178.48096600239325,174.68099999999967,189.6748783217167,178.5173623809516,173.80599999999995,197.4423666666666,2.6423666666665895
19057,corn,2022,8,194.8,192.2696703296703,192.2696703296703,191.7584894490463,196.0742131746033,195.4117333333334,191.07076895607872,178.48096600239325,174.68099999999967,189.91388242166346,178.95188333333246,174.3322999999998,195.4117333333334,0.6117333333333761
19057,corn,2022,9,194.8,192.2696703296703,192.2696703296703,189.07322878414936,194.75378246031744,195.98733333333337,191.07076895607872,178.48096600239325,174.68099999999967,187.97877212285795,177.86273904761836,172.49686666666656,195.98733333333337,1.1873333333333562
19057,corn,2022,10,194.8,192.2696703296703,192.2696703296703,184.33128251579566,171.06744396825414,164.20963333333336,191.07076895607872,178.48096600239325,174.68099999999967,180.16782481107495,175.04869380952314,169.8328333333332,164.20963333333336,-30.590366666666654
19057,corn,2022,11,194.8,192.2696703296703,192.2696703296703,183.57119824538114,184.87845325396825,187.1727666666666,191.07076895607872,178.48096600239325,174.68099999999967,183.178979606775,177.6302966666659,173.23556666666647,187.1727666666666,-7.6272333333334075
19057,corn,2022,12,194.8,192.2696703296703,192.2696703296703,184.50361754841452,187.7347466522366,184.4567000000001,191.07076895607872,178.48096600239325,174.68099999999967,190.29763094894128,177.88728761904684,173.67296666666647,184.4567000000001,-10.343299999999914
19059,corn,2022,1,203.4,192.2696703296703,178.5,193.87898825566697,189.45896984126986,186.31076666666652,174.16355567289708,170.94540000000003,176.8987999999999,177.94832745455102,170.20830000000004,176.29829999999987,186.31076666666652,-17.089233333333482
19059,corn,2022,2,203.4,192.2696703296703,178.5,189.38519607433562,186.3431300793651,184.3294333333334,174.16355567289708,170.94540000000003,176.8987999999999,166.86200278958344,170.33660000000003,174.53399999999993,184.3294333333334,-19.070566666666593
19059,corn,2022,3,203.4,192.2696703296703,178.5,193.72956280626647,188.79244326839827,194.73043333333345,174.16355567289708,170.94540000000003,176.8987999999999,176.77011996396683,170.33660000000003,175.84073333333325,194.73043333333345,-8.669566666666555
19059,corn,2022,4,203.4,192.2696703296703,178.5,203.7806062549184,192.8164618398268,193.6744666666665,174.16355567289708,170.94540000000003,176.8987999999999,188.79659492347946,170.48780000000002,176.24016666666654,193.6744666666665,-9.725533333333516
19059,corn,2022,5,203.4,192.2696703296703,178.5,196.9778024310454,192.7663832395382,193.56880000000004,174.16355567289708,170.94540000000003,176.8987999999999,180.35990686889593,170.29270000000005,176.75229999999976,193.56880000000004,-9.831199999999967
19059,corn,2022,6,203.4,192.2696703296703,178.5,196.05888869865916,198.02637071428558,201.2940666666669,174.16355567289708,170.94540000000003,176.8987999999999,174.44151881747456,170.36824,175.89839999999975,201.2940666666669,-2.1059333333330983
19059,corn,2022,7,203.4,192.2696703296703,178.5,184.09134347905862,181.68534365079378,187.40830000000017,174.16355567289708,170.94540000000003,176.8987999999999,170.02526286489055,170.35268000000002,175.6265999999998,187.40830000000017,-15.991699999999838
19059,corn,2022,8,203.4,192.2696703296703,178.5,189.08256972191546,186.46282206349184,182.40869999999993,174.16355567289708,170.94540000000003,176.8987999999999,176.46958665039415,170.27270000000007,175.0448666666665,182.40869999999993,-20.99130000000008
19059,corn,2022,9,203.4,192.2696703296703,178.5,178.76530181780566,191.5289143650792,192.45613333333333,174.16355567289708,170.94540000000003,176.8987999999999,166.2529151434578,170.3151,175.66309999999984,192.45613333333333,-10.943866666666679
19059,corn,2022,10,203.4,192.2696703296703,178.5,164.91747202125327,179.46748222222232,181.77196666666666,174.16355567289708,170.94540000000003,176.8987999999999,148.63400373844246,169.8100847619048,174.90619999999993,181.77196666666666,-21.62803333333335
19059,corn,2022,11,203.4,192.2696703296703,178.5,193.03028292234913,195.33409579365073,196.20216666666678,174.16355567289708,170.94540000000003,176.8987999999999,172.73683523667398,170.49113333333332,176.84933333333325,196.20216666666678,-7.197833333333222
19059,corn,2022,12,203.4,192.2696703296703,178.5,206.21451427576352,192.41673015873002,192.29746666666674,174.16355567289708,170.94540000000003,176.8987999999999,188.1601105848348,170.31740000000002,174.71689999999987,192.29746666666674,-11.10253333333327
19061,corn,2022,1,223.7,192.2696703296703,218.2,203.11342808928893,199.15270047619043,195.49843333333325,190.82156094672945,186.54013333333413,191.27540000000056,193.3399653056457,186.99220476190555,190.88173333333395,195.49843333333325,-28.201566666666736
19061,corn,2022,2,223.7,192.2696703296703,218.2,193.3255864879659,190.52898199134208,178.5212333333332,190.82156094672945,186.54013333333413,191.27540000000056,183.8688174288404,187.93559333333408,190.71436666666727,178.5212333333332,-45.178766666666775
19061,corn,2022,3,223.7,192.2696703296703,218.2,205.42526000225473,199.13806308080808,196.66478333333325,190.82156094672945,186.54013333333413,191.27540000000056,196.55925360775512,187.17171476190552,190.9960333333339,196.66478333333325,-27.03521666666674
19061,corn,2022,4,223.7,192.2696703296703,218.2,198.1546707921167,200.24962950937962,202.15373333333343,190.82156094672945,186.54013333333413,191.27540000000056,196.20238486687714,187.23015142857224,191.0277666666673,202.15373333333343,-21.546266666666554
19061,corn,2022,5,223.7,192.2696703296703,218.2,183.049413438505,182.07985303751815,183.05116666666666,190.82156094672945,186.54013333333413,191.27540000000056,181.34101985063876,186.73877809523896,190.6057000000007,183.05116666666666,-40.64883333333333
19061,corn,2022,6,223.7,192.2696703296703,218.2,190.99038121496022,187.92750182539666,189.64606666666677,190.82156094672945,186.54013333333413,191.27540000000056,185.5240975558184,187.4624690476198,190.73576666666722,189.64606666666677,-34.05393333333322
19061,corn,2022,7,223.7,192.2696703296703,218.2,202.9223922387923,205.98008976190462,206.84429999999998,190.82156094672945,186.54013333333413,191.27540000000056,192.908346533279,187.39695142857224,191.37700000000063,206.84429999999998,-16.855700000000013
19061,corn,2022,8,223.7,192.2696703296703,218.2,198.58551471749323,190.4372507142856,193.78159999999997,190.82156094672945,186.54013333333413,191.27540000000056,192.37194058509172,187.29406809523894,191.12313333333398,193.78159999999997,-29.91840000000002
19061,corn,2022,9,223.7,192.2696703296703,218.2,190.48370431766102,202.18544360750346,202.8848666666665,190.82156094672945,186.54013333333413,191.27540000000056,183.79466784725957,188.01907238095305,190.73100000000068,202.8848666666665,-20.815133333333478
19061,corn,2022,10,223.7,192.2696703296703,218.2,185.98836066000115,172.16256182539692,169.6312,190.82156094672945,186.54013333333413,191.27540000000056,176.8701617296835,181.37853682539745,189.10353333333393,169.6312,-54.06879999999998
19061,corn,2022,11,223.7,192.2696703296703,218.2,184.87360923646344,190.6450469047618,193.42566666666664,190.82156094672945,186.54013333333413,191.27540000000056,180.86961521400323,187.45957809523898,190.98586666666733,193.42566666666664,-30.274333333333345
19061,corn,2022,12,223.7,192.2696703296703,218.2,196.50409750788677,199.52068112554122,198.38170000000002,190.82156094672945,186.54013333333413,191.27540000000056,196.34405232021376,187.40509809523894,190.68626666666725,198.38170000000002,-25.318299999999965
19063,corn,2022,1,213.7,192.2696703296703,183.3,188.32076990446075,188.1944903968252,184.83536666666666,168.25775553211048,165.88620000000006,174.4152000000001,167.63438848359914,166.1193433333335,174.20073333333346,184.83536666666666,-28.86463333333333
19063,corn,2022,2,213.7,192.2696703296703,183.3,188.400981441147,186.80809984126986,185.37613333333329,168.25775553211048,165.88620000000006,174.4152000000001,159.87308476611477,165.75668666666675,172.43206666666677,185.37613333333329,-28.323866666666703
19063,corn,2022,3,213.7,192.2696703296703,183.3,191.3586699225081,188.9522897619046,192.67239999999995,168.25775553211048,165.88620000000006,174.4152000000001,167.3830814949605,165.8827266666668,173.27420000000023,192.67239999999995,-21.027600000000035
19063,corn,2022,4,213.7,192.2696703296703,183.3,203.80359495260444,196.15912073593086,196.2979,168.25775553211048,165.88620000000006,174.4152000000001,182.30562476645397,165.74104909090923,174.2844000000001,196.2979,-17.40209999999999
19063,corn,2022,5,213.7,192.2696703296703,183.3,197.62718418105783,194.44277666666653,192.77703333333326,168.25775553211048,165.88620000000006,174.4152000000001,174.4758120038392,165.9774066666668,175.99276666666674,192.77703333333326,-20.922966666666724
19063,corn,2022,6,213.7,192.2696703296703,183.3,193.7549969773722,200.2035061111111,201.3875666666667,168.25775553211048,165.88620000000006,174.4152000000001,165.75209251713102,165.57664000000017,175.03209999999996,201.3875666666667,-12.312433333333303
19063,corn,2022,7,213.7,192.2696703296703,183.3,186.11836000391264,179.3546202380955,185.79066666666688,168.25775553211048,165.88620000000006,174.4152000000001,165.27858724970847,165.60940000000016,173.2891000000001,185.79066666666688,-27.90933333333311
19063,corn,2022,8,213.7,192.2696703296703,183.3,192.04854564553497,194.31678976190463,192.54063333333352,168.25775553211048,165.88620000000006,174.4152000000001,170.12657720839874,165.5717533333335,174.1224333333335,192.54063333333352,-21.15936666666647
19063,corn,2022,9,213.7,192.2696703296703,183.3,184.59090495213118,196.49940000000026,196.43100000000013,168.25775553211048,165.88620000000006,174.4152000000001,166.20237326739073,165.64777909090927,174.22273333333348,196.43100000000013,-17.268999999999863
19063,corn,2022,10,213.7,192.2696703296703,183.3,162.1317318543836,171.40192944444456,178.22740000000002,168.25775553211048,165.88620000000006,174.4152000000001,142.30488439821596,165.86357575757594,173.33970000000008,178.22740000000002,-35.47259999999997
19063,corn,2022,11,213.7,192.2696703296703,183.3,193.85902745984146,196.6216003174601,197.7775666666667,168.25775553211048,165.88620000000006,174.4152000000001,167.3826868673389,166.18899575757592,176.74340000000004,197.7775666666667,-15.922433333333288
19063,corn,2022,12,213.7,192.2696703296703,183.3,202.40631173188942,192.18877492063487,191.05926666666676,168.25775553211048,165.88620000000006,174.4152000000001,179.2206788367494,165.7890266666668,172.3947000000002,191.05926666666676,-22.64073333333323
19065,corn,2022,1,209.8,192.2696703296703,206.5,196.6443784519254,193.1820836002884,200.0835999999998,183.9025513842005,168.46487523658487,184.2526999999997,185.35602348878047,169.186312063491,184.9520666666664,200.0835999999998,-9.71640000000022
19065,corn,2022,2,209.8,192.2696703296703,206.5,190.29612129270797,184.73973976190476,177.16556666666668,183.9025513842005,168.46487523658487,184.2526999999997,177.6059925955772,168.21577269841168,183.81149999999982,177.16556666666668,-32.634433333333334
19065,corn,2022,3,209.8,192.2696703296703,206.5,198.49667875578456,191.93574833333375,194.61209999999997,183.9025513842005,168.46487523658487,184.2526999999997,184.96611997622233,169.71876777777666,182.85553333333303,194.61209999999997,-15.187900000000042
19065,corn,2022,4,209.8,192.2696703296703,206.5,199.18066279841108,200.79369656565655,199.25553333333326,183.9025513842005,168.46487523658487,184.2526999999997,193.68497692222596,170.01909595237984,184.58353333333318,199.25553333333326,-10.54446666666675
19065,corn,2022,5,209.8,192.2696703296703,206.5,193.3705923428302,195.46190158730164,193.46256666666673,183.9025513842005,168.46487523658487,184.2526999999997,186.25043254390212,170.33871444444338,183.9537999999999,193.46256666666673,-16.33743333333328
19065,corn,2022,6,209.8,192.2696703296703,206.5,194.55965837490288,196.68120098124092,195.48786666666658,183.9025513842005,168.46487523658487,184.2526999999997,184.77962057685517,169.71510904761794,183.7196666666665,195.48786666666658,-14.312133333333435
19065,corn,2022,7,209.8,192.2696703296703,206.5,193.9567838345237,202.5226038095238,201.01570000000007,183.9025513842005,168.46487523658487,184.2526999999997,182.8842622461321,170.05286261904658,183.71736666666646,201.01570000000007,-8.784299999999945
19065,corn,2022,8,209.8,192.2696703296703,206.5,195.97317641071152,200.80249007936507,198.26856666666654,183.9025513842005,168.46487523658487,184.2526999999997,187.11664044288844,169.81804904761796,184.04353333333302,198.26856666666654,-11.531433333333467
19065,corn,2022,9,209.8,192.2696703296703,206.5,191.0011168899077,203.27958523809525,204.30266666666654,183.9025513842005,168.46487523658487,184.2526999999997,179.9605463371606,168.7150519047609,183.77643333333322,204.30266666666654,-5.497333333333472
19065,corn,2022,10,209.8,192.2696703296703,206.5,183.13298389586188,167.67744785714305,162.90756666666678,183.9025513842005,168.46487523658487,184.2526999999997,171.79323812402802,159.56396396825306,178.8215666666665,162.90756666666678,-46.89243333333323
19065,corn,2022,11,209.8,192.2696703296703,206.5,186.15987996526786,183.61771987012983,188.24066666666664,183.9025513842005,168.46487523658487,184.2526999999997,176.79823951284877,167.48859090908982,184.06139999999982,188.24066666666664,-21.55933333333337
19065,corn,2022,12,209.8,192.2696703296703,206.5,202.28235265197392,200.4041112698411,198.39730000000012,183.9025513842005,168.46487523658487,184.2526999999997,194.22064552604758,170.10075936507823,185.79816666666653,198.39730000000012,-11.402699999999896
19067,corn,2022,1,204.6,192.2696703296703,206.1,193.2774551292236,187.6056342784992,189.79336666666651,184.6387784198755,183.6362358620687,185.7761333333333,183.3244383454167,183.4721266666666,184.3292666666667,189.79336666666651,-14.80663333333348
19067,corn,2022,2,204.6,192.2696703296703,206.1,190.53653819510558,181.159862936508,177.57163333333347,184.6387784198755,183.6362358620687,185.7761333333333,176.89819590522967,183.04009047619044,182.60753333333344,177.57163333333347,-27.02836666666653
19067,corn,2022,3,204.6,192.2696703296703,206.1,191.38413287115742,191.74171579365088,197.05076666666665,184.6387784198755,183.6362358620687,185.7761333333333,176.78575265848662,182.83167547619044,180.93443333333343,197.05076666666665,-7.549233333333348
19067,corn,2022,4,204.6,192.2696703296703,206.1,199.73086781027405,190.34875396825404,193.44643333333337,184.6387784198755,183.6362358620687,185.7761333333333,191.93867390202436,183.66875333333326,185.36826666666676,193.44643333333337,-11.15356666666662
19067,corn,2022,5,204.6,192.2696703296703,206.1,192.20175998718366,190.1527838888889,189.73933333333324,184.6387784198755,183.6362358620687,185.7761333333333,184.10197149980857,183.53259047619048,184.5399999999999,189.73933333333324,-14.86066666666676
19067,corn,2022,6,204.6,192.2696703296703,206.1,192.0891351866526,195.28860714285696,196.25973333333346,184.6387784198755,183.6362358620687,185.7761333333333,180.6781991281164,183.32374952380948,185.62806666666663,196.25973333333346,-8.340266666666537
19067,corn,2022,7,204.6,192.2696703296703,206.1,185.2297803606533,191.90870992063503,193.75183333333317,184.6387784198755,183.6362358620687,185.7761333333333,176.77848409327356,183.24989404761905,183.8737333333333,193.75183333333317,-10.848166666666827
19067,corn,2022,8,204.6,192.2696703296703,206.1,189.0095348284727,187.22334373015883,193.09963333333332,184.6387784198755,183.6362358620687,185.7761333333333,183.57656487358187,183.17436238095237,183.94403333333338,193.09963333333332,-11.500366666666679
19067,corn,2022,9,204.6,192.2696703296703,206.1,189.8034152915217,196.89024833333346,195.86673333333354,184.6387784198755,183.6362358620687,185.7761333333333,181.74252663975972,183.4742304761904,184.6373333333335,195.86673333333354,-8.733266666666452
19067,corn,2022,10,204.6,192.2696703296703,206.1,178.6765519100349,171.56248261904778,165.9741,184.6387784198755,183.6362358620687,185.7761333333333,169.02677108285172,180.84789476190474,177.3527,165.9741,-38.6259
19067,corn,2022,11,204.6,192.2696703296703,206.1,183.06245892615036,182.83853873015855,181.8876,184.6387784198755,183.6362358620687,185.7761333333333,176.0676792983585,183.47592,183.7058666666667,181.8876,-22.712400000000002
19067,corn,2022,12,204.6,192.2696703296703,206.1,199.1947612624989,191.2600307864357,193.72394999999992,184.6387784198755,183.6362358620687,185.7761333333333,188.88232669323762,182.88660333333343,184.6401666666668,193.72394999999992,-10.876050000000077
19069,corn,2022,1,220.1,192.2696703296703,199.8,202.46696476930327,191.22958126262628,193.85056666666668,182.46749535295342,186.91859999999951,187.30653333333265,189.6241300255242,186.8387376190471,185.97169999999943,193.85056666666668,-26.249433333333315
19069,corn,2022,2,220.1,192.2696703296703,199.8,196.20117791275592,183.70730753968255,181.64433333333335,182.46749535295342,186.91859999999951,187.30653333333265,176.95503644378147,185.82560619047572,183.97083333333285,181.64433333333335,-38.455666666666644
19069,corn,2022,3,220.1,192.2696703296703,199.8,196.17154950454437,193.28696468253972,201.44793333333348,182.46749535295342,186.91859999999951,187.30653333333265,183.43733764665282,187.0301666666662,185.82359999999935,201.44793333333348,-18.652066666666514
19069,corn,2022,4,220.1,192.2696703296703,199.8,197.05943244654702,197.02675896825392,194.5054333333332,182.46749535295342,186.91859999999951,187.30653333333265,187.79531848680122,187.6850599999995,185.192966666666,194.5054333333332,-25.594566666666793
19069,corn,2022,5,220.1,192.2696703296703,199.8,199.49207080768662,194.3423543650793,196.00210000000004,182.46749535295342,186.91859999999951,187.30653333333265,186.1630436477154,187.40761999999958,185.9802999999993,196.00210000000004,-24.097899999999953
19069,corn,2022,6,220.1,192.2696703296703,199.8,198.4467937815592,198.16124349206365,198.6288999999999,182.46749535295342,186.91859999999951,187.30653333333265,183.9423428375156,187.21479666666616,186.07839999999936,198.6288999999999,-21.471100000000092
19069,corn,2022,7,220.1,192.2696703296703,199.8,189.81168173216008,205.0910642857144,202.97959999999995,182.46749535295342,186.91859999999951,187.30653333333265,178.49535768072667,188.1941252380948,187.123566666666,202.97959999999995,-17.120400000000046
19069,corn,2022,8,220.1,192.2696703296703,199.8,195.98871423253135,204.4489993650797,204.60653333333337,182.46749535295342,186.91859999999951,187.30653333333265,185.41669547487615,187.67903380952342,187.0687999999994,204.60653333333337,-15.49346666666662
19069,corn,2022,9,220.1,192.2696703296703,199.8,191.957853292774,202.1824674603175,203.2524000000001,182.46749535295342,186.91859999999951,187.30653333333265,182.38929535078822,187.06606047619005,186.5824666666661,203.2524000000001,-16.847599999999886
19069,corn,2022,10,220.1,192.2696703296703,199.8,182.64922539498767,167.13351968253977,178.19306666666662,182.46749535295342,186.91859999999951,187.30653333333265,167.63280329121906,184.96467904761857,184.01819999999944,178.19306666666662,-41.90693333333337
19069,corn,2022,11,220.1,192.2696703296703,199.8,197.46774821958417,196.1143774603174,195.67786666666686,182.46749535295342,186.91859999999951,187.30653333333265,182.13764888552598,187.69275333333286,186.50306666666611,195.67786666666686,-24.422133333333136
19069,corn,2022,12,220.1,192.2696703296703,199.8,208.02330204341166,198.01407443722945,197.39286666666666,182.46749535295342,186.91859999999951,187.30653333333265,194.85368677536565,187.37270333333282,185.83559999999935,197.39286666666666,-22.70713333333333
19071,corn,2022,1,191.6,192.2696703296703,207.8,188.10032679385495,192.22455448051969,194.11223333333314,184.16669232450283,183.81211109085802,188.15970000000047,174.75856565727443,186.50715666666673,188.49563333333342,194.11223333333314,2.5122333333331426
19071,corn,2022,2,191.6,192.2696703296703,207.8,191.17269210873485,197.40941039682565,196.80030000000002,184.16669232450283,183.81211109085802,188.15970000000047,173.91413134712616,180.97836357142864,185.14090000000002,196.80030000000002,5.200300000000027
19071,corn,2022,3,191.6,192.2696703296703,207.8,201.48905547399374,206.00204251803774,205.9943666666668,184.16669232450283,183.81211109085802,188.15970000000047,187.98983735762428,186.02530666666664,189.4571333333336,205.9943666666668,14.394366666666798
19071,corn,2022,4,191.6,192.2696703296703,207.8,203.27445211314128,198.82598293650793,195.69193333333337,184.16669232450283,183.81211109085802,188.15970000000047,190.98087829761155,184.80370761904769,188.62080000000032,195.69193333333337,4.0919333333333725
19071,corn,2022,5,191.6,192.2696703296703,207.8,200.00674491175891,200.83524309523835,201.14466666666652,184.16669232450283,183.81211109085802,188.15970000000047,188.12115072498236,184.7627328571428,188.09010000000023,201.14466666666652,9.54466666666653
19071,corn,2022,6,191.6,192.2696703296703,207.8,197.5254709560426,197.102832142857,198.85509999999996,184.16669232450283,183.81211109085802,188.15970000000047,182.9413071905237,185.05343571428565,189.09296666666683,198.85509999999996,7.25509999999997
19071,corn,2022,7,191.6,192.2696703296703,207.8,195.55351084411907,191.4593084271285,195.15930000000003,184.16669232450283,183.81211109085802,188.15970000000047,184.38314253482395,184.4206179365079,188.5919333333336,195.15930000000003,3.559300000000036
19071,corn,2022,8,191.6,192.2696703296703,207.8,190.08341401690066,189.63206595238103,188.2203333333333,184.16669232450283,183.81211109085802,188.15970000000047,178.06572580447218,185.49448222222213,186.33196666666691,188.2203333333333,-3.379666666666708
19071,corn,2022,9,191.6,192.2696703296703,207.8,190.9030543473258,204.70837784992773,203.8719666666667,184.16669232450283,183.81211109085802,188.15970000000047,177.549174750607,184.1665740476191,186.45736666666684,203.8719666666667,12.271966666666714
19071,corn,2022,10,191.6,192.2696703296703,207.8,184.4430840744212,171.19007722222238,177.17730000000012,184.16669232450283,183.81211109085802,188.15970000000047,168.92378204217997,171.53779987734495,180.47863333333342,177.17730000000012,-14.422699999999878
19071,corn,2022,11,191.6,192.2696703296703,207.8,185.74539482922148,186.4370238888889,186.69689999999994,184.16669232450283,183.81211109085802,188.15970000000047,171.26235884699975,184.96297547619062,185.73480000000015,186.69689999999994,-4.903100000000052
19071,corn,2022,12,191.6,192.2696703296703,207.8,195.04790969054383,189.6485158730159,188.38939999999977,184.16669232450283,183.81211109085802,188.15970000000047,185.2910849649437,187.83118928571443,187.8777999999999,188.38939999999977,-3.210600000000227
19073,corn,2022,1,197.3,192.2696703296703,221.7,196.4294123491518,197.1268447691198,196.6368333333333,186.69444323584796,178.80786726296995,188.1560333333335,187.27463300973633,180.6618661904761,188.52766666666668,196.6368333333333,-0.6631666666667115
19073,corn,2022,2,197.3,192.2696703296703,221.7,188.41182148027178,190.5263623809526,183.67490000000004,186.69444323584796,178.80786726296995,188.1560333333335,177.29734368917946,178.746940952381,188.11283333333338,183.67490000000004,-13.625099999999975
19073,corn,2022,3,197.3,192.2696703296703,221.7,197.67050781467506,193.45917833333334,199.35143333333355,186.69444323584796,178.80786726296995,188.1560333333335,189.62011004904306,179.04416714285722,188.88296666666665,199.35143333333355,2.0514333333335344
19073,corn,2022,4,197.3,192.2696703296703,221.7,205.33121141306947,205.40887436507938,203.2534666666666,186.69444323584796,178.80786726296995,188.1560333333335,198.29694530634953,179.50328714285726,188.7745666666666,203.2534666666666,5.9534666666666
19073,corn,2022,5,197.3,192.2696703296703,221.7,196.7508094373625,196.72710365079385,194.4677999999998,186.69444323584796,178.80786726296995,188.1560333333335,190.2525089228593,179.92008714285726,188.4903333333332,194.4677999999998,-2.8322000000001992
19073,corn,2022,6,197.3,192.2696703296703,221.7,194.51531294002453,195.462135952381,195.3515333333335,186.69444323584796,178.80786726296995,188.1560333333335,185.27908272426993,180.84205746031748,188.90209999999988,195.3515333333335,-1.9484666666665191
19073,corn,2022,7,197.3,192.2696703296703,221.7,186.48741600227297,205.9910922222222,201.9835333333334,186.69444323584796,178.80786726296995,188.1560333333335,181.97692197533212,180.22554190476185,188.54649999999984,201.9835333333334,4.683533333333401
19073,corn,2022,8,197.3,192.2696703296703,221.7,192.73373597588554,205.257522063492,205.95669999999987,186.69444323584796,178.80786726296995,188.1560333333335,186.4233899771384,180.48602619047634,188.7598999999999,205.95669999999987,8.656699999999859
19073,corn,2022,9,197.3,192.2696703296703,221.7,190.4278516317227,201.54042333333348,203.55350000000004,186.69444323584796,178.80786726296995,188.1560333333335,185.2506016091443,179.3640538095239,188.19683333333322,203.55350000000004,6.253500000000031
19073,corn,2022,10,197.3,192.2696703296703,221.7,181.9030174556578,177.8218704761905,178.73203333333328,186.69444323584796,178.80786726296995,188.1560333333335,170.34337200455883,173.210051904762,187.0862666666665,178.73203333333328,-18.567966666666734
19073,corn,2022,11,197.3,192.2696703296703,221.7,194.72383570959843,197.66909230158717,197.1343333333334,186.69444323584796,178.80786726296995,188.1560333333335,180.66356614860442,179.95544349206352,189.01429999999988,197.1343333333334,-0.165666666666624
19073,corn,2022,12,197.3,192.2696703296703,221.7,205.32315055181354,194.89404999999996,197.68470000000005,186.69444323584796,178.80786726296995,188.1560333333335,197.08409367515765,179.61567666666673,189.0613333333333,197.68470000000005,0.3847000000000378
19075,corn,2022,1,207.5,192.2696703296703,210.5,199.1541777043849,198.83661737373723,201.14619999999994,186.6885017576723,193.62660000000082,188.93420000000074,188.558291353888,194.91802380952439,189.9520000000005,201.14619999999994,-6.353800000000064
19075,corn,2022,2,207.5,192.2696703296703,210.5,196.9183369256931,187.22852007936513,179.18273333333335,186.6885017576723,193.62660000000082,188.93420000000074,182.1910548897702,194.00781619047677,188.4141000000007,179.18273333333335,-28.317266666666654
19075,corn,2022,3,207.5,192.2696703296703,210.5,204.38188411924153,202.06073785714284,199.34083333333353,186.6885017576723,193.62660000000082,188.93420000000074,186.46561809879563,194.4980600000006,187.97883333333397,199.34083333333353,-8.159166666666465
19075,corn,2022,4,207.5,192.2696703296703,210.5,206.77962712192988,201.03260373015868,199.2098000000002,186.6885017576723,193.62660000000082,188.93420000000074,196.70097666914975,194.89311666666737,188.8128666666672,199.2098000000002,-8.2901999999998
19075,corn,2022,5,207.5,192.2696703296703,210.5,207.89294738941516,203.03156325396813,200.74150000000012,186.6885017576723,193.62660000000082,188.93420000000074,193.38659460506332,194.91692428571494,188.78480000000062,200.74150000000012,-6.758499999999884
19075,corn,2022,6,207.5,192.2696703296703,210.5,196.41712644304735,197.0437844444445,198.98143333333343,186.6885017576723,193.62660000000082,188.93420000000074,183.56156651844046,195.17530666666735,188.89413333333403,198.98143333333343,-8.518566666666572
19075,corn,2022,7,207.5,192.2696703296703,210.5,195.54189559490544,208.18576807359312,205.2807333333333,186.6885017576723,193.62660000000082,188.93420000000074,183.28795880824478,194.97395095238164,189.17373333333396,205.2807333333333,-2.219266666666698
19075,corn,2022,8,207.5,192.2696703296703,210.5,198.74581038268636,207.04846164502158,205.8619333333333,186.6885017576723,193.62660000000082,188.93420000000074,187.61173747299904,195.56324238095303,189.5779000000007,205.8619333333333,-1.6380666666667025
19075,corn,2022,9,207.5,192.2696703296703,210.5,197.60222854522493,203.19798662337658,204.40626666666665,186.6885017576723,193.62660000000082,188.93420000000074,187.42255955079906,194.60866047619106,189.0759666666674,204.40626666666665,-3.093733333333347
19075,corn,2022,10,207.5,192.2696703296703,210.5,186.97690359910715,174.51175214285712,174.5427666666666,186.6885017576723,193.62660000000082,188.93420000000074,173.60749298967053,189.0986980952386,186.92140000000057,174.5427666666666,-32.95723333333339
19075,corn,2022,11,207.5,192.2696703296703,210.5,201.2434226173047,197.0367749206347,194.73713333333316,186.6885017576723,193.62660000000082,188.93420000000074,184.92946622279393,194.79902380952456,188.91926666666743,194.73713333333316,-12.762866666666838
19075,corn,2022,12,207.5,192.2696703296703,210.5,205.54411382629664,200.6259110317459,199.7428333333334,186.6885017576723,193.62660000000082,188.93420000000074,195.60432638724055,194.9103349206356,189.25970000000046,199.7428333333334,-7.757166666666592
19077,corn,2022,1,193.6,192.2696703296703,221.4,194.53256416387748,201.0185208730161,201.36666666666656,185.81207697735755,173.52920000000012,183.42000000000016,188.01880142658672,173.20934333333332,184.40173333333323,201.36666666666656,7.766666666666566
19077,corn,2022,2,193.6,192.2696703296703,221.4,189.23032317921036,192.9077906349206,187.09536666666654,185.81207697735755,173.52920000000012,183.42000000000016,177.17874759540197,173.29070976190474,184.59233333333333,187.09536666666654,-6.504633333333459
19077,corn,2022,3,193.6,192.2696703296703,221.4,202.37437105057577,196.10385386724403,199.45110000000005,185.81207697735755,173.52920000000012,183.42000000000016,192.33807608141643,173.68756238095241,184.96319999999994,199.45110000000005,5.851100000000059
19077,corn,2022,4,193.6,192.2696703296703,221.4,204.38157259852795,205.18679531746045,205.1543333333334,185.81207697735755,173.52920000000012,183.42000000000016,197.6311278817505,173.8061290476191,184.86073333333323,205.1543333333334,11.554333333333403
19077,corn,2022,5,193.6,192.2696703296703,221.4,191.91142102197622,196.12593904761908,194.8931999999999,185.81207697735755,173.52920000000012,183.42000000000016,188.83812070440774,173.77663571428576,184.95783333333318,194.8931999999999,1.2931999999998993
19077,corn,2022,6,193.6,192.2696703296703,221.4,195.67242585740019,195.01529238095242,196.38283333333348,185.81207697735755,173.52920000000012,183.42000000000016,186.55298828013088,174.27470571428577,184.6635666666665,196.38283333333348,2.7828333333334854
19077,corn,2022,7,193.6,192.2696703296703,221.4,188.58184606685276,195.66051515873022,195.72320000000002,185.81207697735755,173.52920000000012,183.42000000000016,180.52508262619952,173.31571000000005,184.13486666666648,195.72320000000002,2.1232000000000255
19077,corn,2022,8,193.6,192.2696703296703,221.4,192.64145572667869,199.4472242063491,198.1885,185.81207697735755,173.52920000000012,183.42000000000016,185.53104854553214,173.42121904761913,184.5453999999999,198.1885,4.5885000000000105
19077,corn,2022,9,193.6,192.2696703296703,221.4,192.86012774236787,200.88111196248184,204.23026666666692,185.81207697735755,173.52920000000012,183.42000000000016,185.75978994439947,173.0370333333333,183.98996666666648,204.23026666666692,10.630266666666927
19077,corn,2022,10,193.6,192.2696703296703,221.4,186.7250871358927,165.05996357142874,172.6758000000001,185.81207697735755,173.52920000000012,183.42000000000016,172.29487632432182,169.01172523809538,183.02639999999977,172.6758000000001,-20.9241999999999
19077,corn,2022,11,193.6,192.2696703296703,221.4,185.05023307677553,181.62804987734512,184.11560000000003,185.81207697735755,173.52920000000012,183.42000000000016,175.57308667970415,173.58698000000012,184.06016666666642,184.11560000000003,-9.484399999999965
19077,corn,2022,12,193.6,192.2696703296703,221.4,197.02606218276924,195.3828872582974,196.77699999999996,185.81207697735755,173.52920000000012,183.42000000000016,193.4541433667803,173.78428571428577,184.5173666666665,196.77699999999996,3.176999999999964
19079,corn,2022,1,208.6,192.2696703296703,192.2696703296703,197.1405356127912,194.81686507215005,196.59510000000012,187.99820872371544,177.74564484851373,177.37833333333296,190.86056188805858,179.85518563492002,179.37666666666627,196.59510000000012,-12.004899999999878
19079,corn,2022,2,208.6,192.2696703296703,192.2696703296703,190.45473848710773,187.91174507936518,185.94929999999982,187.99820872371544,177.74564484851373,177.37833333333296,179.73971651346852,178.4900534920629,178.7137666666663,185.94929999999982,-22.65070000000017
19079,corn,2022,3,208.6,192.2696703296703,192.2696703296703,197.995586024526,198.84888753968218,201.8089000000001,187.99820872371544,177.74564484851373,177.37833333333296,192.68681758209416,179.79641888888827,179.21583333333297,201.8089000000001,-6.7910999999998864
19079,corn,2022,4,208.6,192.2696703296703,192.2696703296703,204.60425356315267,201.65503881673894,200.02873333333358,187.99820872371544,177.74564484851373,177.37833333333296,200.73519522073101,179.69348666666605,179.0242333333329,200.02873333333358,-8.571266666666418
19079,corn,2022,5,208.6,192.2696703296703,192.2696703296703,201.67876033058707,196.8706562698415,194.9517333333334,187.99820872371544,177.74564484851373,177.37833333333296,195.0193827892463,179.42083857142796,179.16983333333292,194.9517333333334,-13.648266666666586
19079,corn,2022,6,208.6,192.2696703296703,192.2696703296703,200.13418988048167,195.84166380952385,194.42156666666645,187.99820872371544,177.74564484851373,177.37833333333296,191.55428721951148,179.55638261904704,177.93116666666626,194.42156666666645,-14.178433333333544
19079,corn,2022,7,208.6,192.2696703296703,192.2696703296703,189.74429954329239,193.19258944444445,197.23270000000002,187.99820872371544,177.74564484851373,177.37833333333296,185.91029419495388,178.71420523809454,177.23959999999965,197.23270000000002,-11.367299999999972
19079,corn,2022,8,208.6,192.2696703296703,192.2696703296703,199.653687313659,205.73996388888895,204.42253333333355,187.99820872371544,177.74564484851373,177.37833333333296,193.40309347888734,179.38666809523752,178.20589999999973,204.42253333333355,-4.177466666666447
19079,corn,2022,9,208.6,192.2696703296703,192.2696703296703,194.4498791784369,202.0703521212122,205.01270000000008,187.99820872371544,177.74564484851373,177.37833333333296,190.72457028347412,178.83128095238055,177.8264999999996,205.01270000000008,-3.587299999999914
19079,corn,2022,10,208.6,192.2696703296703,192.2696703296703,183.25810301481286,165.81455587301596,175.02006666666654,187.99820872371544,177.74564484851373,177.37833333333296,174.59608004161564,172.05438666666618,176.14389999999958,175.02006666666654,-33.57993333333346
19079,corn,2022,11,208.6,192.2696703296703,192.2696703296703,197.71582678364518,191.31815055555546,194.37063333333316,187.99820872371544,177.74564484851373,177.37833333333296,190.7796089678077,181.83634230158665,179.30669999999955,194.37063333333316,-14.229366666666834
19079,corn,2022,12,208.6,192.2696703296703,192.2696703296703,207.9123827088172,196.58909479076482,194.9743000000001,187.99820872371544,177.74564484851373,177.37833333333296,202.76456783097703,179.44278555555485,179.00796666666628,194.9743000000001,-13.625699999999881
19081,corn,2022,1,211.5,192.2696703296703,210.9,195.43022105898265,188.1301916233764,191.88729999999993,187.09105329751355,181.81319999999937,182.97926666666655,187.21512543888747,182.47016666666605,182.6570333333333,191.88729999999993,-19.612700000000075
19081,corn,2022,2,211.5,192.2696703296703,210.9,193.89876568561644,185.67363952380958,184.8593333333332,187.09105329751355,181.81319999999937,182.97926666666655,179.14227720081485,182.31573999999938,179.01016666666675,184.8593333333332,-26.64066666666679
19081,corn,2022,3,211.5,192.2696703296703,210.9,190.03460004536282,191.90784357142874,197.00103333333337,187.09105329751355,181.81319999999937,182.97926666666655,182.8217160453175,182.4103999999994,181.53553333333323,197.00103333333337,-14.498966666666632
19081,corn,2022,4,211.5,192.2696703296703,210.9,196.7519620588478,193.6240423809524,192.16293333333317,187.09105329751355,181.81319999999937,182.97926666666655,192.98461593784597,181.8317866666662,181.46893333333338,192.16293333333317,-19.33706666666683
19081,corn,2022,5,211.5,192.2696703296703,210.9,195.4515109290377,193.32954753968258,190.24059999999992,187.09105329751355,181.81319999999937,182.97926666666655,187.34920574991688,182.46876666666603,182.15466666666657,190.24059999999992,-21.259400000000085
19081,corn,2022,6,211.5,192.2696703296703,210.9,200.38284883494174,196.746884047619,194.58876666666646,187.09105329751355,181.81319999999937,182.97926666666655,187.22679097817365,182.12098666666617,182.82386666666665,194.58876666666646,-16.91123333333354
19081,corn,2022,7,211.5,192.2696703296703,210.9,185.93135005533915,197.04985888888876,199.13240000000005,187.09105329751355,181.81319999999937,182.97926666666655,180.72937195527584,182.363566666666,183.54633333333325,199.13240000000005,-12.367599999999953
19081,corn,2022,8,211.5,192.2696703296703,210.9,197.59616825038773,206.89366575036075,208.0620000000001,187.09105329751355,181.81319999999937,182.97926666666655,190.0375508913094,181.94073999999952,184.11916666666662,208.0620000000001,-3.437999999999903
19081,corn,2022,9,211.5,192.2696703296703,210.9,193.0599300415707,200.75923452380968,201.62250000000003,187.09105329751355,181.81319999999937,182.97926666666655,187.74316870545957,182.471566666666,181.86256666666657,201.62250000000003,-9.87749999999997
19081,corn,2022,10,211.5,192.2696703296703,210.9,165.15979689927957,162.04256357142876,175.0018333333332,187.09105329751355,181.81319999999937,182.97926666666655,158.19271521810498,182.51153333333264,178.0127666666666,175.0018333333332,-36.498166666666805
19081,corn,2022,11,211.5,192.2696703296703,210.9,198.76339357192646,195.18583817460348,198.26589999999987,187.09105329751355,181.81319999999937,182.97926666666655,188.9297125144389,182.51313333333263,181.92606666666663,198.26589999999987,-13.234100000000126
19081,corn,2022,12,211.5,192.2696703296703,210.9,199.25566314747644,195.61156475468977,195.34529999999978,187.09105329751355,181.81319999999937,182.97926666666655,192.0689581945015,182.06521047618997,183.10303333333334,195.34529999999978,-16.15470000000022
19083,corn,2022,1,215.6,192.2696703296703,193.9,198.54732531261706,195.0339852236652,196.41323333333344,178.9383357691402,179.22640000000004,178.1694000000001,184.06060130817391,183.76811857142857,177.98180000000013,196.41323333333344,-19.186766666666557
19083,corn,2022,2,215.6,192.2696703296703,193.9,193.69103937421409,186.2111174603175,181.01263333333327,178.9383357691402,179.22640000000004,178.1694000000001,173.24635364961892,172.65311341269853,176.50920000000016,181.01263333333327,-34.587366666666725
19083,corn,2022,3,215.6,192.2696703296703,193.9,197.83232723482698,201.91787190476174,199.49040000000005,178.9383357691402,179.22640000000004,178.1694000000001,182.43970562593626,178.67777984127014,177.47246666666678,199.49040000000005,-16.109599999999944
19083,corn,2022,4,215.6,192.2696703296703,193.9,202.57051383244703,200.7778974603174,197.90400000000008,178.9383357691402,179.22640000000004,178.1694000000001,189.8006869716693,177.46886468253987,177.47846666666675,197.90400000000008,-17.695999999999913
19083,corn,2022,5,215.6,192.2696703296703,193.9,203.39880754762473,196.37675103174598,195.06986666666654,178.9383357691402,179.22640000000004,178.1694000000001,186.17384271336832,178.66128428571437,177.43290000000007,195.06986666666654,-20.530133333333453
19083,corn,2022,6,215.6,192.2696703296703,193.9,201.65516102604096,202.24833801587326,198.41520000000003,178.9383357691402,179.22640000000004,178.1694000000001,185.07563715299486,178.23367595238122,177.3167333333333,198.41520000000003,-17.184799999999967
19083,corn,2022,7,215.6,192.2696703296703,193.9,196.6174714397004,204.42795738095208,203.15329999999992,178.9383357691402,179.22640000000004,178.1694000000001,180.74807409618018,179.0510390476192,176.64180000000005,203.15329999999992,-12.446700000000078
19083,corn,2022,8,215.6,192.2696703296703,193.9,199.85241781377078,206.99609196248196,207.22793333333317,178.9383357691402,179.22640000000004,178.1694000000001,184.65559246233929,184.76810968253983,178.04620000000017,207.22793333333317,-8.372066666666825
19083,corn,2022,9,215.6,192.2696703296703,193.9,195.91379323474146,204.73602495671008,206.5559333333333,178.9383357691402,179.22640000000004,178.1694000000001,182.4205605095356,179.38407253968282,177.81536666666676,206.5559333333333,-9.044066666666708
19083,corn,2022,10,215.6,192.2696703296703,193.9,184.90801744385496,162.96763904761931,174.08486666666647,178.9383357691402,179.22640000000004,178.1694000000001,167.03471244293837,162.46160177489185,175.6442666666667,174.08486666666647,-41.51513333333352
19083,corn,2022,11,215.6,192.2696703296703,193.9,195.12933925651956,190.18251119047613,191.38270000000006,178.9383357691402,179.22640000000004,178.1694000000001,179.8824581946057,183.24177523809539,177.9247000000001,191.38270000000006,-24.217299999999938
19083,corn,2022,12,215.6,192.2696703296703,193.9,211.76559051365552,200.5306574531023,197.31550000000004,178.9383357691402,179.22640000000004,178.1694000000001,195.80197053556665,179.52454119047638,178.1908333333336,197.31550000000004,-18.28449999999995
19085,corn,2022,1,172.4,192.2696703296703,192.2696703296703,204.03173903789147,199.17511063492077,202.5497333333334,184.16167435109773,177.19751009436078,179.2400666666664,190.5266537104913,185.23957833333307,182.94069999999988,202.5497333333334,30.149733333333387
19085,corn,2022,2,172.4,192.2696703296703,192.2696703296703,190.31042361490339,195.8559676984127,194.3973333333333,184.16167435109773,177.19751009436078,179.2400666666664,175.36125371350354,181.6779008730157,182.63106666666667,194.3973333333333,21.9973333333333
19085,corn,2022,3,172.4,192.2696703296703,192.2696703296703,204.79728365859762,207.0924783333335,207.4133000000001,184.16167435109773,177.19751009436078,179.2400666666664,192.17575613737162,181.3973090476189,181.47946666666667,207.4133000000001,35.0133000000001
19085,corn,2022,4,172.4,192.2696703296703,192.2696703296703,207.6186739993523,204.9007146825397,200.1617333333334,184.16167435109773,177.19751009436078,179.2400666666664,195.8895759673065,180.1534538095236,180.84163333333325,200.1617333333334,27.761733333333382
19085,corn,2022,5,172.4,192.2696703296703,192.2696703296703,205.13892840777012,202.4793491269842,202.9960666666667,184.16167435109773,177.19751009436078,179.2400666666664,195.89359166685992,181.0999399999998,180.82976666666664,202.9960666666667,30.5960666666667
19085,corn,2022,6,172.4,192.2696703296703,192.2696703296703,195.4605125668953,197.4633590620493,199.44843333333318,184.16167435109773,177.19751009436078,179.2400666666664,182.99543540562092,178.60583261904748,180.52776666666668,199.44843333333318,27.04843333333318
19085,corn,2022,7,172.4,192.2696703296703,192.2696703296703,198.99876232113007,196.29797282828275,199.8556666666666,184.16167435109773,177.19751009436078,179.2400666666664,188.30072941750768,179.78179150793613,180.5356333333333,199.8556666666666,27.455666666666588
19085,corn,2022,8,172.4,192.2696703296703,192.2696703296703,197.05638868629214,199.1945063492065,196.66106666666658,184.16167435109773,177.19751009436078,179.2400666666664,186.33669057696608,179.06670380952352,180.71096666666656,196.66106666666658,24.26106666666658
19085,corn,2022,9,172.4,192.2696703296703,192.2696703296703,187.52315562469883,196.24012222222225,192.27359999999987,184.16167435109773,177.19751009436078,179.2400666666664,179.8376427020752,178.86220301587272,179.34246666666667,192.27359999999987,19.87359999999987
19085,corn,2022,10,172.4,192.2696703296703,192.2696703296703,184.16680995338535,176.163150952381,178.51196666666675,184.16167435109773,177.19751009436078,179.2400666666664,172.11325678114278,172.49610714285697,177.5859666666667,178.51196666666675,6.111966666666746
19085,corn,2022,11,172.4,192.2696703296703,192.2696703296703,192.1951464398264,185.26896178210683,189.3917666666667,184.16167435109773,177.19751009436078,179.2400666666664,179.52452173804656,182.19380682539662,181.56413333333327,189.3917666666667,16.991766666666706
19085,corn,2022,12,172.4,192.2696703296703,192.2696703296703,212.34785375627573,202.13856619047618,202.00316666666654,184.16167435109773,177.19751009436078,179.2400666666664,201.21028738495139,180.52756928571398,181.12599999999986,202.00316666666654,29.60316666666654
19087,corn,2022,1,167.7,192.2696703296703,168.4,187.05208102281338,191.08338365079345,194.2023666666666,168.79438487975892,191.46580000000128,163.09320000000062,168.3749038114227,190.63482047619166,165.22726666666722,194.2023666666666,26.502366666666603
19087,corn,2022,2,167.7,192.2696703296703,168.4,186.14434778530105,194.13476761904752,193.46176666666662,168.79438487975892,191.46580000000128,163.09320000000062,161.9572202208846,190.64014000000117,164.96140000000057,193.46176666666662,25.76176666666663
19087,corn,2022,3,167.7,192.2696703296703,168.4,185.40095178041872,189.4791661111113,193.05640000000002,168.79438487975892,191.46580000000128,163.09320000000062,165.12954391403423,190.75647380952503,165.12516666666727,193.05640000000002,25.356400000000036
19087,corn,2022,4,167.7,192.2696703296703,168.4,190.34424696758117,197.5346526190478,196.20173333333324,168.79438487975892,191.46580000000128,163.09320000000062,169.28895902308543,190.59417380952502,163.71196666666722,196.20173333333324,28.50173333333325
19087,corn,2022,5,167.7,192.2696703296703,168.4,184.92825371354655,180.26787920634933,181.5385333333335,168.79438487975892,191.46580000000128,163.09320000000062,166.05755472627243,190.52270666666786,163.645933333334,181.5385333333335,13.838533333333515
19087,corn,2022,6,167.7,192.2696703296703,168.4,184.5788605234891,184.83679063492062,181.3125333333333,168.79438487975892,191.46580000000128,163.09320000000062,165.4353801945287,190.55360000000118,163.70643333333396,181.3125333333333,13.612533333333317
19087,corn,2022,7,167.7,192.2696703296703,168.4,183.68364549451172,197.08590458874465,191.57733333333343,168.79438487975892,191.46580000000128,163.09320000000062,169.4586903103703,190.58290000000116,164.09393333333398,191.57733333333343,23.87733333333344
19087,corn,2022,8,167.7,192.2696703296703,168.4,189.41133344686057,186.39542047619037,188.48209999999995,168.79438487975892,191.46580000000128,163.09320000000062,170.8629008150933,190.64406666666784,163.61196666666726,188.48209999999995,20.782099999999957
19087,corn,2022,9,167.7,192.2696703296703,168.4,187.62805948823006,177.9192403968254,180.23143333333323,168.79438487975892,191.46580000000128,163.09320000000062,169.10823876865473,190.55360000000118,163.44096666666732,180.23143333333323,12.53143333333324
19087,corn,2022,10,167.7,192.2696703296703,168.4,183.57183761099535,162.9922700793652,167.5353,168.79438487975892,191.46580000000128,163.09320000000062,162.87093982618396,190.61714000000114,163.39513333333392,167.5353,-0.16469999999998208
19087,corn,2022,11,167.7,192.2696703296703,168.4,182.4686181862512,180.3284585714285,184.80880000000008,168.79438487975892,191.46580000000128,163.09320000000062,164.6493339784461,190.66584666666785,164.8805666666674,184.80880000000008,17.108800000000087
19087,corn,2022,12,167.7,192.2696703296703,168.4,183.54543129454117,177.6878329365079,177.7834999999998,168.79438487975892,191.46580000000128,163.09320000000062,171.26630972010264,190.7761500000012,165.36740000000069,177.7834999999998,10.083499999999816
19089,corn,2022,1,217.3,192.2696703296703,208.2,191.75822699471172,183.65693174603157,188.39406666666662,184.46342521077028,180.66453636363562,181.60693333333276,181.93206074589548,181.53289333333234,180.69919999999976,188.39406666666662,-28.905933333333394
19089,corn,2022,2,217.3,192.2696703296703,208.2,186.36378277570807,183.2707238311689,179.57449999999992,184.46342521077028,180.66453636363562,181.60693333333276,174.87267487288813,181.46104333333236,180.83156666666633,179.57449999999992,-37.725500000000096
19089,corn,2022,3,217.3,192.2696703296703,208.2,196.92207301906734,195.81754571428587,196.5930666666668,184.46342521077028,180.66453636363562,181.60693333333276,179.58972750449644,181.49637666666567,178.52289999999982,196.5930666666668,-20.70693333333321
19089,corn,2022,4,217.3,192.2696703296703,208.2,198.99674757317206,189.19385873015892,190.53606666666667,184.46342521077028,180.66453636363562,181.60693333333276,192.0589605743078,181.47418999999908,180.8517999999997,190.53606666666667,-26.76393333333334
19089,corn,2022,5,217.3,192.2696703296703,208.2,192.66013902917877,190.22740174603163,193.30349999999984,184.46342521077028,180.66453636363562,181.60693333333276,185.09892821418293,181.493759999999,180.4980999999997,193.30349999999984,-23.996500000000168
19089,corn,2022,6,217.3,192.2696703296703,208.2,187.43658328542477,195.1982213492064,196.81126666666668,184.46342521077028,180.66453636363562,181.60693333333276,178.62358686834042,181.5421266666657,181.11509999999976,196.81126666666668,-20.48873333333333
19089,corn,2022,7,217.3,192.2696703296703,208.2,186.5825998011234,187.39554777777803,191.9556333333332,184.46342521077028,180.66453636363562,181.60693333333276,179.8852162766605,181.46701714285624,181.48233333333306,191.9556333333332,-25.344366666666815
19089,corn,2022,8,217.3,192.2696703296703,208.2,191.49798221932377,194.12688539682546,196.89736666666647,184.46342521077028,180.66453636363562,181.60693333333276,185.7832803258883,181.2552999999991,181.60263333333302,196.89736666666647,-20.40263333333354
19089,corn,2022,9,217.3,192.2696703296703,208.2,189.0535212880249,195.89912007936513,196.1215666666666,184.46342521077028,180.66453636363562,181.60693333333276,181.4107636060262,181.4916516666657,180.68989999999974,196.1215666666666,-21.178433333333402
19089,corn,2022,10,217.3,192.2696703296703,208.2,178.76276448193235,180.53143983405477,176.1743000000002,184.46342521077028,180.66453636363562,181.60693333333276,167.24395181928944,181.00754142857045,177.99293333333307,176.1743000000002,-41.125699999999824
19089,corn,2022,11,217.3,192.2696703296703,208.2,181.67378370397745,182.77484269841253,183.99226666666644,184.46342521077028,180.66453636363562,181.60693333333276,174.86504291925536,181.44412666666568,181.11709999999977,183.99226666666644,-33.30773333333357
19089,corn,2022,12,217.3,192.2696703296703,208.2,197.37598566672224,191.0017329365077,193.52323333333317,184.46342521077028,180.66453636363562,181.60693333333276,188.45786237943983,181.39335714285622,181.37953333333323,193.52323333333317,-23.776766666666845
19091,corn,2022,1,195.5,192.2696703296703,206.3,194.20707407610448,189.72530214285712,190.23900000000015,184.20488305776684,186.1664291341873,183.4576000000003,183.47302106998234,179.82584825396822,181.76646666666693,190.23900000000015,-5.260999999999854
19091,corn,2022,2,195.5,192.2696703296703,206.3,190.19023523819672,187.9765624603174,186.3961666666667,184.20488305776684,186.1664291341873,183.4576000000003,173.71005541624083,175.30086182539685,179.73596666666705,186.3961666666667,-9.103833333333313
19091,corn,2022,3,195.5,192.2696703296703,206.3,191.8422932490924,190.23976636363636,194.4246333333332,184.20488305776684,186.1664291341873,183.4576000000003,180.82068737323868,178.44991777777773,181.61336666666696,194.4246333333332,-1.0753666666668096
19091,corn,2022,4,195.5,192.2696703296703,206.3,201.07316737460047,195.19985674603168,196.31723333333323,184.20488305776684,186.1664291341873,183.4576000000003,192.45508260535377,182.21581365079368,182.79786666666695,196.31723333333323,0.8172333333332347
19091,corn,2022,5,195.5,192.2696703296703,206.3,196.1016406950794,191.27780904761897,192.95346666666654,184.20488305776684,186.1664291341873,183.4576000000003,185.4114448095254,182.79469428571426,182.76006666666694,192.95346666666654,-2.546533333333457
19091,corn,2022,6,195.5,192.2696703296703,206.3,190.1235145902115,194.42468452380945,196.4894666666668,184.20488305776684,186.1664291341873,183.4576000000003,178.35008564679785,181.17876857142844,181.80110000000022,196.4894666666668,0.9894666666668002
19091,corn,2022,7,195.5,192.2696703296703,206.3,181.35688456249935,188.59077626984137,191.26640000000015,184.20488305776684,186.1664291341873,183.4576000000003,176.36413629770962,181.69002285714285,182.2522333333336,191.26640000000015,-4.2335999999998535
19091,corn,2022,8,195.5,192.2696703296703,206.3,193.38083382318715,194.4583530952382,195.89676666666665,184.20488305776684,186.1664291341873,183.4576000000003,183.81660234930197,182.55178341991333,182.9790000000003,195.89676666666665,0.3967666666666503
19091,corn,2022,9,195.5,192.2696703296703,206.3,190.54585601976675,201.2097138095238,202.7189999999999,184.20488305776684,186.1664291341873,183.4576000000003,182.52518792047502,180.1918823809523,182.17480000000026,202.7189999999999,7.218999999999909
19091,corn,2022,10,195.5,192.2696703296703,206.3,171.59102870079664,171.12999142857154,181.19580000000002,184.20488305776684,186.1664291341873,183.4576000000003,161.5097703555786,177.551888095238,178.50026666666682,181.19580000000002,-14.30419999999998
19091,corn,2022,11,195.5,192.2696703296703,206.3,199.07136487706086,196.9645742857144,200.41516666666675,184.20488305776684,186.1664291341873,183.4576000000003,183.67289469280027,181.56258452380945,182.55376666666697,200.41516666666675,4.9151666666667495
19091,corn,2022,12,195.5,192.2696703296703,206.3,202.60634525101995,195.89222166666673,197.22330000000005,184.20488305776684,186.1664291341873,183.4576000000003,192.40549618316962,179.69521055555563,182.5645000000002,197.22330000000005,1.7233000000000516
19093,corn,2022,1,221.2,192.2696703296703,229.1,200.79989698779644,196.1582452380954,200.35253333333318,198.91661671072956,208.74476153846172,203.2706000000003,196.79287452953616,207.53705841269857,203.50376666666705,200.35253333333318,-20.847466666666804
19093,corn,2022,2,221.2,192.2696703296703,229.1,190.23947502011953,194.63840238095239,196.67849999999996,198.91661671072956,208.74476153846172,203.2706000000003,185.85789642276583,206.99952666666687,201.82353333333356,196.67849999999996,-24.52150000000003
19093,corn,2022,3,221.2,192.2696703296703,229.1,202.34097684875104,191.07192862914874,197.14086666666665,198.91661671072956,208.74476153846172,203.2706000000003,199.60649977899826,207.66406714285725,203.51223333333365,197.14086666666665,-24.059133333333335
19093,corn,2022,4,221.2,192.2696703296703,229.1,210.15331387293796,210.66787444444432,197.9324666666665,198.91661671072956,208.74476153846172,203.2706000000003,208.46769236150544,207.6246485714287,204.80966666666697,197.9324666666665,-23.26753333333349
19093,corn,2022,5,221.2,192.2696703296703,229.1,207.52328521411465,216.91228001442983,203.70236666666682,198.91661671072956,208.74476153846172,203.2706000000003,207.1161011759392,207.8348476190477,204.67720000000028,203.70236666666682,-17.49763333333317
19093,corn,2022,6,221.2,192.2696703296703,229.1,203.2651858653312,202.92691284992787,205.08046666666678,198.91661671072956,208.74476153846172,203.2706000000003,199.34389398086466,207.68989174603175,203.79226666666693,205.08046666666678,-16.11953333333321
19093,corn,2022,7,221.2,192.2696703296703,229.1,192.2926009696502,211.33588639971148,205.34093333333334,198.91661671072956,208.74476153846172,203.2706000000003,195.03226540926227,207.45658714285722,204.5978666666669,205.34093333333334,-15.85906666666665
19093,corn,2022,8,221.2,192.2696703296703,229.1,196.35110084207406,202.36970396825407,201.58359999999988,198.91661671072956,208.74476153846172,203.2706000000003,198.28927745847153,208.39395285714295,204.29620000000028,201.58359999999988,-19.616400000000112
19093,corn,2022,9,221.2,192.2696703296703,229.1,193.51312510951297,204.12856380230906,205.661,198.91661671072956,208.74476153846172,203.2706000000003,194.56011672815814,207.31429150793667,203.69873333333356,205.661,-15.538999999999987
19093,corn,2022,10,221.2,192.2696703296703,229.1,164.13334186609094,178.35728761904764,177.45743333333337,198.91661671072956,208.74476153846172,203.2706000000003,164.74006973198945,205.1850033333335,200.77283333333358,177.45743333333337,-43.74256666666662
19093,corn,2022,11,221.2,192.2696703296703,229.1,191.691269931697,189.8721713347763,188.58730000000003,198.91661671072956,208.74476153846172,203.2706000000003,190.73958896290327,206.2363452380954,202.57340000000022,188.58730000000003,-32.61269999999996
19093,corn,2022,12,221.2,192.2696703296703,229.1,207.82221351634828,196.53331071428562,192.34250000000006,198.91661671072956,208.74476153846172,203.2706000000003,207.24874253054193,206.93154709956735,204.52483333333373,192.34250000000006,-28.85749999999993
19095,corn,2022,1,205.9,192.2696703296703,192.2696703296703,191.08686267823091,199.5839579292929,197.92993333333322,197.36430779840995,179.61681207073562,179.53533333333294,194.35165708956447,181.0320876190467,178.94629999999955,197.92993333333322,-7.970066666666781
19095,corn,2022,2,205.9,192.2696703296703,192.2696703296703,186.50660343618517,190.43759960317465,182.2109666666666,197.36430779840995,179.61681207073562,179.53533333333294,186.91279668051797,180.60242849206256,178.9487999999997,182.2109666666666,-23.689033333333413
19095,corn,2022,3,205.9,192.2696703296703,192.2696703296703,194.04703118533274,198.51009317460344,197.06876666666668,197.36430779840995,179.61681207073562,179.53533333333294,192.47584716220993,181.58618999999894,178.73046666666627,197.06876666666668,-8.83123333333333
19095,corn,2022,4,205.9,192.2696703296703,192.2696703296703,194.23375150626558,204.51092015873039,197.50863333333334,197.36430779840995,179.61681207073562,179.53533333333294,198.14011911459616,181.40474952380842,179.04183333333282,197.50863333333334,-8.39136666666667
19095,corn,2022,5,205.9,192.2696703296703,192.2696703296703,185.8430315403409,182.6601557142858,186.9208666666669,197.36430779840995,179.61681207073562,179.53533333333294,192.93786819581084,181.3682480519472,179.43223333333296,186.9208666666669,-18.979133333333095
19095,corn,2022,6,205.9,192.2696703296703,192.2696703296703,188.78443982211817,189.1583076190477,190.2914666666667,197.36430779840995,179.61681207073562,179.53533333333294,192.15305994749798,176.99226857142767,178.41409999999956,190.2914666666667,-15.608533333333298
19095,corn,2022,7,205.9,192.2696703296703,192.2696703296703,187.48870408464447,188.96751724386732,192.93373333333335,197.36430779840995,179.61681207073562,179.53533333333294,192.2536527917422,181.55143142857042,179.05943333333292,192.93373333333335,-12.966266666666655
19095,corn,2022,8,205.9,192.2696703296703,192.2696703296703,191.46143454943586,197.09737666666646,195.01266666666652,197.36430779840995,179.61681207073562,179.53533333333294,196.24904213897594,181.70805380952282,178.68549999999956,195.01266666666652,-10.887333333333487
19095,corn,2022,9,205.9,192.2696703296703,192.2696703296703,190.3148073385268,199.65211383116875,199.3409333333335,197.36430779840995,179.61681207073562,179.53533333333294,193.67533484388878,180.33534238095154,178.74193333333298,199.3409333333335,-6.559066666666496
19095,corn,2022,10,205.9,192.2696703296703,192.2696703296703,183.16560858208882,174.48478111111115,177.2100666666666,197.36430779840995,179.61681207073562,179.53533333333294,182.1776535624517,173.3280185714277,177.4607333333329,177.2100666666666,-28.689933333333414
19095,corn,2022,11,205.9,192.2696703296703,192.2696703296703,187.64574248619374,180.95100087301574,183.35406666666668,197.36430779840995,179.61681207073562,179.53533333333294,190.20745887109985,181.49288190476094,179.24863333333283,183.35406666666668,-22.545933333333323
19095,corn,2022,12,205.9,192.2696703296703,192.2696703296703,195.71373969076768,189.6875201587302,190.39029999999988,197.36430779840995,179.61681207073562,179.53533333333294,200.75814417297056,182.1655524963915,179.04513333333287,190.39029999999988,-15.509700000000123
19097,corn,2022,1,219.2,192.2696703296703,191.5,199.651297711194,194.46281476190464,197.40023333333335,178.0383858642578,172.2457999999997,175.0837999999995,184.15647185844261,172.78512499999988,174.62656666666632,197.40023333333335,-21.799766666666642
19097,corn,2022,2,219.2,192.2696703296703,191.5,195.54262971856434,191.81815658730153,183.48556666666647,178.0383858642578,172.2457999999997,175.0837999999995,177.85657808966792,172.74548333333325,173.73209999999955,183.48556666666647,-35.71443333333352
19097,corn,2022,3,219.2,192.2696703296703,191.5,202.4547688676588,196.83009833333338,195.92806666666664,178.0383858642578,172.2457999999997,175.0837999999995,185.90129041765016,172.91129999999993,173.754133333333,195.92806666666664,-23.27193333333335
19097,corn,2022,4,219.2,192.2696703296703,191.5,208.4200831021763,196.8633352380955,196.41266666666675,178.0383858642578,172.2457999999997,175.0837999999995,192.6317566026888,172.97099999999992,173.7194999999997,196.41266666666675,-22.787333333333237
19097,corn,2022,5,219.2,192.2696703296703,191.5,191.79329796366022,191.1360174603174,190.5428666666667,178.0383858642578,172.2457999999997,175.0837999999995,177.9398465928091,172.9396333333332,174.05316666666633,190.5428666666667,-28.65713333333329
19097,corn,2022,6,219.2,192.2696703296703,191.5,196.4466698176375,193.5334698412699,188.92076666666648,178.0383858642578,172.2457999999997,175.0837999999995,180.65264875123833,172.65523333333323,173.83843333333294,188.92076666666648,-30.279233333333508
19097,corn,2022,7,219.2,192.2696703296703,191.5,203.3928572745649,203.23397285714265,203.36653333333328,178.0383858642578,172.2457999999997,175.0837999999995,184.4150413012477,172.87024999999988,174.393633333333,203.36653333333328,-15.833466666666709
19097,corn,2022,8,219.2,192.2696703296703,191.5,198.88186485728613,200.28535690476184,203.30896666666692,178.0383858642578,172.2457999999997,175.0837999999995,182.7738508548718,172.85221666666658,175.19576666666634,203.30896666666692,-15.89103333333307
19097,corn,2022,9,219.2,192.2696703296703,191.5,190.03664599073173,201.79646563492048,202.43126666666691,178.0383858642578,172.2457999999997,175.0837999999995,175.64938365230685,173.11443333333327,174.91859999999957,202.43126666666691,-16.768733333333074
19097,corn,2022,10,219.2,192.2696703296703,191.5,187.82350080433656,171.30893960317474,175.3245333333334,178.0383858642578,172.2457999999997,175.0837999999995,169.4096674943644,172.8913833333332,173.3669999999996,175.3245333333334,-43.8754666666666
19097,corn,2022,11,219.2,192.2696703296703,191.5,190.09358990476846,194.23393978354983,196.68896666666694,178.0383858642578,172.2457999999997,175.0837999999995,175.6208380311969,172.89466666666655,174.21209999999962,196.68896666666694,-22.511033333333046
19097,corn,2022,12,219.2,192.2696703296703,191.5,198.47821793230403,200.3695908730158,198.02846666666656,178.0383858642578,172.2457999999997,175.0837999999995,188.8459298740849,172.74359999999993,174.51903333333303,198.02846666666656,-21.17153333333343
19099,corn,2022,1,203.6,192.2696703296703,223.1,198.77366259026547,195.02431253246755,194.57619999999994,195.00284134990852,172.68180000000066,187.60600000000068,193.6549843090204,170.99020000000047,188.12983333333406,194.57619999999994,-9.023800000000051
19099,corn,2022,2,203.6,192.2696703296703,223.1,190.81476675620485,191.87354873015866,182.2133666666667,195.00284134990852,172.68180000000066,187.60600000000068,184.23805822447974,171.15991666666713,188.1229666666674,182.2133666666667,-21.386633333333293
19099,corn,2022,3,203.6,192.2696703296703,223.1,202.37895317615943,198.57444809523798,199.8333333333334,195.00284134990852,172.68180000000066,187.60600000000068,190.89050501818662,170.84429880952425,188.5815000000007,199.8333333333334,-3.7666666666665947
19099,corn,2022,4,203.6,192.2696703296703,223.1,214.10972384467337,202.3267683333334,202.2147333333333,195.00284134990852,172.68180000000066,187.60600000000068,207.11460036994302,171.15516666666713,188.61600000000067,202.2147333333333,-1.3852666666666948
19099,corn,2022,5,203.6,192.2696703296703,223.1,201.20393670886045,203.15477063492077,199.55783333333315,195.00284134990852,172.68180000000066,187.60600000000068,195.88388602265687,170.95153333333383,187.75480000000073,199.55783333333315,-4.042166666666844
19099,corn,2022,6,203.6,192.2696703296703,223.1,194.4558443988451,200.8000034126986,201.39546666666655,195.00284134990852,172.68180000000066,187.60600000000068,189.96234903978163,170.94166333333376,188.17420000000075,201.39546666666655,-2.204533333333444
19099,corn,2022,7,203.6,192.2696703296703,223.1,190.44877612394586,194.55251976190493,197.27576666666653,195.00284134990852,172.68180000000066,187.60600000000068,187.21154182584266,170.7730952380957,188.56273333333408,197.27576666666653,-6.324233333333467
19099,corn,2022,8,203.6,192.2696703296703,223.1,197.06109309261234,210.09204341269853,204.65140000000008,195.00284134990852,172.68180000000066,187.60600000000068,193.02626538114532,171.1276266666671,188.4450666666675,204.65140000000008,1.0514000000000863
19099,corn,2022,9,203.6,192.2696703296703,223.1,191.85625837624576,204.1297608730158,202.51693333333318,195.00284134990852,172.68180000000066,187.60600000000068,189.13526404063805,170.77554333333381,188.63183333333407,202.51693333333318,-1.0830666666668094
19099,corn,2022,10,203.6,192.2696703296703,223.1,189.62660026360837,175.2642352380952,176.56996666666672,195.00284134990852,172.68180000000066,187.60600000000068,180.65634813851727,171.3604133333338,188.06403333333407,176.56996666666672,-27.03003333333328
19099,corn,2022,11,203.6,192.2696703296703,223.1,197.53270033916226,201.47028658730176,194.62023333333323,195.00284134990852,172.68180000000066,187.60600000000068,188.511063780788,171.08501666666714,188.22833333333404,194.62023333333323,-8.979766666666762
19099,corn,2022,12,203.6,192.2696703296703,223.1,208.2173268673098,200.37983416305917,199.3780666666668,195.00284134990852,172.68180000000066,187.60600000000068,203.47929420301668,171.12798571428618,188.72356666666744,199.3780666666668,-4.221933333333197
19101,corn,2022,1,178.0,192.2696703296703,164.0,188.40518378461633,192.1653719841268,192.37419999999992,166.376131700587,171.4428000000006,166.4440000000008,166.2446126313137,173.69061333333397,167.9478333333342,192.37419999999992,14.374199999999917
19101,corn,2022,2,178.0,192.2696703296703,164.0,184.84819035935206,189.9078158730158,188.0885666666666,166.376131700587,171.4428000000006,166.4440000000008,159.12263688836782,173.74598333333398,166.95500000000084,188.0885666666666,10.088566666666594
19101,corn,2022,3,178.0,192.2696703296703,164.0,187.75691478873895,186.0420738095239,190.48103333333316,166.376131700587,171.4428000000006,166.4440000000008,165.71742165444607,173.61285000000063,167.59753333333418,190.48103333333316,12.481033333333158
19101,corn,2022,4,178.0,192.2696703296703,164.0,188.1463291468302,193.62877174603176,195.93373333333327,166.376131700587,171.4428000000006,166.4440000000008,165.6355288623225,173.5695166666673,166.3901000000008,195.93373333333327,17.933733333333265
19101,corn,2022,5,178.0,192.2696703296703,164.0,175.74784491479718,173.8466804761905,177.80740000000006,166.376131700587,171.4428000000006,166.4440000000008,159.8119825786163,173.2765066666673,165.9318666666676,177.80740000000006,-0.19259999999994193
19101,corn,2022,6,178.0,192.2696703296703,164.0,180.28727067401434,178.287263015873,176.93250000000003,166.376131700587,171.4428000000006,166.4440000000008,159.75592553916712,173.24040000000065,166.1988333333343,176.93250000000003,-1.067499999999967
19101,corn,2022,7,178.0,192.2696703296703,164.0,185.89064649137407,185.09333655844148,187.8991999999999,166.376131700587,171.4428000000006,166.4440000000008,167.94719611302028,173.27450000000064,166.18986666666757,187.8991999999999,9.899199999999894
19101,corn,2022,8,178.0,192.2696703296703,164.0,184.6496512016856,179.5927226190477,181.3282000000002,166.376131700587,171.4428000000006,166.4440000000008,165.22718418731975,173.32420000000064,165.7000666666676,181.3282000000002,3.3282000000002085
19101,corn,2022,9,178.0,192.2696703296703,164.0,183.83426393729127,162.47657396825403,167.4335,166.376131700587,171.4428000000006,166.4440000000008,164.387179339608,173.27313333333396,165.97266666666764,167.4335,-10.56649999999999
19101,corn,2022,10,178.0,192.2696703296703,164.0,185.34290678122977,169.0764112698414,167.75080000000014,166.376131700587,171.4428000000006,166.4440000000008,159.60820471111964,173.33944000000065,165.97380000000095,167.75080000000014,-10.24919999999986
19101,corn,2022,11,178.0,192.2696703296703,164.0,179.70098596216124,179.4182805555555,181.61013333333324,166.376131700587,171.4428000000006,166.4440000000008,160.18234295442264,173.677733333334,166.87193333333425,181.61013333333324,3.6101333333332377
19101,corn,2022,12,178.0,192.2696703296703,164.0,183.34116794526102,178.34818388888885,173.24743333333322,166.376131700587,171.4428000000006,166.4440000000008,169.33721302382003,173.81845000000064,167.22980000000092,173.24743333333322,-4.75256666666678
19103,corn,2022,1,205.2,192.2696703296703,192.2696703296703,188.9678531723704,194.223239199134,196.36179999999982,197.41207630961927,173.58681207073587,173.61333333333283,194.2079040653298,174.63370333333273,173.63203333333294,196.36179999999982,-8.838200000000171
19103,corn,2022,2,205.2,192.2696703296703,192.2696703296703,190.16747990587726,191.28085476190492,183.42876666666666,197.41207630961927,173.58681207073587,173.61333333333283,189.00129002425413,174.79611944444363,173.99733333333305,183.42876666666666,-21.771233333333328
19103,corn,2022,3,205.2,192.2696703296703,192.2696703296703,193.8229569626143,197.88816230158733,196.49773333333337,197.41207630961927,173.58681207073587,173.61333333333283,195.66619681161447,174.8887699999992,173.5594666666663,196.49773333333337,-8.702266666666617
19103,corn,2022,4,205.2,192.2696703296703,192.2696703296703,198.10611090466023,198.66913285714296,197.27283333333347,197.41207630961927,173.58681207073587,173.61333333333283,204.00269657007388,175.08756333333247,174.17839999999964,197.27283333333347,-7.927166666666523
19103,corn,2022,5,205.2,192.2696703296703,192.2696703296703,184.21340207432505,184.14797466089485,180.4763666666666,197.41207630961927,173.58681207073587,173.61333333333283,191.6790081620693,174.3913471428564,173.29159999999965,180.4763666666666,-24.723633333333396
19103,corn,2022,6,205.2,192.2696703296703,192.2696703296703,188.74015930504362,192.6596271428573,192.84376666666665,197.41207630961927,173.58681207073587,173.61333333333283,190.23069300756964,174.23677238095163,173.00379999999973,192.84376666666665,-12.356233333333336
19103,corn,2022,7,205.2,192.2696703296703,192.2696703296703,192.27422774452884,195.25593674603186,197.9070666666667,197.41207630961927,173.58681207073587,173.61333333333283,196.30590227313525,174.33610690476118,172.82856666666635,197.9070666666667,-7.292933333333281
19103,corn,2022,8,205.2,192.2696703296703,192.2696703296703,196.52460997135853,197.69933285714274,195.27299999999988,197.41207630961927,173.58681207073587,173.61333333333283,198.9249617113122,175.20814571428502,173.1880999999997,195.27299999999988,-9.927000000000106
19103,corn,2022,9,205.2,192.2696703296703,192.2696703296703,191.20694216440728,202.96539206349206,201.26876666666675,197.41207630961927,173.58681207073587,173.61333333333283,193.80759385397462,174.76757857142783,173.08773333333306,201.26876666666675,-3.931233333333239
19103,corn,2022,10,205.2,192.2696703296703,192.2696703296703,186.2034060233729,160.24188198412716,167.7722666666667,197.41207630961927,173.58681207073587,173.61333333333283,186.00646152695765,163.8164116666661,171.39373333333305,167.7722666666667,-37.42773333333329
19103,corn,2022,11,205.2,192.2696703296703,192.2696703296703,183.50193346984113,193.99881526695535,195.1216666666665,197.41207630961927,173.58681207073587,173.61333333333283,190.99031557876012,175.20188698412613,173.5953666666663,195.1216666666665,-10.07833333333349
19103,corn,2022,12,205.2,192.2696703296703,192.2696703296703,192.87869149421624,178.55458650793653,180.3728333333332,197.41207630961927,173.58681207073587,173.61333333333283,199.662786365,174.71437178210613,173.54623333333296,180.3728333333332,-24.827166666666784
19105,corn,2022,1,218.2,192.2696703296703,192.2696703296703,195.83354065575907,188.98528496392493,195.14143333333337,195.6870478577865,183.08139642039288,182.7365333333329,194.7607789190602,185.70867928571457,183.76399999999978,195.14143333333337,-23.05856666666662
19105,corn,2022,2,218.2,192.2696703296703,192.2696703296703,190.03754970234962,179.0323473809524,173.5627333333335,195.6870478577865,183.08139642039288,182.7365333333329,186.58179877267395,183.30531428571464,182.07963333333325,173.5627333333335,-44.63726666666648
19105,corn,2022,3,218.2,192.2696703296703,192.2696703296703,193.1365445301815,197.52222246031755,196.50826666666674,195.6870478577865,183.08139642039288,182.7365333333329,194.51320819653347,187.14223714285737,183.02899999999985,196.50826666666674,-21.691733333333246
19105,corn,2022,4,218.2,192.2696703296703,192.2696703296703,193.9190451107298,199.18582404761906,198.77343333333323,195.6870478577865,183.08139642039288,182.7365333333329,199.603754275559,186.6037645238097,183.43746666666652,198.77343333333323,-19.42656666666676
19105,corn,2022,5,218.2,192.2696703296703,192.2696703296703,186.47664209130815,188.32300174603182,188.03486666666663,195.6870478577865,183.08139642039288,182.7365333333329,190.90389989570352,183.74252142857196,183.44956666666667,188.03486666666663,-30.165133333333358
19105,corn,2022,6,218.2,192.2696703296703,192.2696703296703,186.09961099366876,180.4465273015872,183.38979999999992,195.6870478577865,183.08139642039288,182.7365333333329,187.24652761165424,182.2679472222225,182.5151,183.38979999999992,-34.810200000000066
19105,corn,2022,7,218.2,192.2696703296703,192.2696703296703,191.8262327144542,210.66526619047582,207.64633333333336,195.6870478577865,183.08139642039288,182.7365333333329,192.9897936321661,186.2145600000002,182.98049999999984,207.64633333333336,-10.55366666666663
19105,corn,2022,8,218.2,192.2696703296703,192.2696703296703,196.8486060479091,205.00405214285715,207.31786666666662,195.6870478577865,183.08139642039288,182.7365333333329,196.7098184183031,186.02376761904796,183.2195999999999,207.31786666666662,-10.882133333333371
19105,corn,2022,9,218.2,192.2696703296703,192.2696703296703,190.79398396284046,200.46922087301584,202.56366666666656,195.6870478577865,183.08139642039288,182.7365333333329,191.47880509580673,184.56550000000036,183.32939999999996,202.56366666666656,-15.636333333333425
19105,corn,2022,10,218.2,192.2696703296703,192.2696703296703,181.39036747913735,161.89129007936523,170.58603333333338,195.6870478577865,183.08139642039288,182.7365333333329,179.8762923273697,172.72794634920675,179.42673333333335,170.58603333333338,-47.61396666666661
19105,corn,2022,11,218.2,192.2696703296703,192.2696703296703,180.91288146427618,176.12237611111115,182.0522333333333,195.6870478577865,183.08139642039288,182.7365333333329,185.52564654969538,183.82942781385316,183.1146333333333,182.0522333333333,-36.14776666666668
19105,corn,2022,12,218.2,192.2696703296703,192.2696703296703,194.94376863371141,189.3305443650795,192.42096666666643,195.6870478577865,183.08139642039288,182.7365333333329,199.11065244087126,185.69494090909117,183.47033333333314,192.42096666666643,-25.779033333333558
19107,corn,2022,1,170.4,192.2696703296703,177.2,190.9444531079354,201.05071062770543,201.92073333333337,170.6037436518912,172.72799999999964,172.03619999999964,171.4693300080311,172.5711766666663,172.8307333333332,201.92073333333337,31.520733333333368
19107,corn,2022,2,170.4,192.2696703296703,177.2,186.61603724819722,188.86365063492073,183.95623333333324,170.6037436518912,172.72799999999964,172.03619999999964,163.90663522509288,172.59433666666635,171.64209999999994,183.95623333333324,13.556233333333239
19107,corn,2022,3,170.4,192.2696703296703,177.2,192.825968160745,196.10302587301604,196.60136666666668,170.6037436518912,172.72799999999964,172.03619999999964,170.50953764653164,172.853853333333,170.87393333333324,196.60136666666668,26.201366666666672
19107,corn,2022,4,170.4,192.2696703296703,177.2,198.83830875816867,192.95479619047634,198.70739999999972,170.6037436518912,172.72799999999964,172.03619999999964,177.01788689545668,172.79560333333302,170.55406666666647,198.70739999999972,28.307399999999717
19107,corn,2022,5,170.4,192.2696703296703,177.2,183.52842668470618,179.10797658730164,184.94293333333343,170.6037436518912,172.72799999999964,172.03619999999964,168.35776839555786,172.76635666666633,172.2426333333331,184.94293333333343,14.542933333333423
19107,corn,2022,6,170.4,192.2696703296703,177.2,188.26199167251022,189.62534952380955,193.0772333333333,170.6037436518912,172.72799999999964,172.03619999999964,167.2208954618863,172.20838333333302,171.42803333333308,193.0772333333333,22.677233333333305
19107,corn,2022,7,170.4,192.2696703296703,177.2,184.26162597478526,188.14349317460326,190.0301666666666,170.6037436518912,172.72799999999964,172.03619999999964,168.77796377898443,172.3299366666663,172.1718999999998,190.0301666666666,19.630166666666582
19107,corn,2022,8,170.4,192.2696703296703,177.2,191.2927329305863,199.46628638528142,196.6031333333333,170.6037436518912,172.72799999999964,172.03619999999964,172.22339466176388,172.2401866666663,171.9620333333331,196.6031333333333,26.203133333333284
19107,corn,2022,9,170.4,192.2696703296703,177.2,188.09741340322438,180.8560903174604,186.66930000000008,170.6037436518912,172.72799999999964,172.03619999999964,170.92106660029665,172.22240333333303,171.4092999999998,186.66930000000008,16.269300000000072
19107,corn,2022,10,170.4,192.2696703296703,177.2,183.8143753668264,175.55721658730158,176.62899999999976,170.6037436518912,172.72799999999964,172.03619999999964,161.0185055672678,171.90258095238067,171.55693333333312,176.62899999999976,6.228999999999758
19107,corn,2022,11,170.4,192.2696703296703,177.2,188.17633641001441,183.87080166666658,181.20076666666665,170.6037436518912,172.72799999999964,172.03619999999964,168.9944534833595,172.87353666666635,172.6239333333331,181.20076666666665,10.800766666666647
19107,corn,2022,12,170.4,192.2696703296703,177.2,194.97474145814002,186.23531087301564,190.0745666666666,170.6037436518912,172.72799999999964,172.03619999999964,178.71904274453067,172.66577666666635,173.47619999999984,190.0745666666666,19.674566666666607
19109,corn,2022,1,197.6,192.2696703296703,192.6,196.70928204451482,190.7420611038961,193.9296,180.8870027616651,180.04319999999996,176.17699999999982,183.90515100079935,176.15468666666666,179.14550000000014,193.9296,-3.6704000000000008
19109,corn,2022,2,197.6,192.2696703296703,192.6,193.4640309690811,193.96544301587312,186.6709333333332,180.8870027616651,180.04319999999996,176.17699999999982,174.98089034674535,170.03878333333333,173.87133333333327,186.6709333333332,-10.929066666666785
19109,corn,2022,3,197.6,192.2696703296703,192.6,195.52268700764927,195.28831880952376,198.8869000000001,180.8870027616651,180.04319999999996,176.17699999999982,180.52171214804227,177.75160166666663,175.70886666666655,198.8869000000001,1.2869000000001165
19109,corn,2022,4,197.6,192.2696703296703,192.6,216.21843721037519,200.85095309523834,198.83766666666673,180.8870027616651,180.04319999999996,176.17699999999982,203.45680331960727,178.9257229365078,179.2300333333334,198.83766666666673,1.2376666666667404
19109,corn,2022,5,197.6,192.2696703296703,192.6,203.92117717737827,195.6244966666668,190.65596666666661,180.8870027616651,180.04319999999996,176.17699999999982,188.82298649621436,177.9864759523807,177.7264999999999,190.65596666666661,-6.94403333333338
19109,corn,2022,6,197.6,192.2696703296703,192.6,212.9186005480188,193.87577111111113,198.70386666666639,180.8870027616651,180.04319999999996,176.17699999999982,188.4174927367419,178.77826746031752,177.67129999999986,198.70386666666639,1.1038666666663914
19109,corn,2022,7,197.6,192.2696703296703,192.6,203.66372862756162,200.30075261904767,203.19373333333309,180.8870027616651,180.04319999999996,176.17699999999982,184.73160674356248,181.18231880952393,179.03366666666668,203.19373333333309,5.593733333333091
19109,corn,2022,8,197.6,192.2696703296703,192.6,209.06056905956314,204.02853698412704,207.3303666666667,180.8870027616651,180.04319999999996,176.17699999999982,192.1841380036852,181.57721214285715,179.25376666666665,207.3303666666667,9.730366666666697
19109,corn,2022,9,197.6,192.2696703296703,192.6,202.21936935456898,200.00677476190484,200.72283333333343,180.8870027616651,180.04319999999996,176.17699999999982,188.52550414911144,180.60744087301575,178.30266666666648,200.72283333333343,3.122833333333432
19109,corn,2022,10,197.6,192.2696703296703,192.6,180.05561893727182,176.27613960317473,182.25563333333326,180.8870027616651,180.04319999999996,176.17699999999982,165.25159894602575,168.25069349206365,171.9974999999999,182.25563333333326,-15.34436666666673
19109,corn,2022,11,197.6,192.2696703296703,192.6,207.04231903794172,196.15478297258312,196.37783333333354,180.8870027616651,180.04319999999996,176.17699999999982,188.75620465114517,180.58966571428564,177.99426666666665,196.37783333333354,-1.2221666666664532
19109,corn,2022,12,197.6,192.2696703296703,192.6,209.27305095550665,197.9780944011545,196.3641999999999,180.8870027616651,180.04319999999996,176.17699999999982,194.31020568354927,182.61726873015886,183.28206666666694,196.3641999999999,-1.235800000000097
19111,corn,2022,1,178.2,192.2696703296703,160.8,187.91682998061512,194.44841261904753,193.41253333333336,169.70315851556535,173.9198000000007,166.2602000000003,168.8215933248221,173.95289333333378,167.77703333333383,193.41253333333336,15.212533333333369
19111,corn,2022,2,178.2,192.2696703296703,160.8,191.18745023955253,198.40033801587316,195.98440000000016,169.70315851556535,173.9198000000007,166.2602000000003,166.77047790833674,173.87321476190516,166.0082666666671,195.98440000000016,17.784400000000176
19111,corn,2022,3,178.2,192.2696703296703,160.8,190.24480446847227,197.29727238095245,196.10136666666673,169.70315851556535,173.9198000000007,166.2602000000003,171.5303436769924,174.0613347619052,167.03426666666718,196.10136666666673,17.901366666666746
19111,corn,2022,4,178.2,192.2696703296703,160.8,190.1789495816129,198.43435555555538,198.23119999999994,169.70315851556535,173.9198000000007,166.2602000000003,172.98528905501837,173.78528619047663,167.1908333333339,198.23119999999994,20.031199999999956
19111,corn,2022,5,178.2,192.2696703296703,160.8,194.09021236673308,193.42090626984134,190.13706666666656,169.70315851556535,173.9198000000007,166.2602000000003,175.24530882256042,173.41347142857188,165.4807666666672,190.13706666666656,11.937066666666567
19111,corn,2022,6,178.2,192.2696703296703,160.8,194.00680583591412,184.80730055555563,185.43516666666653,169.70315851556535,173.9198000000007,166.2602000000003,172.24497570100073,173.38762976190517,166.26483333333397,185.43516666666653,7.235166666666544
19111,corn,2022,7,178.2,192.2696703296703,160.8,195.04378503044765,203.27881753968248,202.21030000000005,169.70315851556535,173.9198000000007,166.2602000000003,176.50050832940997,173.3793964285719,166.6898000000006,202.21030000000005,24.010300000000058
19111,corn,2022,8,178.2,192.2696703296703,160.8,194.94873557390773,197.42273543290054,200.48110000000005,169.70315851556535,173.9198000000007,166.2602000000003,172.0815215951869,173.43130000000048,166.96260000000052,200.48110000000005,22.281100000000066
19111,corn,2022,9,178.2,192.2696703296703,160.8,197.98294671196103,198.11464230158728,197.08010000000002,169.70315851556535,173.9198000000007,166.2602000000003,175.89462126633768,173.2921964285719,165.4154333333339,197.08010000000002,18.880100000000027
19111,corn,2022,10,178.2,192.2696703296703,160.8,188.64590887810203,168.9908867460322,167.8448666666667,169.70315851556535,173.9198000000007,166.2602000000003,165.9029534323957,173.57841142857188,165.77046666666726,167.8448666666667,-10.355133333333299
19111,corn,2022,11,178.2,192.2696703296703,160.8,188.65814046039097,197.7570639177487,194.64339999999976,169.70315851556535,173.9198000000007,166.2602000000003,168.86291798583332,173.30412000000044,166.11460000000056,194.64339999999976,16.44339999999977
19111,corn,2022,12,178.2,192.2696703296703,160.8,188.54981360736946,188.21698985625486,187.58590000000007,169.70315851556535,173.9198000000007,166.2602000000003,175.33465261345776,174.0692733333338,166.43756666666712,187.58590000000007,9.385900000000078
19113,corn,2022,1,215.0,192.2696703296703,192.2696703296703,198.5826181865844,194.222639033189,196.77816666666664,199.92229304528573,179.8438892950472,187.23163333333395,201.0737755468997,182.34446714285804,189.2437666666672,196.77816666666664,-18.221833333333365
19113,corn,2022,2,215.0,192.2696703296703,192.2696703296703,190.4779117326442,187.3520915079365,176.1954666666668,199.92229304528573,179.8438892950472,187.23163333333395,190.45525150086073,180.69836857142954,188.25703333333388,176.1954666666668,-38.80453333333321
19113,corn,2022,3,215.0,192.2696703296703,192.2696703296703,195.51764522846952,197.41539666666674,194.52476666666686,199.92229304528573,179.8438892950472,187.23163333333395,198.31344768953878,181.44938976190565,188.8672333333338,194.52476666666686,-20.475233333333136
19113,corn,2022,4,215.0,192.2696703296703,192.2696703296703,202.90948096037002,205.48759658730157,203.8809333333334,199.92229304528573,179.8438892950472,187.23163333333395,208.15412107711873,181.42942547619137,188.75473333333383,203.8809333333334,-11.119066666666612
19113,corn,2022,5,215.0,192.2696703296703,192.2696703296703,195.11140285069632,194.95341587301593,191.79266666666666,199.92229304528573,179.8438892950472,187.23163333333395,198.5461555119905,180.65080333333432,188.94290000000063,191.79266666666666,-23.207333333333338
19113,corn,2022,6,215.0,192.2696703296703,192.2696703296703,188.2951829594036,189.54839801587306,191.04443333333347,199.92229304528573,179.8438892950472,187.23163333333395,192.5022192700066,180.35755500000096,187.84240000000062,191.04443333333347,-23.955566666666527
19113,corn,2022,7,215.0,192.2696703296703,192.2696703296703,192.76618828107323,203.34358047619054,200.50266666666673,199.92229304528573,179.8438892950472,187.23163333333395,196.32994966460234,181.6172066666676,188.77486666666732,200.50266666666673,-14.497333333333273
19113,corn,2022,8,215.0,192.2696703296703,192.2696703296703,199.38643343598144,206.1075175396825,207.50693333333345,199.92229304528573,179.8438892950472,187.23163333333395,201.09512591178725,180.8758019047629,188.76320000000072,207.50693333333345,-7.49306666666655
19113,corn,2022,9,215.0,192.2696703296703,192.2696703296703,194.64825583290823,203.94641609668108,204.21890000000002,199.92229304528573,179.8438892950472,187.23163333333395,197.29748422242398,182.285787142858,188.92146666666724,204.21890000000002,-10.78109999999998
19113,corn,2022,10,215.0,192.2696703296703,192.2696703296703,185.136337592202,169.7436292063492,177.0762999999999,199.92229304528573,179.8438892950472,187.23163333333395,184.77507296676595,172.11397571428657,186.97323333333395,177.0762999999999,-37.92370000000011
19113,corn,2022,11,215.0,192.2696703296703,192.2696703296703,185.5683868832933,187.99914523809525,191.35349999999985,199.92229304528573,179.8438892950472,187.23163333333395,191.05088405368846,180.75430979798082,188.94410000000062,191.35349999999985,-23.646500000000145
19113,corn,2022,12,215.0,192.2696703296703,192.2696703296703,199.3607650818874,195.37131297258304,191.8519000000001,199.92229304528573,179.8438892950472,187.23163333333395,205.1302705006166,181.7082438095248,188.97376666666716,191.8519000000001,-23.148099999999914
19115,corn,2022,1,196.3,192.2696703296703,190.4,190.63928610710843,193.45153150793635,196.18856666666633,177.11367942403126,172.6993999999998,170.77579999999986,177.12704847089245,172.69079999999983,171.26749999999984,196.18856666666633,-0.11143333333367877
19115,corn,2022,2,196.3,192.2696703296703,190.4,190.1714723420832,195.87752404761903,196.19356666666695,177.11367942403126,172.6993999999998,170.77579999999986,171.18093480978294,172.93099999999984,171.11473333333313,196.19356666666695,-0.10643333333305804
19115,corn,2022,3,196.3,192.2696703296703,190.4,193.59820073612113,199.25001579365102,198.80623333333332,177.11367942403126,172.6993999999998,170.77579999999986,177.52238720509104,172.73109999999994,170.7961666666665,198.80623333333332,2.506233333333313
19115,corn,2022,4,196.3,192.2696703296703,190.4,197.89457590456533,200.34931317460334,200.91896666666685,177.11367942403126,172.6993999999998,170.77579999999986,180.85399141582582,172.90391999999994,171.03743333333315,200.91896666666685,4.618966666666836
19115,corn,2022,5,196.3,192.2696703296703,190.4,187.7548436720775,189.98424854978396,188.8369333333332,177.11367942403126,172.6993999999998,170.77579999999986,176.1491350680629,172.86989999999997,170.70383333333328,188.8369333333332,-7.463066666666805
19115,corn,2022,6,196.3,192.2696703296703,190.4,186.74858142201785,188.8900386507936,187.33449999999985,177.11367942403126,172.6993999999998,170.77579999999986,171.93222832575154,172.93598333333316,170.16236666666651,187.33449999999985,-8.965500000000162
19115,corn,2022,7,196.3,192.2696703296703,190.4,190.31394241472643,193.89754832611862,195.2062333333331,177.11367942403126,172.6993999999998,170.77579999999986,178.16676560037794,172.84699999999984,170.83976666666655,195.2062333333331,-1.0937666666669088
19115,corn,2022,8,196.3,192.2696703296703,190.4,196.49223501735045,197.95247849206348,196.04113333333348,177.11367942403126,172.6993999999998,170.77579999999986,180.68647113010857,172.9655999999998,170.98276666666658,196.04113333333348,-0.2588666666665347
19115,corn,2022,9,196.3,192.2696703296703,190.4,189.27009494031714,194.99553301587298,194.26989999999978,177.11367942403126,172.6993999999998,170.77579999999986,176.2533567595701,172.7164599999999,170.80156666666653,194.26989999999978,-2.030100000000232
19115,corn,2022,10,196.3,192.2696703296703,190.4,186.52589658125981,159.8080073015874,167.46879999999985,177.11367942403126,172.6993999999998,170.77579999999986,169.2770791204805,172.4246099999999,169.61666666666648,167.46879999999985,-28.831200000000166
19115,corn,2022,11,196.3,192.2696703296703,190.4,187.8024350392471,187.12711698412693,184.01003333333333,177.11367942403126,172.6993999999998,170.77579999999986,175.5425695886345,172.86869999999996,171.0146333333333,184.01003333333333,-12.289966666666686
19115,corn,2022,12,196.3,192.2696703296703,190.4,187.62061787056734,188.08846862914865,189.56436666666664,177.11367942403126,172.6993999999998,170.77579999999986,180.53199129704376,172.75441666666657,171.73853333333327,189.56436666666664,-6.735633333333368
19117,corn,2022,1,139.5,192.2696703296703,166.9,180.080010827649,186.54701341269848,178.99493333333334,153.5394701070921,175.60220000000055,175.2812000000002,147.50010549231413,177.41117047619088,174.52430000000032,178.99493333333334,39.494933333333336
19117,corn,2022,2,139.5,192.2696703296703,166.9,181.26411428041888,189.47439063492055,184.74220000000005,153.5394701070921,175.60220000000055,175.2812000000002,144.98116586702668,177.6486300000004,173.50273333333354,184.74220000000005,45.242200000000054
19117,corn,2022,3,139.5,192.2696703296703,166.9,189.22045446523123,190.45733142857154,194.51203333333325,153.5394701070921,175.60220000000055,175.2812000000002,153.84307210506734,177.59034047619085,172.08283333333355,194.51203333333325,55.01203333333325
19117,corn,2022,4,139.5,192.2696703296703,166.9,190.2025920911895,198.48763214285717,196.2035000000001,153.5394701070921,175.60220000000055,175.2812000000002,157.07003209583223,177.49468047619084,172.31796666666688,196.2035000000001,56.703500000000105
19117,corn,2022,5,139.5,192.2696703296703,166.9,172.96572015320447,169.45689571428576,168.59679999999997,153.5394701070921,175.60220000000055,175.2812000000002,146.24679391744678,177.3880000000004,173.90943333333365,168.59679999999997,29.096799999999973
19117,corn,2022,6,139.5,192.2696703296703,166.9,177.89431010853207,172.63966023809505,167.4117333333335,153.5394701070921,175.60220000000055,175.2812000000002,151.01025757429255,177.64217333333374,175.6274000000003,167.4117333333335,27.9117333333335
19117,corn,2022,7,139.5,192.2696703296703,166.9,184.97475686856177,176.17049757575768,176.03356666666662,153.5394701070921,175.60220000000055,175.2812000000002,153.73314191611226,177.40312666666708,175.1700333333336,176.03356666666662,36.533566666666616
19117,corn,2022,8,139.5,192.2696703296703,166.9,179.15270379543065,175.12120616161624,169.8348333333333,153.5394701070921,175.60220000000055,175.2812000000002,151.25691303346997,177.65310666666707,175.34786666666702,169.8348333333333,30.334833333333307
19117,corn,2022,9,139.5,192.2696703296703,166.9,181.8601737973223,170.57448920634914,168.84049999999996,153.5394701070921,175.60220000000055,175.2812000000002,151.7525609120354,177.55828000000042,176.25416666666703,168.84049999999996,29.340499999999963
19117,corn,2022,10,139.5,192.2696703296703,166.9,178.00189471874904,158.45620253968283,161.4064333333334,153.5394701070921,175.60220000000055,175.2812000000002,142.23983327966687,177.59460666666706,175.56633333333363,161.4064333333334,21.90643333333341
19117,corn,2022,11,139.5,192.2696703296703,166.9,174.12136324941943,172.74989307359286,173.73833333333317,153.5394701070921,175.60220000000055,175.2812000000002,144.19902339457246,177.6235166666671,173.75300000000027,173.73833333333317,34.23833333333317
19117,corn,2022,12,139.5,192.2696703296703,166.9,183.5582504060638,173.0423590476191,170.3045333333333,153.5394701070921,175.60220000000055,175.2812000000002,157.4573965109395,177.68720000000042,176.11913333333368,170.3045333333333,30.804533333333296
19119,corn,2022,1,190.8,192.2696703296703,217.4,197.9753958872487,202.86076793650793,201.56046666666631,188.82998066486223,170.9564214285706,185.53076666666635,187.99875727714303,170.12997920634848,185.02399999999952,201.56046666666631,10.760466666666304
19119,corn,2022,2,190.8,192.2696703296703,217.4,195.59094056678862,194.8645964285715,193.02376666666643,188.82998066486223,170.9564214285706,185.53076666666635,184.46429016243718,169.59196999999926,184.7803333333329,193.02376666666643,2.223766666666421
19119,corn,2022,3,190.8,192.2696703296703,217.4,199.3838759779506,190.75077513708516,200.79733333333326,188.82998066486223,170.9564214285706,185.53076666666635,190.2280693150204,169.971675714285,185.3067999999995,200.79733333333326,9.997333333333245
19119,corn,2022,4,190.8,192.2696703296703,217.4,204.34068005367763,184.31944072649577,192.02896666666663,188.82998066486223,170.9564214285706,185.53076666666635,195.73544307474725,169.91188071428505,184.83066666666616,192.02896666666663,1.2289666666666221
19119,corn,2022,5,190.8,192.2696703296703,217.4,207.50172697968236,194.57338895382406,196.19496666666646,188.82998066486223,170.9564214285706,185.53076666666635,197.2170627891268,169.99040999999934,184.78929999999957,196.19496666666646,5.394966666666448
19119,corn,2022,6,190.8,192.2696703296703,217.4,207.1279651830929,207.1767274603175,209.04076666666685,188.82998066486223,170.9564214285706,185.53076666666635,192.45700902800752,170.147016666666,184.89123333333296,209.04076666666685,18.240766666666843
19119,corn,2022,7,190.8,192.2696703296703,217.4,199.48569302739483,200.53526793650775,200.44319999999993,188.82998066486223,170.9564214285706,185.53076666666635,190.59070710359074,169.94699714285647,185.47819999999965,200.44319999999993,9.643199999999922
19119,corn,2022,8,190.8,192.2696703296703,217.4,196.81880475401803,192.75022138528152,193.93676666666673,188.82998066486223,170.9564214285706,185.53076666666635,191.65384173289098,169.76365666666595,185.34666666666627,193.93676666666673,3.136766666666716
19119,corn,2022,9,190.8,192.2696703296703,217.4,197.35112651434287,197.81331523088016,197.9409666666667,188.82998066486223,170.9564214285706,185.53076666666635,188.72661727230687,169.6708030952374,184.86829999999955,197.9409666666667,7.140966666666685
19119,corn,2022,10,190.8,192.2696703296703,217.4,183.8444966065877,174.95575563492073,183.32230000000007,188.82998066486223,170.9564214285706,185.53076666666635,173.8589550837808,168.5371152380946,183.54469999999952,183.32230000000007,-7.477699999999942
19119,corn,2022,11,190.8,192.2696703296703,217.4,198.59414181739228,200.77585301587303,202.74230000000003,188.82998066486223,170.9564214285706,185.53076666666635,186.41153793795903,170.30695682539613,185.9812333333329,202.74230000000003,11.942300000000017
19119,corn,2022,12,190.8,192.2696703296703,217.4,214.57229312904875,197.0978622222222,199.71256666666685,188.82998066486223,170.9564214285706,185.53076666666635,204.12973169633355,170.00104999999934,185.22306666666628,199.71256666666685,8.912566666666834
19121,corn,2022,1,166.9,192.2696703296703,196.7,184.58764174485452,194.43434472582962,195.05129999999974,177.71649538740292,150.5651999999992,160.6583999999995,172.64087028970815,150.74213333333248,163.65013333333297,195.05129999999974,28.151299999999736
19121,corn,2022,2,166.9,192.2696703296703,196.7,185.72530452748111,190.7326138888889,187.56219999999996,177.71649538740292,150.5651999999992,160.6583999999995,168.29110858092267,150.75199999999916,162.78529999999972,187.56219999999996,20.662199999999956
19121,corn,2022,3,166.9,192.2696703296703,196.7,193.99694562443466,198.1828398412698,198.00989999999993,177.71649538740292,150.5651999999992,160.6583999999995,177.63703022775428,150.59679999999918,162.354833333333,198.00989999999993,31.109899999999925
19121,corn,2022,4,166.9,192.2696703296703,196.7,191.14778717280308,199.06131357142868,190.09326666666666,177.71649538740292,150.5651999999992,160.6583999999995,182.47266817382942,150.65319999999915,162.3318999999996,190.09326666666666,23.19326666666666
19121,corn,2022,5,166.9,192.2696703296703,196.7,181.5322057830725,181.76276883116876,180.12550000000007,177.71649538740292,150.5651999999992,160.6583999999995,173.29694654310163,150.78774999999916,162.51856666666623,180.12550000000007,13.225500000000068
19121,corn,2022,6,166.9,192.2696703296703,196.7,190.44976000966477,188.79917944444452,185.28253333333333,177.71649538740292,150.5651999999992,160.6583999999995,177.34033386891724,150.64660888888807,162.72879999999964,185.28253333333333,18.382533333333328
19121,corn,2022,7,166.9,192.2696703296703,196.7,182.38580880943746,179.532541031746,172.96993333333333,177.71649538740292,150.5651999999992,160.6583999999995,169.81249189926766,150.81283333333246,163.01109999999963,172.96993333333333,6.069933333333324
19121,corn,2022,8,166.9,192.2696703296703,196.7,185.67784676312746,187.5512071428573,179.32553333333345,177.71649538740292,150.5651999999992,160.6583999999995,172.86256040459477,150.75513333333248,162.56276666666628,179.32553333333345,12.425533333333448
19121,corn,2022,9,166.9,192.2696703296703,196.7,186.33206501386903,196.7113327705625,202.08316666666653,177.71649538740292,150.5651999999992,160.6583999999995,174.78957984102496,150.63473333333246,162.92449999999963,202.08316666666653,35.18316666666652
19121,corn,2022,10,166.9,192.2696703296703,196.7,183.7795036798136,159.30790357142888,166.68740000000003,177.71649538740292,150.5651999999992,160.6583999999995,163.2136228585458,150.73839999999916,162.7848666666663,166.68740000000003,-0.21259999999998058
19121,corn,2022,11,166.9,192.2696703296703,196.7,181.53960882532053,175.86283230158722,177.00243333333339,177.71649538740292,150.5651999999992,160.6583999999995,169.5296805630476,150.93949999999916,163.27353333333298,177.00243333333339,10.10243333333338
19121,corn,2022,12,166.9,192.2696703296703,196.7,186.85089706767792,179.06595047619044,182.27279999999985,177.71649538740292,150.5651999999992,160.6583999999995,179.77538539523698,150.73986666666582,163.48119999999966,182.27279999999985,15.372799999999842
19123,corn,2022,1,186.3,192.2696703296703,201.4,193.3294021397856,197.94360930735928,199.1940666666666,181.11194100679506,165.8537999999988,178.0060999999992,180.1240432153047,166.43113666666537,178.14479999999932,199.1940666666666,12.894066666666589
19123,corn,2022,2,186.3,192.2696703296703,201.4,187.36845554980513,189.72217920634924,183.0401666666667,181.11194100679506,165.8537999999988,178.0060999999992,171.76314836517062,166.39683333333207,178.37269999999938,183.0401666666667,-3.2598333333333187
19123,corn,2022,3,186.3,192.2696703296703,201.4,192.65269673932463,196.29024777777758,198.97583333333344,181.11194100679506,165.8537999999988,178.0060999999992,174.446790578366,166.3808266666654,177.70233333333255,198.97583333333344,12.67583333333343
19123,corn,2022,4,186.3,192.2696703296703,201.4,197.52761307651306,196.23386357142854,196.68316666666692,181.11194100679506,165.8537999999988,178.0060999999992,179.8184983450257,166.44747333333206,177.78439999999924,196.68316666666692,10.38316666666691
19123,corn,2022,5,186.3,192.2696703296703,201.4,187.67023550868717,181.5083624603173,186.37453333333343,181.11194100679506,165.8537999999988,178.0060999999992,177.71523963698746,166.38217476190349,178.18289999999936,186.37453333333343,0.07453333333342016
19123,corn,2022,6,186.3,192.2696703296703,201.4,188.08617045621264,194.22166698412715,195.00783333333322,181.11194100679506,165.8537999999988,178.0060999999992,174.41684786218673,166.22376666666537,177.28473333333264,195.00783333333322,8.707833333333213
19123,corn,2022,7,186.3,192.2696703296703,201.4,183.31111924888978,184.33636412698414,191.4025666666667,181.11194100679506,165.8537999999988,178.0060999999992,175.06641241732268,166.36084666666537,177.60176666666595,191.4025666666667,5.102566666666689
19123,corn,2022,8,186.3,192.2696703296703,201.4,194.81630424397312,201.44869138528136,203.05813333333347,181.11194100679506,165.8537999999988,178.0060999999992,182.0390871059278,166.32803333333206,178.52273333333264,203.05813333333347,16.75813333333346
19123,corn,2022,9,186.3,192.2696703296703,201.4,193.0331185128222,197.50975825396813,199.56260000000003,181.11194100679506,165.8537999999988,178.0060999999992,181.2292086154759,166.37453333333204,178.15649999999934,199.56260000000003,13.26260000000002
19123,corn,2022,10,186.3,192.2696703296703,201.4,184.4542207645311,167.91446341269852,171.15736666666675,181.11194100679506,165.8537999999988,178.0060999999992,168.52156294361353,166.1363999999987,177.11463333333265,171.15736666666675,-15.142633333333265
19123,corn,2022,11,186.3,192.2696703296703,201.4,188.91235703818023,185.56276301587292,185.31893333333323,181.11194100679506,165.8537999999988,178.0060999999992,175.62848352597985,166.30004333333204,178.38839999999936,185.31893333333323,-0.9810666666667771
19123,corn,2022,12,186.3,192.2696703296703,201.4,196.70781919608717,192.408845079365,194.13433333333313,181.11194100679506,165.8537999999988,178.0060999999992,186.4245340428172,166.4240499999987,179.06633333333266,194.13433333333313,7.83433333333312
19125,corn,2022,1,175.2,192.2696703296703,200.0,188.74359227048092,194.1719769841269,193.0351666666666,184.75812938973627,163.41459999999924,174.39613333333315,180.116910251658,163.26523333333262,171.89709999999994,193.0351666666666,17.835166666666623
19125,corn,2022,2,175.2,192.2696703296703,200.0,185.18069583072284,187.8600975396826,180.1882999999999,184.75812938973627,163.41459999999924,174.39613333333315,172.80247758946805,163.0851799999993,172.10079999999996,180.1882999999999,4.988299999999924
19125,corn,2022,3,175.2,192.2696703296703,200.0,193.8563871344084,193.34469825396823,199.96596666666684,184.75812938973627,163.41459999999924,174.39613333333315,177.3779178684526,163.08061333333262,171.09553333333324,199.96596666666684,24.765966666666856
19125,corn,2022,4,175.2,192.2696703296703,200.0,194.36021208594588,194.17964186868707,198.2485666666668,184.75812938973627,163.41459999999924,174.39613333333315,183.2414620604708,163.11928333333262,172.40546666666674,198.2485666666668,23.0485666666668
19125,corn,2022,5,175.2,192.2696703296703,200.0,182.4295121328338,179.0988869047619,178.56376666666685,184.75812938973627,163.41459999999924,174.39613333333315,177.67559036728017,163.43789999999927,171.89566666666653,178.56376666666685,3.363766666666862
19125,corn,2022,6,175.2,192.2696703296703,200.0,185.20547934097706,188.69548523809542,187.7663333333333,184.75812938973627,163.41459999999924,174.39613333333315,177.00128523353126,162.99916896103824,170.9257333333332,187.7663333333333,12.566333333333318
19125,corn,2022,7,175.2,192.2696703296703,200.0,179.61611399037722,179.53556214285712,181.09876666666673,184.75812938973627,163.41459999999924,174.39613333333315,175.2251695306809,163.5853022943716,172.08953333333315,181.09876666666673,5.898766666666745
19125,corn,2022,8,175.2,192.2696703296703,200.0,186.92195622208936,183.40773293650795,181.23680000000024,184.75812938973627,163.41459999999924,174.39613333333315,179.48524523911485,163.3928356277049,171.9085666666666,181.23680000000024,6.036800000000255
19125,corn,2022,9,175.2,192.2696703296703,200.0,184.28142374517205,188.25600738095233,188.6493666666666,184.75812938973627,163.41459999999924,174.39613333333315,177.1493582674725,163.13073333333256,172.1406333333332,188.6493666666666,13.449366666666606
19125,corn,2022,10,175.2,192.2696703296703,200.0,181.68098733138135,165.32071873015886,161.8278,184.75812938973627,163.41459999999924,174.39613333333315,168.9215056610875,162.3393109523803,169.79353333333322,161.8278,-13.372199999999992
19125,corn,2022,11,175.2,192.2696703296703,200.0,180.22217822666607,179.0440823015874,180.99019999999985,184.75812938973627,163.41459999999924,174.39613333333315,172.97611531741669,163.2782166666659,172.54896666666667,180.99019999999985,5.790199999999857
19125,corn,2022,12,175.2,192.2696703296703,200.0,194.0017668078885,187.6398165079364,190.26450000000003,184.75812938973627,163.41459999999924,174.39613333333315,190.02780535049598,163.09384999999924,172.33796666666657,190.26450000000003,15.064500000000038
19127,corn,2022,1,214.1,192.2696703296703,212.8,196.70509975305194,196.06354611111107,197.8915666666667,195.1522254052007,191.26895833333404,188.05820000000023,192.6128379871085,191.24783666666752,186.21263333333349,197.8915666666667,-16.20843333333329
19127,corn,2022,2,214.1,192.2696703296703,212.8,190.23474757391818,185.4289928571429,179.23040000000017,195.1522254052007,191.26895833333404,188.05820000000023,181.91527466352312,191.22994166666754,184.43416666666687,179.23040000000017,-34.86959999999982
19127,corn,2022,3,214.1,192.2696703296703,212.8,197.3678679581453,198.3418864285713,197.6340666666668,195.1522254052007,191.26895833333404,188.05820000000023,187.0169558492754,191.3538392857152,184.66156666666686,197.6340666666668,-16.465933333333197
19127,corn,2022,4,214.1,192.2696703296703,212.8,204.48112491816596,204.21424880952372,203.8707666666666,195.1522254052007,191.26895833333404,188.05820000000023,198.9085357717592,191.83993428571515,185.21630000000027,203.8707666666666,-10.229233333333383
19127,corn,2022,5,214.1,192.2696703296703,212.8,202.18880272001007,200.57996992063497,200.4016333333334,195.1522254052007,191.26895833333404,188.05820000000023,196.81719389957237,191.5170833333342,185.94413333333353,200.4016333333334,-13.698366666666601
19127,corn,2022,6,214.1,192.2696703296703,212.8,193.1910969336436,198.3801544444445,199.41209999999984,195.1522254052007,191.26895833333404,188.05820000000023,187.26679220329245,191.08250333333413,186.36043333333356,199.41209999999984,-14.687900000000155
19127,corn,2022,7,214.1,192.2696703296703,212.8,190.26976782482902,200.3425176984127,201.1995333333333,195.1522254052007,191.26895833333404,188.05820000000023,187.24980177483076,191.09259333333424,186.58500000000018,201.1995333333333,-12.900466666666688
19127,corn,2022,8,214.1,192.2696703296703,212.8,194.64358302519108,201.58849654401172,202.6720666666669,195.1522254052007,191.26895833333404,188.05820000000023,191.85421245579113,191.4154466666675,186.4667000000002,202.6720666666669,-11.427933333333101
19127,corn,2022,9,214.1,192.2696703296703,212.8,193.9352579447551,204.71433055555568,207.13813333333334,195.1522254052007,191.26895833333404,188.05820000000023,190.8682077990201,191.17807000000084,186.17133333333348,207.13813333333334,-6.961866666666651
19127,corn,2022,10,214.1,192.2696703296703,212.8,185.48409964866224,174.8740664285715,173.7884666666666,195.1522254052007,191.26895833333404,188.05820000000023,177.53340156398522,191.14757809523894,184.8434666666668,173.7884666666666,-40.31153333333339
19127,corn,2022,11,214.1,192.2696703296703,212.8,193.8587766702618,190.74112230158715,189.69213333333335,195.1522254052007,191.26895833333404,188.05820000000023,187.30289886469302,191.51650666666748,185.64771666666687,189.69213333333335,-24.40786666666665
19127,corn,2022,12,214.1,192.2696703296703,212.8,202.95529706946917,199.35544571428565,199.6581000000001,195.1522254052007,191.26895833333404,188.05820000000023,198.990871737681,191.55893000000086,185.68910000000025,199.6581000000001,-14.44189999999989
19129,corn,2022,1,191.1,192.2696703296703,210.8,188.08346498992194,188.80751134920635,194.76239999999993,185.65293209937352,186.69339999999963,185.92526666666672,179.3101032294153,187.39803285714245,185.7710000000001,194.76239999999993,3.662399999999934
19129,corn,2022,2,191.1,192.2696703296703,210.8,186.82170347662807,194.6605315079365,191.63799999999992,185.65293209937352,186.69339999999963,185.92526666666672,172.68617408399982,185.8409985714282,184.39533333333338,191.63799999999992,0.5379999999999256
19129,corn,2022,3,191.1,192.2696703296703,210.8,190.82751966138227,190.64290239538235,196.4897666666666,185.65293209937352,186.69339999999963,185.92526666666672,178.60070127362582,183.1835268253965,185.36486666666664,196.4897666666666,5.389766666666617
19129,corn,2022,4,191.1,192.2696703296703,210.8,196.3822563579517,183.13014309523788,188.5322,185.65293209937352,186.69339999999963,185.92526666666672,186.85481063296604,187.7197539682536,186.82436666666672,188.5322,-2.5678000000000054
19129,corn,2022,5,191.1,192.2696703296703,210.8,194.85208676491808,194.54565801587296,193.4242333333335,185.65293209937352,186.69339999999963,185.92526666666672,186.16452443315924,188.45815523809478,186.0297333333333,193.4242333333335,2.3242333333334955
19129,corn,2022,6,191.1,192.2696703296703,210.8,188.71429309376379,196.3295834920633,196.24596666666642,185.65293209937352,186.69339999999963,185.92526666666672,178.12638250052925,187.64064714285675,184.2096333333334,196.24596666666642,5.145966666666425
19129,corn,2022,7,191.1,192.2696703296703,210.8,189.9032593274076,183.28855909812398,185.51326666666685,185.65293209937352,186.69339999999963,185.92526666666672,181.65889211846647,188.54238111111076,185.76916666666665,185.51326666666685,-5.586733333333143
19129,corn,2022,8,191.1,192.2696703296703,210.8,187.2097678206032,190.66495888888878,186.77390000000022,185.65293209937352,186.69339999999963,185.92526666666672,178.1021523087059,187.63353571428533,185.21113333333335,186.77390000000022,-4.326099999999769
19129,corn,2022,9,191.1,192.2696703296703,210.8,184.1625929903855,194.94157182539678,194.9111666666668,185.65293209937352,186.69339999999963,185.92526666666672,175.11033647690334,186.3168495238092,185.13220000000004,194.9111666666668,3.811166666666793
19129,corn,2022,10,191.1,192.2696703296703,210.8,179.40483538251954,172.22928777777798,177.49746666666667,185.65293209937352,186.69339999999963,185.92526666666672,167.27689587973003,181.36950642857119,182.34876666666668,177.49746666666667,-13.602533333333326
19129,corn,2022,11,191.1,192.2696703296703,210.8,183.22876934318606,184.87232769841276,186.9230333333332,185.65293209937352,186.69339999999963,185.92526666666672,170.91844044879196,187.26029428571394,184.8187999999999,186.9230333333332,-4.1769666666668
19129,corn,2022,12,191.1,192.2696703296703,210.8,193.88631277563954,189.04423817460338,187.1353666666665,185.65293209937352,186.69339999999963,185.92526666666672,185.05387135353166,183.65775825396798,185.31949999999998,187.1353666666665,-3.964633333333495
19131,corn,2022,1,217.9,192.2696703296703,204.1,198.0213326170432,184.85088222222205,186.49833333333322,185.7212875617336,167.56879999999958,177.40220000000022,188.2668878504497,167.69489999999965,176.37589999999992,186.49833333333322,-31.401666666666785
19131,corn,2022,2,217.9,192.2696703296703,204.1,189.99477108264813,183.93574214285707,181.18706666666648,185.7212875617336,167.56879999999958,177.40220000000022,178.11627169710206,167.66379999999964,176.79516666666663,181.18706666666648,-36.712933333333524
19131,corn,2022,3,217.9,192.2696703296703,204.1,190.31125173021155,194.81790317460334,195.31493333333339,185.7212875617336,167.56879999999958,177.40220000000022,177.72234477198006,167.66449999999963,174.57609999999994,195.31493333333339,-22.58506666666662
19131,corn,2022,4,217.9,192.2696703296703,204.1,202.3659408806222,190.88575230158744,193.6876333333334,185.7212875617336,167.56879999999958,177.40220000000022,194.44322168747522,167.50133333333298,177.1555666666668,193.6876333333334,-24.21236666666661
19131,corn,2022,5,217.9,192.2696703296703,204.1,195.6943297029799,188.27461841269835,192.22096666666658,185.7212875617336,167.56879999999958,177.40220000000022,186.63526182171168,167.68153333333296,176.81819999999996,192.22096666666658,-25.67903333333342
19131,corn,2022,6,217.9,192.2696703296703,204.1,198.19630153998324,198.3891473809525,200.5147333333333,185.7212875617336,167.56879999999958,177.40220000000022,184.8154851486433,167.68383333333296,177.88203333333314,200.5147333333333,-17.385266666666695
19131,corn,2022,7,217.9,192.2696703296703,204.1,184.34477247926938,190.1411339682541,194.49003333333326,185.7212875617336,167.56879999999958,177.40220000000022,178.55453028249633,167.74053333333293,176.0023666666666,194.49003333333326,-23.409966666666747
19131,corn,2022,8,217.9,192.2696703296703,204.1,192.31290971508352,196.16192539682547,199.46523333333312,185.7212875617336,167.56879999999958,177.40220000000022,186.94890412643986,167.6311666666663,177.17933333333326,199.46523333333312,-18.43476666666689
19131,corn,2022,9,217.9,192.2696703296703,204.1,190.46617036722526,196.87890563492067,196.30006666666685,185.7212875617336,167.56879999999958,177.40220000000022,183.651242272117,167.7103666666663,176.50426666666658,196.30006666666685,-21.599933333333155
19131,corn,2022,10,217.9,192.2696703296703,204.1,175.7008247259306,175.71381761904775,175.65423333333328,185.7212875617336,167.56879999999958,177.40220000000022,165.4294888858882,167.73973333333296,171.56663333333336,175.65423333333328,-42.245766666666725
19131,corn,2022,11,217.9,192.2696703296703,204.1,189.66505508374573,193.00093714285708,189.10433333333341,185.7212875617336,167.56879999999958,177.40220000000022,180.63521556988408,167.77803333333296,177.0990666666666,189.10433333333341,-28.79566666666659
19131,corn,2022,12,217.9,192.2696703296703,204.1,198.3126313902504,191.50605341269835,193.3670333333332,185.7212875617336,167.56879999999958,177.40220000000022,189.28033045691316,167.72269999999963,176.57993333333332,193.3670333333332,-24.532966666666795
19133,corn,2022,1,168.6,192.2696703296703,199.6,199.97936094611526,197.38386702020213,199.8318666666666,182.5432705282409,187.12059999999948,187.35806666666602,182.8620013418663,188.6716309523803,187.98673333333284,199.8318666666666,31.231866666666605
19133,corn,2022,2,168.6,192.2696703296703,199.6,195.7586347224581,197.55712190476203,197.62253333333337,182.5432705282409,187.12059999999948,187.35806666666602,178.04309144851786,187.69623333333269,186.49239999999952,197.62253333333337,29.02253333333337
19133,corn,2022,3,168.6,192.2696703296703,199.6,201.81777080199123,196.01029624819637,203.6333666666668,182.5432705282409,187.12059999999948,187.35806666666602,187.1637993585781,187.9626133333328,187.4408666666661,203.6333666666668,35.03336666666681
19133,corn,2022,4,168.6,192.2696703296703,199.6,209.98165585205058,203.51924412698438,198.93649999999982,182.5432705282409,187.12059999999948,187.35806666666602,194.62784730403456,187.85652666666607,187.6795666666661,198.93649999999982,30.33649999999983
19133,corn,2022,5,168.6,192.2696703296703,199.6,203.1991649305188,199.20305129870133,199.26426666666651,182.5432705282409,187.12059999999948,187.35806666666602,193.2079915206981,187.89254666666608,187.2993666666661,199.26426666666651,30.66426666666652
19133,corn,2022,6,168.6,192.2696703296703,199.6,199.3551147957527,202.5065502380952,203.00903333333332,182.5432705282409,187.12059999999948,187.35806666666602,184.18682697071452,188.07549666666606,188.13363333333285,203.00903333333332,34.409033333333326
19133,corn,2022,7,168.6,192.2696703296703,199.6,194.52261076256076,191.1734234776332,193.84259999999998,182.5432705282409,187.12059999999948,187.35806666666602,180.4277222163982,188.65507666666596,186.7291666666662,193.84259999999998,25.24259999999998
19133,corn,2022,8,168.6,192.2696703296703,199.6,199.299205027209,193.60765595238104,192.35336666666666,182.5432705282409,187.12059999999948,187.35806666666602,185.76456213519907,188.03600904761845,187.02506666666616,192.35336666666666,23.753366666666665
19133,corn,2022,9,168.6,192.2696703296703,199.6,189.27910970211357,195.9823796031746,193.68663333333345,182.5432705282409,187.12059999999948,187.35806666666602,176.57253252477545,188.13385999999934,184.97369999999975,193.68663333333345,25.086633333333452
19133,corn,2022,10,168.6,192.2696703296703,199.6,176.0636696443772,177.0759247619048,177.64656666666667,182.5432705282409,187.12059999999948,187.35806666666602,162.74753883373413,187.3471923809518,185.53513333333296,177.64656666666667,9.046566666666678
19133,corn,2022,11,168.6,192.2696703296703,199.6,198.12116499701858,190.74283678210682,192.51329999999993,182.5432705282409,187.12059999999948,187.35806666666602,183.48998386731824,188.64833333333272,187.82013333333282,192.51329999999993,23.913299999999936
19133,corn,2022,12,168.6,192.2696703296703,199.6,211.37773113175163,203.5516797186146,202.11379999999994,182.5432705282409,187.12059999999948,187.35806666666602,197.105523248412,188.07131476190415,188.26436666666612,202.11379999999994,33.51379999999995
19135,corn,2022,1,145.4,192.2696703296703,166.3,181.57024357099755,186.49173531746024,179.95733333333325,164.83929217961852,178.63700000000094,172.01540000000034,159.87990379736004,180.38512047619133,171.317766666667,179.95733333333325,34.55733333333325
19135,corn,2022,2,145.4,192.2696703296703,166.3,180.38924605653818,188.9893623809523,184.61780000000007,164.83929217961852,178.63700000000094,172.01540000000034,154.23970328563428,180.5078100000008,171.216066666667,184.61780000000007,39.21780000000007
19135,corn,2022,3,145.4,192.2696703296703,166.3,183.57331135119642,193.54335619047606,193.68423333333322,164.83929217961852,178.63700000000094,172.01540000000034,159.1703387992173,180.677257142858,171.52870000000036,193.68423333333322,48.28423333333322
19135,corn,2022,4,145.4,192.2696703296703,166.3,184.52279511219885,194.11925214285725,196.06670000000014,164.83929217961852,178.63700000000094,172.01540000000034,162.48900527758903,180.67319714285796,171.663366666667,196.06670000000014,50.666700000000134
19135,corn,2022,5,145.4,192.2696703296703,166.3,171.21694080380917,172.29863500000022,169.47146666666652,164.83929217961852,178.63700000000094,172.01540000000034,154.16087766437653,180.05280000000087,171.0004333333337,169.47146666666652,24.07146666666651
19135,corn,2022,6,145.4,192.2696703296703,166.3,181.05551780298993,174.69707761904735,167.51053333333323,164.83929217961852,178.63700000000094,172.01540000000034,160.18045058059892,180.20630000000085,171.86933333333363,167.51053333333323,22.110533333333223
19135,corn,2022,7,145.4,192.2696703296703,166.3,186.16656419648262,178.41766531746038,177.4733666666668,164.83929217961852,178.63700000000094,172.01540000000034,165.5458379498121,180.20908000000088,171.703666666667,177.4733666666668,32.0733666666668
19135,corn,2022,8,145.4,192.2696703296703,166.3,179.12627276994576,172.78609507936525,169.8853999999999,164.83929217961852,178.63700000000094,172.01540000000034,159.94539958752,180.28829333333422,171.6255333333337,169.8853999999999,24.485399999999885
19135,corn,2022,9,145.4,192.2696703296703,166.3,182.59317676454035,175.80922401875887,175.46923333333325,164.83929217961852,178.63700000000094,172.01540000000034,162.70677311920215,180.23843333333423,171.82186666666703,175.46923333333325,30.069233333333244
19135,corn,2022,10,145.4,192.2696703296703,166.3,180.3698857703117,177.07179865079385,170.73706666666672,164.83929217961852,178.63700000000094,172.01540000000034,154.640444797589,180.08113333333418,171.70800000000034,170.73706666666672,25.337066666666715
19135,corn,2022,11,145.4,192.2696703296703,166.3,175.45171503187711,170.34992481962482,170.41513333333336,164.83929217961852,178.63700000000094,172.01540000000034,155.36030337286053,180.17760000000084,169.99676666666713,170.41513333333336,25.015133333333353
19135,corn,2022,12,145.4,192.2696703296703,166.3,180.75729564117523,162.09380341269835,158.02183333333318,164.83929217961852,178.63700000000094,172.01540000000034,165.4289169100816,180.60132777777866,170.00573333333372,158.02183333333318,12.621833333333171
19137,corn,2022,1,187.8,192.2696703296703,206.1,184.4564762693401,192.15271771284253,191.6720833333332,184.76688887913636,189.9925838940143,188.48873333333296,174.43099150449498,188.80401404761835,187.76326666666637,191.6720833333332,3.872083333333194
19137,corn,2022,2,187.8,192.2696703296703,206.1,185.93193958730544,191.7372667460316,190.00850000000005,184.76688887913636,189.9925838940143,188.48873333333296,169.75191341774433,186.17376523809466,186.44776666666658,190.00850000000005,2.2085000000000434
19137,corn,2022,3,187.8,192.2696703296703,206.1,188.67588696283207,193.7736299350651,197.7079999999998,184.76688887913636,189.9925838940143,188.48873333333296,176.60975631675683,186.931375714285,187.1851333333331,197.7079999999998,9.907999999999788
19137,corn,2022,4,187.8,192.2696703296703,206.1,198.98683145800496,179.96541190476185,190.53889999999996,184.76688887913636,189.9925838940143,188.48873333333296,187.60055141087608,189.40711873015806,188.70589999999999,190.53889999999996,2.738899999999944
19137,corn,2022,5,187.8,192.2696703296703,206.1,186.6813133182221,186.87376505771988,185.04183333333324,184.76688887913636,189.9925838940143,188.48873333333296,181.47238070815803,190.10762357142772,188.33946666666657,185.04183333333324,-2.7581666666667672
19137,corn,2022,6,187.8,192.2696703296703,206.1,182.18170390011258,192.27564357142876,195.7466666666666,184.76688887913636,189.9925838940143,188.48873333333296,174.46577513753593,186.68754404761847,186.46289999999993,195.7466666666666,7.9466666666666015
19137,corn,2022,7,187.8,192.2696703296703,206.1,185.7351763833721,187.82793455988465,191.70023333333336,184.76688887913636,189.9925838940143,188.48873333333296,178.57097019920118,189.98713999999933,187.07053333333317,191.70023333333336,3.9002333333333468
19137,corn,2022,8,187.8,192.2696703296703,206.1,186.99706174445635,186.5844282539682,186.38979999999987,184.76688887913636,189.9925838940143,188.48873333333296,177.0161203520441,188.92095476190406,187.9226333333333,186.38979999999987,-1.4102000000001453
19137,corn,2022,9,187.8,192.2696703296703,206.1,184.9395550363628,197.41639298701278,200.8394666666668,184.76688887913636,189.9925838940143,188.48873333333296,177.6493842475535,188.56050666666593,186.59930000000003,200.8394666666668,13.039466666666783
19137,corn,2022,10,187.8,192.2696703296703,206.1,172.59703777254242,161.21783476190487,172.22020000000012,184.76688887913636,189.9925838940143,188.48873333333296,160.91270928585897,180.3335659523804,182.39859999999993,172.22020000000012,-15.579799999999892
19137,corn,2022,11,187.8,192.2696703296703,206.1,181.32547043002074,177.17164055555574,178.99379999999994,184.76688887913636,189.9925838940143,188.48873333333296,169.42282578295504,183.54425190476135,186.3340333333331,178.99379999999994,-8.806200000000075
19137,corn,2022,12,187.8,192.2696703296703,206.1,189.23974253899829,181.6758242857143,186.05863333333338,184.76688887913636,189.9925838940143,188.48873333333296,181.0127168682385,183.78333920634861,186.19583333333316,186.05863333333338,-1.7413666666666359
19139,corn,2022,1,213.1,192.2696703296703,204.9,191.16763485662122,192.94225079365066,196.03649999999996,180.56258980397394,168.59659999999943,163.97879999999944,179.42258586182237,169.48850476190427,164.56173333333277,196.03649999999996,-17.063500000000033
19139,corn,2022,2,213.1,192.2696703296703,204.9,189.29397012924184,193.63672960317467,192.5418333333335,180.56258980397394,168.59659999999943,163.97879999999944,173.63287677490996,168.98814999999948,165.10333333333296,192.5418333333335,-20.558166666666494
19139,corn,2022,3,213.1,192.2696703296703,204.9,193.60336216756346,198.46182285714303,202.02553333333321,180.56258980397394,168.59659999999943,163.97879999999944,177.9180598713897,169.5655690476185,163.95076666666606,202.02553333333321,-11.07446666666678
19139,corn,2022,4,213.1,192.2696703296703,204.9,194.29392228736825,194.85782071428582,197.76880000000023,180.56258980397394,168.59659999999943,163.97879999999944,181.6715190400886,169.3854923809518,165.3824999999995,197.76880000000023,-15.331199999999768
19139,corn,2022,5,213.1,192.2696703296703,204.9,190.45719863933937,190.06175285714303,190.0452999999999,180.56258980397394,168.59659999999943,163.97879999999944,179.38171161967603,169.97382047618993,164.8153999999995,190.0452999999999,-23.054700000000082
19139,corn,2022,6,213.1,192.2696703296703,204.9,188.1409228455147,188.3708496031747,186.8607999999999,180.56258980397394,168.59659999999943,163.97879999999944,175.0683694435305,168.47660333333275,164.8235999999996,186.8607999999999,-26.239200000000096
19139,corn,2022,7,213.1,192.2696703296703,204.9,193.18339215286417,198.66040619047624,196.36859999999993,180.56258980397394,168.59659999999943,163.97879999999944,181.89983865865398,168.9372871428566,165.69813333333295,196.36859999999993,-16.731400000000065
19139,corn,2022,8,213.1,192.2696703296703,204.9,196.94274187434516,202.2972276190477,202.3203666666668,180.56258980397394,168.59659999999943,163.97879999999944,184.30457857243974,169.58109666666613,166.07026666666627,202.3203666666668,-10.77963333333318
19139,corn,2022,9,213.1,192.2696703296703,204.9,192.07628434691293,194.8877373015871,197.7732,180.56258980397394,168.59659999999943,163.97879999999944,180.322203107267,168.8828609523804,165.4884666666663,197.7732,-15.326799999999992
19139,corn,2022,10,213.1,192.2696703296703,204.9,185.43479410443257,164.98882420634934,170.82293333333322,180.56258980397394,168.59659999999943,163.97879999999944,170.90523768659514,164.90633452380902,164.42526666666632,170.82293333333322,-42.27706666666677
19139,corn,2022,11,213.1,192.2696703296703,204.9,186.01825560991728,186.81179373015866,185.05266666666657,180.56258980397394,168.59659999999943,163.97879999999944,177.4699881768825,169.55110404761848,165.13363333333282,185.05266666666657,-28.047333333333427
19139,corn,2022,12,213.1,192.2696703296703,204.9,192.09310656694237,190.7104900577199,189.39406666666648,180.56258980397394,168.59659999999943,163.97879999999944,185.3424345041526,169.23789333333272,164.9549666666661,189.39406666666648,-23.70593333333352
19141,corn,2022,1,201.2,192.2696703296703,214.3,199.04597141817942,197.45282762626275,197.74679999999975,188.35122557335563,175.9190000000003,189.39090000000024,187.54237094467177,176.33208333333357,187.83090000000027,197.74679999999975,-3.453200000000237
19141,corn,2022,2,201.2,192.2696703296703,214.3,189.83497106238238,190.2402980952381,186.08186666666649,188.35122557335563,175.9190000000003,189.39090000000024,179.36714647650086,176.34642476190496,186.62030000000024,186.08186666666649,-15.118133333333503
19141,corn,2022,3,201.2,192.2696703296703,214.3,199.14734543919326,191.13407505772005,198.32899999999998,188.35122557335563,175.9190000000003,189.39090000000024,188.92050622024107,176.37920000000022,186.9449666666669,198.32899999999998,-2.8710000000000093
19141,corn,2022,4,201.2,192.2696703296703,214.3,205.13965305152448,186.41949713342214,192.4728499999999,188.35122557335563,175.9190000000003,189.39090000000024,195.65009646627746,175.99215619047658,188.6227000000003,192.4728499999999,-8.72715000000008
19141,corn,2022,5,201.2,192.2696703296703,214.3,202.78862204250336,189.4440490187589,195.51306666666662,188.35122557335563,175.9190000000003,189.39090000000024,193.06568472926227,175.98502761904803,188.31723333333366,195.51306666666662,-5.686933333333371
19141,corn,2022,6,201.2,192.2696703296703,214.3,206.76778192097416,202.71282491341992,205.50573333333347,188.35122557335563,175.9190000000003,189.39090000000024,190.60566023134504,176.34510000000026,189.10950000000028,205.50573333333347,4.305733333333478
19141,corn,2022,7,201.2,192.2696703296703,214.3,195.2222254689731,198.3956597979799,199.9653000000001,188.35122557335563,175.9190000000003,189.39090000000024,188.07929722043977,175.91872000000043,189.91086666666692,199.9653000000001,-1.23469999999989
19141,corn,2022,8,201.2,192.2696703296703,214.3,198.76864416591863,197.20741825396834,198.39699999999996,188.35122557335563,175.9190000000003,189.39090000000024,192.073133348438,176.37610000000024,189.03353333333362,198.39699999999996,-2.8030000000000257
19141,corn,2022,9,201.2,192.2696703296703,214.3,191.17324502218014,198.34999642135642,199.43446666666682,188.35122557335563,175.9190000000003,189.39090000000024,184.04977321636133,176.26164000000023,187.4878666666669,199.43446666666682,-1.7655333333331669
19141,corn,2022,10,201.2,192.2696703296703,214.3,176.6863817932066,169.565646746032,181.41483333333343,188.35122557335563,175.9190000000003,189.39090000000024,166.51876903000456,176.3589100000002,183.66506666666686,181.41483333333343,-19.785166666666555
19141,corn,2022,11,201.2,192.2696703296703,214.3,203.2269868766901,200.83829404761894,202.17926666666665,188.35122557335563,175.9190000000003,189.39090000000024,187.56625487816598,176.3917500000002,188.29233333333357,202.17926666666665,0.9792666666666605
19141,corn,2022,12,201.2,192.2696703296703,214.3,214.8260626035905,197.04474349206356,197.7943666666668,188.35122557335563,175.9190000000003,189.39090000000024,202.80383613447043,175.79286761904805,188.0305666666671,197.7943666666668,-3.405633333333185
19143,corn,2022,1,197.6,192.2696703296703,209.0,194.21038803168145,192.48757301587307,190.5331000000001,183.95910247102302,173.06617735462635,175.40209999999942,182.9012852199459,172.43655809523733,174.91213333333303,190.5331000000001,-7.06689999999989
19143,corn,2022,2,197.6,192.2696703296703,209.0,188.43563871290155,188.51957380952376,182.8789333333333,183.95910247102302,173.06617735462635,175.40209999999942,176.21439808275653,172.0649316666659,175.1163333333329,182.8789333333333,-14.721066666666701
19143,corn,2022,3,197.6,192.2696703296703,209.0,194.3479911467714,191.39229365079362,198.5046,183.95910247102302,173.06617735462635,175.40209999999942,184.91347856532866,172.42256238095166,174.78993333333295,198.5046,0.9046000000000163
19143,corn,2022,4,197.6,192.2696703296703,209.0,200.0526982441469,188.12778380952378,191.50963333333303,183.95910247102302,173.06617735462635,175.40209999999942,192.28335013952204,172.34216238095163,175.0465999999996,191.50963333333303,-6.0903666666669665
19143,corn,2022,5,197.6,192.2696703296703,209.0,198.8387492776973,194.65363079365088,195.36943333333323,183.95910247102302,173.06617735462635,175.40209999999942,189.48089999714506,172.60362904761826,175.10043333333297,195.36943333333323,-2.2305666666667605
19143,corn,2022,6,197.6,192.2696703296703,209.0,196.10070020034976,200.7842032539684,202.93346666666662,183.95910247102302,173.06617735462635,175.40209999999942,180.8012038924907,172.44743166666592,175.4152999999996,202.93346666666662,5.333466666666624
19143,corn,2022,7,197.6,192.2696703296703,209.0,186.79577566631067,182.15395222222224,190.8012666666669,183.95910247102302,173.06617735462635,175.40209999999942,180.3333116485011,172.2157723809516,175.585433333333,190.8012666666669,-6.798733333333104
19143,corn,2022,8,197.6,192.2696703296703,209.0,195.53362810163162,196.04009333333335,196.50763333333313,183.95910247102302,173.06617735462635,175.40209999999942,187.63394856131882,172.67920333333257,176.37836666666627,196.50763333333313,-1.0923666666668623
19143,corn,2022,9,197.6,192.2696703296703,209.0,180.70475081626716,193.3828068253968,195.03426666666684,183.95910247102302,173.06617735462635,175.40209999999942,174.7254607820489,171.46902428571354,175.5847666666663,195.03426666666684,-2.5657333333331565
19143,corn,2022,10,197.6,192.2696703296703,209.0,168.07755314486147,171.07623476190508,178.6945000000001,183.95910247102302,173.06617735462635,175.40209999999942,157.36672179304495,168.97462357142794,173.8384999999996,178.6945000000001,-18.905499999999904
19143,corn,2022,11,197.6,192.2696703296703,209.0,199.13835860136936,202.93978539682533,203.8301,183.95910247102302,173.06617735462635,175.40209999999942,182.78209852366635,173.18833539682464,176.26953333333296,203.8301,6.230099999999993
19143,corn,2022,12,197.6,192.2696703296703,209.0,208.0640294035945,189.89667190476192,189.4153666666668,183.95910247102302,173.06617735462635,175.40209999999942,195.29396737052681,172.5026976190468,174.19759999999962,189.4153666666668,-8.184633333333181
19145,corn,2022,1,174.5,192.2696703296703,208.1,187.11026235989746,191.98907012986976,196.2238999999997,183.5156879602727,182.337377354626,179.17209999999926,173.85639351675923,181.42334458874336,179.66733333333272,196.2238999999997,21.723899999999702
19145,corn,2022,2,174.5,192.2696703296703,208.1,187.02223788365066,193.50928650793634,192.03813333333332,183.5156879602727,182.337377354626,179.17209999999926,169.79852917861302,181.49448523809411,179.16459999999952,192.03813333333332,17.53813333333332
19145,corn,2022,3,174.5,192.2696703296703,208.1,195.07316274915408,193.1554335497836,200.51776666666674,183.5156879602727,182.337377354626,179.17209999999926,180.66804476213258,182.28771380952261,179.49016666666606,200.51776666666674,26.017766666666745
19145,corn,2022,4,174.5,192.2696703296703,208.1,201.55703205782058,195.2850503174605,195.84626666666657,183.5156879602727,182.337377354626,179.17209999999926,188.3918147833901,182.1373980952369,179.53853333333274,195.84626666666657,21.346266666666565
19145,corn,2022,5,174.5,192.2696703296703,208.1,188.48165883824595,193.48965198412708,193.2935,183.5156879602727,182.337377354626,179.17209999999926,183.46212640926012,182.35318238095124,179.18606666666608,193.2935,18.793499999999995
19145,corn,2022,6,174.5,192.2696703296703,208.1,191.57454107054306,199.2862165873014,198.1578666666664,183.5156879602727,182.337377354626,179.17209999999926,180.95478159942675,182.34204523809413,180.0807666666661,198.1578666666664,23.657866666666393
19145,corn,2022,7,174.5,192.2696703296703,208.1,190.95954754716416,195.32176349206355,198.259,183.5156879602727,182.337377354626,179.17209999999926,181.47396260919987,182.88733333333218,179.4969999999994,198.259,23.758999999999986
19145,corn,2022,8,174.5,192.2696703296703,208.1,192.6053016001783,197.93156538961028,195.01620000000005,183.5156879602727,182.337377354626,179.17209999999926,180.55956779168616,183.24914476190358,179.7375999999993,195.01620000000005,20.516200000000055
19145,corn,2022,9,174.5,192.2696703296703,208.1,185.36174111718324,203.2585599711399,204.92646666666673,183.5156879602727,182.337377354626,179.17209999999926,177.4923012174238,182.9386023809512,179.62813333333276,204.92646666666673,30.426466666666727
19145,corn,2022,10,174.5,192.2696703296703,208.1,179.82439039371644,160.15384761904772,174.49790000000002,183.5156879602727,182.337377354626,179.17209999999926,164.8596943880414,176.72348833333228,177.3437666666661,174.49790000000002,-0.0020999999999844476
19145,corn,2022,11,174.5,192.2696703296703,208.1,181.50056345736863,174.52033182539694,180.91989999999998,183.5156879602727,182.337377354626,179.17209999999926,170.22969319573428,181.96200744588634,179.98509999999948,180.91989999999998,6.419899999999984
19145,corn,2022,12,174.5,192.2696703296703,208.1,189.09219229756494,191.62408587301582,191.4998,183.5156879602727,182.337377354626,179.17209999999926,180.71022781355538,182.78374868686748,180.5358999999994,191.4998,16.999799999999993
19147,corn,2022,1,195.9,192.2696703296703,191.1,192.5322922005438,193.36954341269836,190.54090000000005,179.6562490407841,189.26399999999933,190.87619999999941,179.53777159195414,181.0031799999998,187.015833333333,190.54090000000005,-5.359099999999955
19147,corn,2022,2,195.9,192.2696703296703,191.1,190.32180096655503,188.61477817460312,186.4265666666668,179.6562490407841,189.26399999999933,190.87619999999941,170.4475240738469,178.16752833333317,186.87006666666636,186.4265666666668,-9.473433333333219
19147,corn,2022,3,195.9,192.2696703296703,191.1,192.32530107403835,189.7622812842713,195.79460000000003,179.6562490407841,189.26399999999933,190.87619999999941,178.13619222712802,183.16470182539655,188.17283333333307,195.79460000000003,-0.10539999999997463
19147,corn,2022,4,195.9,192.2696703296703,191.1,207.46084156678145,204.60348912698402,199.9717,179.6562490407841,189.26399999999933,190.87619999999941,194.5077502046777,186.83467785714242,188.2172999999997,199.9717,4.071699999999993
19147,corn,2022,5,195.9,192.2696703296703,191.1,203.5283079672501,192.59357769841262,192.6674999999999,179.6562490407841,189.26399999999933,190.87619999999941,188.8324819115738,185.9920488095236,188.70446666666643,192.6674999999999,-3.232500000000101
19147,corn,2022,6,195.9,192.2696703296703,191.1,200.17609507778354,198.26981658730168,199.34186666666668,179.6562490407841,189.26399999999933,190.87619999999941,181.46859547849527,187.0281081746029,188.9681666666664,199.34186666666668,3.4418666666666695
19147,corn,2022,7,195.9,192.2696703296703,191.1,186.36166423154455,199.56488412698428,198.99366666666674,179.6562490407841,189.26399999999933,190.87619999999941,176.27312555081718,186.5447404761904,187.92316666666648,198.99366666666674,3.093666666666735
19147,corn,2022,8,195.9,192.2696703296703,191.1,198.6536871091046,195.97783884559882,195.80273333333335,179.6562490407841,189.26399999999933,190.87619999999941,183.0323759513097,188.39787285714263,188.7838999999998,195.80273333333335,-0.09726666666665551
19147,corn,2022,9,195.9,192.2696703296703,191.1,192.83053299076948,199.06960095238117,201.4034666666668,179.6562490407841,189.26399999999933,190.87619999999941,179.89833804818096,183.8429751587299,188.57056666666656,201.4034666666668,5.503466666666782
19147,corn,2022,10,195.9,192.2696703296703,191.1,161.78371908125487,167.4793964285716,177.32756666666663,179.6562490407841,189.26399999999933,190.87619999999941,148.7939513482878,169.93123690476168,186.78386666666677,177.32756666666663,-18.57243333333338
19147,corn,2022,11,195.9,192.2696703296703,191.1,198.1081079653841,198.31762190476172,199.70909999999992,179.6562490407841,189.26399999999933,190.87619999999941,179.61999612922335,186.14706476190466,189.90853333333314,199.70909999999992,3.8090999999999156
19147,corn,2022,12,195.9,192.2696703296703,191.1,199.33848216731667,195.1637103968254,195.75266666666656,179.6562490407841,189.26399999999933,190.87619999999941,186.47908466106705,188.3932123015872,189.57186666666652,195.75266666666656,-0.14733333333344945
19149,corn,2022,1,171.8,192.2696703296703,191.7,205.84533363722903,201.02013264069268,203.2053333333333,189.63496187660522,184.2988994568201,186.8709000000007,194.85917180079048,184.9856966666675,187.8462500000008,203.2053333333333,31.40533333333329
19149,corn,2022,2,171.8,192.2696703296703,191.7,198.83983576286835,201.40687388888907,198.0041666666666,189.63496187660522,184.2988994568201,186.8709000000007,186.071688223258,184.15698761904832,186.67290000000077,198.0041666666666,26.204166666666595
19149,corn,2022,3,171.8,192.2696703296703,191.7,213.30790649876877,210.24633282106785,206.56949999999986,189.63496187660522,184.2988994568201,186.8709000000007,201.31825761487312,184.41001666666736,186.50733333333395,206.56949999999986,34.76949999999985
19149,corn,2022,4,171.8,192.2696703296703,191.7,213.01827138564755,197.59796907647876,196.53519999999983,189.63496187660522,184.2988994568201,186.8709000000007,200.78810057328258,183.9108866666674,186.34113333333403,196.53519999999983,24.73519999999982
19149,corn,2022,5,171.8,192.2696703296703,191.7,215.85250243264966,208.45342174603184,202.82119999999986,189.63496187660522,184.2988994568201,186.8709000000007,203.40255887340786,184.47553666666732,186.5328000000007,202.82119999999986,31.02119999999985
19149,corn,2022,6,171.8,192.2696703296703,191.7,216.23578033368673,208.73724746031752,209.28806666666665,189.63496187660522,184.2988994568201,186.8709000000007,200.16343421577474,184.87064333333402,187.03250000000074,209.28806666666665,37.48806666666664
19149,corn,2022,7,171.8,192.2696703296703,191.7,208.53477626730768,200.74704370129848,203.24113333333347,189.63496187660522,184.2988994568201,186.8709000000007,195.94241059780168,185.08535000000072,186.39343333333417,203.24113333333347,31.441133333333454
19149,corn,2022,8,171.8,192.2696703296703,191.7,200.59856237406356,196.7394270634919,196.2075333333335,189.63496187660522,184.2988994568201,186.8709000000007,191.82080927170128,184.69977000000068,186.48736666666733,196.2075333333335,24.407533333333475
19149,corn,2022,9,171.8,192.2696703296703,191.7,197.21712927332584,197.37801317460315,196.04880000000006,189.63496187660522,184.2988994568201,186.8709000000007,187.72738236640666,183.94913380952448,185.12103333333408,196.04880000000006,24.248800000000045
19149,corn,2022,10,171.8,192.2696703296703,191.7,195.9261258663639,177.37994326839842,184.37019999999998,189.63496187660522,184.2988994568201,186.8709000000007,181.81052906919476,182.99977142857202,185.25566666666742,184.37019999999998,12.570199999999971
19149,corn,2022,11,171.8,192.2696703296703,191.7,209.73544735543578,196.89731545454552,198.51299999999986,189.63496187660522,184.2988994568201,186.8709000000007,194.6752863141511,184.9730300000007,187.05536666666728,198.51299999999986,26.71299999999985
19149,corn,2022,12,171.8,192.2696703296703,191.7,221.87534575303766,199.64884333333336,199.15623333333343,189.63496187660522,184.2988994568201,186.8709000000007,209.2658174734131,185.4182342857151,187.50896666666745,199.15623333333343,27.35623333333342
19151,corn,2022,1,198.3,192.2696703296703,214.9,192.96445652987435,194.08393310245313,191.03470000000004,181.8393203557044,197.13139391959754,188.33876666666663,180.57225387459658,196.0326557142859,190.5865333333333,191.03470000000004,-7.265299999999968
19151,corn,2022,2,198.3,192.2696703296703,214.9,188.07027640354048,190.22690412698415,187.99840000000017,181.8393203557044,197.13139391959754,188.33876666666663,170.3483511070214,193.35188261904787,188.62806666666674,187.99840000000017,-10.301599999999837
19151,corn,2022,3,198.3,192.2696703296703,214.9,193.2408327862975,193.26653587301587,197.0485999999997,181.8393203557044,197.13139391959754,188.33876666666663,180.6039386384338,194.5883957142858,190.00783333333337,197.0485999999997,-1.2514000000003023
19151,corn,2022,4,198.3,192.2696703296703,214.9,204.06661767094073,201.2253650000001,198.79986666666667,181.8393203557044,197.13139391959754,188.33876666666663,193.39972325167247,196.94527380952405,191.26156666666657,198.79986666666667,0.49986666666666224
19151,corn,2022,5,198.3,192.2696703296703,214.9,203.54050876449494,199.43061507936514,196.85133333333332,181.8393203557044,197.13139391959754,188.33876666666663,190.0540818331501,197.1314871428574,191.19053333333326,196.85133333333332,-1.4486666666666963
19151,corn,2022,6,198.3,192.2696703296703,214.9,200.40489850874815,198.82307642857134,199.06250000000014,181.8393203557044,197.13139391959754,188.33876666666663,182.844492004988,197.233390952381,191.17416666666668,199.06250000000014,0.7625000000001307
19151,corn,2022,7,198.3,192.2696703296703,214.9,189.16292610389246,199.02361674603188,198.00606666666673,181.8393203557044,197.13139391959754,188.33876666666663,179.09775637650677,196.76583873015883,191.4407666666666,198.00606666666673,-0.2939333333332854
19151,corn,2022,8,198.3,192.2696703296703,214.9,197.0318125604266,198.8804293650794,200.2445333333335,181.8393203557044,197.13139391959754,188.33876666666663,184.43467121845595,197.4168649206351,192.60833333333338,200.2445333333335,1.9445333333334816
19151,corn,2022,9,198.3,192.2696703296703,214.9,193.53804912589518,200.9993607142856,200.2941666666667,181.8393203557044,197.13139391959754,188.33876666666663,181.92140269351694,195.064763809524,190.31820000000002,200.2941666666667,1.9941666666667004
19151,corn,2022,10,198.3,192.2696703296703,214.9,174.5789958077449,178.78064008658004,180.27936666666662,181.8393203557044,197.13139391959754,188.33876666666663,160.5176053265857,194.39639285714304,188.95236666666656,180.27936666666662,-18.020633333333393
19151,corn,2022,11,198.3,192.2696703296703,214.9,201.83770604730302,200.0164102380952,201.0382999999999,181.8393203557044,197.13139391959754,188.33876666666663,183.20027867276605,196.34735238095263,190.8723333333333,201.0382999999999,2.738299999999896
19151,corn,2022,12,198.3,192.2696703296703,214.9,206.50940943492265,194.50580373015893,196.1678666666666,181.8393203557044,197.13139391959754,188.33876666666663,193.94126457897903,196.69683111111135,192.0048,196.1678666666666,-2.1321333333333996
19153,corn,2022,1,188.6,192.2696703296703,218.6,190.89955221899228,196.09906698412718,192.89170000000004,184.88016265361034,175.24940000000018,183.5436,183.62961607810436,175.45785999999995,184.65386666666637,192.89170000000004,4.2917000000000485
19153,corn,2022,2,188.6,192.2696703296703,218.6,188.02709447595043,190.65227992063498,181.57446666666667,184.88016265361034,175.24940000000018,183.5436,174.3131854474022,174.8955954761904,184.55296666666658,181.57446666666667,-7.025533333333328
19153,corn,2022,3,188.6,192.2696703296703,218.6,194.25110889091573,202.4544461904764,201.7905,184.88016265361034,175.24940000000018,183.5436,182.85528955865917,175.06266238095236,185.01666666666654,201.7905,13.190500000000014
19153,corn,2022,4,188.6,192.2696703296703,218.6,200.0124567172218,197.6554892063492,196.2241000000001,184.88016265361034,175.24940000000018,183.5436,192.40873649217525,174.98757904761905,184.87056666666643,196.2241000000001,7.624100000000112
19153,corn,2022,5,188.6,192.2696703296703,218.6,188.15981250677558,188.95939357142856,189.5100666666667,184.88016265361034,175.24940000000018,183.5436,181.44535327871964,175.08558015873018,184.88343333333296,189.5100666666667,0.9100666666666939
19153,corn,2022,6,188.6,192.2696703296703,218.6,188.83485033588752,197.03544952380943,197.3337333333333,184.88016265361034,175.24940000000018,183.5436,180.70749085262148,174.9513357142857,184.52086666666634,197.3337333333333,8.733733333333305
19153,corn,2022,7,188.6,192.2696703296703,218.6,183.13133950403258,180.5369464285714,185.23986666666679,184.88016265361034,175.24940000000018,183.5436,176.60116346983332,175.0735547619047,183.66036666666633,185.23986666666679,-3.3601333333332093
19153,corn,2022,8,188.6,192.2696703296703,218.6,185.51475917715095,188.03400563492065,188.63300000000007,184.88016265361034,175.24940000000018,183.5436,180.0856574859653,175.2259014285715,184.1702999999997,188.63300000000007,0.033000000000072305
19153,corn,2022,9,188.6,192.2696703296703,218.6,189.72092617858937,198.0048264285714,194.28906666666666,184.88016265361034,175.24940000000018,183.5436,181.16401723327093,175.52643476190474,184.1828999999997,194.28906666666666,5.689066666666662
19153,corn,2022,10,188.6,192.2696703296703,218.6,186.55131278039286,161.0165044444446,163.8812333333333,184.88016265361034,175.24940000000018,183.5436,172.17672868903628,169.8875852380953,183.25329999999963,163.8812333333333,-24.71876666666668
19153,corn,2022,11,188.6,192.2696703296703,218.6,185.26619810325693,180.86055574314577,182.72000000000003,184.88016265361034,175.24940000000018,183.5436,175.35936829686756,175.7239756998557,184.1488999999997,182.72000000000003,-5.879999999999967
19153,corn,2022,12,188.6,192.2696703296703,218.6,196.93732210175972,197.86136142857146,196.67936666666682,184.88016265361034,175.24940000000018,183.5436,191.31774019369772,174.97484349206354,184.56599999999972,196.67936666666682,8.079366666666829
19155,corn,2022,1,195.0,192.2696703296703,217.4,202.8411324290431,196.55569474025967,200.35453333333322,187.91188665883936,179.01160000000098,185.22020000000055,190.80169816820134,181.1437919047627,186.15816666666709,200.35453333333322,5.354533333333222
19155,corn,2022,2,195.0,192.2696703296703,217.4,193.73662980856537,198.54520690476198,193.84196666666665,187.91188665883936,179.01160000000098,185.22020000000055,179.80996545973005,180.99396523809588,186.52570000000037,193.84196666666665,-1.15803333333335
19155,corn,2022,3,195.0,192.2696703296703,217.4,206.95770829971195,204.82537769841275,204.10796666666644,187.91188665883936,179.01160000000098,185.22020000000055,196.5454461150311,180.82181714285795,187.16466666666713,204.10796666666644,9.107966666666442
19155,corn,2022,4,195.0,192.2696703296703,217.4,216.4959953800385,208.2743499206349,207.7162666666665,187.91188665883936,179.01160000000098,185.22020000000055,203.69065405952162,180.69575761904838,186.82760000000036,207.7162666666665,12.716266666666513
19155,corn,2022,5,195.0,192.2696703296703,217.4,214.20115767727935,209.7860092063493,205.80796666666689,187.91188665883936,179.01160000000098,185.22020000000055,200.92963270036242,180.85941095238172,187.12806666666708,205.80796666666689,10.807966666666886
19155,corn,2022,6,195.0,192.2696703296703,217.4,201.83346375314918,206.86392160173142,203.03470000000004,187.91188665883936,179.01160000000098,185.22020000000055,187.6245167908161,180.96050095238178,186.14866666666705,203.03470000000004,8.034700000000043
19155,corn,2022,7,195.0,192.2696703296703,217.4,205.48610051904973,198.3595938095238,200.8203000000001,187.91188665883936,179.01160000000098,185.22020000000055,193.43399911777698,181.22309809523887,186.61766666666696,200.8203000000001,5.820300000000088
19155,corn,2022,8,195.0,192.2696703296703,217.4,208.32640399242172,206.64752703463196,206.0613333333332,187.91188665883936,179.01160000000098,185.22020000000055,194.1021984605971,180.97461761904844,186.8392000000004,206.0613333333332,11.06133333333321
19155,corn,2022,9,195.0,192.2696703296703,217.4,194.80671291289133,198.26317357142864,196.7298333333333,187.91188665883936,179.01160000000098,185.22020000000055,185.39720442876856,180.9065733333341,185.8636666666671,196.7298333333333,1.7298333333332891
19155,corn,2022,10,195.0,192.2696703296703,217.4,189.75482042761672,181.78370238095232,181.60776666666672,187.91188665883936,179.01160000000098,185.22020000000055,176.57551929744554,176.8438001587309,185.49863333333363,181.60776666666672,-13.39223333333328
19155,corn,2022,11,195.0,192.2696703296703,217.4,199.64240856690307,195.2105866666666,193.87480000000005,187.91188665883936,179.01160000000098,185.22020000000055,182.43506013615146,178.77366285714376,185.83480000000046,193.87480000000005,-1.1251999999999498
19155,corn,2022,12,195.0,192.2696703296703,217.4,225.53599663357696,201.8547211904765,200.5931,187.91188665883936,179.01160000000098,185.22020000000055,212.3704007002899,180.70500333333413,186.71713333333378,200.5931,5.593099999999993
19157,corn,2022,1,193.3,192.2696703296703,201.9,194.57170280265765,199.09374444444433,197.49239999999986,179.87845206748995,159.8427165252814,176.00580000000008,179.94898042121144,158.91708904761813,175.7991666666667,197.49239999999986,4.19239999999985
19157,corn,2022,2,193.3,192.2696703296703,201.9,188.34632129833616,187.9441329365079,182.6401666666669,179.87845206748995,159.8427165252814,176.00580000000008,171.2273964034482,158.52385047618955,174.96800000000025,182.6401666666669,-10.659833333333125
19157,corn,2022,3,193.3,192.2696703296703,201.9,197.83214709456337,199.7979194444444,199.71426666666673,179.87845206748995,159.8427165252814,176.00580000000008,177.4490278239814,158.20381999999904,175.8356333333334,199.71426666666673,6.41426666666672
19157,corn,2022,4,193.3,192.2696703296703,201.9,201.166460311628,199.34384976190475,198.97093333333345,179.87845206748995,159.8427165252814,176.00580000000008,182.26700309439107,158.39031999999906,175.78133333333335,198.97093333333345,5.670933333333437
19157,corn,2022,5,193.3,192.2696703296703,201.9,197.08402974885777,191.66887658730172,193.40976666666674,179.87845206748995,159.8427165252814,176.00580000000008,183.54719044631673,159.21782476190384,175.83743333333337,193.40976666666674,0.1097666666667294
19157,corn,2022,6,193.3,192.2696703296703,201.9,190.26767865335503,195.45459745310265,198.2415666666666,179.87845206748995,159.8427165252814,176.00580000000008,177.17038622816222,159.58237571428478,175.6229,198.2415666666666,4.941566666666603
19157,corn,2022,7,193.3,192.2696703296703,201.9,188.55421593340552,197.9382207142858,195.8484,179.87845206748995,159.8427165252814,176.00580000000008,175.6520629201205,159.59656999999908,176.23086666666663,195.8484,2.5483999999999867
19157,corn,2022,8,193.3,192.2696703296703,201.9,191.7553556119424,200.84093182539695,196.8145666666667,179.87845206748995,159.8427165252814,176.00580000000008,180.71441062558418,158.54399333333242,175.56993333333338,196.8145666666667,3.5145666666666955
19157,corn,2022,9,193.3,192.2696703296703,201.9,187.49112607891405,197.46309332611833,196.26083333333344,179.87845206748995,159.8427165252814,176.00580000000008,177.68423823877168,158.8479085714277,175.2071666666666,196.26083333333344,2.960833333333426
19157,corn,2022,10,193.3,192.2696703296703,201.9,184.62425302883076,177.7806128571429,178.43793333333318,179.87845206748995,159.8427165252814,176.00580000000008,167.43658870415084,157.24300619047528,175.2033,178.43793333333318,-14.862066666666834
19157,corn,2022,11,193.3,192.2696703296703,201.9,197.1770951815042,193.20297595238088,190.43296666666674,179.87845206748995,159.8427165252814,176.00580000000008,179.2300501731294,159.3709114285705,176.05560000000003,190.43296666666674,-2.867033333333268
19157,corn,2022,12,193.3,192.2696703296703,201.9,203.43654294575276,189.13002619047606,193.18809999999996,179.87845206748995,159.8427165252814,176.00580000000008,190.05180726094954,159.05636999999908,176.4116333333333,193.18809999999996,-0.1119000000000483
19159,corn,2022,1,151.8,192.2696703296703,176.6,179.66398261406093,186.17119817460323,184.45423333333332,158.9226975238047,174.77339999999904,172.64219999999952,154.5289678143927,174.70692619047526,173.29643333333314,184.45423333333332,32.65423333333331
19159,corn,2022,2,151.8,192.2696703296703,176.6,183.40198266113637,191.51751365079326,188.32556666666656,158.9226975238047,174.77339999999904,172.64219999999952,150.6949076811427,175.03703999999905,174.3504333333331,188.32556666666656,36.52556666666655
19159,corn,2022,3,151.8,192.2696703296703,176.6,195.20288244435912,199.6011691847042,198.51,158.9226975238047,174.77339999999904,172.64219999999952,164.83713355390944,174.9987833333324,170.9331999999998,198.51,46.70999999999998
19159,corn,2022,4,151.8,192.2696703296703,176.6,186.57694938100198,196.66656039682533,185.52003333333323,158.9226975238047,174.77339999999904,172.64219999999952,163.59343522747236,174.75081333333242,171.24063333333316,185.52003333333323,33.72003333333322
19159,corn,2022,5,151.8,192.2696703296703,176.6,180.11550454691448,176.76125206349224,177.5381333333334,158.9226975238047,174.77339999999904,172.64219999999952,157.76428671133297,174.72426666666576,170.4692666666665,177.5381333333334,25.738133333333394
19159,corn,2022,6,151.8,192.2696703296703,176.6,188.7947417898481,181.83721730158734,179.3407333333332,158.9226975238047,174.77339999999904,172.64219999999952,160.04433428723507,174.7784999999991,172.81489999999982,179.3407333333332,27.54073333333318
19159,corn,2022,7,151.8,192.2696703296703,176.6,190.74295484173314,189.6236042857145,190.5382666666668,158.9226975238047,174.77339999999904,172.64219999999952,161.46663773493984,174.7421999999991,172.05676666666648,190.5382666666668,38.73826666666679
19159,corn,2022,8,151.8,192.2696703296703,176.6,187.12739150092239,192.61620484126985,185.91110000000006,158.9226975238047,174.77339999999904,172.64219999999952,156.427448593073,174.7728399999991,172.13983333333314,185.91110000000006,34.11110000000005
19159,corn,2022,9,151.8,192.2696703296703,176.6,183.2298939828037,180.82995253968235,181.8275999999999,158.9226975238047,174.77339999999904,172.64219999999952,155.8846152751724,174.7243999999991,173.48373333333322,181.8275999999999,30.027599999999893
19159,corn,2022,10,151.8,192.2696703296703,176.6,183.5057488286146,158.6781176984129,167.0159333333333,158.9226975238047,174.77339999999904,172.64219999999952,148.69194411407804,174.7229799999991,173.1184999999998,167.0159333333333,15.215933333333282
19159,corn,2022,11,151.8,192.2696703296703,176.6,180.15885106461292,175.60318769841246,177.60836666666677,158.9226975238047,174.77339999999904,172.64219999999952,154.59122640862557,174.70449999999906,171.47653333333315,177.60836666666677,25.808366666666757
19159,corn,2022,12,151.8,192.2696703296703,176.6,181.17420064879553,173.6242455555556,167.97573333333315,158.9226975238047,174.77339999999904,172.64219999999952,159.58250643807224,174.94683666666577,172.52853333333317,167.97573333333315,16.17573333333314
19161,corn,2022,1,212.4,192.2696703296703,231.5,200.11924294992696,199.24824089466082,200.5837666666664,192.84495292108753,172.133800000001,183.10510000000042,191.56634118859955,175.2852868253974,185.5377000000002,200.5837666666664,-11.8162333333336
19161,corn,2022,2,212.4,192.2696703296703,231.5,188.4104571483064,192.60853999999998,190.65143333333307,192.84495292108753,172.133800000001,183.10510000000042,181.40796147675815,175.023821428572,185.41413333333358,190.65143333333307,-21.74856666666693
19161,corn,2022,3,212.4,192.2696703296703,231.5,201.5261191579415,191.41681799422798,198.29553333333345,192.84495292108753,172.133800000001,183.10510000000042,194.40289006042298,175.05272761904814,185.15263333333357,198.29553333333345,-14.104466666666553
19161,corn,2022,4,212.4,192.2696703296703,231.5,210.82813778312934,203.45300269841266,203.77059999999994,192.84495292108753,172.133800000001,183.10510000000042,205.55071671548808,173.48900000000074,185.40103333333343,203.77059999999994,-8.62940000000006
19161,corn,2022,5,212.4,192.2696703296703,231.5,207.81568795705488,207.7575607936508,206.09466666666694,192.84495292108753,172.133800000001,183.10510000000042,202.81531897369422,173.47988333333413,185.34326666666678,206.09466666666694,-6.305333333333067
19161,corn,2022,6,212.4,192.2696703296703,231.5,202.3060911702366,199.90398642857127,201.77689999999996,192.84495292108753,172.133800000001,183.10510000000042,193.01685319947163,176.05702619047682,185.0112666666669,201.77689999999996,-10.62310000000005
19161,corn,2022,7,212.4,192.2696703296703,231.5,195.95439281367663,208.3593905555556,206.5354333333333,192.84495292108753,172.133800000001,183.10510000000042,193.159608394881,173.92641047619122,184.64293333333356,206.5354333333333,-5.864566666666718
19161,corn,2022,8,212.4,192.2696703296703,231.5,196.2215081906369,207.12804738095244,207.44053333333326,192.84495292108753,172.133800000001,183.10510000000042,192.61471237599036,174.71289238095306,185.27773333333357,207.44053333333326,-4.959466666666742
19161,corn,2022,9,212.4,192.2696703296703,231.5,196.8314437634423,202.38715312409818,201.68486666666672,192.84495292108753,172.133800000001,183.10510000000042,192.3258986608545,174.3997400000006,184.93110000000027,201.68486666666672,-10.715133333333284
19161,corn,2022,10,212.4,192.2696703296703,231.5,175.4101103097114,174.1807237301589,181.70336666666674,192.84495292108753,172.133800000001,183.10510000000042,169.8890520446112,171.7223040476198,184.6071666666669,181.70336666666674,-30.696633333333267
19161,corn,2022,11,212.4,192.2696703296703,231.5,203.62192112089718,197.13701619047612,198.1827333333334,192.84495292108753,172.133800000001,183.10510000000042,190.8071691547403,175.7463287301593,185.14013333333352,198.1827333333334,-14.217266666666603
19161,corn,2022,12,212.4,192.2696703296703,231.5,209.38028642727028,200.6416985714286,202.97676666666658,192.84495292108753,172.133800000001,183.10510000000042,203.74711593352654,173.3294600000008,185.47156666666692,202.97676666666658,-9.423233333333428
19163,corn,2022,1,216.2,192.2696703296703,207.1,198.68024188768572,201.85775022366522,200.32163333333324,183.00623125660462,181.12757735462628,177.53016666666585,185.283259203573,181.94172690476094,178.1301333333327,200.32163333333324,-15.87836666666675
19163,corn,2022,2,216.2,192.2696703296703,207.1,192.79185502856606,194.43671522366515,191.03793333333326,183.00623125660462,181.12757735462628,177.53016666666585,177.7207565699928,181.3035895238084,178.10176666666612,191.03793333333326,-25.162066666666732
19163,corn,2022,3,216.2,192.2696703296703,207.1,194.37079193208072,198.28385896825407,200.9044000000001,183.00623125660462,181.12757735462628,177.53016666666585,180.7185351504459,181.3822766666656,177.68646666666606,200.9044000000001,-15.295599999999894
19163,corn,2022,4,216.2,192.2696703296703,207.1,197.80100671614318,196.833968888889,198.61379999999997,183.00623125660462,181.12757735462628,177.53016666666585,185.63998261430066,181.32126666666562,178.02329999999944,198.61379999999997,-17.58620000000002
19163,corn,2022,5,216.2,192.2696703296703,207.1,196.2096226250242,190.0525773809523,191.47303333333332,183.00623125660462,181.12757735462628,177.53016666666585,182.44985614465804,181.1259716666656,178.110066666666,191.47303333333332,-24.72696666666667
19163,corn,2022,6,216.2,192.2696703296703,207.1,194.055298993117,189.32029746031753,190.0712333333333,183.00623125660462,181.12757735462628,177.53016666666585,180.54880695922324,181.13394999999903,178.66139999999942,190.0712333333333,-26.128766666666678
19163,corn,2022,7,216.2,192.2696703296703,207.1,196.0730429985167,198.25543547619017,200.7245,183.00623125660462,181.12757735462628,177.53016666666585,182.74957388202904,181.4379971428561,178.2189999999994,200.7245,-15.475499999999982
19163,corn,2022,8,216.2,192.2696703296703,207.1,202.84670711404974,210.87432870851367,210.9042666666666,183.00623125660462,181.12757735462628,177.53016666666585,189.51891088748994,181.30108333333231,179.14639999999937,210.9042666666666,-5.295733333333402
19163,corn,2022,9,216.2,192.2696703296703,207.1,198.9637328224642,202.48903532467543,201.04540000000017,183.00623125660462,181.12757735462628,177.53016666666585,186.59564807987613,181.9287109523799,179.0223666666661,201.04540000000017,-15.154599999999817
19163,corn,2022,10,216.2,192.2696703296703,207.1,184.9478226031425,171.94265000000016,172.684,183.00623125660462,181.12757735462628,177.53016666666585,170.97788793494144,176.558081904761,176.98646666666613,172.684,-43.51599999999999
19163,corn,2022,11,216.2,192.2696703296703,207.1,188.3675636810005,197.51589558441552,191.96336666666647,183.00623125660462,181.12757735462628,177.53016666666585,178.94013608562062,181.1879036507926,178.6585999999994,191.96336666666647,-24.236633333333515
19163,corn,2022,12,216.2,192.2696703296703,207.1,196.03546346020306,202.64351352203346,200.11966666666655,183.00623125660462,181.12757735462628,177.53016666666585,189.63582978551094,181.21787190476084,178.4812333333327,200.11966666666655,-16.080333333333442
19165,corn,2022,1,209.0,192.2696703296703,192.2696703296703,196.7264434644123,200.46484642857146,203.91626666666664,190.4012396498515,192.8496746345973,188.85480000000064,190.02535777628424,194.0696084126992,191.96100000000067,203.91626666666664,-5.083733333333356
19165,corn,2022,2,209.0,192.2696703296703,192.2696703296703,186.5964953350406,192.50870579365073,191.0505333333333,190.4012396498515,192.8496746345973,188.85480000000064,176.95855319061627,191.73683777777845,190.9662666666673,191.0505333333333,-17.949466666666694
19165,corn,2022,3,209.0,192.2696703296703,192.2696703296703,204.6006829341894,187.8930248196247,197.06453333333312,190.4012396498515,192.8496746345973,188.85480000000064,196.54357633274023,192.27500214285803,191.065033333334,197.06453333333312,-11.935466666666883
19165,corn,2022,4,209.0,192.2696703296703,192.2696703296703,213.39849991196613,209.16090746031742,207.86053333333342,190.4012396498515,192.8496746345973,188.85480000000064,205.6241195449535,193.95494095238175,190.4320333333339,207.86053333333342,-1.1394666666665785
19165,corn,2022,5,209.0,192.2696703296703,192.2696703296703,211.62775038768527,220.17309918470428,211.98949999999965,190.4012396498515,192.8496746345973,188.85480000000064,203.75514402786686,193.87966000000088,189.99960000000058,211.98949999999965,2.9894999999996514
19165,corn,2022,6,209.0,192.2696703296703,192.2696703296703,202.45117960978533,204.86371166666672,206.31659999999974,190.4012396498515,192.8496746345973,188.85480000000064,194.0550545702469,195.33315920635,191.63320000000058,206.31659999999974,-2.683400000000262
19165,corn,2022,7,209.0,192.2696703296703,192.2696703296703,194.69043994547602,213.44126476190462,212.9423,190.4012396498515,192.8496746345973,188.85480000000064,191.44401980916618,193.6700976190485,190.27953333333394,212.9423,3.942299999999989
19165,corn,2022,8,209.0,192.2696703296703,192.2696703296703,202.08861435340808,206.83558285714278,206.41889999999987,190.4012396498515,192.8496746345973,188.85480000000064,194.68135096992575,193.27348190476283,191.3766666666673,206.41889999999987,-2.5811000000001343
19165,corn,2022,9,209.0,192.2696703296703,192.2696703296703,193.3439184927522,200.4574012265513,204.35706666666664,190.4012396498515,192.8496746345973,188.85480000000064,190.10633220347617,194.41816515873086,190.07936666666728,204.35706666666664,-4.64293333333336
19165,corn,2022,10,209.0,192.2696703296703,192.2696703296703,187.5603712981689,178.19918103174592,178.85490000000001,190.4012396498515,192.8496746345973,188.85480000000064,179.93495414878151,189.04358587301655,189.55866666666734,178.85490000000001,-30.145099999999985
19165,corn,2022,11,209.0,192.2696703296703,192.2696703296703,197.60358847867658,195.2247895238094,197.0275666666667,190.4012396498515,192.8496746345973,188.85480000000064,183.76672794441384,189.9940606349213,190.84623333333394,197.0275666666667,-11.9724333333333
19165,corn,2022,12,209.0,192.2696703296703,192.2696703296703,211.88405705599556,200.0710781746033,200.67489999999992,190.4012396498515,192.8496746345973,188.85480000000064,204.6156576626013,193.57317523809616,191.54906666666722,200.67489999999992,-8.325100000000077
19167,corn,2022,1,196.9,192.2696703296703,221.7,202.18438675589744,201.05718142857148,203.44209999999993,191.06983363571388,174.85259999999963,183.02350000000004,192.36231779181165,173.58492809523764,182.94053333333318,203.44209999999993,6.54209999999992
19167,corn,2022,2,196.9,192.2696703296703,221.7,198.19481541574416,201.64839912698423,196.05913333333334,191.06983363571388,174.85259999999963,183.02350000000004,187.26672313901943,173.28817380952336,182.84399999999985,196.05913333333334,-0.8408666666666704
19167,corn,2022,3,196.9,192.2696703296703,221.7,204.880905358202,193.3646466450215,203.84570000000008,191.06983363571388,174.85259999999963,183.02350000000004,196.18772105165445,172.99962499999953,183.03143333333327,203.84570000000008,6.945700000000073
19167,corn,2022,4,196.9,192.2696703296703,221.7,206.2083578886141,190.61760269841275,195.77190000000002,191.06983363571388,174.85259999999963,183.02350000000004,198.08474356317467,173.6743733333329,183.03079999999983,195.77190000000002,-1.1280999999999892
19167,corn,2022,5,196.9,192.2696703296703,221.7,209.65990277093834,201.28298785714298,198.42649999999995,191.06983363571388,174.85259999999963,183.02350000000004,199.9787562422016,173.09056095238057,183.2987333333331,198.42649999999995,1.5264999999999418
19167,corn,2022,6,196.9,192.2696703296703,221.7,210.9408725946275,214.62381293650805,210.62550000000022,191.06983363571388,174.85259999999963,183.02350000000004,197.38767933671585,173.15133428571392,183.37103333333317,210.62550000000022,13.72550000000021
19167,corn,2022,7,196.9,192.2696703296703,221.7,204.2105759532284,199.53726420634914,199.8989666666666,191.06983363571388,174.85259999999963,183.02350000000004,193.9367860698897,173.09751666666625,183.80243333333314,199.8989666666666,2.998966666666604
19167,corn,2022,8,196.9,192.2696703296703,221.7,198.98137642738106,197.46334595959584,195.40073333333322,191.06983363571388,174.85259999999963,183.02350000000004,192.890213897422,172.96357333333296,183.5680666666665,195.40073333333322,-1.4992666666667844
19167,corn,2022,9,196.9,192.2696703296703,221.7,202.19042773130084,198.13835626984115,194.76489999999978,191.06983363571388,174.85259999999963,183.02350000000004,191.91060034297328,172.9547399999996,182.7845666666665,194.76489999999978,-2.1351000000002216
19167,corn,2022,10,196.9,192.2696703296703,221.7,193.78085919653589,176.0495538888889,179.61616666666671,191.06983363571388,174.85259999999963,183.02350000000004,182.22158871648568,172.19709539682506,181.89746666666647,179.61616666666671,-17.28383333333329
19167,corn,2022,11,196.9,192.2696703296703,221.7,206.57140625778467,199.73602817460318,201.84686666666656,191.06983363571388,174.85259999999963,183.02350000000004,194.27919836035454,173.92502809523774,183.32006666666658,201.84686666666656,4.946866666666551
19167,corn,2022,12,196.9,192.2696703296703,221.7,223.4933080216026,197.28136712842712,196.9597666666668,191.06983363571388,174.85259999999963,183.02350000000004,213.29582425286554,173.4036833333329,184.1344999999998,196.9597666666668,0.0597666666668033
19169,corn,2022,1,207.1,192.2696703296703,202.1,194.07168095114326,194.80008896825387,196.65003333333328,178.82736557810287,165.6165999999991,168.10059999999964,180.73744983123015,165.81668666666565,168.86716666666644,196.65003333333328,-10.449966666666711
19169,corn,2022,2,207.1,192.2696703296703,202.1,190.96172671099322,185.8827050793651,182.43940000000015,178.82736557810287,165.6165999999991,168.10059999999964,171.410153715613,165.81531999999902,168.43399999999974,182.43940000000015,-24.660599999999846
19169,corn,2022,3,207.1,192.2696703296703,202.1,195.83803220492587,200.1466441053392,199.15720000000005,178.82736557810287,165.6165999999991,168.10059999999964,179.3206796757737,165.60942666666568,168.48099999999974,199.15720000000005,-7.942799999999949
19169,corn,2022,4,207.1,192.2696703296703,202.1,202.754677508903,202.00668452380958,200.00003333333328,178.82736557810287,165.6165999999991,168.10059999999964,189.9900504250503,165.6164266666657,169.05359999999962,200.00003333333328,-7.099966666666717
19169,corn,2022,5,207.1,192.2696703296703,202.1,197.28086235207508,196.22270031746032,192.77296666666683,178.82736557810287,165.6165999999991,168.10059999999964,182.98015473314175,165.60162666666568,168.35453333333288,192.77296666666683,-14.327033333333162
19169,corn,2022,6,207.1,192.2696703296703,202.1,194.14971986855463,195.58301031746038,198.8993666666668,178.82736557810287,165.6165999999991,168.10059999999964,178.8437348217697,165.627619999999,168.14353333333293,198.8993666666668,-8.2006333333332
19169,corn,2022,7,207.1,192.2696703296703,202.1,188.02316366374126,200.79265460317458,199.24166666666662,178.82736557810287,165.6165999999991,168.10059999999964,175.48699637264798,165.62626142857047,168.44446666666633,199.24166666666662,-7.858333333333377
19169,corn,2022,8,207.1,192.2696703296703,202.1,192.5265353951674,197.3209614285715,196.46443333333332,178.82736557810287,165.6165999999991,168.10059999999964,180.9127741350998,165.76646666666568,169.10173333333307,196.46443333333332,-10.635566666666676
19169,corn,2022,9,207.1,192.2696703296703,202.1,193.83313064764255,204.46151492063504,206.1307666666667,178.82736557810287,165.6165999999991,168.10059999999964,180.82230197914336,165.720199999999,168.56679999999972,206.1307666666667,-0.9692333333333067
19169,corn,2022,10,207.1,192.2696703296703,202.1,185.05125665932033,175.22766428571435,175.59580000000014,178.82736557810287,165.6165999999991,168.10059999999964,167.0952672377044,165.34446999999906,168.763233333333,175.59580000000014,-31.504199999999855
19169,corn,2022,11,207.1,192.2696703296703,202.1,195.84031351541495,195.90561357142832,192.86983333333325,178.82736557810287,165.6165999999991,168.10059999999964,177.62485849728193,165.7037566666657,169.44746666666626,192.86983333333325,-14.230166666666747
19169,corn,2022,12,207.1,192.2696703296703,202.1,205.6500526002921,198.75789055555558,196.76423333333358,178.82736557810287,165.6165999999991,168.10059999999964,191.09072023863666,165.59068666666565,168.83076666666625,196.76423333333358,-10.335766666666416
19171,corn,2022,1,203.3,192.2696703296703,215.1,198.05880103232371,200.46036118326117,203.61223333333314,183.8747587084348,181.02626726296998,184.2209000000001,186.62482724905863,183.23437238095232,184.89819999999992,203.61223333333314,0.31223333333312553
19171,corn,2022,2,203.3,192.2696703296703,215.1,192.64593382257868,188.9974112698413,182.4181,183.8747587084348,181.02626726296998,184.2209000000001,177.29494005391194,182.1582980952381,185.05010000000001,182.4181,-20.8819
19171,corn,2022,3,203.3,192.2696703296703,215.1,203.13329030724267,198.26077214285715,199.7048666666668,183.8747587084348,181.02626726296998,184.2209000000001,184.8559993549192,182.51865809523812,185.06619999999998,199.7048666666668,-3.595133333333223
19171,corn,2022,4,203.3,192.2696703296703,215.1,204.99943071688415,199.16659309523814,198.5645666666667,183.8747587084348,181.02626726296998,184.2209000000001,188.85540031794594,182.6135247619048,185.50846666666666,198.5645666666667,-4.7354333333333045
19171,corn,2022,5,203.3,192.2696703296703,215.1,207.28066018784955,208.7581370634921,202.31433333333305,183.8747587084348,181.02626726296998,184.2209000000001,192.6129810769656,182.66472047619052,184.89876666666657,202.31433333333305,-0.9856666666669582
19171,corn,2022,6,203.3,192.2696703296703,215.1,200.8749814410364,198.24383707792225,200.1489,183.8747587084348,181.02626726296998,184.2209000000001,184.26769159832818,183.0477038095238,184.6688999999998,200.1489,-3.151100000000014
19171,corn,2022,7,203.3,192.2696703296703,215.1,193.0467774363543,196.6210427489178,198.82459999999992,183.8747587084348,181.02626726296998,184.2209000000001,181.08073894383213,182.6493695238096,184.59429999999983,198.82459999999992,-4.475400000000093
19171,corn,2022,8,203.3,192.2696703296703,215.1,199.0152447724317,206.535474047619,208.41506666666658,183.8747587084348,181.02626726296998,184.2209000000001,187.51272261551551,182.753640952381,185.03676666666647,208.41506666666658,5.115066666666564
19171,corn,2022,9,203.3,192.2696703296703,215.1,197.1589030207587,204.8430970634919,205.66899999999993,183.8747587084348,181.02626726296998,184.2209000000001,186.26930895113614,182.55670904761902,184.68639999999988,205.66899999999993,2.3689999999999145
19171,corn,2022,10,203.3,192.2696703296703,215.1,187.36892171806187,178.48284944444444,180.3512666666666,183.8747587084348,181.02626726296998,184.2209000000001,172.5533865644138,177.5270376190476,183.68823333333313,180.3512666666666,-22.948733333333422
19171,corn,2022,11,203.3,192.2696703296703,215.1,201.8768957450444,204.6126497619049,196.2759666666666,183.8747587084348,181.02626726296998,184.2209000000001,185.69245552982815,182.78359857142863,184.95976666666652,196.2759666666666,-7.024033333333421
19171,corn,2022,12,203.3,192.2696703296703,215.1,205.17777510564363,200.97585257575767,197.97610000000006,183.8747587084348,181.02626726296998,184.2209000000001,194.71096810122117,182.7454782539683,185.37586666666655,197.97610000000006,-5.323899999999952
19173,corn,2022,1,172.1,192.2696703296703,192.8,180.8119294059481,182.29017603174594,184.58089999999996,175.29587041367498,169.4649999999997,170.03079999999994,165.09212220566081,169.5470333333331,171.5055,184.58089999999996,12.480899999999963
19173,corn,2022,2,172.1,192.2696703296703,192.8,184.63953481490483,191.811453174603,191.2586,175.29587041367498,169.4649999999997,170.03079999999994,163.97892783774745,170.01639999999972,171.05240000000006,191.2586,19.158600000000007
19173,corn,2022,3,172.1,192.2696703296703,192.8,199.24182148531705,200.15356521645026,199.75893333333323,175.29587041367498,169.4649999999997,170.03079999999994,180.27060877668734,169.85990333333308,169.63146666666674,199.75893333333323,27.658933333333238
19173,corn,2022,4,172.1,192.2696703296703,192.8,194.3813105181052,201.07676984848482,195.8915333333332,175.29587041367498,169.4649999999997,170.03079999999994,181.45792534202266,169.63924166666646,170.38353333333322,195.8915333333332,23.791533333333206
19173,corn,2022,5,172.1,192.2696703296703,192.8,186.00152542638997,186.85344484848486,187.96733333333322,175.29587041367498,169.4649999999997,170.03079999999994,176.8010096493887,169.71145999999982,170.98466666666653,187.96733333333322,15.867333333333221
19173,corn,2022,6,172.1,192.2696703296703,192.8,188.1360772947262,191.30210301587286,191.54693333333336,175.29587041367498,169.4649999999997,170.03079999999994,174.01238213311393,169.54246666666643,170.58033333333336,191.54693333333336,19.446933333333362
19173,corn,2022,7,172.1,192.2696703296703,192.8,189.45878713798663,186.84958595238106,191.2878000000001,175.29587041367498,169.4649999999997,170.03079999999994,175.7322207273629,169.5633999999998,170.39953333333335,191.2878000000001,19.187800000000095
19173,corn,2022,8,172.1,192.2696703296703,192.8,191.39925416132985,195.05841602453097,190.87963333333343,175.29587041367498,169.4649999999997,170.03079999999994,174.8147048427599,169.53506666666644,170.26619999999997,190.87963333333343,18.779633333333436
19173,corn,2022,9,172.1,192.2696703296703,192.8,184.02700041780724,203.9377781673881,205.97026666666682,175.29587041367498,169.4649999999997,170.03079999999994,171.5003651618761,169.64505333333312,171.05773333333337,205.97026666666682,33.87026666666682
19173,corn,2022,10,172.1,192.2696703296703,192.8,182.9075885594219,156.9206787301589,167.8976000000001,175.29587041367498,169.4649999999997,170.03079999999994,162.0369576238666,169.57989999999978,170.38926666666674,167.8976000000001,-4.202399999999898
19173,corn,2022,11,172.1,192.2696703296703,192.8,181.29113292988671,174.33099468253957,179.4284666666665,175.29587041367498,169.4649999999997,170.03079999999994,167.57675548961666,169.59826666666646,170.25686666666667,179.4284666666665,7.328466666666515
19173,corn,2022,12,172.1,192.2696703296703,192.8,186.99141515132666,181.1537591269841,179.76950000000002,175.29587041367498,169.4649999999997,170.03079999999994,175.79603631832958,169.70163999999977,171.16436666666664,179.76950000000002,7.669500000000028
19175,corn,2022,1,149.4,192.2696703296703,186.0,180.40230035315605,182.43162825396817,179.0062333333333,175.52737694230234,168.92239999999987,170.9828000000001,167.55953790160603,168.09759999999972,172.8436000000002,179.0062333333333,29.606233333333307
19175,corn,2022,2,149.4,192.2696703296703,186.0,184.38594478860674,188.30940936507923,186.77183333333326,175.52737694230234,168.92239999999987,170.9828000000001,164.89289117321715,168.15793333333306,172.49386666666686,186.77183333333326,37.37183333333326
19175,corn,2022,3,149.4,192.2696703296703,186.0,193.50575482443006,190.55726474025982,195.0036666666665,175.52737694230234,168.92239999999987,170.9828000000001,176.09246275595194,167.9759999999998,171.94090000000017,195.0036666666665,45.6036666666665
19175,corn,2022,4,149.4,192.2696703296703,186.0,188.32627641951424,177.16951150793665,178.48583333333335,175.52737694230234,168.92239999999987,170.9828000000001,178.05060996470579,168.73199999999977,172.6466666666669,178.48583333333335,29.08583333333334
19175,corn,2022,5,149.4,192.2696703296703,186.0,178.30474744135685,174.80047896825414,175.06663333333327,175.52737694230234,168.92239999999987,170.9828000000001,170.94731212249104,168.69619999999983,172.3525666666669,175.06663333333327,25.666633333333266
19175,corn,2022,6,149.4,192.2696703296703,186.0,182.184933723317,180.9389203174603,177.7388666666666,175.52737694230234,168.92239999999987,170.9828000000001,169.9654509491257,167.71020666666644,172.40496666666687,177.7388666666666,28.338866666666604
19175,corn,2022,7,149.4,192.2696703296703,186.0,180.90106777859603,181.26888626984143,182.79203333333334,175.52737694230234,168.92239999999987,170.9828000000001,168.73508616711246,168.2213199999997,172.78366666666687,182.79203333333334,33.39203333333333
19175,corn,2022,8,149.4,192.2696703296703,186.0,182.26268878600678,171.59133365079367,172.71283333333338,175.52737694230234,168.92239999999987,170.9828000000001,167.2838738493532,167.9821816666664,173.11670000000012,172.71283333333338,23.312833333333373
19175,corn,2022,9,149.4,192.2696703296703,186.0,182.22295110213489,176.74900190476163,177.28526666666673,175.52737694230234,168.92239999999987,170.9828000000001,169.12673115079406,168.1496499999997,173.11553333333356,177.28526666666673,27.885266666666723
19175,corn,2022,10,149.4,192.2696703296703,186.0,181.71786540787505,154.23913134920664,161.2682666666668,175.52737694230234,168.92239999999987,170.9828000000001,160.95928620960774,167.36696309523788,172.32416666666688,161.2682666666668,11.868266666666784
19175,corn,2022,11,149.4,192.2696703296703,186.0,180.68445870776745,180.7829563492064,178.91023333333334,175.52737694230234,168.92239999999987,170.9828000000001,167.38230731555564,168.32213333333303,172.19010000000026,178.91023333333334,29.510233333333332
19175,corn,2022,12,149.4,192.2696703296703,186.0,185.86539179715243,176.81358968253957,172.7481999999999,175.52737694230234,168.92239999999987,170.9828000000001,175.60966664608551,168.2517066666664,172.9452333333336,172.7481999999999,23.348199999999906
19177,corn,2022,1,151.9,192.2696703296703,162.9,183.32744948676276,189.01459452380965,182.22216666666674,165.66496549074827,172.80860000000072,170.16700000000026,161.58661283507095,175.22842666666747,170.1961333333336,182.22216666666674,30.32216666666673
19177,corn,2022,2,151.9,192.2696703296703,162.9,182.2633716571283,191.07455746031727,187.17449999999982,165.66496549074827,172.80860000000072,170.16700000000026,155.77976509472367,175.39818000000082,169.67786666666677,187.17449999999982,35.27449999999982
19177,corn,2022,3,151.9,192.2696703296703,162.9,182.50754677320438,176.73465285714283,171.56253333333345,165.66496549074827,172.80860000000072,170.16700000000026,160.89384125618201,175.24823333333418,170.8441666666669,171.56253333333345,19.662533333333442
19177,corn,2022,4,151.9,192.2696703296703,162.9,179.51803598203458,178.20909666666665,180.22323333333324,165.66496549074827,172.80860000000072,170.16700000000026,161.21329762573072,174.98907142857223,169.4917666666669,180.22323333333324,28.323233333333235
19177,corn,2022,5,151.9,192.2696703296703,162.9,174.92270316797368,168.69893880952387,167.7706666666666,165.66496549074827,172.80860000000072,170.16700000000026,157.014619936218,174.78720000000087,169.65433333333362,167.7706666666666,15.870666666666608
19177,corn,2022,6,151.9,192.2696703296703,162.9,180.06281505152597,171.02659849206356,165.16913333333335,165.66496549074827,172.80860000000072,170.16700000000026,160.6585644556687,174.82823333333417,170.17613333333355,165.16913333333335,13.269133333333343
19177,corn,2022,7,151.9,192.2696703296703,162.9,185.15569573923995,183.67165246031755,186.2031,165.66496549074827,172.80860000000072,170.16700000000026,168.33989329351317,174.81490000000088,169.69686666666686,186.2031,34.3031
19177,corn,2022,8,151.9,192.2696703296703,162.9,184.70254104118217,176.15440730158727,176.30536666666683,165.66496549074827,172.80860000000072,170.16700000000026,164.2431451096954,174.79652000000087,169.9630333333335,176.30536666666683,24.405366666666822
19177,corn,2022,9,151.9,192.2696703296703,162.9,180.57885608472125,171.39624936507954,175.07450000000009,165.66496549074827,172.80860000000072,170.16700000000026,161.00902692674595,174.7576333333342,170.59230000000022,175.07450000000009,23.17450000000008
19177,corn,2022,10,151.9,192.2696703296703,162.9,181.22801811978294,169.46090341269831,164.72039999999993,165.66496549074827,172.80860000000072,170.16700000000026,158.4666506147229,174.8378609523818,170.30310000000023,164.72039999999993,12.820399999999921
19177,corn,2022,11,151.9,192.2696703296703,162.9,180.02705328724713,184.64519960317432,184.1527333333332,165.66496549074827,172.80860000000072,170.16700000000026,158.98935761028866,174.81390000000084,169.150766666667,184.1527333333332,32.2527333333332
19177,corn,2022,12,151.9,192.2696703296703,162.9,183.64547854646418,173.7817861111111,169.32116666666658,165.66496549074827,172.80860000000072,170.16700000000026,168.36767340904896,175.39033333333418,169.06856666666695,169.32116666666658,17.42116666666658
19179,corn,2022,1,170.8,192.2696703296703,178.8,184.78375167176105,188.40639301587277,188.04799999999997,171.68915355981645,170.7036000000002,173.8484,166.9855214828102,170.56593333333342,174.02610000000007,188.04799999999997,17.247999999999962
19179,corn,2022,2,170.8,192.2696703296703,178.8,182.6391299868884,189.68014920634914,185.68060000000008,171.68915355981645,170.7036000000002,173.8484,160.93148139724752,170.70134833333333,173.35783333333345,185.68060000000008,14.880600000000072
19179,corn,2022,3,170.8,192.2696703296703,178.8,185.05987188310675,194.5890311111114,196.77153333333334,171.68915355981645,170.7036000000002,173.8484,164.70634297432844,170.86804666666671,172.87133333333338,196.77153333333334,25.971533333333326
19179,corn,2022,4,170.8,192.2696703296703,178.8,185.35321319868882,194.33807619047641,195.47593333333347,171.68915355981645,170.7036000000002,173.8484,166.74231125330647,170.6502633333334,172.60453333333336,195.47593333333347,24.67593333333346
19179,corn,2022,5,170.8,192.2696703296703,178.8,175.7481592156375,171.59655912698418,174.3760333333334,171.68915355981645,170.7036000000002,173.8484,163.3479974505771,170.50926666666672,173.0563000000001,174.3760333333334,3.5760333333333847
19179,corn,2022,6,170.8,192.2696703296703,178.8,183.03323780071716,176.27181293650796,172.0926666666668,171.68915355981645,170.7036000000002,173.8484,165.73880899744455,170.45280000000005,173.5243333333334,172.0926666666668,1.2926666666667757
19179,corn,2022,7,170.8,192.2696703296703,178.8,184.10639003237318,180.10834163780672,184.95943333333364,171.68915355981645,170.7036000000002,173.8484,171.0525842553596,170.52907000000002,174.71880000000004,184.95943333333364,14.159433333333624
19179,corn,2022,8,170.8,192.2696703296703,178.8,186.430330854458,178.1901384126982,181.7862,171.68915355981645,170.7036000000002,173.8484,169.12187141425534,170.50252000000006,174.0442666666667,181.7862,10.986199999999997
19179,corn,2022,9,170.8,192.2696703296703,178.8,183.12047695848233,174.76199626984123,180.50563333333346,171.68915355981645,170.7036000000002,173.8484,167.92047773500605,170.60072000000005,173.87656666666675,180.50563333333346,9.705633333333452
19179,corn,2022,10,170.8,192.2696703296703,178.8,181.67997168684468,160.10227523809536,160.03413333333344,171.68915355981645,170.7036000000002,173.8484,161.82620800838666,170.5522166666667,173.34150000000008,160.03413333333344,-10.765866666666568
19179,corn,2022,11,170.8,192.2696703296703,178.8,180.93594410522135,177.20769552503043,177.40179999999978,171.68915355981645,170.7036000000002,173.8484,162.71968420236834,170.56269333333339,173.13240000000016,177.40179999999978,6.60179999999977
19179,corn,2022,12,170.8,192.2696703296703,178.8,184.28474540687125,171.5363008730156,167.17343333333324,171.68915355981645,170.7036000000002,173.8484,172.19930472198496,170.81976833333343,173.57920000000016,167.17343333333324,-3.6265666666667755
19181,corn,2022,1,157.8,192.2696703296703,192.2696703296703,185.528989359452,191.33572160173156,191.92116666666655,177.64556818736236,164.54380000000106,164.5120666666673,173.0648044724044,165.06937285714363,167.5583333333338,191.92116666666655,34.12116666666654
19181,corn,2022,2,157.8,192.2696703296703,192.2696703296703,185.26315887324208,190.3922552380955,182.91483333333323,177.64556818736236,164.54380000000106,164.5120666666673,167.78349788320037,165.7343816666674,166.7851000000004,182.91483333333323,25.114833333333223
19181,corn,2022,3,157.8,192.2696703296703,192.2696703296703,191.32335825910113,196.0730177777778,197.5108666666667,177.64556818736236,164.54380000000106,164.5120666666673,172.6257452731386,165.95579333333419,166.9692000000006,197.5108666666667,39.710866666666675
19181,corn,2022,4,157.8,192.2696703296703,192.2696703296703,189.8917569468503,201.39204611111103,196.4034999999999,177.64556818736236,164.54380000000106,164.5120666666673,178.90848908261236,165.9527733333342,166.60293333333385,196.4034999999999,38.60349999999988
19181,corn,2022,5,157.8,192.2696703296703,192.2696703296703,179.89155956253103,180.9368967460319,178.84406666666675,177.64556818736236,164.54380000000106,164.5120666666673,171.21588981529663,164.92897666666758,165.59120000000064,178.84406666666675,21.044066666666737
19181,corn,2022,6,157.8,192.2696703296703,192.2696703296703,189.32218754338885,190.0218023015875,187.17703333333333,177.64556818736236,164.54380000000106,164.5120666666673,175.35318001218232,164.78735000000086,165.83950000000058,187.17703333333333,29.377033333333316
19181,corn,2022,7,157.8,192.2696703296703,192.2696703296703,182.4435286660795,180.83084111111106,180.81853333333336,177.64556818736236,164.54380000000106,164.5120666666673,171.23857501199365,164.89332000000087,166.65143333333387,180.81853333333336,23.01853333333335
19181,corn,2022,8,157.8,192.2696703296703,192.2696703296703,185.63527413639065,187.76909523809553,177.28833333333344,177.64556818736236,164.54380000000106,164.5120666666673,172.4319946077243,164.8232900000009,166.24960000000056,177.28833333333344,19.48833333333343
19181,corn,2022,9,157.8,192.2696703296703,192.2696703296703,184.09283716738946,189.5762616666666,191.37309999999997,177.64556818736236,164.54380000000106,164.5120666666673,171.34085025947115,164.83787666666754,166.01703333333393,191.37309999999997,33.573099999999954
19181,corn,2022,10,157.8,192.2696703296703,192.2696703296703,182.21289746298547,159.13171880952407,163.04179999999994,177.64556818736236,164.54380000000106,164.5120666666673,163.36467116639793,164.49214000000075,165.49736666666726,163.04179999999994,5.241799999999927
19181,corn,2022,11,157.8,192.2696703296703,192.2696703296703,177.66598553731737,173.6978438888889,175.91986666666676,177.64556818736236,164.54380000000106,164.5120666666673,166.21764450347018,164.4080066666675,165.18766666666724,175.91986666666676,18.119866666666752
19181,corn,2022,12,157.8,192.2696703296703,192.2696703296703,189.5027278119473,183.46123320346322,187.0555333333334,177.64556818736236,164.54380000000106,164.5120666666673,181.51454065138896,166.0271866666675,167.30730000000054,187.0555333333334,29.255533333333375
19183,corn,2022,1,185.7,192.2696703296703,192.2696703296703,192.64340121906162,193.4519202380953,194.78180000000003,198.89056291141472,176.46114363258874,176.10886666666624,194.58811777033583,178.82423849206336,175.98853333333295,194.78180000000003,9.081800000000044
19183,corn,2022,2,185.7,192.2696703296703,192.2696703296703,189.43090354475873,190.67197428571416,189.4611333333333,198.89056291141472,176.46114363258874,176.10886666666624,189.23758378791072,176.77833444444414,174.98683333333298,189.4611333333333,3.761133333333305
19183,corn,2022,3,185.7,192.2696703296703,192.2696703296703,193.66656959560945,200.19631388888908,201.18440000000018,198.89056291141472,176.46114363258874,176.10886666666624,194.8116730992546,178.04957333333303,174.91899999999958,201.18440000000018,15.484400000000193
19183,corn,2022,4,185.7,192.2696703296703,192.2696703296703,194.59929062663088,197.726588809524,195.5903666666666,198.89056291141472,176.46114363258874,176.10886666666624,198.39196025397035,177.68128047619024,175.28729999999956,195.5903666666666,9.890366666666608
19183,corn,2022,5,185.7,192.2696703296703,192.2696703296703,183.57774720508164,180.83144047619052,184.8219333333334,198.89056291141472,176.46114363258874,176.10886666666624,191.8072807410584,176.70429761904757,174.868433333333,184.8219333333334,-0.8780666666665979
19183,corn,2022,6,185.7,192.2696703296703,192.2696703296703,187.21428864922234,187.12615103174608,187.03743333333318,198.89056291141472,176.46114363258874,176.10886666666624,189.66542585281667,173.4386217460316,173.9449333333331,187.03743333333318,1.3374333333331947
19183,corn,2022,7,185.7,192.2696703296703,192.2696703296703,188.4902677666713,192.07024333333342,189.2200999999999,198.89056291141472,176.46114363258874,176.10886666666624,194.33553487046976,178.1000933333333,175.47373333333306,189.2200999999999,3.5200999999999
19183,corn,2022,8,185.7,192.2696703296703,192.2696703296703,193.78004184174392,198.99861134920639,195.63583333333338,198.89056291141472,176.46114363258874,176.10886666666624,197.2204876841903,178.9157652380952,175.76296666666647,195.63583333333338,9.935833333333392
19183,corn,2022,9,185.7,192.2696703296703,192.2696703296703,188.41902075733617,186.24261063492068,188.48169999999993,198.89056291141472,176.46114363258874,176.10886666666624,193.78295248504628,176.72947261904764,174.47879999999972,188.48169999999993,2.781699999999944
19183,corn,2022,10,185.7,192.2696703296703,192.2696703296703,185.07628923649267,175.14952904761913,177.83123333333322,198.89056291141472,176.46114363258874,176.10886666666624,184.8700627785369,169.44837999999996,172.06329999999977,177.83123333333322,-7.868766666666772
19183,corn,2022,11,185.7,192.2696703296703,192.2696703296703,187.04193800765546,178.30045063492057,180.46846666666661,198.89056291141472,176.46114363258874,176.10886666666624,191.39265228687535,177.86612499999973,175.2116666666664,180.46846666666661,-5.231533333333374
19183,corn,2022,12,185.7,192.2696703296703,192.2696703296703,191.99561952954943,190.14322341269832,189.36983333333328,198.89056291141472,176.46114363258874,176.10886666666624,200.3476449874694,177.66305773448758,175.70093333333298,189.36983333333328,3.669833333333287
19185,corn,2022,1,170.1,192.2696703296703,177.8,182.53975501026906,188.39445833333318,183.73326666666662,171.18507943843866,173.23359999999946,172.8007999999996,165.6814303584049,173.48575333333278,171.70126666666656,183.73326666666662,13.633266666666628
19185,corn,2022,2,170.1,192.2696703296703,177.8,185.05608338397806,189.80093571428563,186.6128,171.18507943843866,173.23359999999946,172.8007999999996,162.79133024653163,173.74077666666602,171.70353333333327,186.6128,16.5128
19185,corn,2022,3,170.1,192.2696703296703,177.8,184.3227528775707,191.97160452380953,196.49273333333335,171.18507943843866,173.23359999999946,172.8007999999996,163.52963691039858,173.69387666666606,170.58876666666663,196.49273333333335,26.392733333333354
19185,corn,2022,4,170.1,192.2696703296703,177.8,185.83600178951352,196.434406031746,196.81073333333345,171.18507943843866,173.23359999999946,172.8007999999996,167.8303143988302,173.65557666666606,170.88239999999993,196.81073333333345,26.71073333333345
19185,corn,2022,5,170.1,192.2696703296703,177.8,172.38847575583856,173.42587650793664,172.9538333333333,171.18507943843866,173.23359999999946,172.8007999999996,163.46528388714285,173.4855333333328,171.55699999999993,172.9538333333333,2.853833333333313
19185,corn,2022,6,170.1,192.2696703296703,177.8,183.8740455640959,173.9904454761905,174.4543666666667,171.18507943843866,173.23359999999946,172.8007999999996,168.93446023123556,173.54423333333278,172.12963333333323,174.4543666666667,4.354366666666692
19185,corn,2022,7,170.1,192.2696703296703,177.8,187.30288118763679,186.58342360750365,189.69203333333343,171.18507943843866,173.23359999999946,172.8007999999996,171.40026678537095,173.49161999999947,172.21013333333323,189.69203333333343,19.592033333333433
19185,corn,2022,8,170.1,192.2696703296703,177.8,184.71371463378645,178.9252875396825,179.6973,171.18507943843866,173.23359999999946,172.8007999999996,170.31575973991423,173.4433733333328,172.34756666666652,179.6973,9.597300000000018
19185,corn,2022,9,170.1,192.2696703296703,177.8,186.3873926033544,173.50462206349198,172.5752666666667,171.18507943843866,173.23359999999946,172.8007999999996,169.5943820096321,173.6232533333328,172.51499999999987,172.5752666666667,2.4752666666666983
19185,corn,2022,10,170.1,192.2696703296703,177.8,184.53516391270085,165.1325223809525,159.81070000000008,171.18507943843866,173.23359999999946,172.8007999999996,161.2403521687584,173.4995466666661,172.31443333333326,159.81070000000008,-10.289299999999912
19185,corn,2022,11,170.1,192.2696703296703,177.8,176.90445951886332,178.6896420634921,181.77439999999982,171.18507943843866,173.23359999999946,172.8007999999996,162.85743669201398,173.41679999999943,172.10786666666658,181.77439999999982,11.674399999999821
19185,corn,2022,12,170.1,192.2696703296703,177.8,187.52763885662503,175.67199246031754,178.51183333333339,171.18507943843866,173.23359999999946,172.8007999999996,174.34546804792282,173.55613666666613,172.74176666666662,178.51183333333339,8.41183333333339
19187,corn,2022,1,201.5,192.2696703296703,217.2,198.9965951104012,192.24148547619055,194.16880000000012,186.9239718901757,180.32640000000058,187.84843333333336,191.23820777622373,181.74561000000037,188.47756666666643,194.16880000000012,-7.331199999999882
19187,corn,2022,2,201.5,192.2696703296703,217.2,193.01029360675045,195.04183484848494,186.29859999999996,186.9239718901757,180.32640000000058,187.84843333333336,178.49506327337545,181.76367833333367,188.13723333333326,186.29859999999996,-15.201400000000035
19187,corn,2022,3,201.5,192.2696703296703,217.2,202.92698752640183,201.75708785714272,203.8079000000001,186.9239718901757,180.32640000000058,187.84843333333336,192.77337114338056,181.7194300000003,189.2474999999998,203.8079000000001,2.307900000000103
19187,corn,2022,4,201.5,192.2696703296703,217.2,213.34938351086058,206.1361811111112,205.6461,186.9239718901757,180.32640000000058,187.84843333333336,205.07094037038686,181.9484109523813,189.92019999999985,205.6461,4.14609999999999
19187,corn,2022,5,201.5,192.2696703296703,217.2,208.38181669036376,199.18469984126997,199.07533333333345,186.9239718901757,180.32640000000058,187.84843333333336,196.92304481143228,182.16516000000033,189.75646666666648,199.07533333333345,-2.4246666666665533
19187,corn,2022,6,201.5,192.2696703296703,217.2,202.4874217174941,198.9424078571431,199.49896666666672,186.9239718901757,180.32640000000058,187.84843333333336,189.57449481348957,182.0799709523813,188.9635999999997,199.49896666666672,-2.0010333333332824
19187,corn,2022,7,201.5,192.2696703296703,217.2,198.13106784522788,194.65132650793655,198.86816666666678,186.9239718901757,180.32640000000058,187.84843333333336,188.0030141275946,182.04465000000036,189.0399999999997,198.86816666666678,-2.631833333333219
19187,corn,2022,8,201.5,192.2696703296703,217.2,202.65672339905925,210.29854325396832,206.76116666666684,186.9239718901757,180.32640000000058,187.84843333333336,190.70568284543305,182.09049380952422,188.96623333333312,206.76116666666684,5.261166666666838
19187,corn,2022,9,201.5,192.2696703296703,217.2,196.30170092827535,203.77790995670998,199.0575333333334,186.9239718901757,180.32640000000058,187.84843333333336,186.40586935694142,182.62679714285733,188.65316666666652,199.0575333333334,-2.442466666666604
19187,corn,2022,10,201.5,192.2696703296703,217.2,189.01057246260746,174.22531755411273,184.07370000000006,186.9239718901757,180.32640000000058,187.84843333333336,176.4739479276894,180.4262038095241,187.35006666666632,184.07370000000006,-17.42629999999994
19187,corn,2022,11,201.5,192.2696703296703,217.2,201.30664553369533,194.2986195238096,193.28129999999996,186.9239718901757,180.32640000000058,187.84843333333336,188.61678354122483,183.13244777777805,189.09703333333312,193.28129999999996,-8.218700000000041
19187,corn,2022,12,201.5,192.2696703296703,217.2,213.4150347533781,199.11865510822528,195.84083333333336,186.9239718901757,180.32640000000058,187.84843333333336,204.53724269402352,182.44685333333368,189.12329999999992,195.84083333333336,-5.659166666666636
19189,corn,2022,1,217.6,192.2696703296703,198.6,189.6203231213385,184.35144162337645,185.4364000000001,185.86085789996548,181.01514278260913,178.04800000000017,181.4737516120614,175.66657904761934,175.42143333333334,185.4364000000001,-32.16359999999989
19189,corn,2022,2,217.6,192.2696703296703,198.6,190.03934192325872,184.12294976190483,183.38369999999995,185.86085789996548,181.01514278260913,178.04800000000017,175.3661465394532,171.12612158730195,173.75800000000012,183.38369999999995,-34.21630000000005
19189,corn,2022,3,217.6,192.2696703296703,198.6,188.3433498857105,191.49566000000002,194.78580000000008,185.86085789996548,181.01514278260913,178.04800000000017,178.80693167403405,172.71094777777807,175.37776666666696,194.78580000000008,-22.814199999999914
19189,corn,2022,4,217.6,192.2696703296703,198.6,200.46328764139312,193.53784246031762,193.6157666666667,185.86085789996548,181.01514278260913,178.04800000000017,194.4307027459692,177.65430357142878,176.98070000000018,193.6157666666667,-23.984233333333293
19189,corn,2022,5,217.6,192.2696703296703,198.6,194.93421023935008,193.5771751587301,191.20386666666658,185.86085789996548,181.01514278260913,178.04800000000017,186.78284606833722,176.3177952380955,176.78140000000016,191.20386666666658,-26.39613333333341
19189,corn,2022,6,217.6,192.2696703296703,198.6,196.06009895530198,197.3876084920635,199.40490000000025,185.86085789996548,181.01514278260913,178.04800000000017,182.30130765599296,179.94947944444468,177.99686666666685,199.40490000000025,-18.19509999999974
19189,corn,2022,7,217.6,192.2696703296703,198.6,183.4827656514779,190.59869579365076,194.02006666666662,185.86085789996548,181.01514278260913,178.04800000000017,176.50941265988132,177.17160825396837,177.1149666666668,194.02006666666662,-23.579933333333372
19189,corn,2022,8,217.6,192.2696703296703,198.6,192.87690882838336,198.43567063492065,198.79813333333342,185.86085789996548,181.01514278260913,178.04800000000017,186.4022866688015,179.03933301587327,177.79766666666683,198.79813333333342,-18.80186666666657
19189,corn,2022,9,217.6,192.2696703296703,198.6,193.211976621097,197.511218730159,199.83680000000018,185.86085789996548,181.01514278260913,178.04800000000017,186.19212281956004,178.77775936507962,177.55120000000014,199.83680000000018,-17.763199999999813
19189,corn,2022,10,217.6,192.2696703296703,198.6,164.34149366220097,165.5267003968256,176.82950000000005,185.86085789996548,181.01514278260913,178.04800000000017,156.33409120759262,168.20427019480542,173.23540000000017,176.82950000000005,-40.77049999999994
19189,corn,2022,11,217.6,192.2696703296703,198.6,195.5727178145182,195.0522585714287,199.46606666666642,185.86085789996548,181.01514278260913,178.04800000000017,185.0401314949336,177.40380857142878,177.90656666666686,199.46606666666642,-18.133933333333573
19189,corn,2022,12,217.6,192.2696703296703,198.6,192.67739698320136,194.79504269841252,195.0802,185.86085789996548,181.01514278260913,178.04800000000017,185.50235365280986,177.6006190476193,177.32923333333346,195.0802,-22.519800000000004
19191,corn,2022,1,212.4,192.2696703296703,200.2,193.1751818286828,194.07703836219324,197.44006666666655,182.0166188165286,166.91986206896462,187.44926666666606,181.24388356141125,165.13808999999912,187.12099999999964,197.44006666666655,-14.959933333333453
19191,corn,2022,2,212.4,192.2696703296703,200.2,187.62406448781164,191.36407817460338,183.21089999999975,182.0166188165286,166.91986206896462,187.44926666666606,174.10716403156684,165.12376999999918,186.19816666666622,183.21089999999975,-29.189100000000252
19191,corn,2022,3,212.4,192.2696703296703,200.2,195.28403432848262,188.28251706349224,193.9174333333333,182.0166188165286,166.91986206896462,187.44926666666606,178.75183394802116,165.49844333333243,184.98479999999958,193.9174333333333,-18.482566666666713
19191,corn,2022,4,212.4,192.2696703296703,200.2,197.0666102654797,202.0703303968253,196.7697999999999,182.0166188165286,166.91986206896462,187.44926666666606,190.8453383425504,165.86707999999905,186.9154666666662,196.7697999999999,-15.630200000000116
19191,corn,2022,5,212.4,192.2696703296703,200.2,186.4423783646886,186.49756595238088,188.79596666666643,182.0166188165286,166.91986206896462,187.44926666666606,179.99183286466524,165.62955238095148,186.3705666666662,188.79596666666643,-23.604033333333575
19191,corn,2022,6,212.4,192.2696703296703,200.2,189.4084020026592,189.75326582251077,190.69078333333334,182.0166188165286,166.91986206896462,187.44926666666606,178.41979629609213,165.65052999999907,186.00413333333285,190.69078333333334,-21.709216666666663
19191,corn,2022,7,212.4,192.2696703296703,200.2,192.57845664247,201.3712604761904,200.02193333333344,182.0166188165286,166.91986206896462,187.44926666666606,184.38461040943326,165.76166999999907,186.53816666666617,200.02193333333344,-12.37806666666657
19191,corn,2022,8,212.4,192.2696703296703,200.2,194.38907927005295,190.02635404761898,194.40473333333333,182.0166188165286,166.91986206896462,187.44926666666606,186.36166190230753,165.68834809523722,186.66209999999953,194.40473333333333,-17.99526666666668
19191,corn,2022,9,212.4,192.2696703296703,200.2,188.51202128368007,201.52224515873016,200.82803333333314,182.0166188165286,166.91986206896462,187.44926666666606,177.45733298340414,164.99154333333246,186.3548999999996,200.82803333333314,-11.571966666666867
19191,corn,2022,10,212.4,192.2696703296703,200.2,181.33731217797455,163.25384476190482,164.48096666666683,182.0166188165286,166.91986206896462,187.44926666666606,169.0954627708589,163.2011509523801,182.87506666666624,164.48096666666683,-47.919033333333175
19191,corn,2022,11,212.4,192.2696703296703,200.2,178.9628540569474,182.2807472510823,187.5596666666665,182.0166188165286,166.91986206896462,187.44926666666606,172.22291739058997,164.9417066666657,185.77926666666627,187.5596666666665,-24.84033333333352
19191,corn,2022,12,212.4,192.2696703296703,200.2,199.5171083532994,200.20164681818156,200.05516666666657,182.0166188165286,166.91986206896462,187.44926666666606,192.68102787564112,165.8211099999991,187.07309999999964,200.05516666666657,-12.34483333333344
19193,corn,2022,1,200.2,192.2696703296703,208.4,199.92257893347102,196.91230333333348,199.1576333333333,188.41720532491783,195.4956000000008,191.6802000000006,188.07368496116277,193.98312571428644,192.56390000000056,199.1576333333333,-1.0423666666666804
19193,corn,2022,2,200.2,192.2696703296703,208.4,195.9122869139423,200.3970003174605,197.4623,188.41720532491783,195.4956000000008,191.6802000000006,183.7271383214181,193.9040945238102,192.27376666666726,197.4623,-2.7376999999999896
19193,corn,2022,3,200.2,192.2696703296703,208.4,207.3791205735021,207.09010474025993,204.67619999999994,188.41720532491783,195.4956000000008,191.6802000000006,196.79925045684308,194.2027404761913,192.35356666666718,204.67619999999994,4.476199999999949
19193,corn,2022,4,200.2,192.2696703296703,208.4,213.68845830661843,210.09459007936513,204.0462999999999,188.41720532491783,195.4956000000008,191.6802000000006,201.85455689574084,194.51786761904842,191.36793333333392,204.0462999999999,3.8462999999999
19193,corn,2022,5,200.2,192.2696703296703,208.4,213.53360190653393,208.3206424603175,203.59293333333338,188.41720532491783,195.4956000000008,191.6802000000006,201.91497818214046,194.1009733333341,191.05430000000052,203.59293333333338,3.3929333333333886
19193,corn,2022,6,200.2,192.2696703296703,208.4,210.85248659329994,206.38099579365064,207.62816666666683,188.41720532491783,195.4956000000008,191.6802000000006,196.29330509691735,193.80332809523895,191.05640000000056,207.62816666666683,7.42816666666684
19193,corn,2022,7,200.2,192.2696703296703,208.4,207.40513128687954,199.45287306637798,201.5648000000002,188.41720532491783,195.4956000000008,191.6802000000006,193.0854275310973,193.65079690476276,190.81403333333387,201.5648000000002,1.3648000000002014
19193,corn,2022,8,200.2,192.2696703296703,208.4,202.6180529618512,198.21892674603188,197.35053333333332,188.41720532491783,195.4956000000008,191.6802000000006,191.96078344578143,193.5518742857151,190.88746666666722,197.35053333333332,-2.8494666666666717
19193,corn,2022,9,200.2,192.2696703296703,208.4,194.80802750516796,196.24353412698417,197.5537666666668,188.41720532491783,195.4956000000008,191.6802000000006,183.95770837993365,194.3556035714293,191.24913333333387,197.5537666666668,-2.6462333333331856
19193,corn,2022,10,200.2,192.2696703296703,208.4,180.40677140866364,178.47069865079376,184.2208666666667,188.41720532491783,195.4956000000008,191.6802000000006,168.4394547708811,189.89482095238174,190.00633333333386,184.2208666666667,-15.979133333333294
19193,corn,2022,11,200.2,192.2696703296703,208.4,205.97132352838457,199.40433150793655,196.38503333333318,188.41720532491783,195.4956000000008,191.6802000000006,190.99314677204708,194.2319188095246,191.29693333333393,196.38503333333318,-3.8149666666668054
19193,corn,2022,12,200.2,192.2696703296703,208.4,216.96886738608106,197.7591123015875,195.22326666666666,188.41720532491783,195.4956000000008,191.6802000000006,206.12158973174843,193.50770968254045,191.10493333333375,195.22326666666666,-4.976733333333328
19195,corn,2022,1,219.5,192.2696703296703,208.4,191.48200786641254,182.55042853535335,184.55773333333352,187.49464983677515,176.37680000000037,184.04040000000037,184.54320610350163,176.7107000000007,181.5423000000002,184.55773333333352,-34.942266666666484
19195,corn,2022,2,219.5,192.2696703296703,208.4,191.3718526120728,183.90211031746037,184.8665999999999,187.49464983677515,176.37680000000037,184.04040000000037,177.32078423297986,176.6227000000007,177.80106666666708,184.8665999999999,-34.63340000000011
19195,corn,2022,3,219.5,192.2696703296703,208.4,192.4252485567795,193.43408714285707,196.18509999999995,187.49464983677515,176.37680000000037,184.04040000000037,182.52203552826467,176.6253000000007,181.55933333333363,196.18509999999995,-23.31490000000005
19195,corn,2022,4,219.5,192.2696703296703,208.4,202.73068123197487,192.56506953102465,195.49839999999992,187.49464983677515,176.37680000000037,184.04040000000037,197.36983415809846,176.3659666666674,183.22350000000037,195.49839999999992,-24.00160000000008
19195,corn,2022,5,219.5,192.2696703296703,208.4,196.53079677357695,191.58367984126986,191.49840000000006,187.49464983677515,176.37680000000037,184.04040000000037,188.8746320715043,176.6315000000007,181.98710000000025,191.49840000000006,-28.00159999999994
19195,corn,2022,6,219.5,192.2696703296703,208.4,193.58055267269418,197.45309285714293,198.82049999999998,187.49464983677515,176.37680000000037,184.04040000000037,183.96219808109362,176.55690000000072,183.57930000000033,198.82049999999998,-20.67950000000002
19195,corn,2022,7,219.5,192.2696703296703,208.4,184.26072762975414,189.409653015873,194.01996666666662,187.49464983677515,176.37680000000037,184.04040000000037,178.05523817944493,176.6732000000007,181.38863333333364,194.01996666666662,-25.48003333333338
19195,corn,2022,8,219.5,192.2696703296703,208.4,193.5122469888194,195.7202280952382,197.98363333333322,187.49464983677515,176.37680000000037,184.04040000000037,188.62170052733813,176.50070000000068,182.30316666666684,197.98363333333322,-21.516366666666784
19195,corn,2022,9,219.5,192.2696703296703,208.4,190.51294769139378,195.80534269841272,195.72766666666666,187.49464983677515,176.37680000000037,184.04040000000037,185.79695236831338,176.64480000000069,182.2617000000003,195.72766666666666,-23.772333333333336
19195,corn,2022,10,219.5,192.2696703296703,208.4,167.56735382977777,165.37697690476202,174.9863666666666,187.49464983677515,176.37680000000037,184.04040000000037,161.97508579304878,176.6648000000007,177.49463333333347,174.9863666666666,-44.51363333333339
19195,corn,2022,11,219.5,192.2696703296703,208.4,195.98619825981064,200.0130465079366,199.69286666666656,187.49464983677515,176.37680000000037,184.04040000000037,185.2576696975764,176.66950000000068,182.4584000000002,199.69286666666656,-19.80713333333344
19195,corn,2022,12,219.5,192.2696703296703,208.4,196.07221957857405,196.41985,195.44260000000003,187.49464983677515,176.37680000000037,184.04040000000037,189.5924623783833,176.61410000000066,181.99073333333354,195.44260000000003,-24.057399999999973
19197,corn,2022,1,209.7,192.2696703296703,193.2,198.27781977922646,191.19089821789296,194.2913666666667,180.16495026775294,182.05540000000042,179.03279999999987,184.33285270149432,181.78644380952431,180.44273333333328,194.2913666666667,-15.408633333333285
19197,corn,2022,2,209.7,192.2696703296703,193.2,194.09242596688074,185.79166674603175,184.4638333333333,180.16495026775294,182.05540000000042,179.03279999999987,174.34252368916748,180.69411460317505,179.23896666666667,184.4638333333333,-25.23616666666669
19197,corn,2022,3,209.7,192.2696703296703,193.2,194.09977516426449,190.34975690476182,197.7948000000001,180.16495026775294,182.05540000000042,179.03279999999987,181.36254292241665,181.85372809523864,180.77013333333338,197.7948000000001,-11.905199999999894
19197,corn,2022,4,209.7,192.2696703296703,193.2,202.209657049536,197.13312167388167,195.7699333333334,180.16495026775294,182.05540000000042,179.03279999999987,191.98538847946938,182.07547666666724,181.02673333333334,195.7699333333334,-13.93006666666659
19197,corn,2022,5,209.7,192.2696703296703,193.2,199.23919474268178,193.73699301587317,196.35633333333345,180.16495026775294,182.05540000000042,179.03279999999987,184.47842113590144,182.32672047619104,181.09336666666653,196.35633333333345,-13.343666666666536
19197,corn,2022,6,209.7,192.2696703296703,193.2,198.72392681552589,195.85091642857148,195.06433333333337,180.16495026775294,182.05540000000042,179.03279999999987,182.0570776052246,181.8161580952387,181.0566333333333,195.06433333333337,-14.635666666666623
19197,corn,2022,7,209.7,192.2696703296703,193.2,185.04686549111312,195.30579285714268,196.15513333333325,180.16495026775294,182.05540000000042,179.03279999999987,175.3637721681334,181.80461142857197,180.5568333333333,196.15513333333325,-13.544866666666735
19197,corn,2022,8,209.7,192.2696703296703,193.2,196.43183571230605,202.50335238095255,202.02716666666657,180.16495026775294,182.05540000000042,179.03279999999987,182.7499950470375,182.00993523809578,182.1306666666667,202.02716666666657,-7.672833333333415
19197,corn,2022,9,209.7,192.2696703296703,193.2,195.20355758830112,200.1002215873018,201.98359999999994,180.16495026775294,182.05540000000042,179.03279999999987,182.91938489453784,181.85408952381005,181.3696333333335,201.98359999999994,-7.71640000000005
19197,corn,2022,10,209.7,192.2696703296703,193.2,173.23617135237902,163.8414830952383,174.17159999999976,180.16495026775294,182.05540000000042,179.03279999999987,160.13124409800594,178.8169857142862,177.90470000000005,174.17159999999976,-35.52840000000023
19197,corn,2022,11,209.7,192.2696703296703,193.2,198.80568123116936,195.0838653174604,198.82373333333337,180.16495026775294,182.05540000000042,179.03279999999987,183.5073471902896,181.6624223809529,181.05636666666675,198.82373333333337,-10.876266666666623
19197,corn,2022,12,209.7,192.2696703296703,193.2,207.09210442576003,198.3136607431458,196.78040000000004,180.16495026775294,182.05540000000042,179.03279999999987,193.26293673704006,182.39924428571481,181.3306,196.78040000000004,-12.919599999999946
