county_id,crop_type,year,month,yield_bu_acre,prediction,residual,abs_error,ape
19001,corn,2022,1,164.2,190.24633116642914,-26.046331166429155,26.046331166429155,15.862564656777806
19001,corn,2022,2,164.2,190.13887830825158,-25.93887830825159,25.93887830825159,15.7971244264626
19001,corn,2022,3,164.2,194.35968492158,-30.15968492158001,30.15968492158001,18.36765220559075
19001,corn,2022,4,164.2,196.8199501520518,-32.619950152051814,32.619950152051814,19.86598669430683
19001,corn,2022,5,164.2,189.5487938542206,-25.348793854220617,25.348793854220617,15.437755087832288
19001,corn,2022,6,164.2,188.96525806262412,-24.765258062624127,24.765258062624127,15.082373972365486
19001,corn,2022,7,164.2,190.80515598402587,-26.605155984025885,26.605155984025885,16.20289645799384
19001,corn,2022,8,164.2,189.05155622412627,-24.851556224126284,24.851556224126284,15.134930708968506
19001,corn,2022,9,164.2,184.89653058731912,-20.69653058731913,20.69653058731913,12.60446442589472
19001,corn,2022,10,164.2,184.15834075637483,-19.958340756374838,19.958340756374838,12.154896928364701
19001,corn,2022,11,164.2,180.49975420266472,-16.29975420266473,16.29975420266473,9.926768698334184
19001,corn,2022,12,164.2,190.843850950842,-26.643850950842022,26.643850950842022,16.22646221123144
19005,corn,2022,1,215.9,198.1810819782615,17.718918021738517,17.718918021738517,8.207002325955774
19005,corn,2022,2,215.9,190.5913661437338,25.308633856266198,25.308633856266198,11.722387149729595
19005,corn,2022,3,215.9,196.6758835572375,19.224116442762494,19.224116442762494,8.904176212488418
19005,corn,2022,4,215.9,192.48650156441718,23.413498435582824,23.413498435582824,10.844603258722938
19005,corn,2022,5,215.9,186.44421541739084,29.45578458260917,29.45578458260917,13.643253627887525
19005,corn,2022,6,215.9,193.17158149301636,22.728418506983644,22.728418506983644,10.527289720696453
19005,corn,2022,7,215.9,197.99169771828738,17.908302281712622,17.908302281712622,8.294720834512562
19005,corn,2022,8,215.9,194.78860276200277,21.111397237997238,21.111397237997238,9.778322018525817
19005,corn,2022,9,215.9,195.11761225714062,20.782387742859385,20.782387742859385,9.625932256998325
19005,corn,2022,10,215.9,177.82459647778217,38.07540352221784,38.07540352221784,17.635666290976303
19005,corn,2022,11,215.9,193.71854357978825,22.18145642021176,22.18145642021176,10.273949245118926
19005,corn,2022,12,215.9,199.0526195206624,16.847380479337602,16.847380479337602,7.803325835728393
19007,corn,2022,1,146.1,185.6279973587121,-39.5279973587121,39.5279973587121,27.055439670576387
19007,corn,2022,2,146.1,190.7838171925097,-44.68381719250971,44.68381719250971,30.584406018144904
19007,corn,2022,3,146.1,192.9005077317022,-46.8005077317022,46.8005077317022,32.033201732855716
19007,corn,2022,4,146.1,192.81779690900802,-46.71779690900803,46.71779690900803,31.976589260101324
19007,corn,2022,5,146.1,173.9008364543853,-27.80083645438532,27.80083645438532,19.028635492392414
19007,corn,2022,6,146.1,177.69887200113143,-31.59887200113144,31.59887200113144,21.628249145196058
19007,corn,2022,7,146.1,180.43386055974267,-34.333860559742675,34.333860559742675,23.500246789693826
19007,corn,2022,8,146.1,175.8630435436577,-29.763043543657716,29.763043543657716,20.371693048362573
19007,corn,2022,9,146.1,182.00810140651964,-35.90810140651965,35.90810140651965,24.577755925064785
19007,corn,2022,10,146.1,179.24673667068114,-33.14673667068115,33.14673667068115,22.68770477117122
19007,corn,2022,11,146.1,178.33412403344457,-32.23412403344457,32.23412403344457,22.063055464370002
19007,corn,2022,12,146.1,172.91037220457494,-26.810372204574946,26.810372204574946,18.350699660900034
19009,corn,2022,1,197.9,196.20592761332665,1.694072386673355,1.694072386673355,0.8560244500623319
19009,corn,2022,2,197.9,190.24570352920418,7.654296470795828,7.654296470795828,3.8677597123778815
19009,corn,2022,3,197.9,193.94265693523036,3.9573430647696455,3.9573430647696455,1.9996680468770314
19009,corn,2022,4,197.9,194.4115815177597,3.4884184822402915,3.4884184822402915,1.7627177777869083
19009,corn,2022,5,197.9,195.0608492369184,2.8391507630816193,2.8391507630816193,1.4346390920068819
19009,corn,2022,6,197.9,194.4283427417292,3.4716572582707954,3.4716572582707954,1.7542482356092952
19009,corn,2022,7,197.9,186.93009980799053,10.969900192009476,10.969900192009476,5.5431532046536
19009,corn,2022,8,197.9,194.30237310376367,3.597626896236335,3.597626896236335,1.8179014129541864
19009,corn,2022,9,197.9,189.85271409872814,8.047285901271863,8.047285901271863,4.066339515549198
19009,corn,2022,10,197.9,184.75795929873323,13.14204070126678,13.14204070126678,6.64074820680484
19009,corn,2022,11,197.9,187.202794647086,10.697205352914011,10.697205352914011,5.405358945383532
19009,corn,2022,12,197.9,193.66243901355736,4.237560986442645,4.237560986442645,2.1412637627299875
19011,corn,2022,1,221.7,197.06581772171137,24.63418227828862,24.63418227828862,11.111494036214985
19011,corn,2022,2,221.7,189.1666034581548,32.53339654184518,32.53339654184518,14.674513550674414
19011,corn,2022,3,221.7,196.36418375917964,25.33581624082035,25.33581624082035,11.427973045024967
19011,corn,2022,4,221.7,198.98503119929467,22.71496880070532,22.71496880070532,10.245813622329871
19011,corn,2022,5,221.7,197.09686875971371,24.603131240286274,24.603131240286274,11.097488155293764
19011,corn,2022,6,221.7,193.76819422067064,27.931805779329352,27.931805779329352,12.598920062845897
19011,corn,2022,7,221.7,193.80468364334155,27.89531635665844,27.89531635665844,12.582461144185134
19011,corn,2022,8,221.7,198.58101768337295,23.11898231662704,23.11898231662704,10.428047955176833
19011,corn,2022,9,221.7,195.90483459840092,25.795165401599064,25.795165401599064,11.635167073341933
19011,corn,2022,10,221.7,187.75571400699573,33.94428599300426,33.94428599300426,15.310909333786316
19011,corn,2022,11,221.7,194.40087089480593,27.299129105194055,27.299129105194055,12.313544927917933
19011,corn,2022,12,221.7,197.2582476951086,24.441752304891395,24.441752304891395,11.024696574150381
19013,corn,2022,1,202.5,196.5572220926451,5.942777907354895,5.942777907354895,2.934705139434516
19013,corn,2022,2,202.5,188.16869082199779,14.331309178002215,14.331309178002215,7.077189717531958
19013,corn,2022,3,202.5,197.0143282736279,5.4856717263720896,5.4856717263720896,2.7089736920356
19013,corn,2022,4,202.5,195.04779426290864,7.4522057370913615,7.4522057370913615,3.680101598563635
19013,corn,2022,5,202.5,193.4159587711088,9.08404122889121,9.08404122889121,4.485946285872202
19013,corn,2022,6,202.5,195.7478258947454,6.752174105254596,6.752174105254596,3.3344069655578257
19013,corn,2022,7,202.5,192.5300710729437,9.969928927056287,9.969928927056287,4.923421692373475
19013,corn,2022,8,202.5,192.00147512051205,10.498524879487945,10.498524879487945,5.1844567306113305
19013,corn,2022,9,202.5,194.18739992214665,8.312600077853347,8.312600077853347,4.104987692767085
19013,corn,2022,10,202.5,181.3625890194592,21.137410980540807,21.137410980540807,10.438227644711509
19013,corn,2022,11,202.5,190.41125576239966,12.088744237600338,12.088744237600338,5.96975024079029
19013,corn,2022,12,202.5,198.22620573795942,4.273794262040582,4.273794262040582,2.1105156849583118
19015,corn,2022,1,202.4,192.9548606719229,9.445139328077119,9.445139328077119,4.666570814267351
19015,corn,2022,2,202.4,189.07556885896724,13.324431141032761,13.324431141032761,6.583216966913419
19015,corn,2022,3,202.4,195.87921948289767,6.520780517102338,6.520780517102338,3.2217295044972025
19015,corn,2022,4,202.4,195.35373920774973,7.04626079225028,7.04626079225028,3.4813541463687154
19015,corn,2022,5,202.4,193.1789391513064,9.221060848693611,9.221060848693611,4.555860103109492
19015,corn,2022,6,202.4,195.5488292353869,6.8511707646131015,6.8511707646131015,3.384965792793034
19015,corn,2022,7,202.4,189.33832885328636,13.06167114671365,13.06167114671365,6.453394835332831
19015,corn,2022,8,202.4,195.29154152080835,7.108458479191654,7.108458479191654,3.5120842288496315
19015,corn,2022,9,202.4,193.0250040116587,9.374995988341311,9.374995988341311,4.631915014002623
19015,corn,2022,10,202.4,182.98200263542657,19.417997364573438,19.417997364573438,9.593872215698338
19015,corn,2022,11,202.4,190.59123624597038,11.808763754029627,11.808763754029627,5.834369443690527
19015,corn,2022,12,202.4,196.02157409900832,6.378425900991687,6.378425900991687,3.1513961961421373
19017,corn,2022,1,210.8,193.243244952854,17.556755047145998,17.556755047145998,8.328631426539847
19017,corn,2022,2,210.8,188.76270426678673,22.037295733213284,22.037295733213284,10.454125110632488
19017,corn,2022,3,210.8,193.3649314437647,17.435068556235308,17.435068556235308,8.2709053872084
19017,corn,2022,4,210.8,191.14741489253095,19.652585107469065,19.652585107469065,9.322858210374319
19017,corn,2022,5,210.8,190.22448860919263,20.575511390807378,20.575511390807378,9.760679027897238
19017,corn,2022,6,210.8,190.66017641402408,20.139823585975932,20.139823585975932,9.553996008527482
19017,corn,2022,7,210.8,185.6128924296242,25.187107570375815,25.187107570375815,11.948343249703896
19017,corn,2022,8,210.8,185.42126723020482,25.378732769795192,25.378732769795192,12.039247044494871
19017,corn,2022,9,210.8,195.2089372740453,15.591062725954714,15.591062725954714,7.396139813071496
19017,corn,2022,10,210.8,179.94009184919557,30.859908150804443,30.859908150804443,14.639425118977439
19017,corn,2022,11,210.8,183.33856428132245,27.461435718677564,27.461435718677564,13.02724654586222
19017,corn,2022,12,210.8,192.82982088578567,17.970179114214346,17.970179114214346,8.52475290048119
19019,corn,2022,1,209.7,196.8684526817077,12.83154731829228,12.83154731829228,6.119002059271474
19019,corn,2022,2,209.7,188.2548782211626,21.445121778837375,21.445121778837375,10.226572140599608
19019,corn,2022,3,209.7,193.47603314109196,16.223966858908028,16.223966858908028,7.736751005678602
19019,corn,2022,4,209.7,196.58642711794,13.113572882059998,13.113572882059998,6.253492075374344
19019,corn,2022,5,209.7,193.70730295354647,15.992697046453515,15.992697046453515,7.6264649720808375
19019,corn,2022,6,209.7,194.51521032477729,15.184789675222703,15.184789675222703,7.241196793143874
19019,corn,2022,7,209.7,194.77575934154774,14.924240658452248,14.924240658452248,7.116948334979613
19019,corn,2022,8,209.7,197.47305635211742,12.226943647882564,12.226943647882564,5.830683666133794
19019,corn,2022,9,209.7,197.80175950318812,11.898240496811866,11.898240496811866,5.673934428617962
19019,corn,2022,10,209.7,186.60257300419923,23.09742699580076,23.09742699580076,11.014509773867792
19019,corn,2022,11,209.7,194.900921061531,14.799078938468995,14.799078938468995,7.057262250104433
19019,corn,2022,12,209.7,198.5353420826742,11.164657917325798,11.164657917325798,5.324109641070958
19021,corn,2022,1,197.0,194.6833984212348,2.3166015787651872,2.3166015787651872,1.1759398876980645
19021,corn,2022,2,197.0,189.72564101833217,7.274358981667831,7.274358981667831,3.692568010998899
19021,corn,2022,3,197.0,194.26621617759622,2.7337838224037796,2.7337838224037796,1.3877075240628323
19021,corn,2022,4,197.0,195.12745405915237,1.8725459408476297,1.8725459408476297,0.9505309344404211
19021,corn,2022,5,197.0,195.0546409283871,1.9453590716128986,1.9453590716128986,0.987491914524314
19021,corn,2022,6,197.0,196.97066954682748,0.02933045317251981,0.02933045317251981,0.014888554909908534
19021,corn,2022,7,197.0,191.06973689626813,5.930263103731875,5.930263103731875,3.0102858394578043
19021,corn,2022,8,197.0,196.4834626615246,0.5165373384753877,0.5165373384753877,0.2622016946575572
19021,corn,2022,9,197.0,194.47643429892082,2.5235657010791783,2.5235657010791783,1.2809978178066894
19021,corn,2022,10,197.0,185.09293830585577,11.907061694144232,11.907061694144232,6.044193753372707
19021,corn,2022,11,197.0,198.0808089500623,-1.0808089500623055,1.0808089500623055,0.5486339848032007
19021,corn,2022,12,197.0,195.6602163289097,1.339783671090288,1.339783671090288,0.6800932340559838
19023,corn,2022,1,212.4,196.5014681525555,15.898531847444502,15.898531847444502,7.485184485614173
19023,corn,2022,2,212.4,188.45593579522946,23.94406420477054,23.94406420477054,11.273099908084058
19023,corn,2022,3,212.4,195.81866312378494,16.58133687621506,16.58133687621506,7.80665577976227
19023,corn,2022,4,212.4,192.27690671234836,20.123093287651642,20.123093287651642,9.474149382133541
19023,corn,2022,5,212.4,192.01443777453727,20.385562225462735,20.385562225462735,9.597722328372285
19023,corn,2022,6,212.4,195.6390705057332,16.760929494266804,16.760929494266804,7.891209743063467
19023,corn,2022,7,212.4,191.64489501106587,20.755104988934136,20.755104988934136,9.77170668028914
19023,corn,2022,8,212.4,196.96302999908895,15.43697000091106,15.43697000091106,7.2678766482632104
19023,corn,2022,9,212.4,195.25254756966748,17.14745243033252,17.14745243033252,8.073188526521903
19023,corn,2022,10,212.4,180.13567654905236,32.26432345094764,32.26432345094764,15.190359440182505
19023,corn,2022,11,212.4,184.27544906565004,28.12455093434997,28.12455093434997,13.241313999223149
19023,corn,2022,12,212.4,197.5626982564389,14.837301743561113,14.837301743561113,6.985546960245345
19025,corn,2022,1,202.3,195.39804997053852,6.901950029461489,6.901950029461489,3.4117400046769593
19025,corn,2022,2,202.3,189.74018601122117,12.559813988778842,12.559813988778842,6.208509139287613
19025,corn,2022,3,202.3,196.86113234897255,5.438867651027465,5.438867651027465,2.68851589274714
19025,corn,2022,4,202.3,197.24271460075403,5.057285399245984,5.057285399245984,2.499893919548188
19025,corn,2022,5,202.3,196.22176911972667,6.078230880273338,6.078230880273338,3.0045629660273545
19025,corn,2022,6,202.3,196.1962043894947,6.103795610505301,6.103795610505301,3.0172000051929317
19025,corn,2022,7,202.3,194.14096080895865,8.159039191041359,8.159039191041359,4.033138502739178
19025,corn,2022,8,202.3,202.68492791850107,-0.384927918501063,0.384927918501063,0.19027578769207265
19025,corn,2022,9,202.3,192.50665506037512,9.793344939624888,9.793344939624888,4.8410009587864
19025,corn,2022,10,202.3,183.6910746641535,18.60892533584652,18.60892533584652,9.198677872390766
19025,corn,2022,11,202.3,196.7743642775923,5.5256357224077135,5.5256357224077135,2.7314066843340155
19025,corn,2022,12,202.3,198.20715413922642,4.092845860773593,4.092845860773593,2.0231566291515537
19027,corn,2022,1,195.7,196.86234015321637,-1.1623401532163768,1.1623401532163768,0.5939397819194568
19027,corn,2022,2,195.7,190.2010615550718,5.4989384449282,5.4989384449282,2.809881678552989
19027,corn,2022,3,195.7,195.37338116897763,0.32661883102235834,0.32661883102235834,0.16689771641408194
19027,corn,2022,4,195.7,196.59215152863172,-0.8921515286317288,0.8921515286317288,0.45587712244850737
19027,corn,2022,5,195.7,196.54982297789365,-0.8498229778936661,0.8498229778936661,0.434247817012604
19027,corn,2022,6,195.7,196.09836354815448,-0.39836354815449226,0.39836354815449226,0.20355827703346566
19027,corn,2022,7,195.7,194.82909522293983,0.8709047770601615,0.8709047770601615,0.4450203255289532
19027,corn,2022,8,195.7,198.42193498240655,-2.721934982406566,2.721934982406566,1.390871222486748
19027,corn,2022,9,195.7,193.63922105406243,2.0607789459375567,2.0607789459375567,1.053029609574633
19027,corn,2022,10,195.7,185.00520174765654,10.694798252343446,10.694798252343446,5.464894354799921
19027,corn,2022,11,195.7,194.76126098063168,0.9387390193683132,0.9387390193683132,0.47968268746464654
19027,corn,2022,12,195.7,196.31856012846444,-0.618560128464452,0.618560128464452,0.3160756916016617
19029,corn,2022,1,179.2,196.00668881693787,-16.80668881693788,16.80668881693788,9.378732598737656
19029,corn,2022,2,179.2,191.13474085672647,-11.934740856726478,11.934740856726478,6.660011638798258
19029,corn,2022,3,179.2,192.93392769541157,-13.73392769541158,13.73392769541158,7.664022151457356
19029,corn,2022,4,179.2,195.29271163973058,-16.092711639730595,16.092711639730595,8.980307834671091
19029,corn,2022,5,179.2,191.68225420087964,-12.482254200879652,12.482254200879652,6.9655436388837355
19029,corn,2022,6,179.2,194.1932129173492,-14.993212917349211,14.993212917349211,8.366748279770766
19029,corn,2022,7,179.2,191.42803752276313,-12.228037522763145,12.228037522763145,6.8236816533276485
19029,corn,2022,8,179.2,192.12595801009843,-12.92595801009844,12.92595801009844,7.213146210992434
19029,corn,2022,9,179.2,186.4271772401466,-7.227177240146602,7.227177240146602,4.033023013474667
19029,corn,2022,10,179.2,184.01942781958937,-4.819427819589379,4.819427819589379,2.6894128457530018
19029,corn,2022,11,179.2,186.0385999896602,-6.838599989660224,6.838599989660224,3.8161830299443222
19029,corn,2022,12,179.2,192.37399732821677,-13.173997328216785,13.173997328216785,7.351561009049545
19031,corn,2022,1,221.4,194.20703474103922,27.192965258960783,27.192965258960783,12.282278798085269
19031,corn,2022,2,221.4,190.19513373370378,31.20486626629622,31.20486626629622,14.094338873665862
19031,corn,2022,3,221.4,195.67858281258802,25.721417187411987,25.721417187411987,11.617622939210474
19031,corn,2022,4,221.4,197.25444304696174,24.145556953038266,24.145556953038266,10.905852282311773
19031,corn,2022,5,221.4,192.38462547635362,29.015374523646386,29.015374523646386,13.105408547265757
19031,corn,2022,6,221.4,188.68736002182456,32.712639978175446,32.712639978175446,14.775356810377346
19031,corn,2022,7,221.4,195.03960696769138,26.36039303230862,26.36039303230862,11.906229915225213
19031,corn,2022,8,221.4,204.82408289250415,16.575917107495854,16.575917107495854,7.486864095526583
19031,corn,2022,9,221.4,195.4809254387511,25.91907456124892,25.91907456124892,11.706899079154887
19031,corn,2022,10,221.4,186.67887858025364,34.72112141974637,34.72112141974637,15.682529999885443
19031,corn,2022,11,221.4,188.05770792124898,33.34229207875103,33.34229207875103,15.05975251976108
19031,corn,2022,12,221.4,193.76966751658298,27.63033248341702,27.63033248341702,12.479824969926387
19033,corn,2022,1,216.9,193.17503764071708,23.724962359282927,23.724962359282927,10.938203024104624
19033,corn,2022,2,216.9,189.6340405508974,27.26595944910261,27.26595944910261,12.570751244399544
19033,corn,2022,3,216.9,194.47819830915785,22.42180169084216,22.42180169084216,10.337391282084905
19033,corn,2022,4,216.9,194.78529138826445,22.11470861173555,22.11470861173555,10.19580848858255
19033,corn,2022,5,216.9,192.43847380208038,24.461526197919625,24.461526197919625,11.277789856117854
19033,corn,2022,6,216.9,195.7456453466622,21.154354653337805,21.154354653337805,9.753045022285756
19033,corn,2022,7,216.9,188.9935247934317,27.906475206568302,27.906475206568302,12.866055881313187
19033,corn,2022,8,216.9,200.26184958168471,16.63815041831529,16.63815041831529,7.670885393414149
19033,corn,2022,9,216.9,194.2708237379427,22.629176262057314,22.629176262057314,10.432999659777462
19033,corn,2022,10,216.9,186.38001311760635,30.519986882393653,30.519986882393653,14.07099441327508
19033,corn,2022,11,216.9,190.94075919100527,25.959240808994736,25.959240808994736,11.968299128167235
19033,corn,2022,12,216.9,195.1734265443052,21.72657345569482,21.72657345569482,10.016861897507985
19035,corn,2022,1,198.8,196.41745622880597,2.3825437711940367,2.3825437711940367,1.1984626615664167
19035,corn,2022,2,198.8,191.41543792795753,7.384562072042485,7.384562072042485,3.714568446701451
19035,corn,2022,3,198.8,194.97260461397545,3.8273953860245626,3.8273953860245626,1.925249188141128
19035,corn,2022,4,198.8,195.30368075689736,3.496319243102647,3.496319243102647,1.758711892908776
19035,corn,2022,5,198.8,195.25726613534388,3.542733864656128,3.542733864656128,1.7820592880564023
19035,corn,2022,6,198.8,198.0633626829798,0.736637317020211,0.736637317020211,0.370541909969925
19035,corn,2022,7,198.8,192.45986890871455,6.340131091285457,6.340131091285457,3.18920075014359
19035,corn,2022,8,198.8,192.8373246564015,5.962675343598505,5.962675343598505,2.999333673842306
19035,corn,2022,9,198.8,190.20171450324008,8.598285496759928,8.598285496759928,4.32509330822934
19035,corn,2022,10,198.8,185.74326697347541,13.056733026524597,13.056733026524597,6.56777315217535
19035,corn,2022,11,198.8,195.67166703191475,3.1283329680852603,3.1283329680852603,1.573608132839668
19035,corn,2022,12,198.8,196.33352454804918,2.466475451950828,2.466475451950828,1.2406818168766738
19037,corn,2022,1,214.6,192.89528140408626,21.704718595913732,21.704718595913732,10.114034760444424
19037,corn,2022,2,214.6,188.70687695675232,25.89312304324767,25.89312304324767,12.065760970758467
19037,corn,2022,3,214.6,193.40798627838097,21.19201372161902,21.19201372161902,9.875122889850429
19037,corn,2022,4,214.6,191.883643482423,22.716356517576997,22.716356517576997,10.585441061312673
19037,corn,2022,5,214.6,191.34623826709276,23.253761732907236,23.253761732907236,10.83586287647122
19037,corn,2022,6,214.6,194.55549285279534,20.044507147204655,20.044507147204655,9.340404076050632
19037,corn,2022,7,214.6,187.08414569053795,27.515854309462043,27.515854309462043,12.821926518854635
19037,corn,2022,8,214.6,187.3285707438164,27.27142925618358,27.27142925618358,12.708028544353953
19037,corn,2022,9,214.6,194.60058482169262,19.999415178307373,19.999415178307373,9.319391974980137
19037,corn,2022,10,214.6,179.09310030100136,35.50689969899864,35.50689969899864,16.54561961742714
19037,corn,2022,11,214.6,182.23889772736774,32.36110227263225,32.36110227263225,15.079730788738235
19037,corn,2022,12,214.6,192.08014794547333,22.519852054526666,22.519852054526666,10.49387327797142
19041,corn,2022,1,191.5,193.64752207407574,-2.147522074075738,2.147522074075738,1.1214214486035186
19041,corn,2022,2,191.5,189.55880864181998,1.9411913581800206,1.9411913581800206,1.013676949441264
19041,corn,2022,3,191.5,194.43530272521468,-2.935302725214683,2.935302725214683,1.5327951567700695
19041,corn,2022,4,191.5,195.90017603707142,-4.400176037071418,4.400176037071418,2.2977420559119675
19041,corn,2022,5,191.5,193.36409559622885,-1.8640955962288501,1.8640955962288501,0.9734180659158487
19041,corn,2022,6,191.5,197.87306866193808,-6.373068661938078,6.373068661938078,3.327973191612573
19041,corn,2022,7,191.5,189.97718186843275,1.5228181315672487,1.5228181315672487,0.795205290635639
19041,corn,2022,8,191.5,192.84491661718062,-1.3449166171806155,1.3449166171806155,0.7023063275094598
19041,corn,2022,9,191.5,190.11808309423105,1.3819169057689464,1.3819169057689464,0.7216276270333924
19041,corn,2022,10,191.5,184.83772145913687,6.662278540863127,6.662278540863127,3.478996627082573
19041,corn,2022,11,191.5,194.64092698539977,-3.1409269853997728,3.1409269853997728,1.6401707495560172
19041,corn,2022,12,191.5,196.24613580638533,-4.746135806385325,4.746135806385325,2.478399898895731
19043,corn,2022,1,215.4,198.33829226917587,17.06170773082414,17.06170773082414,7.920941379212692
19043,corn,2022,2,215.4,189.82520751542685,25.574792484573152,25.574792484573152,11.873162713358008
19043,corn,2022,3,215.4,198.34307786404574,17.056922135954267,17.056922135954267,7.918719654574868
19043,corn,2022,4,215.4,199.39928185742525,16.000718142574755,16.000718142574755,7.428374253748725
19043,corn,2022,5,215.4,190.27039227585874,25.129607724141266,25.129607724141266,11.666484551597616
19043,corn,2022,6,215.4,194.65052745942876,20.749472540571247,20.749472540571247,9.632995608436048
19043,corn,2022,7,215.4,202.25116789969508,13.14883210030493,13.14883210030493,6.104378876650385
19043,corn,2022,8,215.4,200.77034084758182,14.629659152418185,14.629659152418185,6.7918566167215335
19043,corn,2022,9,215.4,197.11872346256774,18.281276537432262,18.281276537432262,8.487129311714142
19043,corn,2022,10,215.4,180.42201444289233,34.97798555710767,34.97798555710767,16.238619107292326
19043,corn,2022,11,215.4,199.08289957256147,16.317100427438533,16.317100427438533,7.575255537343793
19043,corn,2022,12,215.4,199.35450022637457,16.045499773625437,16.045499773625437,7.449164240308931
19045,corn,2022,1,225.2,196.8442772251481,28.3557227748519,28.3557227748519,12.591351143362301
19045,corn,2022,2,225.2,191.7602903351915,33.439709664808476,33.439709664808476,14.848894167321705
19045,corn,2022,3,225.2,198.40555206816074,26.794447931839244,26.794447931839244,11.898067465292737
19045,corn,2022,4,225.2,198.82023627509977,26.379763724900215,26.379763724900215,11.713927053685708
19045,corn,2022,5,225.2,191.3950279470266,33.8049720529734,33.8049720529734,15.011088833469538
19045,corn,2022,6,225.2,194.4020334643877,30.79796653561229,30.79796653561229,13.675828834641338
19045,corn,2022,7,225.2,197.1844215340242,28.01557846597578,28.01557846597578,12.440310153630453
19045,corn,2022,8,225.2,204.893032965004,20.306967034995978,20.306967034995978,9.017303301507983
19045,corn,2022,9,225.2,198.13993773075055,27.060062269249443,27.060062269249443,12.01601344105215
19045,corn,2022,10,225.2,182.49329751260922,42.70670248739077,42.70670248739077,18.963899861185958
19045,corn,2022,11,225.2,188.86373341970727,36.336266580292715,36.336266580292715,16.135109493913287
19045,corn,2022,12,225.2,197.57755995116264,27.622440048837348,27.622440048837348,12.265737144243937
19047,corn,2022,1,216.4,197.03243179662846,19.367568203371547,19.367568203371547,8.949892885107
19047,corn,2022,2,216.4,191.94475423256574,24.455245767434263,24.455245767434263,11.300945363879048
19047,corn,2022,3,216.4,199.03655357959235,17.363446420407655,17.363446420407655,8.02377376174106
19047,corn,2022,4,216.4,201.12112317283325,15.278876827166755,15.278876827166755,7.060479125308112
19047,corn,2022,5,216.4,204.75449167450103,11.64550832549898,11.64550832549898,5.381473348197311
19047,corn,2022,6,216.4,199.50977082988612,16.890229170113884,16.890229170113884,7.805096659017506
19047,corn,2022,7,216.4,196.9813439207618,19.418656079238218,19.418656079238218,8.97350096083097
19047,corn,2022,8,216.4,202.060163299455,14.339836700544993,14.339836700544993,6.62654191337569
19047,corn,2022,9,216.4,196.55987783747457,19.840122162525432,19.840122162525432,9.168263476213232
19047,corn,2022,10,216.4,187.79961217546267,28.600387824537336,28.600387824537336,13.21644539026679
19047,corn,2022,11,216.4,192.3266339770956,24.073366022904395,24.073366022904395,11.124475981009423
19047,corn,2022,12,216.4,200.27309520835843,16.12690479164158,16.12690479164158,7.452358961017365
19049,corn,2022,1,187.2,194.88464724368794,-7.684647243687948,7.684647243687948,4.10504660453416
19049,corn,2022,2,187.2,189.47594840865673,-2.2759484086567454,2.2759484086567454,1.2157844063337315
19049,corn,2022,3,187.2,196.2177375726551,-9.017737572655108,9.017737572655108,4.8171675067602076
19049,corn,2022,4,187.2,199.60776299199904,-12.40776299199905,12.40776299199905,6.628078521367015
19049,corn,2022,5,187.2,192.30421366876013,-5.1042136687601385,5.1042136687601385,2.7266098657906723
19049,corn,2022,6,187.2,193.47845460014088,-6.27845460014089,6.27845460014089,3.3538753205880822
19049,corn,2022,7,187.2,186.12070924244154,1.0792907575584536,1.0792907575584536,0.5765442080974645
19049,corn,2022,8,187.2,191.32434459312066,-4.124344593120668,4.124344593120668,2.2031755305131773
19049,corn,2022,9,187.2,187.92989161422557,-0.7298916142255791,0.7298916142255791,0.38989936657349317
19049,corn,2022,10,187.2,181.55005630927096,5.649943690729032,5.649943690729032,3.018132313423628
19049,corn,2022,11,187.2,188.38209172086167,-1.1820917208616777,1.1820917208616777,0.63145925259705
19049,corn,2022,12,187.2,196.202297391752,-9.002297391752023,9.002297391752023,4.808919546876081
19051,corn,2022,1,154.9,183.14869452643813,-28.24869452643813,28.24869452643813,18.236729842761864
19051,corn,2022,2,154.9,190.83580721185962,-35.93580721185961,35.93580721185961,23.19935907802428
19051,corn,2022,3,154.9,189.71262283692778,-34.81262283692777,34.81262283692777,22.474256189107663
19051,corn,2022,4,154.9,189.8852557767209,-34.98525577672089,34.98525577672089,22.58570418122717
19051,corn,2022,5,154.9,174.60111999577506,-19.70111999577506,19.70111999577506,12.718605549241484
19051,corn,2022,6,154.9,179.17033096411296,-24.270330964112958,24.270330964112958,15.668386677929606
19051,corn,2022,7,154.9,182.78265120540684,-27.88265120540683,27.88265120540683,18.00042040374876
19051,corn,2022,8,154.9,179.88039939636894,-24.980399396368938,24.980399396368938,16.126791088682335
19051,corn,2022,9,154.9,182.11417958757036,-27.214179587570356,27.214179587570356,17.568869972608365
19051,corn,2022,10,154.9,179.26135637888305,-24.361356378883045,24.361356378883045,15.727150664224043
19051,corn,2022,11,154.9,178.85675441884726,-23.956754418847254,23.956754418847254,15.465948624175116
19051,corn,2022,12,154.9,173.27254522742828,-18.372545227428276,18.372545227428276,11.860907183620577
19053,corn,2022,1,148.7,187.11709239431087,-38.417092394310885,38.417092394310885,25.835300870417544
19053,corn,2022,2,148.7,190.58914850694163,-41.88914850694164,41.88914850694164,28.17024109411005
19053,corn,2022,3,148.7,195.4125638638065,-46.71256386380651,46.71256386380651,31.413963593682926
19053,corn,2022,4,148.7,193.22144203665718,-44.52144203665719,44.52144203665719,29.94044521631284
19053,corn,2022,5,148.7,181.71304735664816,-33.01304735664817,33.01304735664817,22.201107839037103
19053,corn,2022,6,148.7,183.36544126232968,-34.66544126232969,34.66544126232969,23.31233440640867
19053,corn,2022,7,148.7,184.86960125245355,-36.16960125245356,36.16960125245356,24.323874413216924
19053,corn,2022,8,148.7,183.84727326110382,-35.147273261103834,35.147273261103834,23.636363995362363
19053,corn,2022,9,148.7,181.64751955465286,-32.94751955465287,32.94751955465287,22.157040722698635
19053,corn,2022,10,148.7,180.2143897103637,-31.5143897103637,31.5143897103637,21.193268130708613
19053,corn,2022,11,148.7,180.21742517571866,-31.51742517571867,31.51742517571867,21.195309465849814
19053,corn,2022,12,148.7,185.70983422580193,-37.00983422580194,37.00983422580194,24.888926849900432
19055,corn,2022,1,230.8,195.43778115152432,35.36221884847569,35.36221884847569,15.321585289634182
19055,corn,2022,2,230.8,187.42783138979982,43.37216861020019,43.37216861020019,18.792100784315508
19055,corn,2022,3,230.8,194.05698570469917,36.74301429530084,36.74301429530084,15.91985021460175
19055,corn,2022,4,230.8,195.51602645439414,35.283973545605875,35.283973545605875,15.287683511960951
19055,corn,2022,5,230.8,187.6517254393747,43.14827456062531,43.14827456062531,18.695092963875783
19055,corn,2022,6,230.8,187.80549645992375,42.994503540076266,42.994503540076266,18.628467738334603
19055,corn,2022,7,230.8,195.98232322608644,34.817676773913576,34.817676773913576,15.085648515560473
19055,corn,2022,8,230.8,198.53184239627072,32.26815760372929,32.26815760372929,13.981004161061216
19055,corn,2022,9,230.8,196.26745938054935,34.53254061945066,34.53254061945066,14.962105987630267
19055,corn,2022,10,230.8,186.07935805890693,44.72064194109308,44.72064194109308,19.376361326296827
19055,corn,2022,11,230.8,187.0162201858089,43.78377981419112,43.78377981419112,18.970441860568076
19055,corn,2022,12,230.8,197.5788779930547,33.22112200694531,33.22112200694531,14.393900349629682
19057,corn,2022,1,194.8,193.02707608359094,1.77292391640907,1.77292391640907,0.9101252137623562
19057,corn,2022,2,194.8,192.93122242415836,1.8687775758416478,1.8687775758416478,0.9593314044361642
19057,corn,2022,3,194.8,189.77642144160077,5.023578558399237,5.023578558399237,2.578839095687493
19057,corn,2022,4,194.8,193.1710620144479,1.6289379855521133,1.6289379855521133,0.8362104648624811
19057,corn,2022,5,194.8,188.64206374523022,6.157936254769794,6.157936254769794,3.1611582416682724
19057,corn,2022,6,194.8,185.836673461439,8.963326538561006,8.963326538561006,4.601296991047744
19057,corn,2022,7,194.8,189.16504867039058,5.634951329609436,5.634951329609436,2.8926854874791763
19057,corn,2022,8,194.8,190.714578994815,4.0854210051849975,4.0854210051849975,2.0972387090272058
19057,corn,2022,9,194.8,187.59542551861924,7.204574481380774,7.204574481380774,3.6984468590250383
19057,corn,2022,10,194.8,178.37063870164155,16.429361298358458,16.429361298358458,8.433963705522823
19057,corn,2022,11,194.8,181.2791971237057,13.520802876294312,13.520802876294312,6.940863899535067
19057,corn,2022,12,194.8,184.5054113876961,10.294588612303897,10.294588612303897,5.28469641288701
19059,corn,2022,1,203.4,192.09530084335537,11.30469915664463,11.30469915664463,5.557865858724007
19059,corn,2022,2,203.4,189.87845737155814,13.521542628441864,13.521542628441864,6.647759404347033
19059,corn,2022,3,203.4,193.47168855446867,9.928311445531335,9.928311445531335,4.881175735266143
19059,corn,2022,4,203.4,192.72011579379196,10.679884206208044,10.679884206208044,5.250680534025587
19059,corn,2022,5,203.4,192.36763357357157,11.032366426428439,11.032366426428439,5.423975627545938
19059,corn,2022,6,203.4,195.23454211315826,8.16545788684175,8.16545788684175,4.014482736893683
19059,corn,2022,7,203.4,182.25657719305994,21.143422806940066,21.143422806940066,10.394996463589019
19059,corn,2022,8,203.4,184.87648922060268,18.523510779397327,18.523510779397327,9.106937452997704
19059,corn,2022,9,203.4,191.7129784351153,11.687021564884702,11.687021564884702,5.7458316444860875
19059,corn,2022,10,203.4,185.62767041965876,17.77232958034125,17.77232958034125,8.73762516240966
19059,corn,2022,11,203.4,191.02695434216565,12.373045657834354,12.373045657834354,6.0831099596039095
19059,corn,2022,12,203.4,192.76232457012765,10.63767542987236,10.63767542987236,5.229928923241081
19061,corn,2022,1,223.7,197.25687934924937,26.443120650750615,26.443120650750615,11.820795999441492
19061,corn,2022,2,223.7,190.57963138051352,33.12036861948647,33.12036861948647,14.805707921093639
19061,corn,2022,3,223.7,196.93075962214334,26.769240377856647,26.769240377856647,11.966580410306952
19061,corn,2022,4,223.7,196.9913514223278,26.708648577672193,26.708648577672193,11.939494223367095
19061,corn,2022,5,223.7,185.81170407563457,37.88829592436542,37.88829592436542,16.93710144137927
19061,corn,2022,6,223.7,192.28618106069862,31.413818939301365,31.413818939301365,14.042833678722113
19061,corn,2022,7,223.7,202.01630302742316,21.683696972576826,21.683696972576826,9.693203832175604
19061,corn,2022,8,223.7,197.68767564594773,26.012324354052254,26.012324354052254,11.62821830757812
19061,corn,2022,9,223.7,195.26121909989467,28.438780900105314,28.438780900105314,12.71291054989062
19061,corn,2022,10,223.7,179.25238461358364,44.447615386416345,44.447615386416345,19.8692961047905
19061,corn,2022,11,223.7,194.89209457580296,28.80790542419703,28.80790542419703,12.877919277692012
19061,corn,2022,12,223.7,200.03170275755107,23.668297242448915,23.668297242448915,10.580374270205148
19063,corn,2022,1,213.7,191.2899273089022,22.41007269109778,22.41007269109778,10.48669756251651
19063,corn,2022,2,213.7,190.19920638204073,23.50079361795926,23.50079361795926,10.997095750097923
19063,corn,2022,3,213.7,192.86865473433386,20.83134526566613,20.83134526566613,9.747938823428232
19063,corn,2022,4,213.7,192.96686958310534,20.733130416894653,20.733130416894653,9.701979605472463
19063,corn,2022,5,213.7,192.22554109962306,21.47445890037693,21.47445890037693,10.048881095169364
19063,corn,2022,6,213.7,194.750462171936,18.949537828063995,18.949537828063995,8.867355090343471
19063,corn,2022,7,213.7,182.50279679281715,31.197203207182838,31.197203207182838,14.598597663632587
19063,corn,2022,8,213.7,190.99691078379908,22.703089216200908,22.703089216200908,10.623813390828689
19063,corn,2022,9,213.7,192.75548774901685,20.944512250983138,20.944512250983138,9.80089482965987
19063,corn,2022,10,213.7,185.9393846652307,27.760615334769284,27.760615334769284,12.990461083186375
19063,corn,2022,11,213.7,193.59312448291084,20.10687551708915,20.10687551708915,9.408926306546164
19063,corn,2022,12,213.7,192.32268143407347,21.377318565926515,21.377318565926515,10.003424691589386
19065,corn,2022,1,209.8,196.80607484616806,12.993925153831952,12.993925153831952,6.193481960835058
19065,corn,2022,2,209.8,188.10034798661718,21.69965201338283,21.69965201338283,10.343018118866935
19065,corn,2022,3,209.8,195.26639015779324,14.533609842206772,14.533609842206772,6.9273640811281085
19065,corn,2022,4,209.8,196.34364954884262,13.456350451157391,13.456350451157391,6.41389439997969
19065,corn,2022,5,209.8,191.18400845170382,18.615991548296194,18.615991548296194,8.873208554955287
19065,corn,2022,6,209.8,194.22873551708508,15.571264482914927,15.571264482914927,7.421956378891767
19065,corn,2022,7,209.8,195.4845121149613,14.31548788503872,14.31548788503872,6.823397466653345
19065,corn,2022,8,209.8,196.3286121440741,13.471387855925911,13.471387855925911,6.421061895102913
19065,corn,2022,9,209.8,196.42427309574677,13.375726904253241,13.375726904253241,6.375465635964367
19065,corn,2022,10,209.8,179.8032542273687,29.9967457726313,29.9967457726313,14.297781588480124
19065,corn,2022,11,209.8,192.20322099413542,17.59677900586459,17.59677900586459,8.387406580488364
19065,corn,2022,12,209.8,199.05305051721479,10.746949482785226,10.746949482785226,5.122473538029182
19067,corn,2022,1,204.6,194.05274479392648,10.547255206073515,10.547255206073515,5.155061195539353
19067,corn,2022,2,204.6,188.92494700368186,15.67505299631813,15.67505299631813,7.661316224984422
19067,corn,2022,3,204.6,194.06953547983022,10.530464520169772,10.530464520169772,5.14685460418855
19067,corn,2022,4,204.6,192.61071995535676,11.989280044643237,11.989280044643237,5.859863169424847
19067,corn,2022,5,204.6,191.69076513121846,12.909234868781539,12.909234868781539,6.309498958348748
19067,corn,2022,6,204.6,193.78871789209674,10.811282107903253,10.811282107903253,5.284106602103251
19067,corn,2022,7,204.6,187.17551514603514,17.424484853964856,17.424484853964856,8.516366008780476
19067,corn,2022,8,204.6,190.1512261694642,14.4487738305358,14.4487738305358,7.061961794005766
19067,corn,2022,9,204.6,193.25937100157267,11.34062899842732,11.34062899842732,5.542829422496247
19067,corn,2022,10,204.6,180.1093203366233,24.49067966337668,24.49067966337668,11.970029160985671
19067,corn,2022,11,204.6,184.27301494982228,20.32698505017771,20.32698505017771,9.934987805560954
19067,corn,2022,12,204.6,191.82745455450802,12.772545445491971,12.772545445491971,6.242690833573788
19069,corn,2022,1,220.1,194.43267321368566,25.667326786314334,25.667326786314334,11.661665963795699
19069,corn,2022,2,220.1,189.51557112857466,30.58442887142533,30.58442887142533,13.895696897512643
19069,corn,2022,3,220.1,194.99020039041534,25.109799609584655,25.109799609584655,11.40835965905709
19069,corn,2022,4,220.1,194.062443763189,26.037556236810985,26.037556236810985,11.829875618723754
19069,corn,2022,5,220.1,193.49508915504583,26.604910844954162,26.604910844954162,12.087646908202709
19069,corn,2022,6,220.1,197.02556831602962,23.074431683970374,23.074431683970374,10.483612759641241
19069,corn,2022,7,220.1,191.74992965205007,28.350070347949924,28.350070347949924,12.880540821422045
19069,corn,2022,8,220.1,201.03472859577207,19.06527140422793,19.06527140422793,8.662095140494289
19069,corn,2022,9,220.1,194.8342426284499,25.26575737155008,25.26575737155008,11.479217342821482
19069,corn,2022,10,220.1,187.1968806195051,32.9031193804949,32.9031193804949,14.94916827828028
19069,corn,2022,11,220.1,193.0860634924009,27.013936507599084,27.013936507599084,12.273483192911897
19069,corn,2022,12,220.1,198.41920575832003,21.680794241679962,21.680794241679962,9.850429005761
19071,corn,2022,1,191.6,195.47777501122098,-3.87777501122099,3.87777501122099,2.0238909244368424
19071,corn,2022,2,191.6,194.0511333905532,-2.4511333905531956,2.4511333905531956,1.27929717669791
19071,corn,2022,3,191.6,198.20566686168553,-6.605666861685535,6.605666861685535,3.447634061422513
19071,corn,2022,4,191.6,194.07316229625496,-2.4731622962549693,2.4731622962549693,1.2907945178783764
19071,corn,2022,5,191.6,197.64278327836115,-6.042783278361156,6.042783278361156,3.1538534855747162
19071,corn,2022,6,191.6,196.17745926061454,-4.577459260614546,4.577459260614546,2.389070595310306
19071,corn,2022,7,191.6,192.12917364388628,-0.5291736438862813,0.5291736438862813,0.276186661736055
19071,corn,2022,8,191.6,188.31715621356432,3.282843786435677,3.282843786435677,1.7133840221480572
19071,corn,2022,9,191.6,195.32431952663467,-3.724319526634673,3.724319526634673,1.9437993354043182
19071,corn,2022,10,191.6,183.59547875033132,8.00452124966867,8.00452124966867,4.177725078115172
19071,corn,2022,11,191.6,187.74462699700354,3.8553730029964584,3.8553730029964584,2.0121988533384436
19071,corn,2022,12,191.6,192.12387509831322,-0.5238750983132263,0.5238750983132263,0.27342124129082795
19073,corn,2022,1,197.3,195.18425774673776,2.1157422532622547,2.1157422532622547,1.072347822231249
19073,corn,2022,2,197.3,189.29691768657787,8.00308231342214,8.00308231342214,4.056301223224603
19073,corn,2022,3,197.3,196.05490010000375,1.2450998999962621,1.2450998999962621,0.6310693867188353
19073,corn,2022,4,197.3,197.5147233772974,-0.2147233772973891,0.2147233772973891,0.1088309058780482
19073,corn,2022,5,197.3,195.15758342321013,2.142416576789884,2.142416576789884,1.0858674996400832
19073,corn,2022,6,197.3,196.93885074237005,0.3611492576299611,0.3611492576299611,0.18304574639126256
19073,corn,2022,7,197.3,192.095591677508,5.204408322492014,5.204408322492014,2.6378146591444573
19073,corn,2022,8,197.3,199.17170612217532,-1.8717061221753113,1.8717061221753113,0.9486599706919976
19073,corn,2022,9,197.3,194.9148557575113,2.385144242488707,2.385144242488707,1.2088921654783105
19073,corn,2022,10,197.3,187.13823682460955,10.161763175390462,10.161763175390462,5.1504121517437715
19073,corn,2022,11,197.3,194.22062696519006,3.0793730348099473,3.0793730348099473,1.5607567333045853
19073,corn,2022,12,197.3,195.38328321025853,1.9167167897414856,1.9167167897414856,0.9714732842075446
19075,corn,2022,1,207.5,197.9025840419325,9.5974159580675,9.5974159580675,4.625260702683133
19075,corn,2022,2,207.5,189.776868352698,17.72313164730201,17.72313164730201,8.541268263760006
19075,corn,2022,3,207.5,197.61777727552163,9.882222724478368,9.882222724478368,4.762516975652225
19075,corn,2022,4,207.5,198.46497068424551,9.035029315754485,9.035029315754485,4.35423099554433
19075,corn,2022,5,207.5,197.7754651228281,9.724534877171891,9.724534877171891,4.686522832371995
19075,corn,2022,6,207.5,196.88681478228816,10.613185217711845,10.613185217711845,5.1147880567285995
19075,corn,2022,7,207.5,197.6353485440038,9.86465145599621,9.86465145599621,4.754048894456004
19075,corn,2022,8,207.5,203.00666869594136,4.493331304058643,4.493331304058643,2.1654608694258517
19075,corn,2022,9,207.5,195.40787798808145,12.092122011918548,12.092122011918548,5.827528680442674
19075,corn,2022,10,207.5,183.87894313098482,23.621056869015177,23.621056869015177,11.383641864585629
19075,corn,2022,11,207.5,195.26602065393885,12.233979346061147,12.233979346061147,5.89589366075236
19075,corn,2022,12,207.5,199.52229046767775,7.977709532322251,7.977709532322251,3.844679292685422
19077,corn,2022,1,193.6,193.4495790545965,0.15042094540348216,0.15042094540348216,0.07769676931998046
19077,corn,2022,2,193.6,190.50266705941632,3.0973329405836694,3.0973329405836694,1.599862056086606
19077,corn,2022,3,193.6,197.21975970889645,-3.619759708896453,3.619759708896453,1.8697105934382503
19077,corn,2022,4,193.6,198.03119682166485,-4.431196821664855,4.431196821664855,2.2888413335045743
19077,corn,2022,5,193.6,192.90654112987858,0.6934588701214182,0.6934588701214182,0.3581915651453606
19077,corn,2022,6,193.6,191.86079355832564,1.7392064416743551,1.7392064416743551,0.8983504347491504
19077,corn,2022,7,193.6,188.60500876605832,4.9949912339416755,4.9949912339416755,2.580057455548386
19077,corn,2022,8,193.6,193.9889420799913,-0.3889420799912955,0.3889420799912955,0.20089983470624764
19077,corn,2022,9,193.6,191.39865692806288,2.201343071937117,2.201343071937117,1.1370573718683457
19077,corn,2022,10,193.6,184.1287536314552,9.471246368544797,9.471246368544797,4.892172711025205
19077,corn,2022,11,193.6,183.4665985547065,10.133401445293487,10.133401445293487,5.234194961411925
19077,corn,2022,12,193.6,196.5986789613976,-2.9986789613976157,2.9986789613976157,1.5489044222095123
19079,corn,2022,1,208.6,195.09178919816557,13.508210801834423,13.508210801834423,6.475652349872687
19079,corn,2022,2,208.6,190.83939874839692,17.760601251603077,17.760601251603077,8.514190437010104
19079,corn,2022,3,208.6,197.72409601473763,10.875903985262369,10.875903985262369,5.213760299742267
19079,corn,2022,4,208.6,196.22361584805282,12.376384151947178,12.376384151947178,5.93307006325368
19079,corn,2022,5,208.6,195.27236591347963,13.327634086520362,13.327634086520362,6.38908633102606
19079,corn,2022,6,208.6,195.63048458639875,12.969515413601243,12.969515413601243,6.2174091148615735
19079,corn,2022,7,208.6,191.84739887597104,16.752601124028956,16.752601124028956,8.03096889934274
19079,corn,2022,8,208.6,203.30231143673862,5.297688563261374,5.297688563261374,2.5396397714579932
19079,corn,2022,9,208.6,194.12504470698704,14.474955293012954,14.474955293012954,6.939096497129891
19079,corn,2022,10,208.6,186.60485156919515,21.995148430804846,21.995148430804846,10.544174703166274
19079,corn,2022,11,208.6,194.53019497542255,14.069805024577448,14.069805024577448,6.744872974389956
19079,corn,2022,12,208.6,199.32273138999963,9.277268610000363,9.277268610000363,4.447396265580231
19081,corn,2022,1,211.5,194.01543296827927,17.48456703172073,17.48456703172073,8.266934766771032
19081,corn,2022,2,211.5,189.8150660999207,21.6849339000793,21.6849339000793,10.252923829824729
19081,corn,2022,3,211.5,193.89543120134852,17.604568798651485,17.604568798651485,8.323673190851766
19081,corn,2022,4,211.5,193.00583060660102,18.494169393398977,18.494169393398977,8.744288129266655
19081,corn,2022,5,211.5,191.92821109496953,19.571788905030473,19.571788905030473,9.253800900723629
19081,corn,2022,6,211.5,195.69670458435448,15.803295415645522,15.803295415645522,7.472007288721287
19081,corn,2022,7,211.5,190.40833660084692,21.091663399153077,21.091663399153077,9.972417682814694
19081,corn,2022,8,211.5,203.63135868852882,7.86864131147118,7.86864131147118,3.7203977832015034
19081,corn,2022,9,211.5,195.03383202620773,16.466167973792267,16.466167973792267,7.785422209830858
19081,corn,2022,10,211.5,185.09420502613364,26.405794973866364,26.405794973866364,12.485009443908446
19081,corn,2022,11,211.5,195.29625807676962,16.203741923230382,16.203741923230382,7.6613436989268955
19081,corn,2022,12,211.5,195.65452817683166,15.845471823168339,15.845471823168339,7.491948852561863
19083,corn,2022,1,215.6,195.42865518605257,20.171344813947428,20.171344813947428,9.355911323723296
19083,corn,2022,2,215.6,189.68046052550912,25.919539474490875,25.919539474490875,12.022049849021741
19083,corn,2022,3,215.6,197.60986308096054,17.990136919039458,17.990136919039458,8.34421935020383
19083,corn,2022,4,215.6,196.84581895292095,18.754181047079044,18.754181047079044,8.698599743543156
19083,corn,2022,5,215.6,194.79021933740466,20.80978066259533,20.80978066259533,9.652031847214902
19083,corn,2022,6,215.6,196.44782741414951,19.15217258585048,19.15217258585048,8.883196932212654
19083,corn,2022,7,215.6,196.5274606781706,19.072539321829396,19.072539321829396,8.846261280996936
19083,corn,2022,8,215.6,203.73166104319833,11.868338956801665,11.868338956801665,5.504795434509122
19083,corn,2022,9,215.6,196.13587980698327,19.464120193016726,19.464120193016726,9.02788506169607
19083,corn,2022,10,215.6,183.97261966338158,31.627380336618415,31.627380336618415,14.669471399173661
19083,corn,2022,11,215.6,190.38319103348817,25.21680896651182,25.21680896651182,11.696108054968377
19083,corn,2022,12,215.6,200.2087150391588,15.391284960841205,15.391284960841205,7.138814916902228
19085,corn,2022,1,172.4,196.99268939331253,-24.592689393312526,24.592689393312526,14.264901040204482
19085,corn,2022,2,172.4,193.62371109624826,-21.223711096248252,21.223711096248252,12.31073729480757
19085,corn,2022,3,172.4,201.49080544397424,-29.090805443974233,29.090805443974233,16.874017078871365
19085,corn,2022,4,172.4,198.26678131599365,-25.86678131599365,25.86678131599365,15.00393347795455
19085,corn,2022,5,172.4,202.99576453777073,-30.59576453777072,30.59576453777072,17.746963188962134
19085,corn,2022,6,172.4,197.6433975845437,-25.243397584543686,25.243397584543686,14.64234198639425
19085,corn,2022,7,172.4,196.9411322978458,-24.54113229784579,24.54113229784579,14.23499553239315
19085,corn,2022,8,172.4,197.6201026916319,-25.220102691631894,25.220102691631894,14.6288298675359
19085,corn,2022,9,172.4,191.15954070995338,-18.75954070995337,18.75954070995337,10.881404124102882
19085,corn,2022,10,172.4,183.38078239295794,-10.980782392957934,10.980782392957934,6.36936333698256
19085,corn,2022,11,172.4,191.31140562422812,-18.91140562422811,18.91140562422811,10.969492821478022
19085,corn,2022,12,172.4,199.70414057801452,-27.30414057801451,27.30414057801451,15.837668548732314
19087,corn,2022,1,167.7,193.07677465351998,-25.376774653519988,25.376774653519988,15.132244873893852
19087,corn,2022,2,167.7,192.3616882332548,-24.661688233254807,24.661688233254807,14.70583675208993
19087,corn,2022,3,167.7,191.8024193776472,-24.10241937764721,24.10241937764721,14.372343099372218
19087,corn,2022,4,167.7,194.09239008618746,-26.392390086187476,26.392390086187476,15.73785932390428
19087,corn,2022,5,167.7,183.99877252954147,-16.29877252954148,16.29877252954148,9.71900568249343
19087,corn,2022,6,167.7,182.16112385584216,-14.461123855842175,14.461123855842175,8.623210408969694
19087,corn,2022,7,167.7,187.9509029628804,-20.250902962880417,20.250902962880417,12.075672607561371
19087,corn,2022,8,167.7,189.05288569620672,-21.352885696206727,21.352885696206727,12.732788131309917
19087,corn,2022,9,167.7,181.4224726083355,-13.722472608335522,13.722472608335522,8.18275051182798
19087,corn,2022,10,167.7,179.5048198392285,-11.804819839228514,11.804819839228514,7.039248562449919
19087,corn,2022,11,167.7,181.63971126060278,-13.939711260602792,13.939711260602792,8.312290554921164
19087,corn,2022,12,167.7,184.13414337760605,-16.434143377606063,16.434143377606063,9.799727714732299
19089,corn,2022,1,217.3,191.74115931225813,25.558840687741878,25.558840687741878,11.762006759200128
19089,corn,2022,2,217.3,188.96417280400163,28.335827195998377,28.335827195998377,13.039957292221985
19089,corn,2022,3,217.3,193.7532851885663,23.546714811433702,23.546714811433702,10.836039950038518
19089,corn,2022,4,217.3,192.48873446502674,24.811265534973273,24.811265534973273,11.417977696720328
19089,corn,2022,5,217.3,191.407416020494,25.892583979506014,25.892583979506014,11.915593179708244
19089,corn,2022,6,217.3,192.7115076883636,24.5884923116364,24.5884923116364,11.315458956114313
19089,corn,2022,7,217.3,185.4079423389502,31.89205766104982,31.89205766104982,14.676510658559511
19089,corn,2022,8,217.3,194.64185264736696,22.65814735263305,22.65814735263305,10.427127175624966
19089,corn,2022,9,217.3,194.23216879558714,23.06783120441287,23.06783120441287,10.6156609316212
19089,corn,2022,10,217.3,182.88480044540142,34.41519955459859,34.41519955459859,15.83764360542963
19089,corn,2022,11,217.3,185.323562515175,31.976437484825,31.976437484825,14.715341686527841
19089,corn,2022,12,217.3,192.16977376981768,25.13022623018233,25.13022623018233,11.564761265615429
19091,corn,2022,1,195.5,192.3594888275698,3.1405111724301946,3.1405111724301946,1.6063995766906365
19091,corn,2022,2,195.5,190.3189595466326,5.1810404533673875,5.1810404533673875,2.650148569497385
19091,corn,2022,3,195.5,193.30009400352043,2.199905996479572,2.199905996479572,1.1252716094524666
19091,corn,2022,4,195.5,192.92397195001442,2.576028049985581,2.576028049985581,1.317661406642241
19091,corn,2022,5,195.5,192.84244257036906,2.657557429630941,2.657557429630941,1.3593644141334738
19091,corn,2022,6,195.5,192.21375730217426,3.2862426978257417,3.2862426978257417,1.6809425564326044
19091,corn,2022,7,195.5,183.38154924765465,12.118450752345353,12.118450752345353,6.198696037005296
19091,corn,2022,8,195.5,193.13788369334594,2.362116306654059,2.362116306654059,1.2082436351171657
19091,corn,2022,9,195.5,195.3020741632968,0.19792583670320596,0.19792583670320596,0.10124083718834065
19091,corn,2022,10,195.5,182.76856060555764,12.731439394442361,12.731439394442361,6.512245214548522
19091,corn,2022,11,195.5,196.26778506225506,-0.7677850622550579,0.7677850622550579,0.39272893209977383
19091,corn,2022,12,195.5,193.15650308060586,2.3434969193941413,2.3434969193941413,1.1987196518640109
19093,corn,2022,1,221.2,196.52155639975717,24.678443600242815,24.678443600242815,11.156620072442502
19093,corn,2022,2,221.2,192.42344582675864,28.77655417324135,28.77655417324135,13.009292121718513
19093,corn,2022,3,221.2,194.02177792006154,27.17822207993845,27.17822207993845,12.286718842648487
19093,corn,2022,4,221.2,195.8619538071543,25.338046192845695,25.338046192845695,11.454812926241273
19093,corn,2022,5,221.2,197.71568231979623,23.48431768020376,23.48431768020376,10.616780144757577
19093,corn,2022,6,221.2,199.20539229838062,21.994607701619373,21.994607701619373,9.94331270416789
19093,corn,2022,7,221.2,196.4532240092903,24.746775990709693,24.746775990709693,11.187511749868758
19093,corn,2022,8,221.2,199.60474327844474,21.595256721555245,21.595256721555245,9.76277428641738
19093,corn,2022,9,221.2,195.262002450977,25.93799754902298,25.93799754902298,11.726038674965181
19093,corn,2022,10,221.2,187.7393383758196,33.460661624180375,33.460661624180375,15.126881385253336
19093,corn,2022,11,221.2,190.6947816949934,30.505218305006593,30.505218305006593,13.790785852172963
19093,corn,2022,12,221.2,194.5178563530809,26.682143646919087,26.682143646919087,12.062451919945339
19095,corn,2022,1,205.9,194.58824598885641,11.311754011143591,11.311754011143591,5.493809621730739
19095,corn,2022,2,205.9,188.65000286028283,17.24999713971718,17.24999713971718,8.377851937696542
19095,corn,2022,3,205.9,196.95243519796634,8.947564802033668,8.947564802033668,4.345587567767687
19095,corn,2022,4,205.9,195.08778380126415,10.812216198735854,10.812216198735854,5.251197765291818
19095,corn,2022,5,205.9,185.12809408264238,20.77190591735763,20.77190591735763,10.088346730139692
19095,corn,2022,6,205.9,188.12767562741283,17.77232437258718,17.77232437258718,8.631531992514414
19095,corn,2022,7,205.9,188.3974025630543,17.502597436945706,17.502597436945706,8.500532995116904
19095,corn,2022,8,205.9,191.48735791146143,14.412642088538576,14.412642088538576,6.999826172189692
19095,corn,2022,9,205.9,187.08159698817516,18.81840301182484,18.81840301182484,9.13958378427627
19095,corn,2022,10,205.9,186.5897841832722,19.310215816727805,19.310215816727805,9.378443815797866
19095,corn,2022,11,205.9,187.5608342070849,18.33916579291511,18.33916579291511,8.906831371012682
19095,corn,2022,12,205.9,191.2510368742462,14.648963125753795,14.648963125753795,7.11460083815143
19097,corn,2022,1,219.2,195.22553225427566,23.974467745724326,23.974467745724326,10.937257183268398
19097,corn,2022,2,219.2,193.39814815759507,25.801851842404915,25.801851842404915,11.770917811316112
19097,corn,2022,3,219.2,198.82192483124123,20.378075168758755,20.378075168758755,9.296567139032279
19097,corn,2022,4,219.2,197.54310021798258,21.656899782017405,21.656899782017405,9.879972528292612
19097,corn,2022,5,219.2,191.0856169844077,28.114383015592296,28.114383015592296,12.825904660397946
19097,corn,2022,6,219.2,193.4389986060059,25.761001393994093,25.761001393994093,11.752281657844021
19097,corn,2022,7,219.2,198.43976532091764,20.760234679082345,20.760234679082345,9.470909981333186
19097,corn,2022,8,219.2,200.53124296096212,18.66875703903787,18.66875703903787,8.516768722188809
19097,corn,2022,9,219.2,195.97185757688345,23.228142423116537,23.228142423116537,10.596780302516668
19097,corn,2022,10,219.2,182.05095328816344,37.14904671183655,37.14904671183655,16.947557806494775
19097,corn,2022,11,219.2,198.16523677914137,21.034763220858622,21.034763220858622,9.596151104406307
19097,corn,2022,12,219.2,199.97002900562796,19.229970994372025,19.229970994372025,8.772796986483588
19099,corn,2022,1,203.6,195.52082313610376,8.079176863896237,8.079176863896237,3.9681615245069928
19099,corn,2022,2,203.6,188.49424148059873,15.105758519401263,15.105758519401263,7.4193312963660425
19099,corn,2022,3,203.6,197.79780159876364,5.802198401236353,5.802198401236353,2.849802751098405
19099,corn,2022,4,203.6,200.55722982193095,3.0427701780690484,3.0427701780690484,1.494484370367902
19099,corn,2022,5,203.6,196.5625402388244,7.037459761175597,7.037459761175597,3.456512652836737
19099,corn,2022,6,203.6,197.1642729014444,6.4357270985555886,6.4357270985555886,3.160966158426124
19099,corn,2022,7,203.6,191.13891959029482,12.461080409705175,12.461080409705175,6.120373482173465
19099,corn,2022,8,203.6,198.02716331836072,5.572836681639274,5.572836681639274,2.7371496471705665
19099,corn,2022,9,203.6,191.9276321238808,11.672367876119182,11.672367876119182,5.732990115972093
19099,corn,2022,10,203.6,182.68902672447328,20.910973275526715,20.910973275526715,10.270615557724321
19099,corn,2022,11,203.6,196.39377282798813,7.2062271720118645,7.2062271720118645,3.539404308453765
19099,corn,2022,12,203.6,199.9618037013918,3.638196298608193,3.638196298608193,1.7869333490217059
19101,corn,2022,1,178.0,192.14646587992024,-14.146465879920243,14.146465879920243,7.947452741528226
19101,corn,2022,2,178.0,191.29170033336644,-13.291700333366435,13.291700333366435,7.467247378295751
19101,corn,2022,3,178.0,191.82621651074783,-13.826216510747827,13.826216510747827,7.767537365588667
19101,corn,2022,4,178.0,193.07952253915911,-15.079522539159115,15.079522539159115,8.471641875932088
19101,corn,2022,5,178.0,178.44894618132764,-0.4489461813276421,0.4489461813276421,0.2522169558020461
19101,corn,2022,6,178.0,181.65618745305213,-3.6561874530521266,3.6561874530521266,2.054037894973105
19101,corn,2022,7,178.0,184.1148125985992,-6.114812598599201,6.114812598599201,3.435287976741124
19101,corn,2022,8,178.0,182.91769714230156,-4.917697142301563,4.917697142301563,2.762751203540204
19101,corn,2022,9,178.0,180.46664920354687,-2.466649203546865,2.466649203546865,1.3857579795207107
19101,corn,2022,10,178.0,180.06529480069443,-2.0652948006944314,2.0652948006944314,1.16027797791822
19101,corn,2022,11,178.0,179.4097626203998,-1.409762620399789,1.409762620399789,0.792001472134713
19101,corn,2022,12,178.0,182.00571522749397,-4.005715227493965,4.005715227493965,2.250401813198857
19103,corn,2022,1,205.2,193.45330248780266,11.74669751219733,11.74669751219733,5.724511458185833
19103,corn,2022,2,205.2,191.48785273993687,13.71214726006312,13.71214726006312,6.682332972740312
19103,corn,2022,3,205.2,197.2821936679965,7.917806332003494,7.917806332003494,3.8585800838223654
19103,corn,2022,4,205.2,197.60480522432022,7.595194775679772,7.595194775679772,3.701361976452131
19103,corn,2022,5,205.2,186.42504150211468,18.774958497885308,18.774958497885308,9.14958991125015
19103,corn,2022,6,205.2,192.08431572479978,13.11568427520021,13.11568427520021,6.391659003508875
19103,corn,2022,7,205.2,193.76952641492323,11.430473585076754,11.430473585076754,5.5704062305442275
19103,corn,2022,8,205.2,197.41079558551849,7.789204414481503,7.789204414481503,3.7959085840553137
19103,corn,2022,9,205.2,192.3436923186301,12.856307681369884,12.856307681369884,6.265257154663686
19103,corn,2022,10,205.2,183.50732038062412,21.692679619375866,21.692679619375866,10.571481295992138
19103,corn,2022,11,205.2,194.33013617012142,10.869863829878568,10.869863829878568,5.2972045954573925
19103,corn,2022,12,205.2,190.05367036438432,15.146329635615672,15.146329635615672,7.381252259071966
19105,corn,2022,1,218.2,193.8538592978784,24.346140702121602,24.346140702121602,11.157718011971404
19105,corn,2022,2,218.2,188.1882793797051,30.01172062029488,30.01172062029488,13.754225765488032
19105,corn,2022,3,218.2,194.58513899537326,23.614861004626732,23.614861004626732,10.822576079113993
19105,corn,2022,4,218.2,194.72155357054717,23.478446429452816,23.478446429452816,10.76005794200404
19105,corn,2022,5,218.2,187.58276775996532,30.617232240034667,30.617232240034667,14.031728799282616
19105,corn,2022,6,218.2,186.6946903947543,31.505309605245685,31.505309605245685,14.438730341542477
19105,corn,2022,7,218.2,197.87434499709775,20.325655002902238,20.325655002902238,9.315148947251254
19105,corn,2022,8,218.2,203.9001146867803,14.299885313219676,14.299885313219676,6.553567971228083
19105,corn,2022,9,218.2,195.81148582329942,22.388514176700568,22.388514176700568,10.260547285380646
19105,corn,2022,10,218.2,183.2279736633228,34.972026336677175,34.972026336677175,16.027509778495496
19105,corn,2022,11,218.2,183.54754999474088,34.65245000525911,34.65245000525911,15.88104949828557
19105,corn,2022,12,218.2,193.00516823276922,25.194831767230767,25.194831767230767,11.546669004230417
19107,corn,2022,1,170.4,194.68576131476811,-24.28576131476811,24.28576131476811,14.25220734434748
19107,corn,2022,2,170.4,190.85725686452287,-20.45725686452286,20.45725686452286,12.005432432231727
19107,corn,2022,3,170.4,196.35277426728567,-25.952774267285662,25.952774267285662,15.230501330566703
19107,corn,2022,4,170.4,196.78783230640227,-26.38783230640226,26.38783230640226,15.485817081221983
19107,corn,2022,5,170.4,183.16887601387054,-12.768876013870539,12.768876013870539,7.493471839125903
19107,corn,2022,6,170.4,190.5375725897272,-20.1375725897272,20.1375725897272,11.817824289746008
19107,corn,2022,7,170.4,187.3158893281717,-16.915889328171687,16.915889328171687,9.927165098692305
19107,corn,2022,8,170.4,192.19031365836082,-21.790313658360816,21.790313658360816,12.787742757254
19107,corn,2022,9,170.4,182.46226846448184,-12.062268464481832,12.062268464481832,7.078796047231122
19107,corn,2022,10,170.4,184.02045348633777,-13.620453486337766,13.620453486337766,7.9932238769587824
19107,corn,2022,11,170.4,184.86483068147723,-14.464830681477224,14.464830681477224,8.488750399927948
19107,corn,2022,12,170.4,189.8978290132632,-19.497829013263186,19.497829013263186,11.442387918581682
19109,corn,2022,1,197.6,195.30622659716002,2.2937734028399746,2.2937734028399746,1.1608164994129426
19109,corn,2022,2,197.6,190.52990495427832,7.070095045721672,7.070095045721672,3.5779833227336395
19109,corn,2022,3,197.6,198.5537557239353,-0.9537557239353021,0.9537557239353021,0.4826699007769748
19109,corn,2022,4,197.6,198.55711333785442,-0.9571133378544232,0.9571133378544232,0.4843690981044652
19109,corn,2022,5,197.6,194.65004167355042,2.9499583264495755,2.9499583264495755,1.4928938899036313
19109,corn,2022,6,197.6,197.2931247554338,0.30687524456618576,0.30687524456618576,0.15530123712863653
19109,corn,2022,7,197.6,194.8206375446385,2.7793624553615075,2.7793624553615075,1.4065599470452974
19109,corn,2022,8,197.6,205.96645490363304,-8.366454903633041,8.366454903633041,4.234035882405386
19109,corn,2022,9,197.6,197.83671676328916,-0.23671676328916647,0.23671676328916647,0.119795932838647
19109,corn,2022,10,197.6,186.95968295024673,10.640317049753264,10.640317049753264,5.384775834895377
19109,corn,2022,11,197.6,196.9278088759303,0.6721911240696841,0.6721911240696841,0.34017769436724904
19109,corn,2022,12,197.6,198.92273844125833,-1.3227384412583376,1.3227384412583376,0.6694020451712236
19111,corn,2022,1,178.2,190.74460328508525,-12.544603285085259,12.544603285085259,7.039620249767261
19111,corn,2022,2,178.2,195.88318267866538,-17.68318267866539,17.68318267866539,9.923222603066998
19111,corn,2022,3,178.2,194.64977361367824,-16.449773613678246,16.449773613678246,9.231073857282968
19111,corn,2022,4,178.2,196.51122761009822,-18.31122761009823,18.31122761009823,10.275660836194293
19111,corn,2022,5,178.2,192.23493578911348,-14.03493578911349,14.03493578911349,7.875946009603531
19111,corn,2022,6,178.2,190.73270538047643,-12.532705380476443,12.532705380476443,7.0329435356209
19111,corn,2022,7,178.2,195.35744284094775,-17.157442840947766,17.157442840947766,9.628194635773157
19111,corn,2022,8,178.2,190.15757388898453,-11.957573888984541,11.957573888984541,6.710198590900417
19111,corn,2022,9,178.2,192.96118248700682,-14.761182487006835,14.761182487006835,8.28349185578386
19111,corn,2022,10,178.2,180.5272745609556,-2.327274560955601,2.327274560955601,1.3059902137797987
19111,corn,2022,11,178.2,191.5477302693431,-13.347730269343117,13.347730269343117,7.49030879312184
19111,corn,2022,12,178.2,184.13999880347856,-5.939998803478574,5.939998803478574,3.333332661884721
19113,corn,2022,1,215.0,195.48129100683988,19.518708993160118,19.518708993160118,9.078469299144242
19113,corn,2022,2,215.0,188.65435394749346,26.345646052506538,26.345646052506538,12.253788861630948
19113,corn,2022,3,215.0,195.7615871387426,19.238412861257387,19.238412861257387,8.948099005235994
19113,corn,2022,4,215.0,198.9462649395605,16.053735060439493,16.053735060439493,7.466853516483485
19113,corn,2022,5,215.0,191.74052003985452,23.259479960145484,23.259479960145484,10.81836277216069
19113,corn,2022,6,215.0,190.6345211828611,24.365478817138893,24.365478817138893,11.33278084518088
19113,corn,2022,7,215.0,195.50019016352962,19.499809836470376,19.499809836470376,9.069678993707152
19113,corn,2022,8,215.0,200.51386245550913,14.486137544490873,14.486137544490873,6.7377383927864525
19113,corn,2022,9,215.0,195.69953201858905,19.300467981410947,19.300467981410947,8.976961851819045
19113,corn,2022,10,215.0,184.50260450283457,30.497395497165428,30.497395497165428,14.184835114960665
19113,corn,2022,11,215.0,192.94529753087457,22.05470246912543,22.05470246912543,10.258001148430433
19113,corn,2022,12,215.0,196.62694095845617,18.373059041543826,18.373059041543826,8.545608856532013
19115,corn,2022,1,196.3,194.27650477884765,2.023495221152359,2.023495221152359,1.0308177387429236
19115,corn,2022,2,196.3,193.04313418287768,3.256865817122332,3.256865817122332,1.659126753500933
19115,corn,2022,3,196.3,195.40549321910478,0.8945067808952274,0.8945067808952274,0.455683535861043
19115,corn,2022,4,196.3,197.52373415782597,-1.2237341578259588,1.2237341578259588,0.6233999785155164
19115,corn,2022,5,196.3,188.98234731560595,7.317652684394062,7.317652684394062,3.727790465814601
19115,corn,2022,6,196.3,189.13032256997775,7.169677430022261,7.169677430022261,3.652408267968549
19115,corn,2022,7,196.3,189.05420900329204,7.245790996707967,7.245790996707967,3.6911823722404313
19115,corn,2022,8,196.3,195.24686473403702,1.0531352659629931,1.0531352659629931,0.536492748834943
19115,corn,2022,9,196.3,187.32135741884557,8.978642581154446,8.978642581154446,4.573939165132169
19115,corn,2022,10,196.3,180.88776600741295,15.412233992587062,15.412233992587062,7.851367291180367
19115,corn,2022,11,196.3,187.3070665087027,8.992933491297322,8.992933491297322,4.581219302749527
19115,corn,2022,12,196.3,191.47948476981443,4.820515230185578,4.820515230185578,2.4556878401352917
19117,corn,2022,1,139.5,184.85223225994807,-45.35223225994807,45.35223225994807,32.5105607598194
19117,corn,2022,2,139.5,189.7735491839529,-50.273549183952895,50.273549183952895,36.038386511794194
19117,corn,2022,3,139.5,194.03363545263437,-54.53363545263437,54.53363545263437,39.092211794003134
19117,corn,2022,4,139.5,194.86785587331318,-55.367855873313175,55.367855873313175,39.69021926402378
19117,corn,2022,5,139.5,173.86397078509037,-34.36397078509037,34.36397078509037,24.633670813684855
19117,corn,2022,6,139.5,178.00231758229097,-38.50231758229097,38.50231758229097,27.600227657556253
19117,corn,2022,7,139.5,180.64429120071327,-41.14429120071327,41.14429120071327,29.49411555606686
19117,corn,2022,8,139.5,178.37372273701988,-38.873722737019875,38.873722737019875,27.866467911842204
19117,corn,2022,9,139.5,179.62083526834587,-40.12083526834587,40.12083526834587,28.76045538949525
19117,corn,2022,10,139.5,179.18969553853427,-39.68969553853427,39.68969553853427,28.451394651279045
19117,corn,2022,11,139.5,178.13502833232891,-38.635028332328915,38.635028332328915,27.695360811705317
19117,corn,2022,12,139.5,181.08867262563334,-41.588672625633336,41.588672625633336,29.812668548841103
19119,corn,2022,1,190.8,197.82399685152964,-7.023996851529631,7.023996851529631,3.681340068935865
19119,corn,2022,2,190.8,192.8710641672106,-2.0710641672105794,2.0710641672105794,1.0854634000055448
19119,corn,2022,3,190.8,197.19611659159105,-6.3961165915910385,6.3961165915910385,3.352262364565534
19119,corn,2022,4,190.8,193.09336892279737,-2.293368922797356,2.293368922797356,1.2019753264137085
19119,corn,2022,5,190.8,194.9516069701973,-4.151606970197292,4.151606970197292,2.1758946384681828
19119,corn,2022,6,190.8,202.3263554921765,-11.526355492176492,11.526355492176492,6.041066819799
19119,corn,2022,7,190.8,193.9749524108916,-3.174952410891592,3.174952410891592,1.6640211797125741
19119,corn,2022,8,190.8,194.55452744572102,-3.75452744572101,3.75452744572101,1.9677816801472796
19119,corn,2022,9,190.8,192.81247803609625,-2.0124780360962404,2.0124780360962404,1.054757880553585
19119,corn,2022,10,190.8,185.00938027938486,5.790619720615155,5.790619720615155,3.0349159961295356
19119,corn,2022,11,190.8,199.80663225742362,-9.006632257423604,9.006632257423604,4.720457157978828
19119,corn,2022,12,190.8,200.3321204269141,-9.532120426914076,9.532120426914076,4.995870244713877
19121,corn,2022,1,166.9,191.07282793249914,-24.172827932499132,24.172827932499132,14.483419971539323
19121,corn,2022,2,166.9,190.41657179835317,-23.51657179835317,23.51657179835317,14.090216775526166
19121,corn,2022,3,166.9,195.62608685682545,-28.726086856825447,28.726086856825447,17.21155593578517
19121,corn,2022,4,166.9,185.49593106074093,-18.595931060740924,18.595931060740924,11.141959892594922
19121,corn,2022,5,166.9,183.3127710677324,-16.412771067732393,16.412771067732393,9.833895187377108
19121,corn,2022,6,166.9,186.1532838343947,-19.253283834394693,19.253283834394693,11.535820152423423
19121,corn,2022,7,166.9,180.37417230731248,-13.474172307312472,13.474172307312472,8.07320090312311
19121,corn,2022,8,166.9,184.18145873527976,-17.281458735279756,17.281458735279756,10.354379110413275
19121,corn,2022,9,166.9,185.39022203311026,-18.490222033110257,18.490222033110257,11.078623147459709
19121,corn,2022,10,166.9,180.33099452015085,-13.430994520150847,13.430994520150847,8.047330449461262
19121,corn,2022,11,166.9,178.76288974365775,-11.862889743657746,11.862889743657746,7.107782950064558
19121,corn,2022,12,166.9,182.97747380813078,-16.077473808130776,16.077473808130776,9.632998087555887
19123,corn,2022,1,186.3,194.90637231479113,-8.606372314791116,8.606372314791116,4.619630872136938
19123,corn,2022,2,186.3,189.38669201379716,-3.0866920137971476,3.0866920137971476,1.656839513578716
19123,corn,2022,3,186.3,196.63797592712424,-10.337975927124234,10.337975927124234,5.549101410157935
19123,corn,2022,4,186.3,197.032392047081,-10.732392047080992,10.732392047080992,5.7608116194745
19123,corn,2022,5,186.3,187.95596231074933,-1.6559623107493167,1.6559623107493167,0.8888686584805778
19123,corn,2022,6,186.3,190.48238196808606,-4.182381968086048,4.182381968086048,2.2449715341309973
19123,corn,2022,7,186.3,186.7330614531369,-0.4330614531369008,0.4330614531369008,0.23245381274122423
19123,corn,2022,8,186.3,196.50221557169553,-10.202215571695518,10.202215571695518,5.47622950708294
19123,corn,2022,9,186.3,188.15049865800202,-1.8504986580020102,1.8504986580020102,0.9932896714986634
19123,corn,2022,10,186.3,181.92901031759587,4.370989682404144,4.370989682404144,2.3462102428363623
19123,corn,2022,11,186.3,187.3060150433136,-1.006015043313596,1.006015043313596,0.5399973394061169
19123,corn,2022,12,186.3,192.1760318623582,-5.8760318623581895,5.8760318623581895,3.154069706043043
19125,corn,2022,1,175.2,193.04500010443763,-17.845000104437645,17.845000104437645,10.185502342715552
19125,corn,2022,2,175.2,189.32363878303883,-14.123638783038842,14.123638783038842,8.061437661551851
19125,corn,2022,3,175.2,196.91632774955178,-21.716327749551795,21.716327749551795,12.395164240611756
19125,corn,2022,4,175.2,197.01171034466043,-21.81171034466044,21.81171034466044,12.44960636110756
19125,corn,2022,5,175.2,178.6412485997715,-3.4412485997715123,3.4412485997715123,1.9641829907371646
19125,corn,2022,6,175.2,188.29883833076957,-13.098838330769581,13.098838330769581,7.47650589655798
19125,corn,2022,7,175.2,182.31068808570885,-7.110688085708858,7.110688085708858,4.0586119210667
19125,corn,2022,8,175.2,184.28172750128098,-9.081727501280994,9.081727501280994,5.183634418539381
19125,corn,2022,9,175.2,184.19283252450452,-8.992832524504536,8.992832524504536,5.132895276543685
19125,corn,2022,10,175.2,179.46032006595757,-4.260320065957586,4.260320065957586,2.4316895353639194
19125,corn,2022,11,175.2,181.1004416270591,-5.900441627059109,5.900441627059109,3.367831978915017
19125,corn,2022,12,175.2,191.20400743268635,-16.004007432686365,16.004007432686365,9.134707438747926
19127,corn,2022,1,214.1,195.86536675607977,18.23463324392023,18.23463324392023,8.516876807062228
19127,corn,2022,2,214.1,188.40229360875722,25.697706391242775,25.697706391242775,12.00266529250013
19127,corn,2022,3,214.1,196.3113716445328,17.788628355467182,17.788628355467182,8.308560651782896
19127,corn,2022,4,214.1,199.0913847428743,15.008615257125683,15.008615257125683,7.010095869745765
19127,corn,2022,5,214.1,196.51667538847113,17.583324611528866,17.583324611528866,8.21266913196117
19127,corn,2022,6,214.1,197.06395910540746,17.03604089459253,17.03604089459253,7.9570485261992205
19127,corn,2022,7,214.1,191.1592230441404,22.940776955859604,22.940776955859604,10.714982230667728
19127,corn,2022,8,214.1,197.27085293864485,16.829147061355144,16.829147061355144,7.860414321043972
19127,corn,2022,9,214.1,193.1777023702369,20.922297629763108,20.922297629763108,9.772208140944937
19127,corn,2022,10,214.1,185.1337011819203,28.966298818079707,28.966298818079707,13.529331535768197
19127,corn,2022,11,214.1,191.62306644640634,22.476933553593653,22.476933553593653,10.49833421466308
19127,corn,2022,12,214.1,197.59143011293344,16.508569887066557,16.508569887066557,7.710681871586435
19129,corn,2022,1,191.1,192.77446819479871,-1.6744681947987203,1.6744681947987203,0.8762261615901206
19129,corn,2022,2,191.1,191.94917155953826,-0.849171559538263,0.849171559538263,0.4443597904438844
19129,corn,2022,3,191.1,192.7627919426776,-1.6627919426776145,1.6627919426776145,0.8701161395487257
19129,corn,2022,4,191.1,191.10945817397445,-0.009458173974451256,0.009458173974451256,0.004949332273391552
19129,corn,2022,5,191.1,193.0499270465918,-1.949927046591796,1.949927046591796,1.020369987750809
19129,corn,2022,6,191.1,191.33000517048737,-0.2300051704873738,0.2300051704873738,0.12035854028643318
19129,corn,2022,7,191.1,186.02662503303307,5.073374966966924,5.073374966966924,2.654827298255847
19129,corn,2022,8,191.1,187.05154301518098,4.048456984819012,4.048456984819012,2.1185018235578292
19129,corn,2022,9,191.1,190.2261625661277,0.8738374338722963,0.8738374338722963,0.45726710302056317
19129,corn,2022,10,191.1,183.27832566366664,7.821674336333359,7.821674336333359,4.092974534972977
19129,corn,2022,11,191.1,186.77361366486616,4.326386335133833,4.326386335133833,2.2639384275948893
19129,corn,2022,12,191.1,189.72456664477147,1.3754333552285232,1.3754333552285232,0.7197453454884998
19131,corn,2022,1,217.9,191.5999056900636,26.300094309936412,26.300094309936412,12.06980005045269
19131,corn,2022,2,217.9,189.0826978632405,28.81730213675951,28.81730213675951,13.225012453767556
19131,corn,2022,3,217.9,194.09162517287754,23.808374827122464,23.808374827122464,10.926284913778092
19131,corn,2022,4,217.9,193.24825092643587,24.651749073564133,24.651749073564133,11.313331378414013
19131,corn,2022,5,217.9,191.93208086029293,25.967919139707078,25.967919139707078,11.917356190778833
19131,corn,2022,6,217.9,196.56066003358836,21.339339966411643,21.339339966411643,9.793180342547794
19131,corn,2022,7,217.9,185.40675296774558,32.49324703225443,32.49324703225443,14.911999555876287
19131,corn,2022,8,217.9,197.3896060878535,20.510393912146498,20.510393912146498,9.41275535206356
19131,corn,2022,9,217.9,193.89084469233538,24.009155307664628,24.009155307664628,11.018428319258664
19131,corn,2022,10,217.9,186.86755165928108,31.03244834071893,31.03244834071893,14.241600890646595
19131,corn,2022,11,217.9,188.24789941400473,29.65210058599527,29.65210058599527,13.608123261126787
19131,corn,2022,12,217.9,191.80632133462058,26.09367866537943,26.09367866537943,11.975070521055267
19133,corn,2022,1,168.6,195.2720233569462,-26.672023356946198,26.672023356946198,15.819705431166192
19133,corn,2022,2,168.6,193.977465418301,-25.377465418301,25.377465418301,15.051877472301896
19133,corn,2022,3,168.6,196.97799227261424,-28.37799227261425,28.37799227261425,16.83154939063716
19133,corn,2022,4,168.6,196.92538156511347,-28.325381565113474,28.325381565113474,16.800344937789724
19133,corn,2022,5,168.6,197.817969508267,-29.217969508267004,29.217969508267004,17.329756529221235
19133,corn,2022,6,168.6,197.8382793376973,-29.238279337697293,29.238279337697293,17.341802691398158
19133,corn,2022,7,168.6,190.23317955350691,-21.63317955350692,21.63317955350692,12.831067350834473
19133,corn,2022,8,168.6,195.2878723201564,-26.6878723201564,26.6878723201564,15.82910576521732
19133,corn,2022,9,168.6,191.08653852589993,-22.48653852589993,22.48653852589993,13.3372114625741
19133,corn,2022,10,168.6,181.19026392777062,-12.590263927770621,12.590263927770621,7.467534951228128
19133,corn,2022,11,168.6,192.05455522229974,-23.454555222299746,23.454555222299746,13.911361341814796
19133,corn,2022,12,168.6,199.32313880928186,-30.723138809281863,30.723138809281863,18.22250225936054
19135,corn,2022,1,145.4,185.84187311346517,-40.441873113465164,40.441873113465164,27.814218097293786
19135,corn,2022,2,145.4,190.1166290187535,-44.71662901875351,44.71662901875351,30.75421528112346
19135,corn,2022,3,145.4,192.9223465834328,-47.52234658343281,47.52234658343281,32.68386972725777
19135,corn,2022,4,145.4,194.23203627491796,-48.832036274917954,48.832036274917954,33.58461917119529
19135,corn,2022,5,145.4,173.05548723909843,-27.65548723909842,27.65548723909842,19.02028008191088
19135,corn,2022,6,145.4,179.54932134647473,-34.14932134647472,34.14932134647472,23.48646585039527
19135,corn,2022,7,145.4,180.8834037309896,-35.48340373098961,35.48340373098961,24.403991561891065
19135,corn,2022,8,145.4,178.17508470354227,-32.77508470354226,32.77508470354226,22.541323730084088
19135,corn,2022,9,145.4,180.56894558440467,-35.16894558440467,35.16894558440467,24.18772048445988
19135,corn,2022,10,145.4,179.56514832912708,-34.16514832912708,34.16514832912708,23.49735098289345
19135,corn,2022,11,145.4,176.86115625958834,-31.461156259588336,31.461156259588336,21.637659050610957
19135,corn,2022,12,145.4,173.50979367911637,-28.109793679116365,28.109793679116365,19.332732929240965
19137,corn,2022,1,187.8,191.27093614265152,-3.47093614265151,3.47093614265151,1.8482088086536261
19137,corn,2022,2,187.8,191.5637924210406,-3.7637924210405913,3.7637924210405913,2.0041493189779507
19137,corn,2022,3,187.8,193.59089417960595,-5.790894179605942,5.790894179605942,3.0835432266272322
19137,corn,2022,4,187.8,192.3598570026811,-4.559857002681099,4.559857002681099,2.4280388725671456
19137,corn,2022,5,187.8,189.4101085084343,-1.6101085084342799,1.6101085084342799,0.8573527733941853
19137,corn,2022,6,187.8,187.81845522206362,-0.018455222063607835,0.018455222063607835,0.009827061801708113
19137,corn,2022,7,187.8,184.66729533028044,3.1327046697195726,3.1327046697195726,1.6681068528858214
19137,corn,2022,8,187.8,185.91449043115617,1.885509568843844,1.885509568843844,1.0039987054546557
19137,corn,2022,9,187.8,189.84144316631193,-2.0414431663119217,2.0414431663119217,1.0870304399956983
19137,corn,2022,10,187.8,181.4927056597932,6.307294340206823,6.307294340206823,3.3585166880760506
19137,corn,2022,11,187.8,183.37570811504267,4.424291884957341,4.424291884957341,2.355852973885698
19137,corn,2022,12,187.8,187.45330840732532,0.34669159267468785,0.34669159267468785,0.18460681186085612
19139,corn,2022,1,213.1,193.4011356531092,19.698864346890787,19.698864346890787,9.243953236457433
19139,corn,2022,2,213.1,192.51919291548745,20.580807084512543,20.580807084512543,9.657816557725267
19139,corn,2022,3,213.1,194.98129984170802,18.118700158291972,18.118700158291972,8.502440243215379
19139,corn,2022,4,213.1,196.4212749375958,16.678725062404197,16.678725062404197,7.826712840170905
19139,corn,2022,5,213.1,189.5180409460536,23.581959053946406,23.581959053946406,11.06614690471441
19139,corn,2022,6,213.1,187.3538162036467,25.746183796353307,25.746183796353307,12.081738055538858
19139,corn,2022,7,213.1,188.69520828276217,24.404791717237828,24.404791717237828,11.45227203999898
19139,corn,2022,8,213.1,197.0942254251296,16.0057745748704,16.0057745748704,7.51092190280169
19139,corn,2022,9,213.1,191.27185724795356,21.828142752046432,21.828142752046432,10.243145355254073
19139,corn,2022,10,213.1,181.14323330386642,31.95676669613357,31.95676669613357,14.996136413014346
19139,corn,2022,11,213.1,184.25080652954202,28.849193470457976,28.849193470457976,13.537866480740487
19139,corn,2022,12,213.1,191.99918566063667,21.100814339363325,21.100814339363325,9.901836855637413
19141,corn,2022,1,201.2,195.46295187216893,5.737048127831059,5.737048127831059,2.8514155704925743
19141,corn,2022,2,201.2,190.52114937502768,10.678850624972313,10.678850624972313,5.307579833485245
19141,corn,2022,3,201.2,194.23233211114075,6.967667888859239,6.967667888859239,3.46305561076503
19141,corn,2022,4,201.2,192.37332197097302,8.826678029026965,8.826678029026965,4.3870169130352705
19141,corn,2022,5,201.2,192.9216018639769,8.2783981360231,8.2783981360231,4.114511996035338
19141,corn,2022,6,201.2,200.06115986391723,1.138840136082763,1.138840136082763,0.566023924494415
19141,corn,2022,7,201.2,191.91272170692932,9.28727829307067,9.28727829307067,4.615943485621606
19141,corn,2022,8,201.2,195.56202969305608,5.637970306943913,5.637970306943913,2.8021721207474717
19141,corn,2022,9,201.2,192.82326149412384,8.376738505876148,8.376738505876148,4.1633889194215445
19141,corn,2022,10,201.2,183.0834649924082,18.11653500759178,18.11653500759178,9.004242051486969
19141,corn,2022,11,201.2,198.64744660960105,2.5525533903989412,2.5525533903989412,1.2686647069577244
19141,corn,2022,12,201.2,197.79311225903564,3.4068877409643505,3.4068877409643505,1.6932841654892399
19143,corn,2022,1,197.6,192.061608081164,5.538391918835998,5.538391918835998,2.8028299184392704
19143,corn,2022,2,197.6,189.21827223950257,8.381727760497427,8.381727760497427,4.241765060980479
19143,corn,2022,3,197.6,194.25140199290246,3.348598007097536,3.348598007097536,1.6946346189764858
19143,corn,2022,4,197.6,192.16891289793722,5.431087102062776,5.431087102062776,2.748525861367802
19143,corn,2022,5,197.6,193.43983328503694,4.160166714963054,4.160166714963054,2.105347527815311
19143,corn,2022,6,197.6,195.97105987311144,1.6289401268885513,1.6289401268885513,0.8243624123929917
19143,corn,2022,7,197.6,183.83750251458613,13.76249748541386,13.76249748541386,6.964826662658837
19143,corn,2022,8,197.6,194.13411310878317,3.465886891216826,3.465886891216826,1.7539913417089201
19143,corn,2022,9,197.6,193.29449630171672,4.305503698283275,4.305503698283275,2.178898632734451
19143,corn,2022,10,197.6,183.26452578306325,14.335474216936746,14.335474216936746,7.254794644198759
19143,corn,2022,11,197.6,195.5379895010446,2.0620104989554022,2.0620104989554022,1.0435275804430175
19143,corn,2022,12,197.6,193.08004236373145,4.519957636268543,4.519957636268543,2.287427953577198
19145,corn,2022,1,174.5,192.79113281697863,-18.29113281697863,18.29113281697863,10.482024536950506
19145,corn,2022,2,174.5,192.09975374749988,-17.599753747499875,17.599753747499875,10.085818766475573
19145,corn,2022,3,174.5,195.2854888324102,-20.78548883241021,20.78548883241021,11.911454918286653
19145,corn,2022,4,174.5,193.26400215972203,-18.764002159722025,18.764002159722025,10.753009833651591
19145,corn,2022,5,174.5,189.46562081332013,-14.965620813320129,14.965620813320129,8.576286999037324
19145,corn,2022,6,174.5,191.47083433442378,-16.970834334423785,16.970834334423785,9.725406495371796
19145,corn,2022,7,174.5,189.95100805859258,-15.451008058592578,15.451008058592578,8.854445878849615
19145,corn,2022,8,174.5,190.06959431263968,-15.56959431263968,15.56959431263968,8.922403617558555
19145,corn,2022,9,174.5,191.63247531677956,-17.132475316779562,17.132475316779562,9.818037430819233
19145,corn,2022,10,174.5,183.88200603643207,-9.382006036432074,9.382006036432074,5.376507757267665
19145,corn,2022,11,174.5,180.40246698772552,-5.902466987725518,5.902466987725518,3.3825025717624744
19145,corn,2022,12,174.5,190.6007927936336,-16.100792793633588,16.100792793633588,9.226815354517816
19147,corn,2022,1,195.9,193.99640492121185,1.9035950787881575,1.9035950787881575,0.9717177533374974
19147,corn,2022,2,195.9,190.4239749960397,5.476025003960302,5.476025003960302,2.7953164900256775
19147,corn,2022,3,195.9,193.4078030984082,2.4921969015917966,2.4921969015917966,1.2721781018845313
19147,corn,2022,4,195.9,195.1710372530092,0.7289627469908169,0.7289627469908169,0.37210962072017195
19147,corn,2022,5,195.9,192.67383509086258,3.226164909137424,3.226164909137424,1.646842730544882
19147,corn,2022,6,195.9,195.70406138630915,0.1959386136908563,0.1959386136908563,0.10001971091927325
19147,corn,2022,7,195.9,188.64223702371558,7.257762976284425,7.257762976284425,3.704830513672499
19147,corn,2022,8,195.9,193.60652369650936,2.2934763034906496,2.2934763034906496,1.1707382866210563
19147,corn,2022,9,195.9,193.80644344097308,2.093556559026922,2.093556559026922,1.0686863496819408
19147,corn,2022,10,195.9,184.17288604427267,11.727113955727333,11.727113955727333,5.98627562824264
19147,corn,2022,11,195.9,197.16400535459957,-1.2640053545995613,1.2640053545995613,0.6452298900457178
19147,corn,2022,12,195.9,193.14685771318057,2.7531422868194397,2.7531422868194397,1.405381463409617
19149,corn,2022,1,171.8,198.04986589779747,-26.249865897797463,26.249865897797463,15.279316587775007
19149,corn,2022,2,171.8,194.96309987717714,-23.16309987717713,23.16309987717713,13.482595970417421
19149,corn,2022,3,171.8,201.9019970278849,-30.10199702788489,30.10199702788489,17.521534940561637
19149,corn,2022,4,171.8,197.43369584995153,-25.633695849951522,25.633695849951522,14.920661146653972
19149,corn,2022,5,171.8,201.1653017320099,-29.365301732009897,29.365301732009897,17.092725105942897
19149,corn,2022,6,171.8,205.2970897046236,-33.49708970462359,33.49708970462359,19.497723925857734
19149,corn,2022,7,171.8,198.9985312770963,-27.198531277096293,27.198531277096293,15.831508310300519
19149,corn,2022,8,171.8,195.51974565953273,-23.71974565953272,23.71974565953272,13.806603992743142
19149,corn,2022,9,171.8,192.25860952656006,-20.458609526560053,20.458609526560053,11.908387384493627
19149,corn,2022,10,171.8,186.2932945070366,-14.49329450703658,14.49329450703658,8.436143484887415
19149,corn,2022,11,171.8,200.73319738620648,-28.933197386206473,28.933197386206473,16.841209188711566
19149,corn,2022,12,171.8,201.6743626787041,-29.874362678704102,29.874362678704102,17.38903531938539
19151,corn,2022,1,198.3,193.4691104286947,4.830889571305306,4.830889571305306,2.436152078318359
19151,corn,2022,2,198.3,190.05071610065596,8.24928389934405,8.24928389934405,4.160001966386308
19151,corn,2022,3,198.3,193.77831685826362,4.521683141736389,4.521683141736389,2.280223470366308
19151,corn,2022,4,198.3,194.25688085861242,4.043119141387592,4.043119141387592,2.038890136857081
19151,corn,2022,5,198.3,193.27815134966204,5.021848650337972,5.021848650337972,2.532450151456365
19151,corn,2022,6,198.3,195.73347620103922,2.5665237989607874,2.5665237989607874,1.294263136137563
19151,corn,2022,7,198.3,188.8470745890105,9.452925410989508,9.452925410989508,4.766982052944784
19151,corn,2022,8,198.3,199.40881841743789,-1.108818417437874,1.108818417437874,0.5591620864537942
19151,corn,2022,9,198.3,194.11965869386265,4.180341306137365,4.180341306137365,2.108089413079861
19151,corn,2022,10,198.3,182.60883856857188,15.691161431428128,15.691161431428128,7.912839854477119
19151,corn,2022,11,198.3,197.67398654030129,0.6260134596987257,0.6260134596987257,0.315690095662494
19151,corn,2022,12,198.3,194.25213461507772,4.047865384922289,4.047865384922289,2.041283603087387
19153,corn,2022,1,188.6,190.7990474895884,-2.199047489588395,2.199047489588395,1.165984883132765
19153,corn,2022,2,188.6,189.20058741069118,-0.6005874106911904,0.6005874106911904,0.3184450745976619
19153,corn,2022,3,188.6,196.8939263330124,-8.293926333012394,8.293926333012394,4.39762796023987
19153,corn,2022,4,188.6,196.71881417327882,-8.118814173278821,8.118814173278821,4.304779519235854
19153,corn,2022,5,188.6,187.16264211527562,1.4373578847243778,1.4373578847243778,0.7621197692069872
19153,corn,2022,6,188.6,193.01685066915965,-4.416850669159658,4.416850669159658,2.341914458727284
19153,corn,2022,7,188.6,185.91165700950563,2.6883429904943625,2.6883429904943625,1.4254204615558657
19153,corn,2022,8,188.6,186.8488491133347,1.7511508866653003,1.7511508866653003,0.9284999399073703
19153,corn,2022,9,188.6,188.770913234066,-0.17091323406600623,0.17091323406600623,0.09062207532662049
19153,corn,2022,10,188.6,179.56308443253565,9.036915567464348,9.036915567464348,4.791577713395731
19153,corn,2022,11,188.6,183.9445846295261,4.655415370473889,4.655415370473889,2.468406877239602
19153,corn,2022,12,188.6,196.22007218074813,-7.620072180748139,7.620072180748139,4.040335196579077
19155,corn,2022,1,195.0,196.5102631406545,-1.5102631406545015,1.5102631406545015,0.7744939182843598
19155,corn,2022,2,195.0,195.21066858788885,-0.21066858788884701,0.21066858788884701,0.10803517327633179
19155,corn,2022,3,195.0,200.6567050785208,-5.656705078520787,5.656705078520787,2.900874399241429
19155,corn,2022,4,195.0,202.75049299706544,-7.750492997065436,7.750492997065436,3.9746117933668903
19155,corn,2022,5,195.0,202.6157636052042,-7.615763605204194,7.615763605204194,3.905519797540612
19155,corn,2022,6,195.0,199.08986340786157,-4.089863407861571,4.089863407861571,2.0973658501854215
19155,corn,2022,7,195.0,197.67476100892304,-2.674761008923042,2.674761008923042,1.3716723122682266
19155,corn,2022,8,195.0,203.3531747505466,-8.3531747505466,8.3531747505466,4.283679359254667
19155,corn,2022,9,195.0,192.4764767865821,2.5235232134178887,2.5235232134178887,1.29411446841943
19155,corn,2022,10,195.0,183.99078118230244,11.009218817697558,11.009218817697558,5.645753239844901
19155,corn,2022,11,195.0,191.39730741022734,3.6026925897726585,3.6026925897726585,1.8475346614218764
19155,corn,2022,12,195.0,200.7314442319141,-5.731444231914111,5.731444231914111,2.9392021702123645
19157,corn,2022,1,193.3,195.69584575356117,-2.3958457535611615,2.3958457535611615,1.2394442594729236
19157,corn,2022,2,193.3,188.6928063616089,4.607193638391124,4.607193638391124,2.383442130569645
19157,corn,2022,3,193.3,196.95244405548402,-3.652444055484011,3.652444055484011,1.8895209805918318
19157,corn,2022,4,193.3,197.03890134196715,-3.7389013419671357,3.7389013419671357,1.934247978255114
19157,corn,2022,5,193.3,192.66450587895005,0.635494121049959,0.635494121049959,0.328760538566973
19157,corn,2022,6,193.3,192.26836490990647,1.0316350900935447,1.0316350900935447,0.5336963735610681
19157,corn,2022,7,193.3,188.55715815948497,4.742841840515041,4.742841840515041,2.453617092868619
19157,corn,2022,8,193.3,193.68225498867946,-0.38225498867944907,0.38225498867944907,0.19775219279847336
19157,corn,2022,9,193.3,186.93860846442502,6.361391535574995,6.361391535574995,3.2909423360450054
19157,corn,2022,10,193.3,185.3522469648603,7.947753035139698,7.947753035139698,4.111615641562182
19157,corn,2022,11,193.3,191.40716803653797,1.8928319634620436,1.8928319634620436,0.9792198465918487
19157,corn,2022,12,193.3,194.41707594610008,-1.1170759461000728,1.1170759461000728,0.5778975406622208
19159,corn,2022,1,151.8,182.36267587804932,-30.562675878049305,30.562675878049305,20.133515071178724
19159,corn,2022,2,151.8,190.8703219527496,-39.070321952749595,39.070321952749595,25.738025001811327
19159,corn,2022,3,151.8,196.15066702343435,-44.35066702343434,44.35066702343434,29.21651319066821
19159,corn,2022,4,151.8,180.20588641524915,-28.405886415249142,28.405886415249142,18.712705148385467
19159,corn,2022,5,151.8,183.33070157175817,-31.530701571758158,31.530701571758158,20.771213156625926
19159,corn,2022,6,151.8,183.07657187427043,-31.276571874270417,31.276571874270417,20.603802288715688
19159,corn,2022,7,151.8,185.97346657990968,-34.17346657990967,34.17346657990967,22.51216507240426
19159,corn,2022,8,151.8,185.21502272120037,-33.41502272120036,33.41502272120036,22.01253143689088
19159,corn,2022,9,151.8,182.0064039429065,-30.20640394290649,30.20640394290649,19.898816826684115
19159,corn,2022,10,151.8,180.88577515979648,-29.08577515979647,29.08577515979647,19.16058969683562
19159,corn,2022,11,151.8,179.3648120608761,-27.56481206087608,27.56481206087608,18.158637721262238
19159,corn,2022,12,151.8,178.2682659591921,-26.46826595919208,26.46826595919208,17.436275335436154
19161,corn,2022,1,212.4,197.46623908312063,14.933760916879379,14.933760916879379,7.030960883653191
19161,corn,2022,2,212.4,191.42414718632958,20.97585281367043,20.97585281367043,9.87563691792393
19161,corn,2022,3,212.4,195.67800237110174,16.721997628898265,16.721997628898265,7.872880239594286
19161,corn,2022,4,212.4,197.67244945683493,14.72755054316508,14.72755054316508,6.933875020322542
19161,corn,2022,5,212.4,198.2581219700952,14.141878029904802,14.141878029904802,6.658134665680226
19161,corn,2022,6,212.4,198.26552053944877,14.134479460551233,14.134479460551233,6.654651346775534
19161,corn,2022,7,212.4,196.94818371820813,15.451816281791878,15.451816281791878,7.2748664226892075
19161,corn,2022,8,212.4,202.73036397764463,9.669636022355377,9.669636022355377,4.552559332559029
19161,corn,2022,9,212.4,196.82142170796553,15.578578292034479,15.578578292034479,7.334547218471976
19161,corn,2022,10,212.4,187.3191270920979,25.08087290790212,25.08087290790212,11.808320578108342
19161,corn,2022,11,212.4,197.8218659794828,14.578134020517211,14.578134020517211,6.863528258247274
19161,corn,2022,12,212.4,197.93333756184902,14.46666243815099,14.46666243815099,6.811046345645476
19163,corn,2022,1,216.2,195.09019618358965,21.109803816410334,21.109803816410334,9.764016566332256
19163,corn,2022,2,216.2,193.83457187787042,22.365428122129572,22.365428122129572,10.344786365462337
19163,corn,2022,3,216.2,196.75842405621609,19.441575943783903,19.441575943783903,8.992403304247874
19163,corn,2022,4,216.2,196.7114379029793,19.48856209702069,19.48856209702069,9.014136030074326
19163,corn,2022,5,216.2,191.69298874532365,24.507011254676343,24.507011254676343,11.33534285600201
19163,corn,2022,6,216.2,190.17339487965117,26.02660512034882,26.02660512034882,12.03820773374136
19163,corn,2022,7,216.2,190.5812129610975,25.618787038902497,25.618787038902497,11.849577723821692
19163,corn,2022,8,216.2,198.3281604315885,17.871839568411502,17.871839568411502,8.266345776323544
19163,corn,2022,9,216.2,194.20390388917772,21.996096110822265,21.996096110822265,10.173957498067653
19163,corn,2022,10,216.2,179.4123999163466,36.78760008365339,36.78760008365339,17.015541204280012
19163,corn,2022,11,216.2,188.8731274664605,27.3268725335395,27.3268725335395,12.639626518750926
19163,corn,2022,12,216.2,196.4312012915182,19.768798708481796,19.768798708481796,9.143755184311654
19165,corn,2022,1,209.0,198.52882142877704,10.471178571222964,10.471178571222964,5.0101332876664895
19165,corn,2022,2,209.0,191.66832521842184,17.331674781578158,17.331674781578158,8.292667359606774
19165,corn,2022,3,209.0,197.76839405514215,11.231605944857847,11.231605944857847,5.373974136295621
19165,corn,2022,4,209.0,199.6314127307792,9.368587269220797,9.368587269220797,4.482577640775501
19165,corn,2022,5,209.0,202.3301541172706,6.6698458827293905,6.6698458827293905,3.191313819487747
19165,corn,2022,6,209.0,199.58058765754618,9.419412342453825,9.419412342453825,4.506895857633409
19165,corn,2022,7,209.0,200.6605682659803,8.339431734019712,8.339431734019712,3.9901587244113452
19165,corn,2022,8,209.0,203.87383901262876,5.126160987371236,5.126160987371236,2.4527086063977204
19165,corn,2022,9,209.0,191.88210994475992,17.117890055240082,17.117890055240082,8.190378016861283
19165,corn,2022,10,209.0,186.88120447733607,22.11879552266393,22.11879552266393,10.58315575247078
19165,corn,2022,11,209.0,196.007196154711,12.99280384528899,12.99280384528899,6.21665255755454
19165,corn,2022,12,209.0,198.7014366732842,10.298563326715794,10.298563326715794,4.927542261586504
19167,corn,2022,1,196.9,198.94021935250427,-2.0402193525042662,2.0402193525042662,1.0361703161524969
19167,corn,2022,2,196.9,194.44102193118425,2.458978068815753,2.458978068815753,1.248846149728671
19167,corn,2022,3,196.9,199.5963580107006,-2.6963580107006067,2.6963580107006067,1.3694047794314914
19167,corn,2022,4,196.9,195.8720455114416,1.0279544885584073,1.0279544885584073,0.5220693187193536
19167,corn,2022,5,196.9,198.98679387435823,-2.0867938743582215,2.0867938743582215,1.0598242124724333
19167,corn,2022,6,196.9,203.99671124771103,-7.096711247711028,7.096711247711028,3.6042210501325687
19167,corn,2022,7,196.9,197.0608849218143,-0.1608849218143007,0.1608849218143007,0.0817089496263589
19167,corn,2022,8,196.9,199.02692991315064,-2.126929913150633,2.126929913150633,1.0802081834183
19167,corn,2022,9,196.9,193.60307747848884,3.2969225215111635,3.2969225215111635,1.6744146884261877
19167,corn,2022,10,196.9,185.8186000384957,11.081399961504303,11.081399961504303,5.6279329413429675
19167,corn,2022,11,196.9,198.97287209609925,-2.072872096099246,2.072872096099246,1.0527537308782358
19167,corn,2022,12,196.9,200.9786293240153,-4.0786293240152816,4.0786293240152816,2.0714216983317835
19169,corn,2022,1,207.1,193.9931691924937,13.106830807506299,13.106830807506299,6.328744957752922
19169,corn,2022,2,207.1,189.88940422485425,17.210595775145748,17.210595775145748,8.310282846521366
19169,corn,2022,3,207.1,197.2877181200027,9.8122818799973,9.8122818799973,4.737943930467069
19169,corn,2022,4,207.1,196.39159159606348,10.708408403936517,10.708408403936517,5.170646259747231
19169,corn,2022,5,207.1,193.63841577160235,13.46158422839764,13.46158422839764,6.500040670399633
19169,corn,2022,6,207.1,196.3267705101278,10.773229489872193,10.773229489872193,5.201945673525926
19169,corn,2022,7,207.1,191.18168915307413,15.918310846925863,15.918310846925863,7.686292055492933
19169,corn,2022,8,207.1,192.7293788740569,14.370621125943103,14.370621125943103,6.938976883603623
19169,corn,2022,9,207.1,193.83198762419605,13.268012375803949,13.268012375803949,6.406572851667769
19169,corn,2022,10,207.1,185.57789255433957,21.522107445660424,21.522107445660424,10.39213300128461
19169,corn,2022,11,207.1,191.39817584591728,15.701824154082715,15.701824154082715,7.58175961085597
19169,corn,2022,12,207.1,198.13805651115945,8.961943488840546,8.961943488840546,4.327350791328125
19171,corn,2022,1,203.3,196.19157669202954,7.108423307970469,7.108423307970469,3.4965190890164624
19171,corn,2022,2,203.3,188.7305852762447,14.569414723755301,14.569414723755301,7.166460759348402
19171,corn,2022,3,203.3,197.49984073052977,5.800159269470242,5.800159269470242,2.853005051387232
19171,corn,2022,4,203.3,197.40866708200147,5.89133291799854,5.89133291799854,2.8978519026062663
19171,corn,2022,5,203.3,195.6436548655043,7.656345134495723,7.656345134495723,3.7660330223786143
19171,corn,2022,6,203.3,197.38916652051455,5.910833479485461,5.910833479485461,2.9074439151428733
19171,corn,2022,7,203.3,192.8723090495963,10.4276909504037,10.4276909504037,5.1292134532236595
19171,corn,2022,8,203.3,200.91196476259287,2.388035237407138,2.388035237407138,1.1746361226793596
19171,corn,2022,9,203.3,194.18399711509207,9.116002884907942,9.116002884907942,4.484015191789445
19171,corn,2022,10,203.3,186.19289301540212,17.10710698459789,17.10710698459789,8.414710764681697
19171,corn,2022,11,203.3,196.41118266329903,6.888817336700981,6.888817336700981,3.388498444024093
19171,corn,2022,12,203.3,197.7325282222885,5.567471777711518,5.567471777711518,2.7385498168772835
19173,corn,2022,1,172.1,186.69562704417024,-14.595627044170243,14.595627044170243,8.480898921656156
19173,corn,2022,2,172.1,191.8440579736396,-19.7440579736396,19.7440579736396,11.472433453596514
19173,corn,2022,3,172.1,196.86456941837503,-24.764569418375032,24.764569418375032,14.389639406377125
19173,corn,2022,4,172.1,190.31900533244027,-18.219005332440275,18.219005332440275,10.586290140871748
19173,corn,2022,5,172.1,185.08592779311343,-12.985927793113433,12.985927793113433,7.5455710593337795
19173,corn,2022,6,172.1,186.81642651727148,-14.716426517271486,14.716426517271486,8.551090364480817
19173,corn,2022,7,172.1,187.65621001620494,-15.556210016204943,15.556210016204943,9.03905288565075
19173,corn,2022,8,172.1,187.09287236901508,-14.992872369015089,14.992872369015089,8.71172130680714
19173,corn,2022,9,172.1,190.50930404101103,-18.40930404101104,18.40930404101104,10.69686463742652
19173,corn,2022,10,172.1,181.29897684275264,-9.198976842752643,9.198976842752643,5.34513471397597
19173,corn,2022,11,172.1,179.2385891276949,-7.1385891276949,7.1385891276949,4.147930928352643
19173,corn,2022,12,172.1,186.01198483440731,-13.91198483440732,13.91198483440732,8.08366347147433
19175,corn,2022,1,149.4,183.04912166020884,-33.649121660208834,33.649121660208834,22.522839129992526
19175,corn,2022,2,149.4,190.24649038114487,-40.84649038114486,40.84649038114486,27.340355007459742
19175,corn,2022,3,149.4,193.81019695079686,-44.41019695079686,44.41019695079686,29.725700770279023
19175,corn,2022,4,149.4,181.26972866897788,-31.86972866897787,31.86972866897787,21.33181303144436
19175,corn,2022,5,149.4,179.6997112191585,-30.299711219158496,30.299711219158496,20.28093120425602
19175,corn,2022,6,149.4,180.4430316027989,-31.04303160279889,31.04303160279889,20.77846827496579
19175,corn,2022,7,149.4,182.63254879509878,-33.23254879509878,33.23254879509878,22.244008564323146
19175,corn,2022,8,149.4,179.94537850145426,-30.545378501454252,30.545378501454252,20.44536713618089
19175,corn,2022,9,149.4,180.7149918791826,-31.3149918791826,31.3149918791826,20.960503265851806
19175,corn,2022,10,149.4,179.50523033427322,-30.105230334273216,30.105230334273216,20.15075658251219
19175,corn,2022,11,149.4,178.9668941427003,-29.566894142700306,29.566894142700306,19.790424459638757
19175,corn,2022,12,149.4,181.4995510740637,-32.0995510740637,32.0995510740637,21.48564328919926
19177,corn,2022,1,151.9,185.6615195460255,-33.76151954602548,33.76151954602548,22.226148483229416
19177,corn,2022,2,151.9,192.18713379919268,-40.287133799192674,40.287133799192674,26.522142066617953
19177,corn,2022,3,151.9,182.33930850716223,-30.439308507162224,30.439308507162224,20.03904444184478
19177,corn,2022,4,151.9,185.80238358865432,-33.90238358865432,33.90238358865432,22.318883205170714
19177,corn,2022,5,151.9,174.90599753113096,-23.00599753113096,23.00599753113096,15.145488828920971
19177,corn,2022,6,151.9,179.7695211776531,-27.869521177653098,27.869521177653098,18.34728188127261
19177,corn,2022,7,151.9,184.10506567205354,-32.205065672053536,32.205065672053536,21.20149155500562
19177,corn,2022,8,151.9,181.76588271280224,-29.865882712802232,29.865882712802232,19.66154227307586
19177,corn,2022,9,151.9,180.6630226817545,-28.763022681754506,28.763022681754506,18.935498802998357
19177,corn,2022,10,151.9,179.18819909604466,-27.28819909604465,27.28819909604465,17.964581366718004
19177,corn,2022,11,151.9,178.27787906398032,-26.377879063980316,26.377879063980316,17.36529233968421
19177,corn,2022,12,151.9,174.2167139159022,-22.3167139159022,22.3167139159022,14.69171423035036
19179,corn,2022,1,170.8,189.2378028228604,-18.43780282286039,18.43780282286039,10.794966523922945
19179,corn,2022,2,170.8,191.5379037407111,-20.73790374071109,20.73790374071109,12.1416298247723
19179,corn,2022,3,170.8,194.21575961181364,-23.415759611813627,23.415759611813627,13.709461131038422
19179,corn,2022,4,170.8,193.97483499930414,-23.174834999304124,23.174834999304124,13.568404566337309
19179,corn,2022,5,170.8,177.08371242802082,-6.283712428020806,6.283712428020806,3.6789885409957876
19179,corn,2022,6,170.8,180.04582789808822,-9.245827898088208,9.245827898088208,5.413248183892393
19179,corn,2022,7,170.8,181.87307712970244,-11.073077129702426,11.073077129702426,6.483066235188774
19179,corn,2022,8,170.8,182.94485711488764,-12.144857114887628,12.144857114887628,7.110572081315941
19179,corn,2022,9,170.8,181.93554221875112,-11.135542218751112,11.135542218751112,6.5196383013765296
19179,corn,2022,10,170.8,179.10052362336143,-8.300523623361414,8.300523623361414,4.859791348572256
19179,corn,2022,11,170.8,180.05488697128487,-9.254886971284861,9.254886971284861,5.418552090916195
19179,corn,2022,12,170.8,177.00237302877835,-6.202373028778339,6.202373028778339,3.6313659419076925
19181,corn,2022,1,157.8,191.6982767813399,-33.89827678133989,33.89827678133989,21.48179770680601
19181,corn,2022,2,157.8,189.81117240569301,-32.011172405693,32.011172405693,20.285914072048797
19181,corn,2022,3,157.8,195.82026826489667,-38.02026826489666,38.02026826489666,24.09395961020067
19181,corn,2022,4,157.8,195.66887467421503,-37.86887467421502,37.86887467421502,23.998019438666045
19181,corn,2022,5,157.8,180.5033645917694,-22.7033645917694,22.7033645917694,14.38743003280697
19181,corn,2022,6,157.8,187.93051570394272,-30.130515703942706,30.130515703942706,19.09411641567979
19181,corn,2022,7,157.8,182.75732173365418,-24.95732173365417,24.95732173365417,15.815793240591994
19181,corn,2022,8,157.8,183.66308081107448,-25.863080811074468,25.863080811074468,16.389785051377988
19181,corn,2022,9,157.8,184.52839386406683,-26.728393864066817,26.728393864066817,16.938145667976436
19181,corn,2022,10,157.8,179.70352688842485,-21.903526888424835,21.903526888424835,13.880562033222327
19181,corn,2022,11,157.8,179.36401040854227,-21.56401040854226,21.56401040854226,13.66540583557811
19181,corn,2022,12,157.8,191.27466784797713,-33.474667847977116,33.474667847977116,21.21335098097409
19183,corn,2022,1,185.7,194.78994135059241,-9.089941350592426,9.089941350592426,4.894960339575889
19183,corn,2022,2,185.7,191.65304994969628,-5.953049949696293,5.953049949696293,3.2057350294541163
19183,corn,2022,3,185.7,197.42020522465225,-11.720205224652261,11.720205224652261,6.3113652259839865
19183,corn,2022,4,185.7,197.4388146398603,-11.738814639860323,11.738814639860323,6.321386451190265
19183,corn,2022,5,185.7,184.1770239123636,1.5229760876363798,1.5229760876363798,0.820127133891427
19183,corn,2022,6,185.7,187.71962370081962,-2.0196237008196363,2.0196237008196363,1.087573344544769
19183,corn,2022,7,185.7,187.65002159447414,-1.9500215944741512,1.9500215944741512,1.0500924041325532
19183,corn,2022,8,185.7,192.1356135967497,-6.435613596749704,6.435613596749704,3.46559698263312
19183,corn,2022,9,185.7,184.4046975985257,1.295302401474288,1.295302401474288,0.6975241795768918
19183,corn,2022,10,185.7,185.3633189641233,0.33668103587669407,0.33668103587669407,0.1813037349901422
19183,corn,2022,11,185.7,185.8480969162171,-0.1480969162170993,0.1480969162170993,0.07975062801136204
19183,corn,2022,12,185.7,188.90368890653258,-3.203688906532591,3.203688906532591,1.7251959647456065
19185,corn,2022,1,170.1,188.26779547015073,-18.167795470150736,18.167795470150736,10.680655773163277
19185,corn,2022,2,170.1,190.73847101907978,-20.638471019079788,20.638471019079788,12.13313992891228
19185,corn,2022,3,170.1,194.02592965399512,-23.925929653995127,23.925929653995127,14.065802265723178
19185,corn,2022,4,170.1,194.96714180969101,-24.86714180969102,24.86714180969102,14.619130987472676
19185,corn,2022,5,170.1,177.392034091229,-7.292034091228999,7.292034091228999,4.286910106542622
19185,corn,2022,6,170.1,179.09161633553768,-8.991616335537685,8.991616335537685,5.286076622891056
19185,corn,2022,7,170.1,184.36103692951716,-14.26103692951716,14.26103692951716,8.383913538810795
19185,corn,2022,8,170.1,181.18148073742725,-11.081480737427256,11.081480737427256,6.514685912655647
19185,corn,2022,9,170.1,181.06000694783916,-10.960006947839162,10.960006947839162,6.443272750052417
19185,corn,2022,10,170.1,179.84049537608374,-9.740495376083743,9.740495376083743,5.726334730207962
19185,corn,2022,11,170.1,179.55726727383163,-9.457267273831633,9.457267273831633,5.55982790936604
19185,corn,2022,12,170.1,186.7497285543985,-16.649728554398507,16.649728554398507,9.788200208347153
19187,corn,2022,1,201.5,193.82800680834188,7.671993191658117,7.671993191658117,3.807440789904773
19187,corn,2022,2,201.5,191.57359799620966,9.926402003790344,9.926402003790344,4.926254096173867
19187,corn,2022,3,201.5,198.87931043813754,2.620689561862463,2.620689561862463,1.3005903532816192
19187,corn,2022,4,201.5,200.99024243067132,0.5097575693286842,0.5097575693286842,0.25298142398445866
19187,corn,2022,5,201.5,197.24171016656143,4.2582898334385675,4.2582898334385675,2.113295202699041
19187,corn,2022,6,201.5,197.11547880310798,4.384521196892024,4.384521196892024,2.1759410406412028
19187,corn,2022,7,201.5,193.21406096690794,8.285939033092063,8.285939033092063,4.112128552403009
19187,corn,2022,8,201.5,204.46514622722358,-2.9651462272235847,2.9651462272235847,1.471536589192846
19187,corn,2022,9,201.5,194.74633913191957,6.753660868080431,6.753660868080431,3.351692738501454
19187,corn,2022,10,201.5,185.87785864248605,15.622141357513954,15.622141357513954,7.7529237506272715
19187,corn,2022,11,201.5,194.17589723132255,7.324102768677449,7.324102768677449,3.6347904559193296
19187,corn,2022,12,201.5,200.10894892835887,1.3910510716411295,1.3910510716411295,0.690347926372769
19189,corn,2022,1,217.6,191.00523033902365,26.59476966097634,26.59476966097634,12.22186105743398
19189,corn,2022,2,217.6,189.74098306014088,27.859016939859117,27.859016939859117,12.80285704956761
19189,corn,2022,3,217.6,193.4461304544894,24.153869545510588,24.153869545510588,11.100123872017734
19189,corn,2022,4,217.6,193.3477872634533,24.25221273654668,24.25221273654668,11.145318353192408
19189,corn,2022,5,217.6,191.73907423584456,25.86092576415544,25.86092576415544,11.884616619556727
19189,corn,2022,6,217.6,195.1532269675773,22.446773032422698,22.446773032422698,10.315612606811902
19189,corn,2022,7,217.6,184.1410712853526,33.458928714647385,33.458928714647385,15.376345916657804
19189,corn,2022,8,217.6,194.3464604242291,23.2535395757709,23.2535395757709,10.686369290335893
19189,corn,2022,9,217.6,194.73052637481726,22.869473625182735,22.869473625182735,10.509868393925888
19189,corn,2022,10,217.6,185.5255658687559,32.07443413124409,32.07443413124409,14.740089214726144
19189,corn,2022,11,217.6,193.47830695375865,24.121693046241347,24.121693046241347,11.085336877868267
19189,corn,2022,12,217.6,192.2855452921119,25.314454707888103,25.314454707888103,11.633481023845636
19191,corn,2022,1,212.4,195.21016271293337,17.189837287066638,17.189837287066638,8.0931437321406
19191,corn,2022,2,212.4,189.05759637081965,23.342403629180353,23.342403629180353,10.989832217128226
19191,corn,2022,3,212.4,196.40923835216915,15.990761647830851,15.990761647830851,7.528607178828084
19191,corn,2022,4,212.4,194.89143158110983,17.508568418890178,17.508568418890178,8.243205470287277
19191,corn,2022,5,212.4,188.19862232416713,24.201377675832873,24.201377675832873,11.394245610090806
19191,corn,2022,6,212.4,192.52552489146936,19.874475108530646,19.874475108530646,9.357097508724408
19191,corn,2022,7,212.4,198.91401727607953,13.485982723920472,13.485982723920472,6.349332732542595
19191,corn,2022,8,212.4,195.991851204671,16.408148795328998,16.408148795328998,7.725117135277306
19191,corn,2022,9,212.4,194.97885197791888,17.421148022081127,17.421148022081127,8.202047091375295
19191,corn,2022,10,212.4,177.99933305403152,34.40066694596848,34.40066694596848,16.196170878516234
19191,corn,2022,11,212.4,184.8752018908881,27.524798109111913,27.524798109111913,12.9589444958154
19191,corn,2022,12,212.4,199.62494096920844,12.775059030791567,12.775059030791567,6.014622895852904
19193,corn,2022,1,200.2,196.35619009922462,3.843809900775369,3.843809900775369,1.9199849654222625
19193,corn,2022,2,200.2,195.256474626377,4.943525373622975,4.943525373622975,2.4692933934180696
19193,corn,2022,3,200.2,200.7935011905327,-0.5935011905327201,0.5935011905327201,0.2964541411252348
19193,corn,2022,4,200.2,199.99353072234663,0.20646927765335477,0.20646927765335477,0.10313150731935802
19193,corn,2022,5,200.2,201.36355753983673,-1.163557539836745,1.163557539836745,0.5811975723460265
19193,corn,2022,6,200.2,201.67703886197614,-1.4770388619761547,1.4770388619761547,0.7377816493387387
19193,corn,2022,7,200.2,197.37872277937132,2.821277220628673,2.821277220628673,1.409229380933403
19193,corn,2022,8,200.2,196.486830564152,3.7131694358479876,3.7131694358479876,1.8547299879360577
19193,corn,2022,9,200.2,192.54912302152573,7.650876978474258,7.650876978474258,3.8216168723647645
19193,corn,2022,10,200.2,188.0028526346672,12.197147365332796,12.197147365332796,6.092481201464933
19193,corn,2022,11,200.2,195.65862346333293,4.541376536667059,4.541376536667059,2.268419848485044
19193,corn,2022,12,200.2,200.6128618237226,-0.4128618237226078,0.4128618237226078,0.20622468717412978
19195,corn,2022,1,219.5,191.01471082530784,28.485289174692156,28.485289174692156,12.97735269917638
19195,corn,2022,2,219.5,189.7112210948137,29.78877890518629,29.78877890518629,13.57119767890036
19195,corn,2022,3,219.5,194.29242141944155,25.207578580558447,25.207578580558447,11.48409046950271
19195,corn,2022,4,219.5,193.74420133151548,25.755798668484516,25.755798668484516,11.733849051701375
19195,corn,2022,5,219.5,191.82106631092086,27.678933689079145,27.678933689079145,12.609992569056558
19195,corn,2022,6,219.5,193.76082210697945,25.739177893020553,25.739177893020553,11.726276944428498
19195,corn,2022,7,219.5,183.777986487496,35.72201351250399,35.72201351250399,16.27426583713166
19195,corn,2022,8,219.5,195.34001796541548,24.159982034584516,24.159982034584516,11.006825528284518
19195,corn,2022,9,219.5,192.73498190776635,26.765018092233646,26.765018092233646,12.193630110357013
19195,corn,2022,10,219.5,184.05485385626295,35.44514614373705,35.44514614373705,16.14813036161141
19195,corn,2022,11,219.5,193.71548867425108,25.784511325748923,25.784511325748923,11.746929988951674
19195,corn,2022,12,219.5,192.28472669644958,27.21527330355042,27.21527330355042,12.398757769271262
19197,corn,2022,1,209.7,194.0069773641172,15.693022635882784,15.693022635882784,7.483558720020403
19197,corn,2022,2,209.7,189.8053490102639,19.89465098973608,19.89465098973608,9.487196466254687
19197,corn,2022,3,209.7,194.22485847918256,15.47514152081743,15.47514152081743,7.379657377595342
19197,corn,2022,4,209.7,193.84359105504518,15.856408944954808,15.856408944954808,7.561473030498239
19197,corn,2022,5,209.7,193.9686341275388,15.731365872461197,15.731365872461197,7.501843525255697
19197,corn,2022,6,209.7,195.3609969887072,14.339003011292789,14.339003011292789,6.837865050688026
19197,corn,2022,7,209.7,188.13081412220234,21.56918587779765,21.56918587779765,10.285734801047997
19197,corn,2022,8,209.7,198.67147118731563,11.028528812684357,11.028528812684357,5.259193520593399
19197,corn,2022,9,209.7,195.31680333626568,14.38319666373431,14.38319666373431,6.858939753807491
19197,corn,2022,10,209.7,185.2574631833221,24.442536816677887,24.442536816677887,11.655954609765326
19197,corn,2022,11,209.7,194.4679053862316,15.232094613768396,15.232094613768396,7.263755180623938
19197,corn,2022,12,209.7,198.265059463288,11.434940536711991,11.434940536711991,5.4529997790710505
