county_id,crop_type,year,month,yield_bu_acre,prediction,residual,abs_error,ape
19001,soybeans,2022,1,47.5,55.62982185029535,-8.12982185029535,8.12982185029535,17.115414421674423
19001,soybeans,2022,2,47.5,54.86784466691069,-7.367844666910692,7.367844666910692,15.511251930338299
19001,soybeans,2022,3,47.5,58.51200468748947,-11.012004687489473,11.012004687489473,23.18316776313573
19001,soybeans,2022,4,47.5,57.27011281088341,-9.770112810883411,9.770112810883411,20.568658549228232
19001,soybeans,2022,5,47.5,55.61523132124455,-8.11523132124455,8.11523132124455,17.08469751840958
19001,soybeans,2022,6,47.5,55.74000421398118,-8.24000421398118,8.24000421398118,17.347377292591958
19001,soybeans,2022,7,47.5,59.75645569979434,-12.256455699794337,12.256455699794337,25.803064631145972
19001,soybeans,2022,8,47.5,56.26135011769473,-8.761350117694732,8.761350117694732,18.444947616199435
19001,soybeans,2022,9,47.5,53.68181092484396,-6.181810924843958,6.181810924843958,13.014338789145175
19001,soybeans,2022,10,47.5,53.60665134554151,-6.106651345541508,6.106651345541508,12.85610809587686
19001,soybeans,2022,11,47.5,51.82318529952404,-4.323185299524042,4.323185299524042,9.101442735840088
19001,soybeans,2022,12,47.5,55.73507264971702,-8.235072649717019,8.235072649717019,17.336995052035828
19005,soybeans,2022,1,61.2,61.78273451890816,-0.5827345189081541,0.5827345189081541,0.952180586451232
19005,soybeans,2022,2,61.2,57.687364291621364,3.512635708378639,3.512635708378639,5.739600830684051
19005,soybeans,2022,3,61.2,58.77650359735591,2.4234964026440906,2.4234964026440906,3.9599614422289062
19005,soybeans,2022,4,61.2,56.67313549515895,4.5268645048410505,4.5268645048410505,7.396837426210867
19005,soybeans,2022,5,61.2,56.466278966448336,4.733721033551667,4.733721033551667,7.7348382901171036
19005,soybeans,2022,6,61.2,57.10188195670378,4.098118043296225,4.098118043296225,6.69627131257553
19005,soybeans,2022,7,61.2,57.01051903236091,4.189480967639092,4.189480967639092,6.845557136665183
19005,soybeans,2022,8,61.2,56.53854109542981,4.661458904570196,4.661458904570196,7.616762915964373
19005,soybeans,2022,9,61.2,58.23032178943478,2.9696782105652204,2.9696782105652204,4.852415376740557
19005,soybeans,2022,10,61.2,53.313697978453995,7.886302021546008,7.886302021546008,12.886114414290862
19005,soybeans,2022,11,61.2,57.78579865290564,3.4142013470943624,3.4142013470943624,5.578760371069219
19005,soybeans,2022,12,61.2,57.78044621879444,3.4195537812055647,3.4195537812055647,5.5875061784404645
19007,soybeans,2022,1,40.4,56.05231309519319,-15.652313095193193,15.652313095193193,38.74334924552771
19007,soybeans,2022,2,40.4,54.6349006011912,-14.2349006011912,14.2349006011912,35.23490247819604
19007,soybeans,2022,3,40.4,58.55623537897683,-18.15623537897683,18.15623537897683,44.94117668063572
19007,soybeans,2022,4,40.4,57.266136915765046,-16.866136915765047,16.866136915765047,41.74786365288378
19007,soybeans,2022,5,40.4,51.39906118123465,-10.999061181234651,10.999061181234651,27.225398963452108
19007,soybeans,2022,6,40.4,52.66944640657747,-12.269446406577472,12.269446406577472,30.369916847964042
19007,soybeans,2022,7,40.4,53.057026698773974,-12.657026698773976,12.657026698773976,31.329274006866275
19007,soybeans,2022,8,40.4,53.65580030827211,-13.255800308272114,13.255800308272114,32.81138690166365
19007,soybeans,2022,9,40.4,52.89407356782277,-12.494073567822774,12.494073567822774,30.925924672828646
19007,soybeans,2022,10,40.4,53.12467519294726,-12.72467519294726,12.72467519294726,31.496720774621927
19007,soybeans,2022,11,40.4,50.59269713147008,-10.192697131470084,10.192697131470084,25.229448345222984
19007,soybeans,2022,12,40.4,49.10432677656009,-8.704326776560094,8.704326776560094,21.545363308317068
19009,soybeans,2022,1,57.9,57.30013005257774,0.5998699474222562,0.5998699474222562,1.0360448142007879
19009,soybeans,2022,2,57.9,55.613261932778755,2.2867380672212434,2.2867380672212434,3.9494612559952387
19009,soybeans,2022,3,57.9,55.18006473367087,2.7199352663291307,2.7199352663291307,4.69764294702786
19009,soybeans,2022,4,57.9,55.17471013272231,2.725289867277688,2.725289867277688,4.706890962483054
19009,soybeans,2022,5,57.9,54.94280193484931,2.957198065150692,2.957198065150692,5.107423255873389
19009,soybeans,2022,6,57.9,54.11997490079941,3.7800250992005857,3.7800250992005857,6.528540758550235
19009,soybeans,2022,7,57.9,53.24447648412456,4.655523515875437,4.655523515875437,8.040627833981757
19009,soybeans,2022,8,57.9,56.92395817859393,0.9760418214060707,0.9760418214060707,1.6857371699586714
19009,soybeans,2022,9,57.9,55.048587279465586,2.8514127205344124,2.8514127205344124,4.924719724584477
19009,soybeans,2022,10,57.9,54.16128767851054,3.7387123214894586,3.7387123214894586,6.457188810862623
19009,soybeans,2022,11,57.9,55.54571663353176,2.3542833664682377,2.3542833664682377,4.066119803917509
19009,soybeans,2022,12,57.9,55.9430432501196,1.9569567498803977,1.9569567498803977,3.379890759724349
19011,soybeans,2022,1,66.1,57.707893177831345,8.39210682216865,8.39210682216865,12.696076886790697
19011,soybeans,2022,2,66.1,55.76328139023631,10.336718609763686,10.336718609763686,15.638000922486667
19011,soybeans,2022,3,66.1,60.018258185571746,6.0817418144282485,6.0817418144282485,9.200819688998864
19011,soybeans,2022,4,66.1,59.370756133611,6.729243866388991,6.729243866388991,10.180399192721621
19011,soybeans,2022,5,66.1,55.65631085501605,10.443689144983942,10.443689144983942,15.799832291957555
19011,soybeans,2022,6,66.1,56.69336508722456,9.406634912775438,9.406634912775438,14.23091514792048
19011,soybeans,2022,7,66.1,57.88095184413528,8.219048155864712,8.219048155864712,12.434263473320293
19011,soybeans,2022,8,66.1,57.141928996203426,8.958071003796569,8.958071003796569,13.55230106474519
19011,soybeans,2022,9,66.1,57.75789518674539,8.342104813254608,8.342104813254608,12.620430882382161
19011,soybeans,2022,10,66.1,54.666172057104205,11.433827942895789,11.433827942895789,17.297772984713752
19011,soybeans,2022,11,66.1,58.1187589067265,7.981241093273496,7.981241093273496,12.074494846102112
19011,soybeans,2022,12,66.1,56.66194542511121,9.438054574888781,9.438054574888781,14.278448676079853
19013,soybeans,2022,1,64.5,58.61573508375484,5.884264916245158,5.884264916245158,9.122891343015748
19013,soybeans,2022,2,64.5,55.28744795537383,9.212552044626172,9.212552044626172,14.28302642577701
19013,soybeans,2022,3,64.5,60.10487211728123,4.395127882718768,4.395127882718768,6.8141517561531275
19013,soybeans,2022,4,64.5,56.82115000899053,7.678849991009471,7.678849991009471,11.905193784510807
19013,soybeans,2022,5,64.5,55.407165884992764,9.092834115007236,9.092834115007236,14.097417232569356
19013,soybeans,2022,6,64.5,56.7450615927189,7.754938407281102,7.754938407281102,12.02316032136605
19013,soybeans,2022,7,64.5,56.63719541923624,7.862804580763758,7.862804580763758,12.190394698858539
19013,soybeans,2022,8,64.5,56.96577471401618,7.534225285983823,7.534225285983823,11.680969435633834
19013,soybeans,2022,9,64.5,57.387609295251266,7.112390704748734,7.112390704748734,11.026962332943773
19013,soybeans,2022,10,64.5,53.64220881509755,10.857791184902453,10.857791184902453,16.8337847827945
19013,soybeans,2022,11,64.5,58.2683712820602,6.231628717939799,6.231628717939799,9.661439872774883
19013,soybeans,2022,12,64.5,57.1766306224899,7.323369377510097,7.323369377510097,11.354061050403253
19015,soybeans,2022,1,60.4,56.37984718342842,4.020152816571581,4.020152816571581,6.655882146641691
19015,soybeans,2022,2,60.4,55.033319394426265,5.366680605573734,5.366680605573734,8.88523279068499
19015,soybeans,2022,3,60.4,57.485693576018384,2.914306423981614,2.914306423981614,4.825010635731149
19015,soybeans,2022,4,60.4,56.350252788285104,4.0497472117148945,4.0497472117148945,6.704879489594197
19015,soybeans,2022,5,60.4,54.95183135459624,5.4481686454037614,5.4481686454037614,9.020146763913512
19015,soybeans,2022,6,60.4,56.594676075476784,3.805323924523215,3.805323924523215,6.300205173051681
19015,soybeans,2022,7,60.4,56.34282555162031,4.0571744483796905,4.0571744483796905,6.7171762390392225
19015,soybeans,2022,8,60.4,56.84393203569234,3.5560679643076583,3.5560679643076583,5.887529742231223
19015,soybeans,2022,9,60.4,56.90419529801671,3.495804701983289,3.495804701983289,5.787756129111406
19015,soybeans,2022,10,60.4,53.039784560456056,7.360215439543943,7.360215439543943,12.18578715156282
19015,soybeans,2022,11,60.4,55.554029143293555,4.845970856706444,4.845970856706444,8.023130557461
19015,soybeans,2022,12,60.4,56.523578213778165,3.876421786221833,3.876421786221833,6.417916864605684
19017,soybeans,2022,1,66.7,58.136177778164054,8.563822221835949,8.563822221835949,12.839313675915964
19017,soybeans,2022,2,66.7,55.037919896273465,11.662080103726538,11.662080103726538,17.484377966606505
19017,soybeans,2022,3,66.7,56.505788327911844,10.194211672088159,10.194211672088159,15.28367567029709
19017,soybeans,2022,4,66.7,54.860512803698946,11.839487196301057,11.839487196301057,17.75035561664326
19017,soybeans,2022,5,66.7,54.88908888675691,11.810911113243094,11.810911113243094,17.707512913407935
19017,soybeans,2022,6,66.7,53.616999466262556,13.083000533737447,13.083000533737447,19.61469345387923
19017,soybeans,2022,7,66.7,53.747827082185545,12.952172917814458,12.952172917814458,19.41855010167085
19017,soybeans,2022,8,66.7,54.34380680424185,12.356193195758152,12.356193195758152,18.52502727999723
19017,soybeans,2022,9,66.7,57.69171882582195,9.008281174178052,9.008281174178052,13.505668926803674
19017,soybeans,2022,10,66.7,53.18432724309673,13.515672756903271,13.515672756903271,20.26337744663159
19017,soybeans,2022,11,66.7,55.84439527226677,10.85560472773323,10.85560472773323,16.275269456871406
19017,soybeans,2022,12,66.7,54.36481279972951,12.33518720027049,12.33518720027049,18.49353403338904
19019,soybeans,2022,1,65.0,59.287604225874496,5.712395774125504,5.712395774125504,8.788301190962313
19019,soybeans,2022,2,65.0,55.28101492342865,9.71898507657135,9.71898507657135,14.952284733186694
19019,soybeans,2022,3,65.0,58.022338144933165,6.977661855066835,6.977661855066835,10.734864392410515
19019,soybeans,2022,4,65.0,56.059141801686394,8.940858198313606,8.940858198313606,13.755166458944009
19019,soybeans,2022,5,65.0,55.028511015460595,9.971488984539405,9.971488984539405,15.340752283906777
19019,soybeans,2022,6,65.0,56.245329019990606,8.754670980009394,8.754670980009394,13.468724584629838
19019,soybeans,2022,7,65.0,56.558546123018154,8.441453876981846,8.441453876981846,12.986852118433609
19019,soybeans,2022,8,65.0,56.33171425997936,8.668285740020643,8.668285740020643,13.335824215416373
19019,soybeans,2022,9,65.0,57.968990719058226,7.031009280941774,7.031009280941774,10.816937355295037
19019,soybeans,2022,10,65.0,53.7878406822311,11.2121593177689,11.2121593177689,17.249475873490617
19019,soybeans,2022,11,65.0,57.39114595110073,7.608854048899268,7.608854048899268,11.705929305998874
19019,soybeans,2022,12,65.0,57.057673063492366,7.942326936507634,7.942326936507634,12.218964517704052
19021,soybeans,2022,1,57.2,58.37266896190294,-1.1726689619029358,1.1726689619029358,2.05012056276737
19021,soybeans,2022,2,57.2,55.326836466621835,1.8731635333781682,1.8731635333781682,3.2747614219898047
19021,soybeans,2022,3,57.2,57.07126834364169,0.12873165635831185,0.12873165635831185,0.22505534328376198
19021,soybeans,2022,4,57.2,56.36570331393005,0.8342966860699548,0.8342966860699548,1.4585606399824382
19021,soybeans,2022,5,57.2,56.686012169285,0.5139878307150028,0.5139878307150028,0.8985801236276271
19021,soybeans,2022,6,57.2,57.06518423459676,0.13481576540324625,0.13481576540324625,0.2356918975581228
19021,soybeans,2022,7,57.2,56.42460234673385,0.775397653266154,0.775397653266154,1.3555903029128564
19021,soybeans,2022,8,57.2,56.6716474822607,0.5283525177393003,0.5283525177393003,0.9236932128309444
19021,soybeans,2022,9,57.2,58.029984935301584,-0.8299849353015816,0.8299849353015816,1.451022614163604
19021,soybeans,2022,10,57.2,54.63505494131492,2.5649450586850833,2.5649450586850833,4.48416968301588
19021,soybeans,2022,11,57.2,59.87086900769807,-2.670869007698066,2.670869007698066,4.669351412059555
19021,soybeans,2022,12,57.2,57.979825915288735,-0.7798259152887326,0.7798259152887326,1.3633320197355465
19023,soybeans,2022,1,61.6,59.303759408389915,2.2962405916100863,2.2962405916100863,3.7276632980683218
19023,soybeans,2022,2,61.6,54.986749755501236,6.613250244498765,6.613250244498765,10.735795851459034
19023,soybeans,2022,3,61.6,57.58618619954445,4.0138138004555515,4.0138138004555515,6.515931494246025
19023,soybeans,2022,4,61.6,55.165458766257686,6.434541233742316,6.434541233742316,10.445683821010253
19023,soybeans,2022,5,61.6,54.93424743433843,6.66575256566157,6.66575256566157,10.821026892307744
19023,soybeans,2022,6,61.6,55.89495040268597,5.70504959731403,5.70504959731403,9.261444151483815
19023,soybeans,2022,7,61.6,55.51361512833329,6.086384871666709,6.086384871666709,9.880494921536865
19023,soybeans,2022,8,61.6,57.59728240959749,4.002717590402511,4.002717590402511,6.4979181662378425
19023,soybeans,2022,9,61.6,57.59679413652599,4.003205863474008,4.003205863474008,6.498710817327935
19023,soybeans,2022,10,61.6,53.11596035992897,8.484039640071032,8.484039640071032,13.772791623491933
19023,soybeans,2022,11,61.6,54.981176853832416,6.6188231461675855,6.6188231461675855,10.744842769752573
19023,soybeans,2022,12,61.6,56.38345847067929,5.216541529320715,5.216541529320715,8.468411573572588
19025,soybeans,2022,1,61.2,58.46483351394123,2.735166486058773,2.735166486058773,4.46922628440976
19025,soybeans,2022,2,61.2,55.85056848959795,5.349431510402056,5.349431510402056,8.740901160787672
19025,soybeans,2022,3,61.2,59.02556252824349,2.1744374717565123,2.1744374717565123,3.5530024048309023
19025,soybeans,2022,4,61.2,56.992613078683135,4.207386921316868,4.207386921316868,6.874815230909914
19025,soybeans,2022,5,61.2,56.843984870537824,4.356015129462179,4.356015129462179,7.117671780166959
19025,soybeans,2022,6,61.2,57.36561976642296,3.8343802335770434,3.8343802335770434,6.265327179047456
19025,soybeans,2022,7,61.2,57.26703578999131,3.9329642100086915,3.9329642100086915,6.426412107857339
19025,soybeans,2022,8,61.2,57.59804204319069,3.601957956809315,3.601957956809315,5.8855522170086845
19025,soybeans,2022,9,61.2,57.07640169994858,4.12359830005142,4.12359830005142,6.737905719038268
19025,soybeans,2022,10,61.2,54.79697990739363,6.403020092606376,6.403020092606376,10.462451131709763
19025,soybeans,2022,11,61.2,59.60047283261476,1.59952716738524,1.59952716738524,2.613606482655621
19025,soybeans,2022,12,61.2,57.225676288027245,3.974323711972758,3.974323711972758,6.493992993419539
19027,soybeans,2022,1,58.9,58.60931253725949,0.2906874627405074,0.2906874627405074,0.49352710142700745
19027,soybeans,2022,2,58.9,54.88591877086197,4.014081229138029,4.014081229138029,6.815078487500897
19027,soybeans,2022,3,58.9,57.202583621583535,1.697416378416463,1.697416378416463,2.8818614234574924
19027,soybeans,2022,4,58.9,56.16923039078435,2.730769609215649,2.730769609215649,4.6362811701454145
19027,soybeans,2022,5,58.9,56.789715445068325,2.110284554931674,2.110284554931674,3.582826069493504
19027,soybeans,2022,6,58.9,57.02165826651181,1.8783417334881918,1.8783417334881918,3.1890352011684073
19027,soybeans,2022,7,58.9,56.37361422411416,2.526385775885842,2.526385775885842,4.28927975532401
19027,soybeans,2022,8,58.9,58.073569222068144,0.8264307779318543,0.8264307779318543,1.403108281717919
19027,soybeans,2022,9,58.9,57.57480817308397,1.3251918269160257,1.3251918269160257,2.249901234152845
19027,soybeans,2022,10,58.9,54.2519611958676,4.648038804132398,4.648038804132398,7.891407137746007
19027,soybeans,2022,11,58.9,57.31365294973129,1.5863470502687065,1.5863470502687065,2.6932887101336274
19027,soybeans,2022,12,58.9,56.589036564069914,2.310963435930084,2.310963435930084,3.923537242665678
19029,soybeans,2022,1,51.2,57.94459406927736,-6.744594069277355,6.744594069277355,13.173035291557333
19029,soybeans,2022,2,51.2,55.565823660300275,-4.365823660300272,4.365823660300272,8.52699933652397
19029,soybeans,2022,3,51.2,54.179509048926604,-2.9795090489266016,2.9795090489266016,5.819353611184769
19029,soybeans,2022,4,51.2,55.41265231215742,-4.212652312157417,4.212652312157417,8.227836547182454
19029,soybeans,2022,5,51.2,55.47179199566098,-4.271791995660976,4.271791995660976,8.343343741525345
19029,soybeans,2022,6,51.2,56.7131027452086,-5.513102745208599,5.513102745208599,10.767778799235545
19029,soybeans,2022,7,51.2,56.19072621650475,-4.990726216504747,4.990726216504747,9.747512141610834
19029,soybeans,2022,8,51.2,57.58981830726484,-6.389818307264839,6.389818307264839,12.480113881376639
19029,soybeans,2022,9,51.2,53.37371006848956,-2.173710068489555,2.173710068489555,4.245527477518662
19029,soybeans,2022,10,51.2,53.50314132835723,-2.3031413283572277,2.3031413283572277,4.498322906947711
19029,soybeans,2022,11,51.2,55.703665629465384,-4.503665629465381,4.503665629465381,8.796221932549573
19029,soybeans,2022,12,51.2,55.80202982994289,-4.602029829942886,4.602029829942886,8.9883395116072
19031,soybeans,2022,1,67.0,57.29426031176256,9.705739688237443,9.705739688237443,14.486178639160363
19031,soybeans,2022,2,67.0,55.363715670769935,11.636284329230065,11.636284329230065,17.36758855108965
19031,soybeans,2022,3,67.0,57.17833056009495,9.821669439905051,9.821669439905051,14.659208119261269
19031,soybeans,2022,4,67.0,56.534512773148975,10.465487226851025,10.465487226851025,15.620130189329887
19031,soybeans,2022,5,67.0,54.20911658702349,12.790883412976513,12.790883412976513,19.090870765636588
19031,soybeans,2022,6,67.0,55.525530512240636,11.474469487759364,11.474469487759364,17.12607386232741
19031,soybeans,2022,7,67.0,57.493823601627156,9.506176398372844,9.506176398372844,14.188322982646037
19031,soybeans,2022,8,67.0,57.39416346352061,9.605836536479387,9.605836536479387,14.337069457431923
19031,soybeans,2022,9,67.0,56.71423077221099,10.285769227789011,10.285769227789011,15.351894369834346
19031,soybeans,2022,10,67.0,53.81571712003193,13.184282879968073,13.184282879968073,19.67803414920608
19031,soybeans,2022,11,67.0,55.43873180530709,11.561268194692907,11.561268194692907,17.25562417118344
19031,soybeans,2022,12,67.0,56.647666306871336,10.352333693128664,10.352333693128664,15.451244318102484
19033,soybeans,2022,1,60.8,57.15185604969002,3.6481439503099793,3.6481439503099793,6.000236760378256
19033,soybeans,2022,2,60.8,55.143150716764865,5.6568492832351325,5.6568492832351325,9.304028426373574
19033,soybeans,2022,3,60.8,56.074182535749486,4.725817464250511,4.725817464250511,7.7727260925172885
19033,soybeans,2022,4,60.8,56.71670741033817,4.083292589661831,4.083292589661831,6.715941759312222
19033,soybeans,2022,5,60.8,54.54271964929555,6.257280350704448,6.257280350704448,10.291579524184948
19033,soybeans,2022,6,60.8,55.30961953092148,5.4903804690785165,5.4903804690785165,9.030231034668613
19033,soybeans,2022,7,60.8,55.97118392514546,4.828816074854537,4.828816074854537,7.942131702063383
19033,soybeans,2022,8,60.8,56.550983792561446,4.249016207438551,4.249016207438551,6.988513499076563
19033,soybeans,2022,9,60.8,56.92878878112368,3.8712112188763186,3.8712112188763186,6.367123715257103
19033,soybeans,2022,10,60.8,54.153966741090784,6.646033258909213,6.646033258909213,10.93097575478489
19033,soybeans,2022,11,60.8,56.666406783040934,4.1335932169590635,4.1335932169590635,6.798673054208987
19033,soybeans,2022,12,60.8,57.46644370148782,3.3335562985121783,3.3335562985121783,5.48282285939503
19035,soybeans,2022,1,59.6,58.267536244361196,1.3324637556388055,1.3324637556388055,2.235677442346989
19035,soybeans,2022,2,59.6,55.80001303201281,3.799986967987195,3.799986967987195,6.375817060381199
19035,soybeans,2022,3,59.6,57.047602676942056,2.5523973230579458,2.5523973230579458,4.282545844056956
19035,soybeans,2022,4,59.6,56.1199856340582,3.4800143659417984,3.4800143659417984,5.838950278425836
19035,soybeans,2022,5,59.6,56.17364273923826,3.4263572607617405,3.4263572607617405,5.748921578459297
19035,soybeans,2022,6,59.6,57.199455653731604,2.400544346268397,2.400544346268397,4.027758970248988
19035,soybeans,2022,7,59.6,56.62490702523481,2.9750929747651895,2.9750929747651895,4.991766736183203
19035,soybeans,2022,8,59.6,56.93134747734631,2.6686525226536943,2.6686525226536943,4.477604903781366
19035,soybeans,2022,9,59.6,56.54941392124016,3.0505860787598422,3.0505860787598422,5.118433018053426
19035,soybeans,2022,10,59.6,54.55120554684624,5.048794453153761,5.048794453153761,8.471131632808323
19035,soybeans,2022,11,59.6,59.41719638997456,0.182803610025438,0.182803610025438,0.3067174664856342
19035,soybeans,2022,12,59.6,58.16175282854124,1.4382471714587624,1.4382471714587624,2.4131663950650375
19037,soybeans,2022,1,63.6,57.24947731289729,6.3505226871027105,6.3505226871027105,9.985098564626902
19037,soybeans,2022,2,63.6,54.88716987982509,8.712830120174914,8.712830120174914,13.699418427947977
19037,soybeans,2022,3,63.6,56.18992783837233,7.410072161627674,7.410072161627674,11.651056857905148
19037,soybeans,2022,4,63.6,54.76431315561705,8.835686844382948,8.835686844382948,13.89258937796061
19037,soybeans,2022,5,63.6,54.79043688628023,8.809563113719769,8.809563113719769,13.851514329748063
19037,soybeans,2022,6,63.6,54.009580499883974,9.590419500116028,9.590419500116028,15.07927594357866
19037,soybeans,2022,7,63.6,53.69571361641853,9.904286383581471,9.904286383581471,15.572777332675269
19037,soybeans,2022,8,63.6,54.308094030231985,9.291905969768017,9.291905969768017,14.609915046805058
19037,soybeans,2022,9,63.6,57.5484228358303,6.0515771641697,6.0515771641697,9.515058434229088
19037,soybeans,2022,10,63.6,52.98507517825709,10.61492482174291,10.61492482174291,16.6901333675203
19037,soybeans,2022,11,63.6,55.19870493411751,8.401295065882493,8.401295065882493,13.20958343692216
19037,soybeans,2022,12,63.6,53.88570154630478,9.714298453695221,9.714298453695221,15.274054172476761
19039,soybeans,2022,1,40.2,54.62646166195478,-14.426461661954775,14.426461661954775,35.886720552126306
19039,soybeans,2022,2,40.2,54.54149883828001,-14.34149883828001,14.34149883828001,35.675370244477634
19039,soybeans,2022,3,40.2,58.61320667646013,-18.413206676460128,18.413206676460128,45.80399670761226
19039,soybeans,2022,4,40.2,55.70017805889191,-15.500178058891905,15.500178058891905,38.55765686291519
19039,soybeans,2022,5,40.2,52.26238523138837,-12.062385231388369,12.062385231388369,30.00593341141385
19039,soybeans,2022,6,40.2,52.763361641425824,-12.563361641425821,12.563361641425821,31.252143386631392
19039,soybeans,2022,7,40.2,52.565044230617126,-12.365044230617123,12.365044230617123,30.758816494072445
19039,soybeans,2022,8,40.2,52.598134970195744,-12.398134970195741,12.398134970195741,30.841131766656073
19039,soybeans,2022,9,40.2,52.38335577152818,-12.183355771528177,12.183355771528177,30.306855153055164
19039,soybeans,2022,10,40.2,52.82851081317374,-12.62851081317374,12.62851081317374,31.414206002919748
19039,soybeans,2022,11,40.2,54.308440643541566,-14.108440643541563,14.108440643541563,35.09562349139692
19039,soybeans,2022,12,40.2,53.977704365135054,-13.777704365135051,13.777704365135051,34.2728964306842
19041,soybeans,2022,1,56.9,58.76215813784486,-1.8621581378448582,1.8621581378448582,3.2726856552633716
19041,soybeans,2022,2,56.9,55.280515501075996,1.6194844989240025,1.6194844989240025,2.8461941984604615
19041,soybeans,2022,3,56.9,55.7989083578788,1.1010916421211974,1.1010916421211974,1.9351346961708216
19041,soybeans,2022,4,56.9,56.94445996615199,-0.044459966151990216,0.044459966151990216,0.0781370231142183
19041,soybeans,2022,5,56.9,56.04241402146109,0.8575859785389071,0.8575859785389071,1.5071809816149508
19041,soybeans,2022,6,56.9,56.80028687113171,0.09971312886828798,0.09971312886828798,0.17524275723776447
19041,soybeans,2022,7,56.9,55.90382848509814,0.9961715149018602,0.9961715149018602,1.7507407994760285
19041,soybeans,2022,8,56.9,56.74954352020961,0.15045647979038534,0.15045647979038534,0.2644226358354751
19041,soybeans,2022,9,56.9,55.897866007421364,1.002133992578635,1.002133992578635,1.7612196706127152
19041,soybeans,2022,10,56.9,54.07983962712327,2.820160372876728,2.820160372876728,4.956345119291263
19041,soybeans,2022,11,56.9,59.77337442079044,-2.873374420790441,2.873374420790441,5.049867171863692
19041,soybeans,2022,12,56.9,58.06366941619358,-1.1636694161935779,1.1636694161935779,2.0451132094790476
19043,soybeans,2022,1,64.5,60.50383302602183,3.99616697397817,3.99616697397817,6.195607711594062
19043,soybeans,2022,2,64.5,57.1740979349523,7.3259020650477,7.3259020650477,11.35798769774837
19043,soybeans,2022,3,64.5,59.1351389086539,5.3648610913461,5.3648610913461,8.317614095110232
19043,soybeans,2022,4,64.5,57.222787977436106,7.277212022563894,7.277212022563894,11.282499259788983
19043,soybeans,2022,5,64.5,56.69770134010551,7.80229865989449,7.80229865989449,12.09658706960386
19043,soybeans,2022,6,64.5,57.43934904384394,7.06065095615606,7.06065095615606,10.946745668459009
19043,soybeans,2022,7,64.5,57.789806792556334,6.710193207443666,6.710193207443666,10.403400321618086
19043,soybeans,2022,8,64.5,57.21991195282323,7.280088047176768,7.280088047176768,11.28695821267716
19043,soybeans,2022,9,64.5,58.517808874870894,5.982191125129106,5.982191125129106,9.274714922680785
19043,soybeans,2022,10,64.5,53.380536274552156,11.119463725447844,11.119463725447844,17.239478644105183
19043,soybeans,2022,11,64.5,58.143883376466306,6.356116623533694,6.356116623533694,9.854444377571618
19043,soybeans,2022,12,64.5,57.23194848750049,7.268051512499511,7.268051512499511,11.268296918603893
19045,soybeans,2022,1,66.0,57.72549709686088,8.274502903139123,8.274502903139123,12.537125610816851
19045,soybeans,2022,2,66.0,56.84972369185179,9.150276308148207,9.150276308148207,13.86405501234577
19045,soybeans,2022,3,66.0,58.131498361768806,7.868501638231194,7.868501638231194,11.921972179138173
19045,soybeans,2022,4,66.0,56.27511128331234,9.724888716687659,9.724888716687659,14.73467987376918
19045,soybeans,2022,5,66.0,54.94402251454586,11.055977485454143,11.055977485454143,16.751481038566883
19045,soybeans,2022,6,66.0,56.9762012522222,9.023798747777803,9.023798747777803,13.672422345117885
19045,soybeans,2022,7,66.0,57.63078960173847,8.36921039826153,8.36921039826153,12.680621815547772
19045,soybeans,2022,8,66.0,57.70288917055459,8.297110829445408,8.297110829445408,12.571380044614255
19045,soybeans,2022,9,66.0,56.983834932514156,9.016165067485844,9.016165067485844,13.660856162857337
19045,soybeans,2022,10,66.0,53.195486960935625,12.804513039064375,12.804513039064375,19.40077733191572
19045,soybeans,2022,11,66.0,57.55432646771802,8.44567353228198,8.44567353228198,12.79647504891209
19045,soybeans,2022,12,66.0,57.002999540296344,8.997000459703656,8.997000459703656,13.631818878338873
19047,soybeans,2022,1,62.8,58.18423003055946,4.615769969440535,4.615769969440535,7.3499521806377945
19047,soybeans,2022,2,62.8,56.64049549476264,6.159504505237358,6.159504505237358,9.808128193053118
19047,soybeans,2022,3,62.8,58.264709096290204,4.535290903709793,4.535290903709793,7.221800802085658
19047,soybeans,2022,4,62.8,57.44812707363879,5.35187292636121,5.35187292636121,8.522090647071991
19047,soybeans,2022,5,62.8,58.13669853167458,4.663301468325415,4.663301468325415,7.425639280772954
19047,soybeans,2022,6,62.8,57.03974046162402,5.760259538375976,5.760259538375976,9.172387799961747
19047,soybeans,2022,7,62.8,56.319856816209466,6.480143183790531,6.480143183790531,10.31869933724607
19047,soybeans,2022,8,62.8,58.60242849720281,4.197571502797189,4.197571502797189,6.684031055409537
19047,soybeans,2022,9,62.8,58.83813644414238,3.9618635558576187,3.9618635558576187,6.308699929709584
19047,soybeans,2022,10,62.8,54.84262111468126,7.9573788853187395,7.9573788853187395,12.670985486176336
19047,soybeans,2022,11,62.8,57.95457626962862,4.84542373037138,4.84542373037138,7.715642882756975
19047,soybeans,2022,12,62.8,57.821002512630436,4.978997487369561,4.978997487369561,7.928339948040702
19049,soybeans,2022,1,59.8,58.274426890989645,1.5255731090103524,1.5255731090103524,2.5511256003517597
19049,soybeans,2022,2,59.8,56.48727760524704,3.31272239475296,3.31272239475296,5.539669556443077
19049,soybeans,2022,3,59.8,58.1234772119682,1.6765227880317966,1.6765227880317966,2.803549812762202
19049,soybeans,2022,4,59.8,56.99816590249807,2.8018340975019242,2.8018340975019242,4.685341300170442
19049,soybeans,2022,5,59.8,55.42434785934177,4.375652140658225,4.375652140658225,7.3171440479234535
19049,soybeans,2022,6,59.8,56.43843027146725,3.36156972853275,3.36156972853275,5.621354061091555
19049,soybeans,2022,7,59.8,55.32625646407152,4.473743535928477,4.473743535928477,7.481176481485749
19049,soybeans,2022,8,59.8,56.97979700213681,2.820202997863184,2.820202997863184,4.716058524854824
19049,soybeans,2022,9,59.8,54.58763799167303,5.21236200832697,5.21236200832697,8.716324428640418
19049,soybeans,2022,10,59.8,52.8597517388026,6.940248261197397,6.940248261197397,11.605766323072569
19049,soybeans,2022,11,59.8,58.22724539363465,1.5727546063653506,1.5727546063653506,2.6300244253601184
19049,soybeans,2022,12,59.8,56.49613824813468,3.3038617518653197,3.3038617518653197,5.524852427868428
19051,soybeans,2022,1,44.6,54.837619286938555,-10.237619286938553,10.237619286938553,22.954303333942942
19051,soybeans,2022,2,44.6,54.6917377922284,-10.0917377922284,10.0917377922284,22.627214780781166
19051,soybeans,2022,3,44.6,55.56614399405181,-10.966143994051805,10.966143994051805,24.587766802806737
19051,soybeans,2022,4,44.6,55.126756466802874,-10.526756466802873,10.526756466802873,23.602592974894332
19051,soybeans,2022,5,44.6,51.68201628458047,-7.082016284580469,7.082016284580469,15.878960279328405
19051,soybeans,2022,6,44.6,53.64242742791831,-9.042427427918305,9.042427427918305,20.274500959458084
19051,soybeans,2022,7,44.6,53.07114122122335,-8.471141221223348,8.471141221223348,18.99359018211513
19051,soybeans,2022,8,44.6,54.76753217545841,-10.167532175458412,10.167532175458412,22.797157344077156
19051,soybeans,2022,9,44.6,53.04274017057753,-8.44274017057753,8.44274017057753,18.929910696362175
19051,soybeans,2022,10,44.6,52.7113802079532,-8.111380207953196,8.111380207953196,18.186951138908512
19051,soybeans,2022,11,44.6,54.49094843435478,-9.890948434354776,9.890948434354776,22.17701442680443
19051,soybeans,2022,12,44.6,53.63043910429211,-9.030439104292107,9.030439104292107,20.247621310071988
19053,soybeans,2022,1,37.9,55.64676572757145,-17.74676572757145,17.74676572757145,46.82523938673206
19053,soybeans,2022,2,37.9,54.43675544731493,-16.53675544731493,16.53675544731493,43.63260012484151
19053,soybeans,2022,3,37.9,59.35977948364272,-21.45977948364272,21.45977948364272,56.62210945552169
19053,soybeans,2022,4,37.9,57.347859776355776,-19.447859776355777,19.447859776355777,51.3136141856353
19053,soybeans,2022,5,37.9,53.94176199323383,-16.041761993233834,16.041761993233834,42.32654879481223
19053,soybeans,2022,6,37.9,54.43990678153711,-16.539906781537113,16.539906781537113,43.640914990863095
19053,soybeans,2022,7,37.9,54.40668107188441,-16.506681071884408,16.506681071884408,43.5532482107768
19053,soybeans,2022,8,37.9,54.741920682688786,-16.841920682688787,16.841920682688787,44.437785442450625
19053,soybeans,2022,9,37.9,53.251816210393685,-15.351816210393686,15.351816210393686,40.50611137307041
19053,soybeans,2022,10,37.9,53.258434422176194,-15.358434422176195,15.358434422176195,40.52357367328811
19053,soybeans,2022,11,37.9,51.39196384403672,-13.491963844036718,13.491963844036718,35.59884919270902
19053,soybeans,2022,12,37.9,56.45207034035234,-18.552070340352344,18.552070340352344,48.950053668475846
19055,soybeans,2022,1,67.4,59.795458191870566,7.60454180812944,7.60454180812944,11.282702979420534
19055,soybeans,2022,2,67.4,54.787635842306116,12.61236415769389,12.61236415769389,18.7127064654212
19055,soybeans,2022,3,67.4,57.400164226053484,9.999835773946522,9.999835773946522,14.836551593392464
19055,soybeans,2022,4,67.4,55.72248510944575,11.677514890554257,11.677514890554257,17.32568974859682
19055,soybeans,2022,5,67.4,53.93082586048376,13.469174139516248,13.469174139516248,19.98393789245734
19055,soybeans,2022,6,67.4,54.25863598043916,13.141364019560847,13.141364019560847,19.49757272931876
19055,soybeans,2022,7,67.4,56.772270053573614,10.627729946426392,10.627729946426392,15.768145321107404
19055,soybeans,2022,8,67.4,55.443915181333956,11.95608481866605,11.95608481866605,17.738998247279003
19055,soybeans,2022,9,67.4,57.14428007470565,10.255719925294358,10.255719925294358,15.216201669576195
19055,soybeans,2022,10,67.4,53.32074509972668,14.079254900273327,14.079254900273327,20.889102225924816
19055,soybeans,2022,11,67.4,55.55487140915955,11.845128590840453,11.845128590840453,17.574374763858238
19055,soybeans,2022,12,67.4,56.710804113372156,10.68919588662785,10.68919588662785,15.859341078082862
19057,soybeans,2022,1,66.9,56.228789637545745,10.67121036245426,10.67121036245426,15.950987088870344
19057,soybeans,2022,2,66.9,54.87975335876004,12.020246641239964,12.020246641239964,17.967483768669602
19057,soybeans,2022,3,66.9,55.554959433422994,11.345040566577012,11.345040566577012,16.95820712492827
19057,soybeans,2022,4,66.9,56.046208686693475,10.85379131330653,10.85379131330653,16.223903308380464
19057,soybeans,2022,5,66.9,54.33714589005403,12.562854109945974,12.562854109945974,18.778556218155416
19057,soybeans,2022,6,66.9,55.231899621553104,11.668100378446901,11.668100378446901,17.441106694240506
19057,soybeans,2022,7,66.9,56.589454125964586,10.31054587403542,10.31054587403542,15.411877240710641
19057,soybeans,2022,8,66.9,56.12246940591074,10.777530594089264,10.777530594089264,16.109911201927147
19057,soybeans,2022,9,66.9,55.829089004555826,11.07091099544418,11.07091099544418,16.548446928915066
19057,soybeans,2022,10,66.9,52.56261864142622,14.337381358573786,14.337381358573786,21.43106331625379
19057,soybeans,2022,11,66.9,54.84171839942211,12.058281600577892,12.058281600577892,18.024337220594756
19057,soybeans,2022,12,66.9,57.19458379947504,9.705416200524965,9.705416200524965,14.507348580754806
19059,soybeans,2022,1,58.8,59.08513147401746,-0.28513147401746153,0.28513147401746153,0.48491747281881215
19059,soybeans,2022,2,58.8,55.492996971579814,3.3070030284201835,3.3070030284201835,5.624154810238408
19059,soybeans,2022,3,58.8,56.17698103933924,2.623018960660758,2.623018960660758,4.460916599763194
19059,soybeans,2022,4,58.8,56.19104440244287,2.6089555975571272,2.6089555975571272,4.436999315573345
19059,soybeans,2022,5,58.8,55.35913753636885,3.4408624636311487,3.4408624636311487,5.851806910937328
19059,soybeans,2022,6,58.8,55.34472888156168,3.4552711184383185,3.4552711184383185,5.876311425915508
19059,soybeans,2022,7,58.8,53.56716957335887,5.232830426641129,5.232830426641129,8.899371473879473
19059,soybeans,2022,8,58.8,55.207901699740006,3.592098300259991,3.592098300259991,6.1090107147278765
19059,soybeans,2022,9,58.8,57.63928038489937,1.160719615100625,1.160719615100625,1.974012950851403
19059,soybeans,2022,10,58.8,53.93129605946073,4.86870394053927,4.86870394053927,8.280108742413725
19059,soybeans,2022,11,58.8,56.343418646359304,2.4565813536406935,2.4565813536406935,4.177859444967166
19059,soybeans,2022,12,58.8,57.20575166055696,1.594248339443034,1.594248339443034,2.711306699733051
19061,soybeans,2022,1,68.6,59.92105630884363,8.678943691156363,8.678943691156363,12.65152141567983
19061,soybeans,2022,2,68.6,57.23816179550778,11.361838204492216,11.361838204492216,16.56244636223355
19061,soybeans,2022,3,68.6,58.78110924694499,9.818890753055001,9.818890753055001,14.31325182661079
19061,soybeans,2022,4,68.6,56.76835867386,11.831641326139994,11.831641326139994,17.247290562886292
19061,soybeans,2022,5,68.6,56.22289228300177,12.377107716998225,12.377107716998225,18.042431074341437
19061,soybeans,2022,6,68.6,57.089247932074976,11.510752067925019,11.510752067925019,16.779521964905275
19061,soybeans,2022,7,68.6,58.501151723212324,10.09884827678767,10.09884827678767,14.721353173159871
19061,soybeans,2022,8,68.6,57.07568247673908,11.524317523260912,11.524317523260912,16.799296681138358
19061,soybeans,2022,9,68.6,57.7686217364826,10.831378263517394,10.831378263517394,15.789181142153636
19061,soybeans,2022,10,68.6,53.39972603192675,15.200273968073247,15.200273968073247,22.15783377270153
19061,soybeans,2022,11,68.6,57.77210015903798,10.827899840962012,10.827899840962012,15.78411055533821
19061,soybeans,2022,12,68.6,57.70190424057069,10.898095759429303,10.898095759429303,15.886436967098112
19063,soybeans,2022,1,62.8,58.81347131151391,3.9865286884860893,3.9865286884860893,6.347975618608423
19063,soybeans,2022,2,62.8,55.42974406305231,7.370255936947686,7.370255936947686,11.736076332719247
19063,soybeans,2022,3,62.8,56.42178697773579,6.378213022264205,6.378213022264205,10.156390162841092
19063,soybeans,2022,4,62.8,56.51201543505448,6.287984564945518,6.287984564945518,10.012714275390952
19063,soybeans,2022,5,62.8,56.094047866356874,6.705952133643123,6.705952133643123,10.67826772873109
19063,soybeans,2022,6,62.8,55.366548365126725,7.433451634873272,7.433451634873272,11.83670642495744
19063,soybeans,2022,7,62.8,53.55216534113901,9.247834658860988,9.247834658860988,14.725851367613037
19063,soybeans,2022,8,62.8,55.62967925595104,7.170320744048958,7.170320744048958,11.417708191160761
19063,soybeans,2022,9,62.8,57.41247160789847,5.38752839210153,5.38752839210153,8.57886686640371
19063,soybeans,2022,10,62.8,54.04494838937409,8.755051610625905,8.755051610625905,13.9411649850731
19063,soybeans,2022,11,62.8,55.91488096070527,6.885119039294729,6.885119039294729,10.963565349195429
19063,soybeans,2022,12,62.8,57.44691902533121,5.353080974668785,5.353080974668785,8.524014290873861
19065,soybeans,2022,1,63.4,58.822357354494066,4.577642645505932,4.577642645505932,7.22025653865289
19065,soybeans,2022,2,63.4,55.097157601198525,8.302842398801474,8.302842398801474,13.09596592870895
19065,soybeans,2022,3,63.4,59.12972087220495,4.27027912779505,4.27027912779505,6.735456037531624
19065,soybeans,2022,4,63.4,55.46255770463463,7.937442295365372,7.937442295365372,12.519625071554216
19065,soybeans,2022,5,63.4,55.24415336491131,8.155846635088686,8.155846635088686,12.864111411811807
19065,soybeans,2022,6,63.4,56.409739793000696,6.990260206999302,6.990260206999302,11.025647014194483
19065,soybeans,2022,7,63.4,55.894330066045576,7.505669933954422,7.505669933954422,11.838596110338207
19065,soybeans,2022,8,63.4,56.40108963611361,6.998910363886388,6.998910363886388,11.039290794773484
19065,soybeans,2022,9,63.4,58.01649053059893,5.383509469401069,5.383509469401069,8.491339857099478
19065,soybeans,2022,10,63.4,52.46859500758231,10.93140499241769,10.93140499241769,17.241963710437997
19065,soybeans,2022,11,63.4,57.37960965270658,6.0203903472934215,6.0203903472934215,9.49588382853852
19065,soybeans,2022,12,63.4,57.435704232339326,5.964295767660673,5.964295767660673,9.407406573597275
19067,soybeans,2022,1,61.9,58.03641486684614,3.8635851331538618,3.8635851331538618,6.241656111718679
19067,soybeans,2022,2,61.9,55.094300227662046,6.805699772337952,6.805699772337952,10.994668452888453
19067,soybeans,2022,3,61.9,56.624936173987734,5.275063826012264,5.275063826012264,8.521912481441461
19067,soybeans,2022,4,61.9,55.82315145101745,6.076848548982547,6.076848548982547,9.817202825496844
19067,soybeans,2022,5,61.9,55.009298576308986,6.890701423691013,6.890701423691013,11.131989375914399
19067,soybeans,2022,6,61.9,54.06722350298946,7.832776497010542,7.832776497010542,12.65392002748068
19067,soybeans,2022,7,61.9,53.609561021921934,8.290438978078065,8.290438978078065,13.39327783211319
19067,soybeans,2022,8,61.9,54.31557791522791,7.584422084772086,7.584422084772086,12.252701267806279
19067,soybeans,2022,9,61.9,57.37145518877458,4.528544811225416,4.528544811225416,7.315904380008749
19067,soybeans,2022,10,61.9,53.589667294025936,8.310332705974062,8.310332705974062,13.425416326290893
19067,soybeans,2022,11,61.9,54.49301301552164,7.406986984478358,7.406986984478358,11.966053286717864
19067,soybeans,2022,12,61.9,51.82434089265645,10.075659107343547,10.075659107343547,16.277316813155974
19069,soybeans,2022,1,62.8,59.008829654841975,3.7911703451580223,3.7911703451580223,6.036895454073284
19069,soybeans,2022,2,62.8,54.992146759254936,7.807853240745061,7.807853240745061,12.432887326027167
19069,soybeans,2022,3,62.8,56.150771992050394,6.649228007949603,6.649228007949603,10.587942687817838
19069,soybeans,2022,4,62.8,56.40721564151788,6.392784358482118,6.392784358482118,10.179592927519296
19069,soybeans,2022,5,62.8,55.2473113707215,7.552688629278499,7.552688629278499,12.02657425044347
19069,soybeans,2022,6,62.8,55.74487088716776,7.05512911283224,7.05512911283224,11.234282026802932
19069,soybeans,2022,7,62.8,56.8316412350985,5.968358764901495,5.968358764901495,9.503755995066076
19069,soybeans,2022,8,62.8,57.38978857842119,5.410211421578808,5.410211421578808,8.614986340093642
19069,soybeans,2022,9,62.8,57.63158228610887,5.168417713891124,5.168417713891124,8.229964512565484
19069,soybeans,2022,10,62.8,54.19353777840728,8.606462221592714,8.606462221592714,13.704557677695405
19069,soybeans,2022,11,62.8,55.418115896854445,7.381884103145552,7.381884103145552,11.754592520932409
19069,soybeans,2022,12,62.8,56.91696757284667,5.883032427153324,5.883032427153324,9.367886030498925
19071,soybeans,2022,1,53.4,57.466378146617934,-4.066378146617936,4.066378146617936,7.61494034947179
19071,soybeans,2022,2,53.4,56.45006576416134,-3.0500657641613387,3.0500657641613387,5.711733640751571
19071,soybeans,2022,3,53.4,56.64911615537096,-3.249116155370963,3.249116155370963,6.084487182342628
19071,soybeans,2022,4,53.4,56.41131499359274,-3.011314993592741,3.011314993592741,5.639166654668055
19071,soybeans,2022,5,53.4,56.4580972504775,-3.058097250477502,3.058097250477502,5.726773877298693
19071,soybeans,2022,6,53.4,57.00938548326053,-3.6093854832605317,3.6093854832605317,6.759148845057175
19071,soybeans,2022,7,53.4,55.528389050647434,-2.128389050647435,2.128389050647435,3.98574728585662
19071,soybeans,2022,8,53.4,57.405975955902115,-4.005975955902116,4.005975955902116,7.501827632775498
19071,soybeans,2022,9,53.4,59.20481712483704,-5.804817124837044,5.804817124837044,10.870444054001954
19071,soybeans,2022,10,53.4,54.45719631861657,-1.057196318616569,1.057196318616569,1.9797683869224136
19071,soybeans,2022,11,53.4,57.99263671800035,-4.59263671800035,4.59263671800035,8.600443292135486
19071,soybeans,2022,12,53.4,55.70520548551147,-2.305205485511472,2.305205485511472,4.316864205077662
19073,soybeans,2022,1,59.0,57.423769892561246,1.5762301074387537,1.5762301074387537,2.671576453286023
19073,soybeans,2022,2,59.0,55.11893072573073,3.8810692742692723,3.8810692742692723,6.578083515710631
19073,soybeans,2022,3,59.0,57.19961462200577,1.8003853779942318,1.8003853779942318,3.0515006406681895
19073,soybeans,2022,4,59.0,57.03869110040441,1.9613088995955934,1.9613088995955934,3.324252372195921
19073,soybeans,2022,5,59.0,55.282986600711595,3.7170133992884047,3.7170133992884047,6.300022710658314
19073,soybeans,2022,6,59.0,56.80706755898448,2.1929324410155218,2.1929324410155218,3.7168346457890196
19073,soybeans,2022,7,59.0,56.90615711746598,2.0938428825340196,2.0938428825340196,3.5488862415830837
19073,soybeans,2022,8,59.0,57.51893965102394,1.481060348976058,1.481060348976058,2.510271777925522
19073,soybeans,2022,9,59.0,57.711069905269966,1.2889300947300342,1.2889300947300342,2.184627279203448
19073,soybeans,2022,10,59.0,54.2682002730996,4.731799726900398,4.731799726900398,8.019999537119318
19073,soybeans,2022,11,59.0,56.03044010673043,2.969559893269569,2.969559893269569,5.033152361473846
19073,soybeans,2022,12,59.0,56.38915092523317,2.6108490747668327,2.6108490747668327,4.425167923333614
19075,soybeans,2022,1,64.9,59.064269431849546,5.83573056815046,5.83573056815046,8.99188069052459
19075,soybeans,2022,2,64.9,55.93987667468561,8.960123325314399,8.960123325314399,13.80604518538428
19075,soybeans,2022,3,64.9,60.45590486722468,4.444095132775324,4.444095132775324,6.847604210747803
19075,soybeans,2022,4,64.9,58.71677861053924,6.183221389460769,6.183221389460769,9.527305684839396
19075,soybeans,2022,5,64.9,57.628881034116624,7.271118965883382,7.271118965883382,11.203573136954361
19075,soybeans,2022,6,64.9,57.050863220825036,7.8491367791749695,7.8491367791749695,12.094201508744174
19075,soybeans,2022,7,64.9,58.42564871775083,6.474351282249174,6.474351282249174,9.975887954158972
19075,soybeans,2022,8,64.9,57.938852080327706,6.9611479196723,6.9611479196723,10.725959814595223
19075,soybeans,2022,9,64.9,57.86767460207845,7.032325397921554,7.032325397921554,10.835632354270498
19075,soybeans,2022,10,64.9,53.8689906534854,11.031009346514608,11.031009346514608,16.996932737310644
19075,soybeans,2022,11,64.9,58.358016082901145,6.541983917098861,6.541983917098861,10.080098485514423
19075,soybeans,2022,12,64.9,57.72084020758783,7.179159792412179,7.179159792412179,11.061879495242186
19077,soybeans,2022,1,58.6,57.98243242828378,0.6175675717162221,0.6175675717162221,1.0538695763075463
19077,soybeans,2022,2,58.6,56.25944541696982,2.3405545830301833,2.3405545830301833,3.9941204488569677
19077,soybeans,2022,3,58.6,57.57911268582297,1.0208873141770312,1.0208873141770312,1.7421285224864012
19077,soybeans,2022,4,58.6,57.1993518621426,1.4006481378574023,1.4006481378574023,2.3901845355928364
19077,soybeans,2022,5,58.6,55.45835197093772,3.1416480290622815,3.1416480290622815,5.361174111027784
19077,soybeans,2022,6,58.6,56.3527955095415,2.2472044904585005,2.2472044904585005,3.8348199495878843
19077,soybeans,2022,7,58.6,56.29098208533704,2.3090179146629595,2.3090179146629595,3.9403036086398626
19077,soybeans,2022,8,58.6,57.525498011170406,1.0745019888295957,1.0745019888295957,1.8336211413474328
19077,soybeans,2022,9,58.6,57.07579252193568,1.5242074780643193,1.5242074780643193,2.601036651986893
19077,soybeans,2022,10,58.6,53.871485140875905,4.728514859124097,4.728514859124097,8.069137984853407
19077,soybeans,2022,11,58.6,55.912552222794524,2.6874477772054775,2.6874477772054775,4.586088357005933
19077,soybeans,2022,12,58.6,56.265804200906445,2.334195799093557,2.334195799093557,3.983269281729619
19079,soybeans,2022,1,61.3,58.52074457408037,2.7792554259196294,2.7792554259196294,4.533858769852577
19079,soybeans,2022,2,61.3,56.62087203190743,4.6791279680925655,4.6791279680925655,7.633161448764381
19079,soybeans,2022,3,61.3,58.80502573421479,2.49497426578521,2.49497426578521,4.070104838148793
19079,soybeans,2022,4,61.3,56.003249714606746,5.2967502853932515,5.2967502853932515,8.640701933757345
19079,soybeans,2022,5,61.3,56.38286540958306,4.917134590416936,4.917134590416936,8.021426738037416
19079,soybeans,2022,6,61.3,56.76833035361935,4.531669646380649,4.531669646380649,7.392609537325693
19079,soybeans,2022,7,61.3,56.840549873260024,4.4594501267399735,4.4594501267399735,7.274796291582339
19079,soybeans,2022,8,61.3,57.557422714024916,3.7425772859750808,3.7425772859750808,6.105346306647767
19079,soybeans,2022,9,61.3,57.20207301045986,4.0979269895401345,4.0979269895401345,6.685035872006745
19079,soybeans,2022,10,61.3,54.1407726685624,7.159227331437599,7.159227331437599,11.679000540681237
19079,soybeans,2022,11,61.3,57.56075184025204,3.7392481597479588,3.7392481597479588,6.099915431889003
19079,soybeans,2022,12,61.3,56.56237994332001,4.737620056679987,4.737620056679987,7.728580842871104
19081,soybeans,2022,1,63.0,58.310257661442165,4.689742338557835,4.689742338557835,7.44403545802831
19081,soybeans,2022,2,63.0,54.983896711996216,8.016103288003784,8.016103288003784,12.72397347302188
19081,soybeans,2022,3,63.0,56.11186816977269,6.888131830227309,6.888131830227309,10.933542587662396
19081,soybeans,2022,4,63.0,56.25905782659188,6.740942173408122,6.740942173408122,10.699908211758924
19081,soybeans,2022,5,63.0,55.777901275979225,7.222098724020775,7.222098724020775,11.463648768286944
19081,soybeans,2022,6,63.0,55.66357625423954,7.336423745760463,7.336423745760463,11.64511705676264
19081,soybeans,2022,7,63.0,56.206669907844926,6.793330092155074,6.793330092155074,10.783063638341387
19081,soybeans,2022,8,63.0,57.11640823801955,5.883591761980448,5.883591761980448,9.339034542826107
19081,soybeans,2022,9,63.0,57.45990531880953,5.540094681190467,5.540094681190467,8.79380108125471
19081,soybeans,2022,10,63.0,53.95870692355601,9.041293076443992,9.041293076443992,14.3512588514984
19081,soybeans,2022,11,63.0,57.20800489401958,5.791995105980419,5.791995105980419,9.193643025365745
19081,soybeans,2022,12,63.0,57.48153431632018,5.518465683679821,5.518465683679821,8.75946933917432
19083,soybeans,2022,1,63.4,58.466302130806035,4.9336978691939635,4.9336978691939635,7.781857837845369
19083,soybeans,2022,2,63.4,56.81687797940622,6.583122020593777,6.583122020593777,10.383473218602173
19083,soybeans,2022,3,63.4,59.91868788170911,3.4813121182908873,3.4813121182908873,5.491028577745879
19083,soybeans,2022,4,63.4,56.63764301269064,6.76235698730936,6.76235698730936,10.666178213421704
19083,soybeans,2022,5,63.4,55.71609284846596,7.6839071515340365,7.6839071515340365,12.119727368350215
19083,soybeans,2022,6,63.4,57.12753116324756,6.272468836752438,6.272468836752438,9.89348396964107
19083,soybeans,2022,7,63.4,58.070190205555676,5.329809794444323,5.329809794444323,8.406640054328584
19083,soybeans,2022,8,63.4,57.896952986121725,5.503047013878273,5.503047013878273,8.679884879934185
19083,soybeans,2022,9,63.4,57.96498762200497,5.4350123779950295,5.4350123779950295,8.572574728698786
19083,soybeans,2022,10,63.4,53.202773266562915,10.197226733437084,10.197226733437084,16.08395383822884
19083,soybeans,2022,11,63.4,57.43711409346448,5.962885906535519,5.962885906535519,9.405182817879368
19083,soybeans,2022,12,63.4,57.181485347474094,6.218514652525904,6.218514652525904,9.808382732690701
19085,soybeans,2022,1,52.4,58.50885248031878,-6.108852480318781,6.108852480318781,11.658115420455688
19085,soybeans,2022,2,52.4,57.48878177772237,-5.0887817777223745,5.0887817777223745,9.71141560634041
19085,soybeans,2022,3,52.4,58.481306615793386,-6.0813066157933875,6.0813066157933875,11.605546976704938
19085,soybeans,2022,4,52.4,56.90770774623104,-4.507707746231041,4.507707746231041,8.602495698914202
19085,soybeans,2022,5,52.4,57.93482506203814,-5.534825062038145,5.534825062038145,10.562643248164399
19085,soybeans,2022,6,52.4,59.806785855242744,-7.406785855242745,7.406785855242745,14.13508751000524
19085,soybeans,2022,7,52.4,58.7119154114647,-6.311915411464703,6.311915411464703,12.045640098215083
19085,soybeans,2022,8,52.4,59.94506587145617,-7.545065871456174,7.545065871456174,14.39898067071789
19085,soybeans,2022,9,52.4,56.526611981684155,-4.126611981684157,4.126611981684157,7.875213705504117
19085,soybeans,2022,10,52.4,54.47450309038866,-2.07450309038866,2.07450309038866,3.9589753633371374
19085,soybeans,2022,11,52.4,59.524021955348644,-7.1240219553486455,7.1240219553486455,13.595461746848562
19085,soybeans,2022,12,52.4,57.77750045251235,-5.377500452512351,5.377500452512351,10.262405443725859
19087,soybeans,2022,1,60.3,56.26759258893004,4.032407411069954,4.032407411069954,6.687242804427784
19087,soybeans,2022,2,60.3,54.80779229385376,5.492207706146239,5.492207706146239,9.108138816162917
19087,soybeans,2022,3,60.3,54.02354011242586,6.276459887574134,6.276459887574134,10.408722864965398
19087,soybeans,2022,4,60.3,54.97891599287592,5.321084007124078,5.321084007124078,8.824351587270444
19087,soybeans,2022,5,60.3,53.5512403970379,6.748759602962096,6.748759602962096,11.191972807565666
19087,soybeans,2022,6,60.3,53.490555924680066,6.809444075319931,6.809444075319931,11.29261040683239
19087,soybeans,2022,7,60.3,55.19741580264448,5.102584197355519,5.102584197355519,8.461997010539832
19087,soybeans,2022,8,60.3,55.34346994049566,4.956530059504338,4.956530059504338,8.219784509957444
19087,soybeans,2022,9,60.3,53.280726630865004,7.019273369134993,7.019273369134993,11.640586018465992
19087,soybeans,2022,10,60.3,52.93036578035656,7.369634219643437,7.369634219643437,12.221615621299232
19087,soybeans,2022,11,60.3,54.73964306964003,5.560356930359966,5.560356930359966,9.221155771741236
19087,soybeans,2022,12,60.3,55.698151448487494,4.601848551512504,4.601848551512504,7.631589637665844
19089,soybeans,2022,1,60.9,56.80318505936107,4.096814940638929,4.096814940638929,6.7271181291279625
19089,soybeans,2022,2,60.9,54.819159577028294,6.080840422971704,6.080840422971704,9.984959643631699
19089,soybeans,2022,3,60.9,56.0426496569412,4.857350343058798,4.857350343058798,7.975944734086696
19089,soybeans,2022,4,60.9,55.02460239469249,5.875397605307512,5.875397605307512,9.647615115447476
19089,soybeans,2022,5,60.9,54.914703285709486,5.985296714290513,5.985296714290513,9.828073422480317
19089,soybeans,2022,6,60.9,54.04413648385962,6.855863516140381,6.855863516140381,11.25757556016483
19089,soybeans,2022,7,60.9,53.112845058408496,7.787154941591503,7.787154941591503,12.786789723467166
19089,soybeans,2022,8,60.9,54.69435870825115,6.205641291748847,6.205641291748847,10.189887178569537
19089,soybeans,2022,9,60.9,56.13378264707107,4.766217352928926,4.766217352928926,7.826301072132884
19089,soybeans,2022,10,60.9,54.23828760964499,6.661712390355007,6.661712390355007,10.938772397955676
19089,soybeans,2022,11,60.9,55.45751337973436,5.44248662026564,5.44248662026564,8.936759639188244
19089,soybeans,2022,12,60.9,54.28694910404565,6.613050895954352,6.613050895954352,10.858868466263303
19091,soybeans,2022,1,59.0,58.92964144396934,0.0703585560306621,0.0703585560306621,0.11925178988247814
19091,soybeans,2022,2,59.0,55.38233627427983,3.6176637257201705,3.6176637257201705,6.1316334334240175
19091,soybeans,2022,3,59.0,57.41746628106286,1.5825337189371425,1.5825337189371425,2.682260540571428
19091,soybeans,2022,4,59.0,56.338332778299495,2.6616672217005046,2.6616672217005046,4.511300375763567
19091,soybeans,2022,5,59.0,55.77726968719924,3.2227303128007634,3.2227303128007634,5.462254767458921
19091,soybeans,2022,6,59.0,54.67053207363817,4.329467926361829,4.329467926361829,7.338081231121745
19091,soybeans,2022,7,59.0,53.842690049352875,5.157309950647125,5.157309950647125,8.741203306181568
19091,soybeans,2022,8,59.0,56.65595756130143,2.3440424386985725,2.3440424386985725,3.972953285929784
19091,soybeans,2022,9,59.0,58.33707163916236,0.6629283608376397,0.6629283608376397,1.123607391250237
19091,soybeans,2022,10,59.0,54.76420853836028,4.235791461639721,4.235791461639721,7.179307562101222
19091,soybeans,2022,11,59.0,56.79660136476057,2.203398635239431,2.203398635239431,3.7345739580329336
19091,soybeans,2022,12,59.0,55.56920166682268,3.4307983331773215,3.4307983331773215,5.814912429114105
19093,soybeans,2022,1,63.1,57.76299094919837,5.337009050801633,5.337009050801633,8.458017513156314
19093,soybeans,2022,2,63.1,55.97904614407548,7.120953855924519,7.120953855924519,11.285188361211599
19093,soybeans,2022,3,63.1,55.348370802583716,7.751629197416285,7.751629197416285,12.284673846935476
19093,soybeans,2022,4,63.1,55.903735380293924,7.196264619706078,7.196264619706078,11.40453980935987
19093,soybeans,2022,5,63.1,56.83701847522442,6.262981524775583,6.262981524775583,9.925485776189513
19093,soybeans,2022,6,63.1,57.46456331692878,5.6354366830712195,5.6354366830712195,8.930961462870394
19093,soybeans,2022,7,63.1,57.13803195771246,5.961968042287545,5.961968042287545,9.448443807111797
19093,soybeans,2022,8,63.1,57.38461750338328,5.715382496616719,5.715382496616719,9.057658473243611
19093,soybeans,2022,9,63.1,57.189257670968324,5.910742329031677,5.910742329031677,9.367262011143703
19093,soybeans,2022,10,63.1,54.09271307285875,9.007286927141251,9.007286927141251,14.274622705453647
19093,soybeans,2022,11,63.1,58.58926946403089,4.51073053596911,4.51073053596911,7.148542846226798
19093,soybeans,2022,12,63.1,57.68887712634632,5.411122873653682,5.411122873653682,8.575472066012175
19095,soybeans,2022,1,61.6,56.24235960591102,5.357640394088982,5.357640394088982,8.697468172222372
19095,soybeans,2022,2,61.6,55.033774103078954,6.566225896921047,6.566225896921047,10.659457624871829
19095,soybeans,2022,3,61.6,57.64280233826978,3.95719766173022,3.95719766173022,6.424022178133473
19095,soybeans,2022,4,61.6,57.55853954647771,4.041460453522291,4.041460453522291,6.560812424549173
19095,soybeans,2022,5,61.6,53.770473746323205,7.829526253676796,7.829526253676796,12.710269892332462
19095,soybeans,2022,6,61.6,55.861855683827464,5.738144316172537,5.738144316172537,9.315169344435937
19095,soybeans,2022,7,61.6,56.79490437643293,4.80509562356707,4.80509562356707,7.8004799083881
19095,soybeans,2022,8,61.6,55.99365877915016,5.606341220849842,5.606341220849842,9.101203280600393
19095,soybeans,2022,9,61.6,55.91671890438805,5.683281095611953,5.683281095611953,9.226105674694729
19095,soybeans,2022,10,61.6,54.167302470898605,7.432697529101397,7.432697529101397,12.066067417372397
19095,soybeans,2022,11,61.6,55.6512968436598,5.948703156340201,5.948703156340201,9.656985643409417
19095,soybeans,2022,12,61.6,56.252207427044524,5.347792572955477,5.347792572955477,8.681481449603048
19097,soybeans,2022,1,66.3,58.98245207720977,7.317547922790226,7.317547922790226,11.037025524570476
19097,soybeans,2022,2,66.3,57.751624308511396,8.548375691488602,8.548375691488602,12.893477664387031
19097,soybeans,2022,3,66.3,57.83412637370596,8.465873626294034,8.465873626294034,12.769040160322826
19097,soybeans,2022,4,66.3,56.709276749740326,9.590723250259671,9.590723250259671,14.465645927993473
19097,soybeans,2022,5,66.3,56.190416406457054,10.109583593542943,10.109583593542943,15.24824071424275
19097,soybeans,2022,6,66.3,57.48548295082118,8.814517049178818,8.814517049178818,13.294897510073634
19097,soybeans,2022,7,66.3,58.055324360343405,8.244675639656592,8.244675639656592,12.435408204610244
19097,soybeans,2022,8,66.3,57.3757422518026,8.924257748197398,8.924257748197398,13.460418926391249
19097,soybeans,2022,9,66.3,57.40293154213432,8.897068457865679,8.897068457865679,13.419409438711433
19097,soybeans,2022,10,66.3,54.01620556487408,12.28379443512592,12.28379443512592,18.52759341647952
19097,soybeans,2022,11,66.3,57.78377434518135,8.516225654818648,8.516225654818648,12.844985904703844
19097,soybeans,2022,12,66.3,57.780603596622385,8.519396403377613,8.519396403377613,12.849768330886294
19099,soybeans,2022,1,60.1,57.19888048322784,2.9011195167721624,2.9011195167721624,4.827153938056843
19099,soybeans,2022,2,60.1,56.95515822305517,3.14484177694483,3.14484177694483,5.232681825199384
19099,soybeans,2022,3,60.1,60.918090919741275,-0.8180909197412731,0.8180909197412731,1.3612161726144312
19099,soybeans,2022,4,60.1,59.10968331061992,0.9903166893800801,0.9903166893800801,1.6477815131116142
19099,soybeans,2022,5,60.1,58.091713061686626,2.0082869383133755,2.0082869383133755,3.3415756045147673
19099,soybeans,2022,6,60.1,57.64492768576364,2.455072314236361,2.455072314236361,4.0849788922402
19099,soybeans,2022,7,60.1,56.774623977357585,3.3253760226424163,3.3253760226424163,5.533071585095534
19099,soybeans,2022,8,60.1,58.29125406093631,1.8087459390636909,1.8087459390636909,3.0095606307216154
19099,soybeans,2022,9,60.1,57.861296474331105,2.238703525668896,2.238703525668896,3.7249642689998272
19099,soybeans,2022,10,60.1,53.87149617259564,6.22850382740436,6.22850382740436,10.363567100506422
19099,soybeans,2022,11,60.1,58.015847798987686,2.0841522010123157,2.0841522010123157,3.467807322815833
19099,soybeans,2022,12,60.1,57.404270492483434,2.6957295075165675,2.6957295075165675,4.485406834470162
19101,soybeans,2022,1,50.7,56.03022697012333,-5.330226970123327,5.330226970123327,10.513268185647586
19101,soybeans,2022,2,50.7,54.56113501221784,-3.8611350122178365,3.8611350122178365,7.615650911672262
19101,soybeans,2022,3,50.7,53.773089539589726,-3.0730895395897235,3.0730895395897235,6.061320590906752
19101,soybeans,2022,4,50.7,54.14892310123707,-3.448923101237064,3.448923101237064,6.802609667134248
19101,soybeans,2022,5,50.7,50.439508253604636,0.2604917463953669,0.2604917463953669,0.5137904268153193
19101,soybeans,2022,6,50.7,53.47299506209691,-2.7729950620969106,2.7729950620969106,5.469418268435721
19101,soybeans,2022,7,50.7,54.00157445616433,-3.3015744561643245,3.3015744561643245,6.511981175866517
19101,soybeans,2022,8,50.7,54.685398975147095,-3.985398975147092,3.985398975147092,7.860747485497223
19101,soybeans,2022,9,50.7,52.487678263276834,-1.787678263276831,1.787678263276831,3.525992629737339
19101,soybeans,2022,10,50.7,51.227353021140395,-0.5273530211403923,0.5273530211403923,1.0401440259179333
19101,soybeans,2022,11,50.7,52.76068162275593,-2.0606816227559293,2.0606816227559293,4.064460794390393
19101,soybeans,2022,12,50.7,53.02676642982273,-2.326766429822726,2.326766429822726,4.589282899058631
19103,soybeans,2022,1,62.1,56.29696189784532,5.80303810215468,5.80303810215468,9.344666831166956
19103,soybeans,2022,2,62.1,56.966012969678985,5.133987030321016,5.133987030321016,8.267289903898577
19103,soybeans,2022,3,62.1,58.15633249484254,3.943667505157464,3.943667505157464,6.350511280446803
19103,soybeans,2022,4,62.1,56.530511663729946,5.569488336270055,5.569488336270055,8.968580251642601
19103,soybeans,2022,5,62.1,54.158852561297785,7.941147438702217,7.941147438702217,12.787677034947208
19103,soybeans,2022,6,62.1,56.66832146486358,5.43167853513642,5.43167853513642,8.746664307788116
19103,soybeans,2022,7,62.1,57.73132072067522,4.36867927932478,4.36867927932478,7.034910272664703
19103,soybeans,2022,8,62.1,56.92741047956327,5.1725895204367305,5.1725895204367305,8.329451723730646
19103,soybeans,2022,9,62.1,57.7097730437267,4.3902269562733025,4.3902269562733025,7.0696086252388115
19103,soybeans,2022,10,62.1,53.714100993333204,8.385899006666797,8.385899006666797,13.50386313472914
19103,soybeans,2022,11,62.1,57.53094394344942,4.569056056550579,4.569056056550579,7.3575781909027045
19103,soybeans,2022,12,62.1,56.009837134286485,6.090162865713516,6.090162865713516,9.807025548653005
19105,soybeans,2022,1,61.7,58.48187344271361,3.2181265572863893,3.2181265572863893,5.21576427437016
19105,soybeans,2022,2,61.7,55.23438059628149,6.465619403718513,6.465619403718513,10.479123830986245
19105,soybeans,2022,3,61.7,57.3301745642963,4.369825435703703,4.369825435703703,7.082375098385256
19105,soybeans,2022,4,61.7,55.08561770102049,6.614382298979514,6.614382298979514,10.720230630436813
19105,soybeans,2022,5,61.7,53.807283971495515,7.892716028504488,7.892716028504488,12.792084324966755
19105,soybeans,2022,6,61.7,55.39439834010847,6.305601659891536,6.305601659891536,10.219775785885796
19105,soybeans,2022,7,61.7,57.04541151622,4.654588483780003,4.654588483780003,7.543903539351707
19105,soybeans,2022,8,61.7,57.100761639333406,4.599238360666597,4.599238360666597,7.454195074013933
19105,soybeans,2022,9,61.7,56.96621083162719,4.733789168372816,4.733789168372816,7.672267695904076
19105,soybeans,2022,10,61.7,52.75642628588364,8.943573714116361,8.943573714116361,14.495257235196696
19105,soybeans,2022,11,61.7,55.04511465187295,6.654885348127053,6.654885348127053,10.785875766818561
19105,soybeans,2022,12,61.7,56.33097980706393,5.36902019293607,5.36902019293607,8.701815547708378
19107,soybeans,2022,1,53.1,56.19683681914434,-3.096836819144336,3.096836819144336,5.832084405168241
19107,soybeans,2022,2,53.1,54.836810851201854,-1.7368108512018523,1.7368108512018523,3.270830228252076
19107,soybeans,2022,3,53.1,56.801988875174004,-3.7019888751740027,3.7019888751740027,6.971730461721286
19107,soybeans,2022,4,53.1,58.88395591913912,-5.783955919139117,5.783955919139117,10.892572352427717
19107,soybeans,2022,5,53.1,51.640903283626436,1.4590967163735655,1.4590967163735655,2.7478280910989934
19107,soybeans,2022,6,53.1,59.092007829390674,-5.992007829390673,5.992007829390673,11.284383859492792
19107,soybeans,2022,7,53.1,55.15282431853995,-2.0528243185399475,2.0528243185399475,3.865959168625136
19107,soybeans,2022,8,53.1,56.893688167191335,-3.793688167191334,3.793688167191334,7.144422160435656
19107,soybeans,2022,9,53.1,53.495623345304864,-0.39562334530486254,0.39562334530486254,0.7450533809884416
19107,soybeans,2022,10,53.1,53.37240505472074,-0.2724050547207355,0.2724050547207355,0.5130038695305753
19107,soybeans,2022,11,53.1,54.52550822988835,-1.4255082298883508,1.4255082298883508,2.684572937642845
19107,soybeans,2022,12,53.1,56.044066793733386,-2.944066793733384,2.944066793733384,5.544381909102419
19109,soybeans,2022,1,56.2,59.63414403096585,-3.4341440309658466,3.4341440309658466,6.110576567554887
19109,soybeans,2022,2,56.2,56.67795732011332,-0.47795732011331893,0.47795732011331893,0.8504578649703184
19109,soybeans,2022,3,56.2,59.058474551371646,-2.8584745513716427,2.8584745513716427,5.086253650127478
19109,soybeans,2022,4,56.2,57.52863065197771,-1.3286306519777042,1.3286306519777042,2.364111480387374
19109,soybeans,2022,5,56.2,56.97452017533218,-0.774520175332178,0.774520175332178,1.3781497781711352
19109,soybeans,2022,6,56.2,57.99023280699932,-1.7902328069993203,1.7902328069993203,3.1854676281126695
19109,soybeans,2022,7,56.2,57.294543565412596,-1.094543565412593,1.094543565412593,1.9475864153248985
19109,soybeans,2022,8,56.2,58.49467520565134,-2.2946752056513375,2.2946752056513375,4.083051967351134
19109,soybeans,2022,9,56.2,58.20741977906819,-2.0074197790681865,2.0074197790681865,3.5719213150679474
19109,soybeans,2022,10,56.2,54.66730215537735,1.5326978446226533,1.5326978446226533,2.727220364097248
19109,soybeans,2022,11,56.2,58.104284843544725,-1.9042848435447226,1.9042848435447226,3.388407194919435
19109,soybeans,2022,12,56.2,57.48205332974,-1.2820533297399948,1.2820533297399948,2.2812336828113784
19111,soybeans,2022,1,54.6,57.34780724310145,-2.747807243101448,2.747807243101448,5.0326139983543
19111,soybeans,2022,2,54.6,58.12087147807061,-3.5208714780706103,3.5208714780706103,6.448482560568883
19111,soybeans,2022,3,54.6,57.079114139522474,-2.4791141395224727,2.4791141395224727,4.5405020870374955
19111,soybeans,2022,4,54.6,56.541168187023295,-1.941168187023294,1.941168187023294,3.5552530897862527
19111,soybeans,2022,5,54.6,56.00675923429626,-1.4067592342962598,1.4067592342962598,2.5764821140957137
19111,soybeans,2022,6,54.6,56.77750938968335,-2.177509389683351,2.177509389683351,3.9881124353174924
19111,soybeans,2022,7,54.6,57.008279168704696,-2.408279168704695,2.408279168704695,4.410767708250357
19111,soybeans,2022,8,54.6,57.44736554933894,-2.8473655493389387,2.8473655493389387,5.214955218569485
19111,soybeans,2022,9,54.6,56.65800850719754,-2.058008507197542,2.058008507197542,3.7692463501786477
19111,soybeans,2022,10,54.6,52.300342661301464,2.2996573386985375,2.2996573386985375,4.211826627652999
19111,soybeans,2022,11,54.6,57.534002978583715,-2.934002978583713,2.934002978583713,5.373631828907899
19111,soybeans,2022,12,54.6,57.19467864658396,-2.594678646583958,2.594678646583958,4.752158693377212
19113,soybeans,2022,1,64.6,58.95964239535185,5.640357604648145,5.640357604648145,8.73120372236555
19113,soybeans,2022,2,64.6,56.447835892476455,8.15216410752354,8.15216410752354,12.619449082853777
19113,soybeans,2022,3,64.6,58.334978051967155,6.265021948032839,6.265021948032839,9.698176390143715
19113,soybeans,2022,4,64.6,56.18414595959178,8.415854040408213,8.415854040408213,13.02763783344925
19113,soybeans,2022,5,64.6,54.63779158371446,9.962208416285534,9.962208416285534,15.421375257407949
19113,soybeans,2022,6,64.6,56.12627759288946,8.473722407110536,8.473722407110536,13.117217348468325
19113,soybeans,2022,7,64.6,57.47995630239536,7.120043697604636,7.120043697604636,11.021739469976218
19113,soybeans,2022,8,64.6,57.24223195924762,7.357768040752376,7.357768040752376,11.389733809214205
19113,soybeans,2022,9,64.6,57.7424104218885,6.857589578111494,6.857589578111494,10.615463743206648
19113,soybeans,2022,10,64.6,54.019287041333484,10.58071295866651,10.58071295866651,16.378812629514723
19113,soybeans,2022,11,64.6,57.341869682888536,7.258130317111458,7.258130317111458,11.235495846921763
19113,soybeans,2022,12,64.6,56.56406038490805,8.03593961509194,8.03593961509194,12.439535007882263
19115,soybeans,2022,1,61.4,55.61465666582317,5.785343334176829,5.785343334176829,9.42238328041829
19115,soybeans,2022,2,61.4,55.06707259679178,6.332927403208217,6.332927403208217,10.314214011739766
19115,soybeans,2022,3,61.4,56.74142391813756,4.658576081862435,4.658576081862435,7.5872574623166695
19115,soybeans,2022,4,61.4,56.456249859473914,4.943750140526085,4.943750140526085,8.051710326589715
19115,soybeans,2022,5,61.4,54.54194203898463,6.858057961015369,6.858057961015369,11.169475506539689
19115,soybeans,2022,6,61.4,55.675237648815504,5.724762351184495,5.724762351184495,9.323717184339568
19115,soybeans,2022,7,61.4,56.127270184732005,5.272729815267994,5.272729815267994,8.587507842456017
19115,soybeans,2022,8,61.4,56.37242856528924,5.027571434710758,5.027571434710758,8.188227092362798
19115,soybeans,2022,9,61.4,55.475430309831815,5.924569690168184,5.924569690168184,9.649136303205513
19115,soybeans,2022,10,61.4,53.3371522032469,8.062847796753097,8.062847796753097,13.131673936079963
19115,soybeans,2022,11,61.4,55.50964000528864,5.8903599947113605,5.8903599947113605,9.593420186826322
19115,soybeans,2022,12,61.4,57.28502204263203,4.1149779573679695,4.1149779573679695,6.70191849734197
19117,soybeans,2022,1,43.1,54.92308527248744,-11.82308527248744,11.82308527248744,27.431752372360645
19117,soybeans,2022,2,43.1,54.942209252551194,-11.842209252551193,11.842209252551193,27.476123555803227
19117,soybeans,2022,3,43.1,58.52898552415,-15.42898552415,15.42898552415,35.798110264849186
19117,soybeans,2022,4,43.1,57.8834657495168,-14.7834657495168,14.7834657495168,34.30038456964455
19117,soybeans,2022,5,43.1,52.01458200361011,-8.914582003610107,8.914582003610107,20.68348492716962
19117,soybeans,2022,6,43.1,52.84778262935856,-9.74778262935856,9.74778262935856,22.616665033314526
19117,soybeans,2022,7,43.1,52.41156409845235,-9.311564098452351,9.311564098452351,21.604557072975293
19117,soybeans,2022,8,43.1,53.05160568950126,-9.951605689501257,9.951605689501257,23.089572365432147
19117,soybeans,2022,9,43.1,52.04570125976293,-8.945701259762927,8.945701259762927,20.755687377640204
19117,soybeans,2022,10,43.1,53.09708041013745,-9.99708041013745,9.99708041013745,23.19508215809153
19117,soybeans,2022,11,43.1,52.718313685795266,-9.618313685795265,9.618313685795265,22.316273052889244
19117,soybeans,2022,12,43.1,53.93954882230236,-10.839548822302362,10.839548822302362,25.149765248961398
19119,soybeans,2022,1,62.2,58.61440509236125,3.5855949076387503,3.5855949076387503,5.764622038004422
19119,soybeans,2022,2,62.2,56.60372476506527,5.59627523493473,5.59627523493473,8.997227065811462
19119,soybeans,2022,3,62.2,57.98869981177952,4.211300188220484,4.211300188220484,6.770579080740329
19119,soybeans,2022,4,62.2,56.73813733570661,5.461862664293392,5.461862664293392,8.78112968535915
19119,soybeans,2022,5,62.2,55.18714587300703,7.01285412699297,7.01285412699297,11.274685091628568
19119,soybeans,2022,6,62.2,58.2056067698888,3.9943932301112,3.9943932301112,6.421854067702894
19119,soybeans,2022,7,62.2,56.30073576844993,5.89926423155007,5.89926423155007,9.484347639148021
19119,soybeans,2022,8,62.2,56.32937478837693,5.8706252116230715,5.8706252116230715,9.438304198750918
19119,soybeans,2022,9,62.2,56.689886878104964,5.5101131218950385,5.5101131218950385,8.858702768319997
19119,soybeans,2022,10,62.2,54.7903967342777,7.409603265722303,7.409603265722303,11.912545443283445
19119,soybeans,2022,11,62.2,60.03407203434532,2.1659279656546815,2.1659279656546815,3.4821993016956294
19119,soybeans,2022,12,62.2,59.48447417576656,2.7155258242334455,2.7155258242334455,4.365797145069847
19121,soybeans,2022,1,55.4,57.22833826612326,-1.8283382661232608,1.8283382661232608,3.300249577839821
19121,soybeans,2022,2,55.4,54.86754886364294,0.5324511363570608,0.5324511363570608,0.9611031342185213
19121,soybeans,2022,3,55.4,59.2232758428328,-3.8232758428327998,3.8232758428327998,6.901219932911191
19121,soybeans,2022,4,55.4,56.19622222914632,-0.7962222291463235,0.7962222291463235,1.4372242403363238
19121,soybeans,2022,5,55.4,54.42887620724829,0.9711237927517118,0.9711237927517118,1.7529310338478554
19121,soybeans,2022,6,55.4,55.7259754799652,-0.3259754799652015,0.3259754799652015,0.588403393438992
19121,soybeans,2022,7,55.4,53.704178536245514,1.6958214637544842,1.6958214637544842,3.061049573564051
19121,soybeans,2022,8,55.4,56.585155749902505,-1.1851557499025063,1.1851557499025063,2.1392703066832244
19121,soybeans,2022,9,55.4,53.81728643255371,1.5827135674462909,1.5827135674462909,2.856883695751428
19121,soybeans,2022,10,55.4,53.280996209986334,2.1190037900136645,2.1190037900136645,3.8249165884723184
19121,soybeans,2022,11,55.4,50.68486168504873,4.715138314951268,4.715138314951268,8.511079990886767
19121,soybeans,2022,12,55.4,55.12828733996443,0.2717126600355684,0.2717126600355684,0.4904560650461523
19123,soybeans,2022,1,59.3,56.5134837226154,2.7865162773845995,2.7865162773845995,4.699015644830691
19123,soybeans,2022,2,59.3,54.91238813182801,4.387611868171987,4.387611868171987,7.3990082093962695
19123,soybeans,2022,3,59.3,60.16655938682539,-0.8665593868253936,0.8665593868253936,1.4613143116785727
19123,soybeans,2022,4,59.3,59.35748958962807,-0.05748958962806938,0.05748958962806938,0.09694703141327046
19123,soybeans,2022,5,59.3,53.94867145083053,5.351328549169466,5.351328549169466,9.024162814788307
19123,soybeans,2022,6,59.3,58.67007949291309,0.6299205070869078,0.6299205070869078,1.0622605515799457
19123,soybeans,2022,7,59.3,54.76172146970523,4.538278530294768,4.538278530294768,7.65308352494902
19123,soybeans,2022,8,59.3,56.89343682620039,2.4065631737996043,2.4065631737996043,4.058285284653633
19123,soybeans,2022,9,59.3,56.141356559245544,3.158643440754453,3.158643440754453,5.32654880397041
19123,soybeans,2022,10,59.3,53.41981059403217,5.880189405967826,5.880189405967826,9.916002370940685
19123,soybeans,2022,11,59.3,55.42900081216945,3.8709991878305487,3.8709991878305487,6.5278232509790035
19123,soybeans,2022,12,59.3,55.98617573397872,3.313824266021278,3.313824266021278,5.588236536292206
19125,soybeans,2022,1,57.8,57.903530707437,-0.10353070743700243,0.10353070743700243,0.17911887099827412
19125,soybeans,2022,2,57.8,54.95492335090766,2.8450766490923343,2.8450766490923343,4.922277939606115
19125,soybeans,2022,3,57.8,60.30054689434854,-2.5005468943485454,2.5005468943485454,4.326205699564958
19125,soybeans,2022,4,57.8,59.100217732758516,-1.3002177327585187,1.3002177327585187,2.2495116483711395
19125,soybeans,2022,5,57.8,53.23695210460286,4.5630478953971405,4.5630478953971405,7.894546531828964
19125,soybeans,2022,6,57.8,55.34313871520648,2.4568612847935185,2.4568612847935185,4.250625060196398
19125,soybeans,2022,7,57.8,54.34791865001225,3.4520813499877505,3.4520813499877505,5.97245908302379
19125,soybeans,2022,8,57.8,56.09982183941875,1.7001781605812454,1.7001781605812454,2.941484706887968
19125,soybeans,2022,9,57.8,53.68807300434735,4.111926995652645,4.111926995652645,7.114060546111843
19125,soybeans,2022,10,57.8,52.953561846744165,4.846438153255832,4.846438153255832,8.384841095598325
19125,soybeans,2022,11,57.8,55.326906097489505,2.4730939025104917,2.4730939025104917,4.278709173893584
19125,soybeans,2022,12,57.8,56.372645547601145,1.427354452398852,1.427354452398852,2.4694713709322698
19127,soybeans,2022,1,65.0,58.19922487482778,6.800775125172223,6.800775125172223,10.46273096180342
19127,soybeans,2022,2,65.0,55.181333229501725,9.818666770498275,9.818666770498275,15.105641185381963
19127,soybeans,2022,3,65.0,59.086135199205906,5.913864800794094,5.913864800794094,9.098253539683222
19127,soybeans,2022,4,65.0,59.275413434972094,5.724586565027906,5.724586565027906,8.807056253889085
19127,soybeans,2022,5,65.0,55.322051567154446,9.677948432845554,9.677948432845554,14.889151435147005
19127,soybeans,2022,6,65.0,56.99011599285744,8.00988400714256,8.00988400714256,12.322898472527015
19127,soybeans,2022,7,65.0,57.37039464776267,7.629605352237327,7.629605352237327,11.737854388057427
19127,soybeans,2022,8,65.0,57.66994538786987,7.330054612130127,7.330054612130127,11.27700709558481
19127,soybeans,2022,9,65.0,57.44706852814986,7.552931471850137,7.552931471850137,11.619894572077133
19127,soybeans,2022,10,65.0,53.92317321235556,11.076826787644443,11.076826787644443,17.04127198099145
19127,soybeans,2022,11,65.0,55.84956844620834,9.150431553791663,9.150431553791663,14.077587005833328
19127,soybeans,2022,12,65.0,56.808429053122744,8.191570946877256,8.191570946877256,12.602416841349626
19129,soybeans,2022,1,52.1,57.05783098822974,-4.957830988229738,4.957830988229738,9.515990380479343
19129,soybeans,2022,2,52.1,55.7430620519399,-3.6430620519399,3.6430620519399,6.992441558425912
19129,soybeans,2022,3,52.1,53.627552170866274,-1.5275521708662723,1.5275521708662723,2.931961940242365
19129,soybeans,2022,4,52.1,54.19089335658842,-2.090893356588417,2.090893356588417,4.013231010726328
19129,soybeans,2022,5,52.1,53.743742713098776,-1.6437427130987743,1.6437427130987743,3.1549764166963037
19129,soybeans,2022,6,52.1,54.77543920116383,-2.675439201163826,2.675439201163826,5.13520000223383
19129,soybeans,2022,7,52.1,53.471420112017334,-1.3714201120173328,1.3714201120173328,2.6322842841023664
19129,soybeans,2022,8,52.1,57.28731896262639,-5.187318962626385,5.187318962626385,9.956466339014176
19129,soybeans,2022,9,52.1,57.00859602106472,-4.908596021064717,4.908596021064717,9.421489483809438
19129,soybeans,2022,10,52.1,54.68004661154677,-2.58004661154677,2.58004661154677,4.952104820627198
19129,soybeans,2022,11,52.1,53.25110359351953,-1.1511035935195295,1.1511035935195295,2.2094118877534155
19129,soybeans,2022,12,52.1,51.91916076192799,0.18083923807201074,0.18083923807201074,0.3471002650134563
19131,soybeans,2022,1,64.6,56.34513345926475,8.254866540735243,8.254866540735243,12.778431177608738
19131,soybeans,2022,2,64.6,55.055247796414875,9.54475220358512,9.54475220358512,14.775158209884086
19131,soybeans,2022,3,64.6,56.55221631441068,8.047783685589316,8.047783685589316,12.457869482336402
19131,soybeans,2022,4,64.6,55.751986757708195,8.848013242291799,8.848013242291799,13.696614926148296
19131,soybeans,2022,5,64.6,55.21942303238685,9.380576967613145,9.380576967613145,14.521016977729328
19131,soybeans,2022,6,64.6,54.12982797360957,10.470172026390422,10.470172026390422,16.20769663527929
19131,soybeans,2022,7,64.6,53.1333217486577,11.466678251342294,11.466678251342294,17.750275930870426
19131,soybeans,2022,8,64.6,55.70379812343954,8.896201876560454,8.896201876560454,13.771210335232903
19131,soybeans,2022,9,64.6,57.192980458643106,7.407019541356888,7.407019541356888,11.465974522224286
19131,soybeans,2022,10,64.6,53.38684390898627,11.213156091013722,11.213156091013722,17.357826766275114
19131,soybeans,2022,11,64.6,55.72713086779775,8.872869132202247,8.872869132202247,13.735091535916794
19131,soybeans,2022,12,64.6,54.754383872969875,9.84561612703012,9.84561612703012,15.240891837507926
19133,soybeans,2022,1,48.6,57.52444911622664,-8.92444911622664,8.92444911622664,18.363064025157694
19133,soybeans,2022,2,48.6,56.51817967631358,-7.918179676313578,7.918179676313578,16.292550774307774
19133,soybeans,2022,3,48.6,57.214856165414155,-8.614856165414153,8.614856165414153,17.726041492621714
19133,soybeans,2022,4,48.6,56.845893672698175,-8.245893672698173,8.245893672698173,16.966859408843977
19133,soybeans,2022,5,48.6,55.95968004626454,-7.359680046264536,7.359680046264536,15.143374580791228
19133,soybeans,2022,6,48.6,58.05457207317048,-9.454572073170482,9.454572073170482,19.453852002408397
19133,soybeans,2022,7,48.6,55.936988849236,-7.3369888492360005,7.3369888492360005,15.096684874971194
19133,soybeans,2022,8,48.6,58.93853832667093,-10.338538326670928,10.338538326670928,21.272712606318784
19133,soybeans,2022,9,48.6,56.69143411131811,-8.091434111318108,8.091434111318108,16.64904138131298
19133,soybeans,2022,10,48.6,52.42464337608972,-3.8246433760897176,3.8246433760897176,7.869636576316291
19133,soybeans,2022,11,48.6,57.63227431433815,-9.032274314338146,9.032274314338146,18.584926572712234
19133,soybeans,2022,12,48.6,57.60702781452881,-9.007027814528811,9.007027814528811,18.532979042240353
19135,soybeans,2022,1,47.4,54.95441928974181,-7.5544192897418085,7.5544192897418085,15.93759343827386
19135,soybeans,2022,2,47.4,54.96415261443252,-7.564152614432523,7.564152614432523,15.958127878549627
19135,soybeans,2022,3,47.4,58.58993262406589,-11.18993262406589,11.18993262406589,23.607452793387953
19135,soybeans,2022,4,47.4,57.780508176675006,-10.380508176675008,10.380508176675008,21.89980627990508
19135,soybeans,2022,5,47.4,51.94205664117406,-4.542056641174064,4.542056641174064,9.582397977160472
19135,soybeans,2022,6,47.4,53.90600382591705,-6.506003825917048,6.506003825917048,13.725746468179429
19135,soybeans,2022,7,47.4,52.77022822800752,-5.3702282280075195,5.3702282280075195,11.329595417737384
19135,soybeans,2022,8,47.4,54.53378087063756,-7.133780870637558,7.133780870637558,15.050170613159406
19135,soybeans,2022,9,47.4,52.521468911843904,-5.121468911843905,5.121468911843905,10.804786733847902
19135,soybeans,2022,10,47.4,53.429390203698546,-6.029390203698547,6.029390203698547,12.720232497254319
19135,soybeans,2022,11,47.4,52.66192358087066,-5.261923580870665,5.261923580870665,11.101104600992965
19135,soybeans,2022,12,47.4,53.69164836491522,-6.291648364915218,6.291648364915218,13.273519757205102
19137,soybeans,2022,1,54.8,56.78211921437654,-1.9821192143765458,1.9821192143765458,3.6170058656506314
19137,soybeans,2022,2,54.8,55.65065157261698,-0.8506515726169823,0.8506515726169823,1.5522838916368291
19137,soybeans,2022,3,54.8,53.93539484634872,0.8646051536512758,0.8646051536512758,1.5777466307505033
19137,soybeans,2022,4,54.8,54.55875569084142,0.2412443091585743,0.2412443091585743,0.4402268415302451
19137,soybeans,2022,5,54.8,54.08086775708991,0.719132242910085,0.719132242910085,1.3122851147994254
19137,soybeans,2022,6,54.8,54.22029169712466,0.5797083028753391,0.5797083028753391,1.057861866560838
19137,soybeans,2022,7,54.8,53.2971962571341,1.5028037428659005,1.5028037428659005,2.7423425964706216
19137,soybeans,2022,8,54.8,55.65635111757185,-0.8563511175718546,0.8563511175718546,1.5626845211165232
19137,soybeans,2022,9,54.8,56.025892743191946,-1.2258927431919489,1.2258927431919489,2.23703055326998
19137,soybeans,2022,10,54.8,53.32714165796392,1.4728583420360764,1.4728583420360764,2.687697704445395
19137,soybeans,2022,11,54.8,53.97798942516947,0.8220105748305286,0.8220105748305286,1.5000192971360011
19137,soybeans,2022,12,54.8,53.41167837663416,1.3883216233658402,1.3883216233658402,2.5334336192807303
19139,soybeans,2022,1,65.5,56.375921727323345,9.124078272676655,9.124078272676655,13.929890492636115
19139,soybeans,2022,2,65.5,54.75054148833849,10.749458511661508,10.749458511661508,16.411387040704593
19139,soybeans,2022,3,65.5,56.88611415549028,8.613885844509717,8.613885844509717,13.150970754976669
19139,soybeans,2022,4,65.5,56.3083628214766,9.1916371785234,9.1916371785234,14.033033860341071
19139,soybeans,2022,5,65.5,53.94407759061071,11.55592240938929,11.55592240938929,17.642629632655403
19139,soybeans,2022,6,65.5,55.28620000065439,10.21379999934561,10.21379999934561,15.593587785260473
19139,soybeans,2022,7,65.5,56.67071683773521,8.829283162264787,8.829283162264787,13.479821621778301
19139,soybeans,2022,8,65.5,56.20105520413851,9.298944795861487,9.298944795861487,14.196862283757996
19139,soybeans,2022,9,65.5,56.08938792475944,9.410612075240557,9.410612075240557,14.367346679756576
19139,soybeans,2022,10,65.5,53.68065674691685,11.819343253083147,11.819343253083147,18.04479885966893
19139,soybeans,2022,11,65.5,55.304447012453466,10.195552987546534,10.195552987546534,15.565729751979443
19139,soybeans,2022,12,65.5,56.8684101990526,8.631589800947403,8.631589800947403,13.177999696102905
19141,soybeans,2022,1,59.4,58.25739891486662,1.1426010851333785,1.1426010851333785,1.923570850392893
19141,soybeans,2022,2,59.4,55.195128171534236,4.2048718284657625,4.2048718284657625,7.078908802130914
19141,soybeans,2022,3,59.4,56.3235655276498,3.0764344723502006,3.0764344723502006,5.179182613384176
19141,soybeans,2022,4,59.4,55.67016679117421,3.729833208825788,3.729833208825788,6.2791804862387
19141,soybeans,2022,5,59.4,55.741870483618236,3.658129516381763,3.658129516381763,6.158467199295897
19141,soybeans,2022,6,59.4,57.277606979340526,2.122393020659473,2.122393020659473,3.5730522233324464
19141,soybeans,2022,7,59.4,56.36472033491316,3.03527966508684,3.03527966508684,5.109898426072121
19141,soybeans,2022,8,59.4,57.319605747600825,2.0803942523991736,2.0803942523991736,3.502347226261235
19141,soybeans,2022,9,59.4,56.69058972441597,2.709410275584027,2.709410275584027,4.561296760242469
19141,soybeans,2022,10,59.4,54.40592222625262,4.994077773747378,4.994077773747378,8.407538339642052
19141,soybeans,2022,11,59.4,59.778094290509436,-0.37809429050943777,0.37809429050943777,0.6365223745950132
19141,soybeans,2022,12,59.4,58.21399678408583,1.1860032159141696,1.1860032159141696,1.996638410629915
19143,soybeans,2022,1,56.3,58.28537198985567,-1.9853719898556719,1.9853719898556719,3.526415612532277
19143,soybeans,2022,2,56.3,55.10913464045935,1.1908653595406449,1.1908653595406449,2.115213782487824
19143,soybeans,2022,3,56.3,55.718393955847496,0.5816060441525011,0.5816060441525011,1.0330480357948508
19143,soybeans,2022,4,56.3,55.77954471727044,0.5204552827295572,0.5204552827295572,0.9244321185249685
19143,soybeans,2022,5,56.3,55.735013497036626,0.5649865029633716,0.5649865029633716,1.003528424446486
19143,soybeans,2022,6,56.3,55.41248744836573,0.8875125516342663,0.8875125516342663,1.576398848373475
19143,soybeans,2022,7,56.3,53.427358332188525,2.8726416678114717,2.8726416678114717,5.102383068936895
19143,soybeans,2022,8,56.3,56.191539999241975,0.10846000075802209,0.10846000075802209,0.19264653775847618
19143,soybeans,2022,9,56.3,57.294492723620785,-0.9944927236207874,0.9944927236207874,1.7664169158450933
19143,soybeans,2022,10,56.3,54.291846343286,2.0081536567140006,2.0081536567140006,3.566880384927177
19143,soybeans,2022,11,56.3,56.463706791317634,-0.16370679131763666,0.16370679131763666,0.2907758282728893
19143,soybeans,2022,12,56.3,57.068613401751634,-0.7686134017516366,0.7686134017516366,1.365210305065074
19145,soybeans,2022,1,54.0,57.18050022192652,-3.180500221926522,3.180500221926522,5.889815225789855
19145,soybeans,2022,2,54.0,55.73684669007711,-1.7368466900771082,1.7368466900771082,3.2163827594020526
19145,soybeans,2022,3,54.0,52.72804254496698,1.271957455033018,1.271957455033018,2.355476768579663
19145,soybeans,2022,4,54.0,54.49845583349759,-0.49845583349758726,0.49845583349758726,0.9230663583288654
19145,soybeans,2022,5,54.0,55.8216107700359,-1.8216107700359032,1.8216107700359032,3.3733532778442656
19145,soybeans,2022,6,54.0,56.42681029116472,-2.4268102911647205,2.4268102911647205,4.49409313178652
19145,soybeans,2022,7,54.0,54.374953141024164,-0.37495314102416444,0.37495314102416444,0.6943576685632674
19145,soybeans,2022,8,54.0,57.64565940160117,-3.645659401601172,3.645659401601172,6.751221114076245
19145,soybeans,2022,9,54.0,55.07833009822746,-1.078330098227461,1.078330098227461,1.9969075893101131
19145,soybeans,2022,10,54.0,53.448349987497984,0.5516500125020158,0.5516500125020158,1.0215740972259553
19145,soybeans,2022,11,54.0,51.96456428091594,2.035435719084063,2.035435719084063,3.7693254057112275
19145,soybeans,2022,12,54.0,55.197058137048685,-1.1970581370486855,1.1970581370486855,2.216774327867936
19147,soybeans,2022,1,57.9,59.26931006158024,-1.3693100615802436,1.3693100615802436,2.364956928463288
19147,soybeans,2022,2,57.9,55.50301052076369,2.3969894792363107,2.3969894792363107,4.139878202480675
19147,soybeans,2022,3,57.9,56.05503523429852,1.8449647657014765,1.8449647657014765,3.1864676436985775
19147,soybeans,2022,4,57.9,56.999465917928475,0.9005340820715233,0.9005340820715233,1.555326566617484
19147,soybeans,2022,5,57.9,56.30841309789484,1.5915869021051563,1.5915869021051563,2.74885475320407
19147,soybeans,2022,6,57.9,56.69392407522799,1.2060759247720085,1.2060759247720085,2.083032685271172
19147,soybeans,2022,7,57.9,55.383941338922476,2.5160586610775226,2.5160586610775226,4.345524457819556
19147,soybeans,2022,8,57.9,56.81975180118618,1.0802481988138197,1.0802481988138197,1.8657136421654916
19147,soybeans,2022,9,57.9,57.3580557243457,0.541944275654302,0.541944275654302,0.9360004760868774
19147,soybeans,2022,10,57.9,54.20342954942906,3.6965704505709382,3.6965704505709382,6.38440492326587
19147,soybeans,2022,11,57.9,59.70179123730538,-1.8017912373053804,1.8017912373053804,3.1119019642579975
19147,soybeans,2022,12,57.9,57.54887731463715,0.35112268536284574,0.35112268536284574,0.6064295083986974
19149,soybeans,2022,1,47.8,58.87502824740352,-11.075028247403523,11.075028247403523,23.169515161932058
19149,soybeans,2022,2,47.8,57.176209543645506,-9.376209543645508,9.376209543645508,19.615501137333702
19149,soybeans,2022,3,47.8,58.69268673031875,-10.89268673031875,10.89268673031875,22.7880475529681
19149,soybeans,2022,4,47.8,56.719445199818956,-8.91944519981896,8.91944519981896,18.659927196273973
19149,soybeans,2022,5,47.8,58.60047787562435,-10.800477875624352,10.800477875624352,22.59514199921413
19149,soybeans,2022,6,47.8,59.13249926619378,-11.332499266193786,11.332499266193786,23.708157460656455
19149,soybeans,2022,7,47.8,59.92078880559727,-12.120788805597272,12.120788805597272,25.35729875647965
19149,soybeans,2022,8,47.8,57.466626292932354,-9.666626292932357,9.666626292932357,20.223067558435893
19149,soybeans,2022,9,47.8,58.97820034759907,-11.178200347599073,11.178200347599073,23.385356375730282
19149,soybeans,2022,10,47.8,55.20766923316241,-7.407669233162416,7.407669233162416,15.49721596895903
19149,soybeans,2022,11,47.8,58.53746691142677,-10.737466911426772,10.737466911426772,22.46331989838237
19149,soybeans,2022,12,47.8,58.9371527939732,-11.1371527939732,11.1371527939732,23.29948283257992
19151,soybeans,2022,1,56.5,58.342993252746574,-1.8429932527465738,1.8429932527465738,3.261934960613405
19151,soybeans,2022,2,56.5,55.42137940232409,1.0786205976759078,1.0786205976759078,1.90906300473612
19151,soybeans,2022,3,56.5,56.99556651615238,-0.4955665161523797,0.4955665161523797,0.8771088781458047
19151,soybeans,2022,4,56.5,56.17960960665435,0.32039039334564734,0.32039039334564734,0.5670626430896413
19151,soybeans,2022,5,56.5,56.451276645147736,0.04872335485226387,0.04872335485226387,0.08623602628719268
19151,soybeans,2022,6,56.5,56.887143364628756,-0.38714336462875565,0.38714336462875565,0.6852094949181516
19151,soybeans,2022,7,56.5,54.87650058284876,1.623499417151237,1.623499417151237,2.873450295842897
19151,soybeans,2022,8,56.5,57.307657758621524,-0.8076577586215237,0.8076577586215237,1.4294827586221657
19151,soybeans,2022,9,56.5,57.03502485192027,-0.5350248519202694,0.5350248519202694,0.9469466405668484
19151,soybeans,2022,10,56.5,55.10139055330203,1.398609446697968,1.398609446697968,2.475414949907908
19151,soybeans,2022,11,56.5,59.69658737118216,-3.1965873711821615,3.1965873711821615,5.657676763154268
19151,soybeans,2022,12,56.5,57.566889863973906,-1.0668898639739055,1.0668898639739055,1.8883006442016026
19153,soybeans,2022,1,54.1,57.30245096838244,-3.2024509683824363,3.2024509683824363,5.919502714200436
19153,soybeans,2022,2,54.1,56.63416985619249,-2.5341698561924915,2.5341698561924915,4.684232636215326
19153,soybeans,2022,3,54.1,60.291063241248544,-6.191063241248543,6.191063241248543,11.443739817464959
19153,soybeans,2022,4,54.1,56.841050418779425,-2.741050418779423,2.741050418779423,5.06663663360337
19153,soybeans,2022,5,54.1,55.131392359613635,-1.0313923596136334,1.0313923596136334,1.9064553782137401
19153,soybeans,2022,6,54.1,56.165455546377345,-2.0654555463773434,2.0654555463773434,3.8178475903462914
19153,soybeans,2022,7,54.1,55.19353649828184,-1.0935364982818356,1.0935364982818356,2.0213243960847236
19153,soybeans,2022,8,54.1,54.800301003235546,-0.7003010032355448,0.7003010032355448,1.2944565679030402
19153,soybeans,2022,9,54.1,55.388656490596766,-1.2886564905967646,1.2886564905967646,2.381989816260193
19153,soybeans,2022,10,54.1,52.73958742344376,1.360412576556243,1.360412576556243,2.5146258346695802
19153,soybeans,2022,11,54.1,57.42918311366596,-3.3291831136659553,3.3291831136659553,6.15375806592598
19153,soybeans,2022,12,54.1,57.10800917829337,-3.0080091782933707,3.0080091782933707,5.5600909025755465
19155,soybeans,2022,1,51.0,57.993244842845016,-6.993244842845016,6.993244842845016,13.712244789892189
19155,soybeans,2022,2,51.0,58.38453586270165,-7.384535862701647,7.384535862701647,14.47948208372872
19155,soybeans,2022,3,51.0,58.45590044527884,-7.455900445278843,7.455900445278843,14.619412637801652
19155,soybeans,2022,4,51.0,56.92244029281925,-5.922440292819253,5.922440292819253,11.612628025135791
19155,soybeans,2022,5,51.0,58.408169856015675,-7.408169856015675,7.408169856015675,14.525823247089559
19155,soybeans,2022,6,51.0,59.30793994919073,-8.307939949190732,8.307939949190732,16.290078331746535
19155,soybeans,2022,7,51.0,58.013532402433434,-7.013532402433434,7.013532402433434,13.752024318496927
19155,soybeans,2022,8,51.0,61.05463230587124,-10.054632305871237,10.054632305871237,19.714965305629878
19155,soybeans,2022,9,51.0,56.742986158836516,-5.742986158836516,5.742986158836516,11.260757174189246
19155,soybeans,2022,10,51.0,54.97756873919411,-3.977568739194112,3.977568739194112,7.799154390576691
19155,soybeans,2022,11,51.0,58.11607121252347,-7.116071212523472,7.116071212523472,13.953080808869553
19155,soybeans,2022,12,51.0,57.72338456188912,-6.7233845618891195,6.7233845618891195,13.183106984096312
19157,soybeans,2022,1,60.4,56.37063104960413,4.02936895039587,4.02936895039587,6.6711406463507785
19157,soybeans,2022,2,60.4,55.369380636724394,5.030619363275605,5.030619363275605,8.328840005423187
19157,soybeans,2022,3,60.4,60.20524760481231,0.19475239518769172,0.19475239518769172,0.32243774037697304
19157,soybeans,2022,4,60.4,59.39585293852329,1.0041470614767078,1.0041470614767078,1.6624951348952117
19157,soybeans,2022,5,60.4,54.764803179858546,5.635196820141452,5.635196820141452,9.329796059836841
19157,soybeans,2022,6,60.4,55.77850865680245,4.6214913431975475,4.6214913431975475,7.6514757337707735
19157,soybeans,2022,7,60.4,56.84784024935361,3.552159750646389,3.552159750646389,5.881059189811903
19157,soybeans,2022,8,60.4,56.89918775397349,3.5008122460265056,3.5008122460265056,5.7960467649445455
19157,soybeans,2022,9,60.4,55.25842300790094,5.141576992099061,5.141576992099061,8.51254468890573
19157,soybeans,2022,10,60.4,54.186343245134964,6.213656754865035,6.213656754865035,10.287511183551382
19157,soybeans,2022,11,60.4,55.638296848549814,4.761703151450185,4.761703151450185,7.883614489155935
19157,soybeans,2022,12,60.4,56.364469173846665,4.035530826153334,4.035530826153334,6.681342427406182
19159,soybeans,2022,1,41.8,54.207912576096874,-12.407912576096876,12.407912576096876,29.684001378222195
19159,soybeans,2022,2,41.8,54.69924018273375,-12.899240182733756,12.899240182733756,30.859426274482672
19159,soybeans,2022,3,41.8,59.121154391559905,-17.321154391559908,17.321154391559908,41.438168400861024
19159,soybeans,2022,4,41.8,55.235109354279906,-13.43510935427991,13.43510935427991,32.14140993846868
19159,soybeans,2022,5,41.8,54.7660303762814,-12.966030376281402,12.966030376281402,31.019211426510534
19159,soybeans,2022,6,41.8,54.54273167767333,-12.742731677673333,12.742731677673333,30.48500401357257
19159,soybeans,2022,7,41.8,54.17808678919972,-12.37808678919972,12.37808678919972,29.61264782105196
19159,soybeans,2022,8,41.8,55.07180651593015,-13.271806515930152,13.271806515930152,31.75073329169893
19159,soybeans,2022,9,41.8,53.08408426404144,-11.28408426404144,11.28408426404144,26.995416899620672
19159,soybeans,2022,10,41.8,52.9179073468167,-11.1179073468167,11.1179073468167,26.597864466068664
19159,soybeans,2022,11,41.8,51.125970863893436,-9.325970863893438,9.325970863893438,22.310935081084782
19159,soybeans,2022,12,41.8,53.32897588559496,-11.52897588559496,11.52897588559496,27.58128202295445
19161,soybeans,2022,1,61.3,58.43129362031942,2.8687063796805745,2.8687063796805745,4.679782022317413
19161,soybeans,2022,2,61.3,55.634139662431735,5.665860337568262,5.665860337568262,9.24283904986666
19161,soybeans,2022,3,61.3,58.8218431507035,2.4781568492964965,2.4781568492964965,4.042670227237352
19161,soybeans,2022,4,61.3,56.90593758275822,4.394062417241777,4.394062417241777,7.168127923722311
19161,soybeans,2022,5,61.3,57.1916856944017,4.108314305598299,4.108314305598299,6.7019809226725915
19161,soybeans,2022,6,61.3,57.3830663184736,3.9169336815263947,3.9169336815263947,6.389777620760839
19161,soybeans,2022,7,61.3,58.33516139188373,2.964838608116267,2.964838608116267,4.836604580940077
19161,soybeans,2022,8,61.3,57.74685498049695,3.5531450195030487,3.5531450195030487,5.796321402125691
19161,soybeans,2022,9,61.3,58.16765313082865,3.13234686917135,3.13234686917135,5.109864386902692
19161,soybeans,2022,10,61.3,54.415464348939864,6.884535651060133,6.884535651060133,11.230890132235128
19161,soybeans,2022,11,61.3,59.63056682445699,1.6694331755430056,1.6694331755430056,2.7233820155677093
19161,soybeans,2022,12,61.3,58.120079615452,3.179920384547998,3.179920384547998,5.187472079197387
19163,soybeans,2022,1,69.1,57.2123326164047,11.887667383595293,11.887667383595293,17.203570743263814
19163,soybeans,2022,2,69.1,57.35654306980027,11.743456930199727,11.743456930199727,16.994872547322327
19163,soybeans,2022,3,69.1,57.52448939562569,11.575510604374301,11.575510604374301,16.751824318920843
19163,soybeans,2022,4,69.1,56.39320630742261,12.706793692577385,12.706793692577385,18.388992319214744
19163,soybeans,2022,5,69.1,55.928935336632485,13.17106466336751,13.17106466336751,19.06087505552462
19163,soybeans,2022,6,69.1,56.32070754323241,12.779292456767585,12.779292456767585,18.493910935987824
19163,soybeans,2022,7,69.1,56.8850547329487,12.214945267051291,12.214945267051291,17.677200097035158
19163,soybeans,2022,8,69.1,56.903753049365015,12.196246950634979,12.196246950634979,17.65014030482631
19163,soybeans,2022,9,69.1,56.79968509162039,12.300314908379605,12.300314908379605,17.80074516408047
19163,soybeans,2022,10,69.1,53.316360152227944,15.78363984777205,15.78363984777205,22.841736393302536
19163,soybeans,2022,11,69.1,57.71471169180452,11.385288308195477,11.385288308195477,16.476538796230795
19163,soybeans,2022,12,69.1,56.98187311211003,12.118126887889964,12.118126887889964,17.537086668436995
19165,soybeans,2022,1,58.0,58.05649653630239,-0.056496536302390155,0.056496536302390155,0.09740782121101751
19165,soybeans,2022,2,58.0,56.64151594697769,1.358484053022309,1.358484053022309,2.3422138845212226
19165,soybeans,2022,3,58.0,58.31910715612994,-0.3191071561299381,0.3191071561299381,0.5501847519481692
19165,soybeans,2022,4,58.0,58.02190759257008,-0.02190759257008068,0.02190759257008068,0.03777171132772531
19165,soybeans,2022,5,58.0,58.074296716986424,-0.07429671698642437,0.07429671698642437,0.1280977879076282
19165,soybeans,2022,6,58.0,57.33634299709567,0.6636570029043298,0.6636570029043298,1.144236211904017
19165,soybeans,2022,7,58.0,57.637168085732824,0.36283191426717565,0.36283191426717565,0.6255722659778891
19165,soybeans,2022,8,58.0,58.33736829206179,-0.33736829206178953,0.33736829206178953,0.581669469072051
19165,soybeans,2022,9,58.0,56.143376009189474,1.856623990810526,1.856623990810526,3.2010758462250446
19165,soybeans,2022,10,58.0,54.66700182210713,3.3329981778928683,3.3329981778928683,5.7465485825739115
19165,soybeans,2022,11,58.0,58.491925719374386,-0.491925719374386,0.491925719374386,0.8481477920248035
19165,soybeans,2022,12,58.0,56.48677368288786,1.5132263171121423,1.5132263171121423,2.6090108915726593
19167,soybeans,2022,1,62.9,58.77654780083569,4.123452199164312,4.123452199164312,6.555567884203994
19167,soybeans,2022,2,62.9,57.38141235939948,5.518587640600522,5.518587640600522,8.773589253736919
19167,soybeans,2022,3,62.9,58.26935073225611,4.630649267743891,4.630649267743891,7.361922524235121
19167,soybeans,2022,4,62.9,56.827103258115145,6.072896741884854,6.072896741884854,9.654843786780372
19167,soybeans,2022,5,62.9,57.821397817788345,5.078602182211654,5.078602182211654,8.074089319891343
19167,soybeans,2022,6,62.9,59.18373741475397,3.716262585246028,3.716262585246028,5.908207607704337
19167,soybeans,2022,7,62.9,59.68851879893546,3.2114812010645366,3.2114812010645366,5.105693483409438
19167,soybeans,2022,8,62.9,57.35471234241048,5.545287657589519,5.545287657589519,8.816037611430078
19167,soybeans,2022,9,62.9,58.650735005210564,4.249264994789435,4.249264994789435,6.755588227010231
19167,soybeans,2022,10,62.9,54.966935151650176,7.933064848349822,7.933064848349822,12.61218576844169
19167,soybeans,2022,11,62.9,59.64532531363386,3.254674686366137,3.254674686366137,5.1743635713293115
19167,soybeans,2022,12,62.9,59.31740802076769,3.582591979232312,3.582591979232312,5.695694720560115
19169,soybeans,2022,1,60.0,58.330816713178976,1.6691832868210241,1.6691832868210241,2.7819721447017067
19169,soybeans,2022,2,60.0,55.52823892916494,4.471761070835058,4.471761070835058,7.452935118058429
19169,soybeans,2022,3,60.0,59.44746217517539,0.5525378248246113,0.5525378248246113,0.9208963747076856
19169,soybeans,2022,4,60.0,56.9988559688541,3.0011440311458983,3.0011440311458983,5.001906718576497
19169,soybeans,2022,5,60.0,54.452427332622,5.547572667377999,5.547572667377999,9.245954445629998
19169,soybeans,2022,6,60.0,56.50996686855997,3.490033131440029,3.490033131440029,5.816721885733381
19169,soybeans,2022,7,60.0,56.770699099871344,3.2293009001286563,3.2293009001286563,5.382168166881094
19169,soybeans,2022,8,60.0,56.85909321735567,3.140906782644329,3.140906782644329,5.234844637740548
19169,soybeans,2022,9,60.0,57.39808587576179,2.6019141242382133,2.6019141242382133,4.336523540397022
19169,soybeans,2022,10,60.0,53.71090168015204,6.289098319847959,6.289098319847959,10.481830533079933
19169,soybeans,2022,11,60.0,55.97892469701581,4.021075302984187,4.021075302984187,6.701792171640311
19169,soybeans,2022,12,60.0,56.88186799126046,3.1181320087395434,3.1181320087395434,5.196886681232573
19171,soybeans,2022,1,61.4,57.47218991551158,3.9278100844884207,3.9278100844884207,6.397084828157038
19171,soybeans,2022,2,61.4,55.67367043565075,5.72632956434925,5.72632956434925,9.32626964877728
19171,soybeans,2022,3,61.4,60.72237429472282,0.6776257052771797,0.6776257052771797,1.1036249271615304
19171,soybeans,2022,4,61.4,59.7612694826312,1.6387305173687992,1.6387305173687992,2.6689422106983702
19171,soybeans,2022,5,61.4,55.4809570440475,5.919042955952499,5.919042955952499,9.640135107414494
19171,soybeans,2022,6,61.4,56.72419878579121,4.675801214208789,4.675801214208789,7.615311423792817
19171,soybeans,2022,7,61.4,57.70923883012969,3.6907611698703064,3.6907611698703064,6.011011677313203
19171,soybeans,2022,8,61.4,58.21009177386377,3.1899082261362253,3.1899082261362253,5.195290270580172
19171,soybeans,2022,9,61.4,57.76592451772901,3.634075482270987,3.634075482270987,5.918689710539066
19171,soybeans,2022,10,61.4,54.367206612257284,7.032793387742714,7.032793387742714,11.454060892089112
19171,soybeans,2022,11,61.4,57.9874403730106,3.412559626989399,3.412559626989399,5.557914701937132
19171,soybeans,2022,12,61.4,56.98898601454133,4.411013985458666,4.411013985458666,7.184061865567861
19173,soybeans,2022,1,52.9,56.311147841210456,-3.4111478412104574,3.4111478412104574,6.448294595860979
19173,soybeans,2022,2,52.9,55.74389933577747,-2.843899335777472,2.843899335777472,5.3759911829441815
19173,soybeans,2022,3,52.9,59.18549674998854,-6.285496749988539,6.285496749988539,11.881846408295916
19173,soybeans,2022,4,52.9,55.49948648316238,-2.59948648316238,2.59948648316238,4.91396310616707
19173,soybeans,2022,5,52.9,54.828858271348736,-1.9288582713487372,1.9288582713487372,3.646234917483435
19173,soybeans,2022,6,52.9,55.808117743830174,-2.908117743830175,2.908117743830175,5.4973870393765125
19173,soybeans,2022,7,52.9,53.71946631405315,-0.8194663140531517,0.8194663140531517,1.5490856598358256
19173,soybeans,2022,8,52.9,57.205296725114316,-4.305296725114317,4.305296725114317,8.13855713632196
19173,soybeans,2022,9,52.9,56.0243951224676,-3.124395122467604,3.124395122467604,5.906228964967116
19173,soybeans,2022,10,52.9,53.26977648562419,-0.3697764856241932,0.3697764856241932,0.6990103697999872
19173,soybeans,2022,11,52.9,51.09679804795387,1.8032019520461304,1.8032019520461304,3.4086993422422127
19173,soybeans,2022,12,52.9,53.70061048388462,-0.8006104838846184,0.8006104838846184,1.5134413684019252
19175,soybeans,2022,1,41.4,56.01056446547068,-14.61056446547068,14.61056446547068,35.291218515629666
19175,soybeans,2022,2,41.4,54.73217756535538,-13.33217756535538,13.33217756535538,32.20332745254923
19175,soybeans,2022,3,41.4,58.53741515865959,-17.137415158659593,17.137415158659593,41.39472260545796
19175,soybeans,2022,4,41.4,53.99802173539634,-12.598021735396344,12.598021735396344,30.430004191778607
19175,soybeans,2022,5,41.4,53.284545760048616,-11.884545760048617,11.884545760048617,28.706632270648836
19175,soybeans,2022,6,41.4,53.41166007856573,-12.011660078565733,12.011660078565733,29.013671687356847
19175,soybeans,2022,7,41.4,53.41708897314977,-12.017088973149768,12.017088973149768,29.026784959298958
19175,soybeans,2022,8,41.4,53.452249793604864,-12.052249793604865,12.052249793604865,29.11171447730644
19175,soybeans,2022,9,41.4,53.02701304630447,-11.62701304630447,11.62701304630447,28.084572575614665
19175,soybeans,2022,10,41.4,53.09019417071375,-11.690194170713752,11.690194170713752,28.237183987231283
19175,soybeans,2022,11,41.4,54.906301195739275,-13.506301195739276,13.506301195739276,32.623915931737386
19175,soybeans,2022,12,41.4,54.412412637348574,-13.012412637348575,13.012412637348575,31.430948399392694
19177,soybeans,2022,1,43.6,53.620025522960866,-10.020025522960864,10.020025522960864,22.981709915047855
19177,soybeans,2022,2,43.6,54.70817651691472,-11.108176516914718,11.108176516914718,25.477469075492472
19177,soybeans,2022,3,43.6,53.11910251728927,-9.51910251728927,9.51910251728927,21.832803938736856
19177,soybeans,2022,4,43.6,53.4375794470928,-9.8375794470928,9.8375794470928,22.563255612598166
19177,soybeans,2022,5,43.6,50.21856434304642,-6.618564343046415,6.618564343046415,15.180193447354162
19177,soybeans,2022,6,43.6,53.1038523333334,-9.503852333333398,9.503852333333398,21.797826452599537
19177,soybeans,2022,7,43.6,53.76175065221925,-10.161750652219247,10.161750652219247,23.306767550961574
19177,soybeans,2022,8,43.6,55.197784769367196,-11.597784769367195,11.597784769367195,26.60042378295228
19177,soybeans,2022,9,43.6,52.4859985855341,-8.885998585534097,8.885998585534097,20.380730700766275
19177,soybeans,2022,10,43.6,53.14350874617191,-9.54350874617191,9.54350874617191,21.888781527917224
19177,soybeans,2022,11,43.6,52.90870710836788,-9.308707108367877,9.308707108367877,21.35024566139421
19177,soybeans,2022,12,43.6,51.510188584209175,-7.910188584209173,7.910188584209173,18.14263436745223
19179,soybeans,2022,1,53.7,55.653866806668276,-1.9538668066682732,1.9538668066682732,3.6384856734977147
19179,soybeans,2022,2,53.7,54.86589309770061,-1.1658930977006037,1.1658930977006037,2.1711230869657423
19179,soybeans,2022,3,53.7,58.34391930661955,-4.643919306619544,4.643919306619544,8.64789442573472
19179,soybeans,2022,4,53.7,57.174499209348205,-3.4744992093482026,3.4744992093482026,6.470203369363506
19179,soybeans,2022,5,53.7,52.858023089793036,0.8419769102069665,0.8419769102069665,1.567927207089323
19179,soybeans,2022,6,53.7,53.426211309872876,0.2737886901271267,0.2737886901271267,0.5098485849667164
19179,soybeans,2022,7,53.7,53.02463039556243,0.6753696044375701,0.6753696044375701,1.2576715166435195
19179,soybeans,2022,8,53.7,54.487611453624446,-0.787611453624443,0.787611453624443,1.466687995576244
19179,soybeans,2022,9,53.7,52.67611304645425,1.0238869535457553,1.0238869535457553,1.9066796155414436
19179,soybeans,2022,10,53.7,53.189964380216566,0.5100356197834373,0.5100356197834373,0.9497870014589148
19179,soybeans,2022,11,53.7,54.62397040137005,-0.9239704013700489,0.9239704013700489,1.7206152725699235
19179,soybeans,2022,12,53.7,53.864019417392406,-0.164019417392403,0.164019417392403,0.30543653145698885
19181,soybeans,2022,1,50.2,57.429172542477424,-7.229172542477421,7.229172542477421,14.400742116488887
19181,soybeans,2022,2,50.2,55.079492592428686,-4.879492592428683,4.879492592428683,9.720104765794188
19181,soybeans,2022,3,50.2,59.63562344600357,-9.435623446003568,9.435623446003568,18.79606264144137
19181,soybeans,2022,4,50.2,58.9951205689035,-8.7951205689035,8.7951205689035,17.520160495823703
19181,soybeans,2022,5,50.2,53.7316824928078,-3.5316824928077963,3.5316824928077963,7.035224089258558
19181,soybeans,2022,6,50.2,54.99119315024342,-4.791193150243416,4.791193150243416,9.544209462636285
19181,soybeans,2022,7,50.2,54.19276758648235,-3.992767586482344,3.992767586482344,7.953720291797498
19181,soybeans,2022,8,50.2,54.7415198147773,-4.5415198147772955,4.5415198147772955,9.046852220671903
19181,soybeans,2022,9,50.2,53.65087846157062,-3.4508784615706176,3.4508784615706176,6.874259883606808
19181,soybeans,2022,10,50.2,53.37219352607767,-3.1721935260776704,3.1721935260776704,6.319110609716475
19181,soybeans,2022,11,50.2,55.06521140425318,-4.865211404253181,4.865211404253181,9.691656183771276
19181,soybeans,2022,12,50.2,56.809260663485645,-6.609260663485642,6.609260663485642,13.165857895389724
19183,soybeans,2022,1,57.2,56.167919226958304,1.0320807730416988,1.0320807730416988,1.8043370158071657
19183,soybeans,2022,2,57.2,54.60504018592438,2.5949598140756223,2.5949598140756223,4.536643031600738
19183,soybeans,2022,3,57.2,56.85021290948629,0.3497870905137148,0.3497870905137148,0.6115158925064944
19183,soybeans,2022,4,57.2,56.6323665361939,0.5676334638061036,0.5676334638061036,0.992366195465216
19183,soybeans,2022,5,57.2,53.58111290909162,3.6188870909083803,3.6188870909083803,6.326725683406259
19183,soybeans,2022,6,57.2,55.45589635318288,1.7441036468171234,1.7441036468171234,3.0491322496802855
19183,soybeans,2022,7,57.2,56.05504080134964,1.144959198650362,1.144959198650362,2.001676920717416
19183,soybeans,2022,8,57.2,56.57809774974317,0.6219022502568308,0.6219022502568308,1.0872416962532006
19183,soybeans,2022,9,57.2,55.39665284509221,1.8033471549077902,1.8033471549077902,3.15270481627236
19183,soybeans,2022,10,57.2,53.551108474384456,3.6488915256155465,3.6488915256155465,6.3791809888383675
19183,soybeans,2022,11,57.2,55.05682819053898,2.1431718094610233,2.1431718094610233,3.7468038626940965
19183,soybeans,2022,12,57.2,56.22244605555055,0.9775539444494541,0.9775539444494541,1.7090103923941506
19187,soybeans,2022,1,57.5,58.97813412538502,-1.4781341253850186,1.4781341253850186,2.5706680441478587
19187,soybeans,2022,2,57.5,56.976514447399786,0.5234855526002136,0.5234855526002136,0.9104096566960237
19187,soybeans,2022,3,57.5,58.81456128436706,-1.314561284367059,1.314561284367059,2.286193538029668
19187,soybeans,2022,4,57.5,57.17188382069258,0.3281161793074219,0.3281161793074219,0.570636833578125
19187,soybeans,2022,5,57.5,56.87211586243429,0.627884137565708,0.627884137565708,1.091972413157753
19187,soybeans,2022,6,57.5,57.80811004849192,-0.30811004849191903,0.30811004849191903,0.5358435625946418
19187,soybeans,2022,7,57.5,56.73257292114498,0.7674270788550217,0.7674270788550217,1.3346557893130813
19187,soybeans,2022,8,57.5,58.93482906043993,-1.434829060439931,1.434829060439931,2.495354887721619
19187,soybeans,2022,9,57.5,58.860006119966215,-1.360006119966215,1.360006119966215,2.365228034723852
19187,soybeans,2022,10,57.5,54.81868515140314,2.6813148485968625,2.6813148485968625,4.663156258429326
19187,soybeans,2022,11,57.5,58.89276488804511,-1.3927648880451073,1.3927648880451073,2.422199805295839
19187,soybeans,2022,12,57.5,57.020765639965525,0.47923436003447506,0.47923436003447506,0.8334510609295218
19189,soybeans,2022,1,64.4,53.63976243518166,10.760237564818347,10.760237564818347,16.70844342363097
19189,soybeans,2022,2,64.4,55.153818793761964,9.246181206238042,9.246181206238042,14.357424233288885
19189,soybeans,2022,3,64.4,56.56940093457416,7.830599065425844,7.830599065425844,12.159315318984227
19189,soybeans,2022,4,64.4,55.967770349446994,8.432229650553012,8.432229650553012,13.093524302100947
19189,soybeans,2022,5,64.4,55.73480575476408,8.665194245235924,8.665194245235924,13.455270567136527
19189,soybeans,2022,6,64.4,54.7080952326301,9.691904767369905,9.691904767369905,15.049541564238982
19189,soybeans,2022,7,64.4,53.985964187353055,10.41403581264695,10.41403581264695,16.170863063116382
19189,soybeans,2022,8,64.4,55.57627107090348,8.823728929096525,8.823728929096525,13.701442436485287
19189,soybeans,2022,9,64.4,56.853565438280505,7.546434561719501,7.546434561719501,11.718066089626552
19189,soybeans,2022,10,64.4,53.94759251954234,10.452407480457666,10.452407480457666,16.230446398226185
19189,soybeans,2022,11,64.4,56.048648759790645,8.351351240209361,8.351351240209361,12.967936708399627
19189,soybeans,2022,12,64.4,56.81576473511014,7.5842352648898625,7.5842352648898625,11.77676283367991
19191,soybeans,2022,1,66.3,59.25324783913572,7.04675216086428,7.04675216086428,10.628585461333756
19191,soybeans,2022,2,66.3,56.84331861737986,9.45668138262014,9.45668138262014,14.263471165339578
19191,soybeans,2022,3,66.3,59.686242753668985,6.613757246331012,6.613757246331012,9.975501125687801
19191,soybeans,2022,4,66.3,55.89975034914456,10.400249650855436,10.400249650855436,15.68665105709719
19191,soybeans,2022,5,66.3,54.48162791445548,11.818372085544517,11.818372085544517,17.825598922389922
19191,soybeans,2022,6,66.3,56.41101176261789,9.888988237382108,9.888988237382108,14.915517703442093
19191,soybeans,2022,7,66.3,56.68731162700897,9.61268837299103,9.61268837299103,14.498775826532476
19191,soybeans,2022,8,66.3,56.099116981260536,10.20088301873946,10.20088301873946,15.385947237917739
19191,soybeans,2022,9,66.3,57.587414549616646,8.71258545038335,8.71258545038335,13.141154525465085
19191,soybeans,2022,10,66.3,52.79371431322172,13.506285686778277,13.506285686778277,20.371471624099964
19191,soybeans,2022,11,66.3,56.967948784303,9.332051215697,9.332051215697,14.075492029708899
19191,soybeans,2022,12,66.3,57.613349039922106,8.686650960077891,8.686650960077891,13.102037647176306
19193,soybeans,2022,1,56.4,57.95179017627824,-1.5517901762782387,1.5517901762782387,2.7514010217699267
19193,soybeans,2022,2,56.4,57.20537657562418,-0.8053765756241802,0.8053765756241802,1.4279726518159224
19193,soybeans,2022,3,56.4,58.11617049983083,-1.716170499830831,1.716170499830831,3.0428554961539556
19193,soybeans,2022,4,56.4,57.07011159499946,-0.6701115949994616,0.6701115949994616,1.1881411258855703
19193,soybeans,2022,5,56.4,57.91403644564103,-1.5140364456410325,1.5140364456410325,2.684461783051476
19193,soybeans,2022,6,56.4,58.9019090848271,-2.501909084827105,2.501909084827105,4.436009015650895
19193,soybeans,2022,7,56.4,59.702129403575114,-3.3021294035751154,3.3021294035751154,5.854839368040985
19193,soybeans,2022,8,56.4,58.38995274689033,-1.9899527468903315,1.9899527468903315,3.5282850122169003
19193,soybeans,2022,9,56.4,59.28532322233702,-2.8853232223370213,2.8853232223370213,5.1158213162003925
19193,soybeans,2022,10,56.4,55.015355842763164,1.3846441572368349,1.3846441572368349,2.455042831980204
19193,soybeans,2022,11,56.4,58.07239610328668,-1.6723961032866796,1.6723961032866796,2.965241317884184
19193,soybeans,2022,12,56.4,58.305148189560335,-1.905148189560336,1.905148189560336,3.3779223219154892
19195,soybeans,2022,1,62.0,52.267137981974656,9.732862018025344,9.732862018025344,15.698164545202168
19195,soybeans,2022,2,62.0,55.034920715860885,6.965079284139115,6.965079284139115,11.233998845385669
19195,soybeans,2022,3,62.0,56.61579606620084,5.3842039337991565,5.3842039337991565,8.684199893224447
19195,soybeans,2022,4,62.0,55.76286012792984,6.237139872070159,6.237139872070159,10.059903019467999
19195,soybeans,2022,5,62.0,55.49342100098079,6.5065789990192116,6.5065789990192116,10.4944822564826
19195,soybeans,2022,6,62.0,54.15929425909692,7.840705740903083,7.840705740903083,12.646299582101747
19195,soybeans,2022,7,62.0,53.68491413226803,8.315085867731973,8.315085867731973,13.411428818922538
19195,soybeans,2022,8,62.0,54.764281808806544,7.235718191193456,7.235718191193456,11.670513211602348
19195,soybeans,2022,9,62.0,56.87305032811747,5.126949671882528,5.126949671882528,8.269273664326658
19195,soybeans,2022,10,62.0,53.94655000548973,8.053449994510267,8.053449994510267,12.989435475016558
19195,soybeans,2022,11,62.0,52.90419104029494,9.09580895970506,9.09580895970506,14.670659612427517
19195,soybeans,2022,12,62.0,55.02148807839226,6.9785119216077405,6.9785119216077405,11.255664389689905
19197,soybeans,2022,1,60.6,59.539849347113474,1.0601506528865272,1.0601506528865272,1.7494235196147314
19197,soybeans,2022,2,60.6,55.072273759648596,5.527726240351406,5.527726240351406,9.121660462626082
19197,soybeans,2022,3,60.6,56.11048786765366,4.489512132346341,4.489512132346341,7.408435861957659
19197,soybeans,2022,4,60.6,55.62315760798557,4.976842392014433,4.976842392014433,8.212611207944608
19197,soybeans,2022,5,60.6,55.95131917433885,4.6486808256611525,4.6486808256611525,7.671090471388039
19197,soybeans,2022,6,60.6,56.20778974610415,4.392210253895854,4.392210253895854,7.247871706098769
19197,soybeans,2022,7,60.6,55.97748554882229,4.6225144511777145,4.6225144511777145,7.6279116356067895
19197,soybeans,2022,8,60.6,57.36774452923849,3.2322554707615083,3.2322554707615083,5.333754902246713
19197,soybeans,2022,9,60.6,57.6750518537721,2.924948146227898,2.924948146227898,4.82664710598663
19197,soybeans,2022,10,60.6,54.00175905822341,6.598240941776588,6.598240941776588,10.888186372568628
19197,soybeans,2022,11,60.6,56.72156632627677,3.8784336737232294,3.8784336737232294,6.400055567200049
19197,soybeans,2022,12,60.6,56.35104709257078,4.248952907429221,4.248952907429221,7.011473444602674
