county_id,crop_type,year,month,yield_bu_acre,prediction,residual,abs_error,ape
19001,corn,2022,1,164.2,183.91496475966485,-19.714964759664866,19.714964759664866,12.006677685544986
19001,corn,2022,2,164.2,190.25316086298764,-26.053160862987653,26.053160862987653,15.86672403348822
19001,corn,2022,3,164.2,191.70762728909585,-27.507627289095865,27.507627289095865,16.75251357435802
19001,corn,2022,4,164.2,188.25466977401226,-24.054669774012268,24.054669774012268,14.649616183929517
19001,corn,2022,5,164.2,184.29456422513843,-20.09456422513844,20.09456422513844,12.237858846003924
19001,corn,2022,6,164.2,184.69076658074223,-20.490766580742246,20.490766580742246,12.479151389002586
19001,corn,2022,7,164.2,184.10059421208305,-19.900594212083064,19.900594212083064,12.119728509185789
19001,corn,2022,8,164.2,184.46451798896095,-20.26451798896096,20.26451798896096,12.341362965262462
19001,corn,2022,9,164.2,192.06863620311293,-27.868636203112942,27.868636203112942,16.972372839898263
19001,corn,2022,10,164.2,191.16726721714315,-26.96726721714316,26.96726721714316,16.4234270506353
19001,corn,2022,11,164.2,186.8869591936513,-22.68695919365132,22.68695919365132,13.816662115500195
19001,corn,2022,12,164.2,191.92467959960553,-27.724679599605537,27.724679599605537,16.884701339589245
19005,corn,2022,1,215.9,194.8675611849646,21.03243881503542,21.03243881503542,9.741750261711635
19005,corn,2022,2,215.9,190.11713133799768,25.78286866200233,25.78286866200233,11.942041992590239
19005,corn,2022,3,215.9,179.82375571735815,36.07624428264185,36.07624428264185,16.70970091831489
19005,corn,2022,4,215.9,177.609700376166,38.29029962383402,38.29029962383402,17.735201307936087
19005,corn,2022,5,215.9,183.26834254115775,32.631657458842255,32.631657458842255,15.114246159723137
19005,corn,2022,6,215.9,191.51227434233417,24.38772565766584,24.38772565766584,11.295843287478387
19005,corn,2022,7,215.9,190.80849847790668,25.091501522093324,25.091501522093324,11.62181636039524
19005,corn,2022,8,215.9,192.2632356502845,23.63676434971549,23.63676434971549,10.948014983657012
19005,corn,2022,9,215.9,189.2840725992066,26.615927400793396,26.615927400793396,12.327895970724128
19005,corn,2022,10,215.9,184.46036456026087,31.439635439739135,31.439635439739135,14.56212850381618
19005,corn,2022,11,215.9,183.3016878915453,32.59831210845471,32.59831210845471,15.09880134713048
19005,corn,2022,12,215.9,183.72618502057227,32.17381497942773,32.17381497942773,14.902183871897975
19007,corn,2022,1,146.1,184.97865240475915,-38.87865240475915,38.87865240475915,26.6109872722513
19007,corn,2022,2,146.1,193.8754794341933,-47.7754794341933,47.7754794341933,32.70053349362991
19007,corn,2022,3,146.1,184.56795490362265,-38.467954903622655,38.467954903622655,26.329880153061367
19007,corn,2022,4,146.1,177.93217863839698,-31.832178638396982,31.832178638396982,21.78793883531621
19007,corn,2022,5,146.1,175.97352227964222,-29.87352227964223,29.87352227964223,20.447311621931714
19007,corn,2022,6,146.1,176.50832538376727,-30.408325383767277,30.408325383767277,20.813364396829076
19007,corn,2022,7,146.1,179.10670659523868,-33.00670659523868,33.00670659523868,22.591859408103137
19007,corn,2022,8,146.1,177.3025274299731,-31.202527429973117,31.202527429973117,21.35696607116572
19007,corn,2022,9,146.1,185.75442472104356,-39.65442472104357,39.65442472104357,27.141974483944946
19007,corn,2022,10,146.1,181.46545497358545,-35.36545497358546,35.36545497358546,24.20633468417896
19007,corn,2022,11,146.1,176.0276745009139,-29.927674500913895,29.927674500913895,20.484376797340108
19007,corn,2022,12,146.1,179.13473321729197,-33.03473321729197,33.03473321729197,22.61104258541545
19009,corn,2022,1,197.9,197.41806700190293,0.48193299809707923,0.48193299809707923,0.24352349575395615
19009,corn,2022,2,197.9,193.388075693455,4.511924306545012,4.511924306545012,2.279901114979794
19009,corn,2022,3,197.9,193.6381359568921,4.261864043107892,4.261864043107892,2.1535442360322845
19009,corn,2022,4,197.9,200.3396166379292,-2.4396166379291913,2.4396166379291913,1.2327522172456753
19009,corn,2022,5,197.9,192.39521418532166,5.504785814678343,5.504785814678343,2.7815997042336242
19009,corn,2022,6,197.9,192.9785853720565,4.921414627943506,4.921414627943506,2.486818912553565
19009,corn,2022,7,197.9,184.13437790944909,13.76562209055092,13.76562209055092,6.95584744343149
19009,corn,2022,8,197.9,189.35273636619613,8.54726363380388,8.54726363380388,4.318981118647741
19009,corn,2022,9,197.9,195.79387418929446,2.1061258107055494,2.1061258107055494,1.0642373980321118
19009,corn,2022,10,197.9,182.39984268893724,15.500157311062765,15.500157311062765,7.832317994473352
19009,corn,2022,11,197.9,195.48131679931157,2.4186832006884345,2.4186832006884345,1.2221744318789463
19009,corn,2022,12,197.9,195.72453724373847,2.1754627562615383,2.1754627562615383,1.0992737525323588
19011,corn,2022,1,221.7,194.6238752100706,27.076124789929395,27.076124789929395,12.212956603486422
19011,corn,2022,2,221.7,190.42742882602815,31.27257117397184,31.27257117397184,14.105805671615625
19011,corn,2022,3,221.7,191.37609813671523,30.32390186328476,30.32390186328476,13.677898900895247
19011,corn,2022,4,221.7,191.9662573507054,29.733742649294584,29.733742649294584,13.411701691156782
19011,corn,2022,5,221.7,192.4465163272475,29.25348367275248,29.25348367275248,13.195076081530214
19011,corn,2022,6,221.7,192.67498749945779,29.025012500542203,29.025012500542203,13.092021876654131
19011,corn,2022,7,221.7,190.9445711088533,30.755428891146693,30.755428891146693,13.872543478189758
19011,corn,2022,8,221.7,192.6483206301679,29.0516793698321,29.0516793698321,13.104050234475464
19011,corn,2022,9,221.7,190.32884664072722,31.371153359272768,31.371153359272768,14.150272151228133
19011,corn,2022,10,221.7,194.2920256354165,27.40797436458348,27.40797436458348,12.362640669636212
19011,corn,2022,11,221.7,195.68954955064464,26.010450449355346,26.010450449355346,11.732273545040753
19011,corn,2022,12,221.7,194.34814446167425,27.351855538325736,27.351855538325736,12.337327712370653
19013,corn,2022,1,202.5,193.55800657260164,8.941993427398359,8.941993427398359,4.415799223406597
19013,corn,2022,2,202.5,193.13726970687785,9.362730293122155,9.362730293122155,4.623570515122052
19013,corn,2022,3,202.5,191.42465702145807,11.075342978541926,11.075342978541926,5.469305174588605
19013,corn,2022,4,202.5,191.9261943449613,10.573805655038711,10.573805655038711,5.221632422241338
19013,corn,2022,5,202.5,187.94059033454798,14.559409665452023,14.559409665452023,7.189831933556555
19013,corn,2022,6,202.5,191.49790174223,11.002098257770001,11.002098257770001,5.433134942108643
19013,corn,2022,7,202.5,183.54328224808788,18.956717751912123,18.956717751912123,9.361342099709692
19013,corn,2022,8,202.5,189.57454959089284,12.925450409107157,12.925450409107157,6.382938473633164
19013,corn,2022,9,202.5,193.79690881912242,8.703091180877578,8.703091180877578,4.297822805371643
19013,corn,2022,10,202.5,189.90392242623426,12.59607757376574,12.59607757376574,6.220285221612711
19013,corn,2022,11,202.5,187.26813604697045,15.231863953029546,15.231863953029546,7.521908124952863
19013,corn,2022,12,202.5,193.5776472096429,8.92235279035711,8.92235279035711,4.406100143386227
19015,corn,2022,1,202.4,191.13189190425257,11.268108095747436,11.268108095747436,5.5672470828791685
19015,corn,2022,2,202.4,193.08862160729365,9.31137839270636,9.31137839270636,4.600483395605909
19015,corn,2022,3,202.4,193.34155468530366,9.058445314696343,9.058445314696343,4.475516459830208
19015,corn,2022,4,202.4,194.78464187421102,7.615358125788987,7.615358125788987,3.762528718275191
19015,corn,2022,5,202.4,195.0576692140392,7.342330785960797,7.342330785960797,3.627633787530038
19015,corn,2022,6,202.4,191.17308943791048,11.226910562089529,11.226910562089529,5.546892570202337
19015,corn,2022,7,202.4,183.89825419874595,18.50174580125406,18.50174580125406,9.141178755560306
19015,corn,2022,8,202.4,185.0947498041219,17.305250195878102,17.305250195878102,8.55002480033503
19015,corn,2022,9,202.4,190.91342085806073,11.486579141939274,11.486579141939274,5.675187323092526
19015,corn,2022,10,202.4,193.42018473639686,8.979815263603143,8.979815263603143,4.436667620357284
19015,corn,2022,11,202.4,199.9074631635954,2.4925368364046108,2.4925368364046108,1.2314905318204599
19015,corn,2022,12,202.4,191.56921522232327,10.83078477767674,10.83078477767674,5.351178249840287
19017,corn,2022,1,210.8,196.1158746738829,14.684125326117112,14.684125326117112,6.965903854894265
19017,corn,2022,2,210.8,189.72170724107156,21.078292758928455,21.078292758928455,9.99919011334367
19017,corn,2022,3,210.8,193.20000957561868,17.599990424381332,17.599990424381332,8.349141567543326
19017,corn,2022,4,210.8,193.74223897979988,17.057761020200132,17.057761020200132,8.091916992504807
19017,corn,2022,5,210.8,192.02756769050416,18.772432309495855,18.772432309495855,8.905328420064446
19017,corn,2022,6,210.8,185.55053378650194,25.249466213498067,25.249466213498067,11.977925148718247
19017,corn,2022,7,210.8,184.21177142815344,26.58822857184657,26.58822857184657,12.613011656473706
19017,corn,2022,8,210.8,185.8715808487913,24.928419151208715,24.928419151208715,11.825625783305842
19017,corn,2022,9,210.8,193.4999885408199,17.300011459180098,17.300011459180098,8.206836555588282
19017,corn,2022,10,210.8,190.06784233563562,20.732157664364394,20.732157664364394,9.834989404347434
19017,corn,2022,11,210.8,195.34679783074955,15.45320216925046,15.45320216925046,7.3307410670068585
19017,corn,2022,12,210.8,193.4004652544161,17.399534745583907,17.399534745583907,8.254048740789328
19019,corn,2022,1,209.7,198.32364001181395,11.376359988186039,11.376359988186039,5.425064372048659
19019,corn,2022,2,209.7,186.02802083769112,23.671979162308872,23.671979162308872,11.288497454606043
19019,corn,2022,3,209.7,187.91630311023582,21.783696889764173,21.783696889764173,10.388029036606664
19019,corn,2022,4,209.7,195.49875315040074,14.201246849599244,14.201246849599244,6.77217303271304
19019,corn,2022,5,209.7,196.99123026830048,12.708769731699505,12.708769731699505,6.060452900190513
19019,corn,2022,6,209.7,193.07425429538918,16.625745704610807,16.625745704610807,7.928347975493947
19019,corn,2022,7,209.7,191.41093605349636,18.28906394650363,18.28906394650363,8.721537408919232
19019,corn,2022,8,209.7,189.75281702911983,19.947182970880164,19.947182970880164,9.512247482537035
19019,corn,2022,9,209.7,190.5521650499912,19.147834950008786,19.147834950008786,9.131061015740958
19019,corn,2022,10,209.7,192.4473831067281,17.25261689327189,17.25261689327189,8.227285118393844
19019,corn,2022,11,209.7,195.17503117158836,14.52496882841163,14.52496882841163,6.926546890038927
19019,corn,2022,12,209.7,199.23868263435998,10.461317365640014,10.461317365640014,4.988706421382934
19021,corn,2022,1,197.0,195.60669745705962,1.3933025429403756,1.3933025429403756,0.707260174081409
19021,corn,2022,2,197.0,196.5969589956914,0.4030410043085908,0.4030410043085908,0.20458934228862477
19021,corn,2022,3,197.0,193.69008387929594,3.3099161207040595,3.3099161207040595,1.6801604673624668
19021,corn,2022,4,197.0,196.58917099173607,0.41082900826393143,0.41082900826393143,0.20854264378879767
19021,corn,2022,5,197.0,194.915960151833,2.0840398481670093,2.0840398481670093,1.0578882478005123
19021,corn,2022,6,197.0,197.3612398468459,-0.3612398468459048,0.3612398468459048,0.183370480632439
19021,corn,2022,7,197.0,185.1560734888708,11.843926511129212,11.843926511129212,6.012145437121427
19021,corn,2022,8,197.0,193.28079777114866,3.719202228851344,3.719202228851344,1.8879199131225095
19021,corn,2022,9,197.0,202.84850792322,-5.848507923220012,5.848507923220012,2.9687857478274173
19021,corn,2022,10,197.0,184.41357063936744,12.586429360632565,12.586429360632565,6.389050436869321
19021,corn,2022,11,197.0,203.02758424391104,-6.027584243911036,6.027584243911036,3.0596874334573787
19021,corn,2022,12,197.0,198.80083346866036,-1.8008334686603575,1.8008334686603575,0.9141286642945978
19023,corn,2022,1,212.4,196.4020392924609,15.997960707539107,15.997960707539107,7.531996566637998
19023,corn,2022,2,212.4,196.36648240426447,16.033517595735532,16.033517595735532,7.548737097803923
19023,corn,2022,3,212.4,194.06015295451212,18.339847045487886,18.339847045487886,8.634579588271132
19023,corn,2022,4,212.4,195.58175251880263,16.818247481197375,16.818247481197375,7.918195612616466
19023,corn,2022,5,212.4,198.10781666688837,14.292183333111637,14.292183333111637,6.728899874346345
19023,corn,2022,6,212.4,199.24649662905838,13.153503370941621,13.153503370941621,6.192798197241817
19023,corn,2022,7,212.4,185.75973194193898,26.640268058061025,26.640268058061025,12.542499085716113
19023,corn,2022,8,212.4,191.0741533106999,21.325846689300107,21.325846689300107,10.040417462005701
19023,corn,2022,9,212.4,204.2421245258741,8.157875474125916,8.157875474125916,3.840807662017851
19023,corn,2022,10,212.4,190.74286332144092,21.657136678559084,21.657136678559084,10.196392033219908
19023,corn,2022,11,212.4,199.54448167055722,12.855518329442788,12.855518329442788,6.0525039215832335
19023,corn,2022,12,212.4,196.62361834254213,15.776381657457875,15.776381657457875,7.427674979970751
19025,corn,2022,1,202.3,199.60839239758596,2.6916076024140523,2.6916076024140523,1.3305030165170797
19025,corn,2022,2,202.3,196.70069624012672,5.599303759873294,5.599303759873294,2.7678219277673226
19025,corn,2022,3,202.3,192.8934204426993,9.406579557300716,9.406579557300716,4.6498168844788506
19025,corn,2022,4,202.3,194.19280677873357,8.107193221266442,8.107193221266442,4.007510242840554
19025,corn,2022,5,202.3,194.71264444394134,7.587355556058668,7.587355556058668,3.750546493355743
19025,corn,2022,6,202.3,194.28729577768647,8.012704222313545,8.012704222313545,3.9608028780590927
19025,corn,2022,7,202.3,189.95410053207965,12.345899467920361,12.345899467920361,6.102767903074819
19025,corn,2022,8,202.3,196.14755955618136,6.152440443818648,6.152440443818648,3.041245894126865
19025,corn,2022,9,202.3,205.1939118179498,-2.8939118179497996,2.8939118179497996,1.430505100321206
19025,corn,2022,10,202.3,189.19378771000524,13.106212289994772,13.106212289994772,6.478602219473441
19025,corn,2022,11,202.3,203.76289195439705,-1.462891954397037,1.462891954397037,0.723129982400908
19025,corn,2022,12,202.3,198.8022757328365,3.4977242671635054,3.4977242671635054,1.7289788765019798
19027,corn,2022,1,195.7,201.47600634245626,-5.77600634245627,5.77600634245627,2.9514595515872615
19027,corn,2022,2,195.7,192.12272533692575,3.5772746630742347,3.5772746630742347,1.8279379985049744
19027,corn,2022,3,195.7,194.76031570355337,0.9396842964466146,0.9396842964466146,0.48016571101002276
19027,corn,2022,4,195.7,197.69911813276542,-1.9991181327654317,1.9991181327654317,1.0215217847549471
19027,corn,2022,5,195.7,196.38733664759954,-0.687336647599551,0.687336647599551,0.3512195439956827
19027,corn,2022,6,195.7,197.75905127120083,-2.0590512712008433,2.0590512712008433,1.0521467916202571
19027,corn,2022,7,195.7,187.15209600534308,8.547903994656906,8.547903994656906,4.367861009022436
19027,corn,2022,8,195.7,193.72597155504354,1.9740284449564456,1.9740284449564456,1.008701300437632
19027,corn,2022,9,195.7,202.58585800095787,-6.885858000957882,6.885858000957882,3.5185784368716817
19027,corn,2022,10,195.7,187.98024432187052,7.719755678129474,7.719755678129474,3.944688644930748
19027,corn,2022,11,195.7,203.0344458446371,-7.334445844637116,7.334445844637116,3.7478006359923945
19027,corn,2022,12,195.7,200.54052264874352,-4.84052264874353,4.84052264874353,2.473440290620097
19029,corn,2022,1,179.2,203.4610601112528,-24.261060111252817,24.261060111252817,13.538538008511617
19029,corn,2022,2,179.2,192.49874705494395,-13.29874705494396,13.29874705494396,7.421175811910692
19029,corn,2022,3,179.2,192.15529543593334,-12.955295435933351,12.955295435933351,7.229517542373522
19029,corn,2022,4,179.2,201.1339616824258,-21.933961682425803,21.933961682425803,12.23993397456797
19029,corn,2022,5,179.2,198.16140775922204,-18.961407759222055,18.961407759222055,10.581142722780164
19029,corn,2022,6,179.2,198.53267584037403,-19.332675840374037,19.332675840374037,10.788323571637298
19029,corn,2022,7,179.2,190.47252910912133,-11.272529109121336,11.272529109121336,6.2904738332150325
19029,corn,2022,8,179.2,190.84356856824152,-11.643568568241534,11.643568568241534,6.497527102813357
19029,corn,2022,9,179.2,197.49209604128117,-18.292096041281184,18.292096041281184,10.207642880179232
19029,corn,2022,10,179.2,185.6671477695389,-6.4671477695389115,6.4671477695389115,3.6088994249659105
19029,corn,2022,11,179.2,189.13943413787,-9.939434137870023,9.939434137870023,5.546559228722112
19029,corn,2022,12,179.2,201.11595684407942,-21.91595684407943,21.91595684407943,12.229886631740754
19031,corn,2022,1,221.4,195.16479628184663,26.23520371815337,26.23520371815337,11.849685509554368
19031,corn,2022,2,221.4,188.32677635844547,33.073223641554534,33.073223641554534,14.938222060322733
19031,corn,2022,3,221.4,188.67822399439987,32.721776005600134,32.721776005600134,14.779483290695634
19031,corn,2022,4,221.4,198.40162306306095,22.998376936939053,22.998376936939053,10.387704126892073
19031,corn,2022,5,221.4,199.70268850333096,21.697311496669045,21.697311496669045,9.80005035983245
19031,corn,2022,6,221.4,186.32874657911296,35.07125342088705,35.07125342088705,15.840674535179334
19031,corn,2022,7,221.4,189.46459961215314,31.93540038784687,31.93540038784687,14.424300084845019
19031,corn,2022,8,221.4,193.87476422453096,27.525235775469042,27.525235775469042,12.432355815478338
19031,corn,2022,9,221.4,195.85061906329915,25.549380936700857,25.549380936700857,11.539919122267776
19031,corn,2022,10,221.4,187.61550072694948,33.78449927305053,33.78449927305053,15.259484766508821
19031,corn,2022,11,221.4,193.98106144107243,27.41893855892758,27.41893855892758,12.384344425893214
19031,corn,2022,12,221.4,196.58752099287454,24.81247900712546,24.81247900712546,11.207081755702557
19033,corn,2022,1,216.9,191.55428985516298,25.345710144837028,25.345710144837028,11.685435751423249
19033,corn,2022,2,216.9,196.93653305424328,19.96346694575672,19.96346694575672,9.20399582561398
19033,corn,2022,3,216.9,193.9254163636909,22.97458363630909,22.97458363630909,10.592246950811015
19033,corn,2022,4,216.9,195.9336423488952,20.9663576511048,20.9663576511048,9.666370516876349
19033,corn,2022,5,216.9,197.32086102526736,19.579138974732643,19.579138974732643,9.026804506561845
19033,corn,2022,6,216.9,195.9977758019704,20.902224198029614,20.902224198029614,9.636802304301344
19033,corn,2022,7,216.9,187.1514362642041,29.748563735795898,29.748563735795898,13.715335977775887
19033,corn,2022,8,216.9,189.85731856736535,27.04268143263465,27.04268143263465,12.467810711219295
19033,corn,2022,9,216.9,202.91566326692515,13.984336733074855,13.984336733074855,6.447365944248435
19033,corn,2022,10,216.9,192.59398659299592,24.306013407004087,24.306013407004087,11.20609193499497
19033,corn,2022,11,216.9,195.6748345525567,21.225165447443317,21.225165447443317,9.785691769222367
19033,corn,2022,12,216.9,196.64035027619911,20.25964972380089,20.25964972380089,9.340548512586857
19035,corn,2022,1,198.8,199.02054739330293,-0.2205473933029225,0.2205473933029225,0.1109393326473453
19035,corn,2022,2,198.8,195.7828695532637,3.017130446736303,3.017130446736303,1.5176712508733918
19035,corn,2022,3,198.8,196.1703630261131,2.629636973886903,2.629636973886903,1.3227550170457258
19035,corn,2022,4,198.8,199.89859857898233,-1.098598578982319,1.098598578982319,0.5526149793673637
19035,corn,2022,5,198.8,197.08113894614326,1.718861053856756,1.718861053856756,0.8646182363464566
19035,corn,2022,6,198.8,197.8090058420177,0.9909941579822998,0.9909941579822998,0.49848800703335
19035,corn,2022,7,198.8,185.73486358864795,13.065136411352057,13.065136411352057,6.572000206917533
19035,corn,2022,8,198.8,191.3156853789955,7.484314621004501,7.484314621004501,3.7647457852135315
19035,corn,2022,9,198.8,200.91132821433754,-2.111328214337533,2.111328214337533,1.0620363251194833
19035,corn,2022,10,198.8,185.80938232199122,12.990617678008789,12.990617678008789,6.534515934612066
19035,corn,2022,11,198.8,202.44006476653027,-3.6400647665302586,3.6400647665302586,1.8310184942305123
19035,corn,2022,12,198.8,201.32529045094967,-2.5252904509496545,2.5252904509496545,1.2702668264334278
19037,corn,2022,1,214.6,192.61715046759215,21.98284953240784,21.98284953240784,10.243639111094055
19037,corn,2022,2,214.6,193.3460049728102,21.253995027189802,21.253995027189802,9.904005138485463
19037,corn,2022,3,214.6,192.96554919276278,21.634450807237215,21.634450807237215,10.081291149691154
19037,corn,2022,4,214.6,195.01812003928245,19.581879960717544,19.581879960717544,9.124827567901932
19037,corn,2022,5,214.6,195.67152922414923,18.92847077585077,18.92847077585077,8.820349848951896
19037,corn,2022,6,214.6,191.82261767582773,22.777382324172265,22.777382324172265,10.61387806345399
19037,corn,2022,7,214.6,184.05449716315192,30.545502836848073,30.545502836848073,14.233691909062477
19037,corn,2022,8,214.6,186.00580310114637,28.594196898853625,28.594196898853625,13.324416075887058
19037,corn,2022,9,214.6,191.97527080295103,22.624729197048964,22.624729197048964,10.542744267031203
19037,corn,2022,10,214.6,187.99264774331814,26.60735225668185,26.60735225668185,12.398579802740842
19037,corn,2022,11,214.6,197.59368021010405,17.00631978989594,17.00631978989594,7.924659734341072
19037,corn,2022,12,214.6,193.53782604652864,21.06217395347136,21.06217395347136,9.814619736007158
19041,corn,2022,1,191.5,195.24905020114048,-3.749050201140477,3.749050201140477,1.957728564564218
19041,corn,2022,2,191.5,196.69869645505048,-5.198696455050481,5.198696455050481,2.714723997415395
19041,corn,2022,3,191.5,193.85853074809285,-2.3585307480928464,2.3585307480928464,1.2316087457403897
19041,corn,2022,4,191.5,197.16262495184648,-5.662624951846482,5.662624951846482,2.9569843090582153
19041,corn,2022,5,191.5,195.82431728161367,-4.3243172816136735,4.3243172816136735,2.258129128779986
19041,corn,2022,6,191.5,195.0459576586306,-3.5459576586306127,3.5459576586306127,1.8516750175616776
19041,corn,2022,7,191.5,182.92711849395818,8.572881506041824,8.572881506041824,4.476700525348211
19041,corn,2022,8,191.5,185.96816389067834,5.5318361093216595,5.5318361093216595,2.888687263353347
19041,corn,2022,9,191.5,201.83277821933729,-10.332778219337285,10.332778219337285,5.395706641951585
19041,corn,2022,10,191.5,182.8043173343137,8.695682665686292,8.695682665686292,4.540826457277436
19041,corn,2022,11,191.5,200.64719481233746,-9.14719481233746,9.14719481233746,4.7766030351631645
19041,corn,2022,12,191.5,196.85286041420784,-5.352860414207839,5.352860414207839,2.795227370343519
19043,corn,2022,1,215.4,197.15810446741173,18.241895532588273,18.241895532588273,8.468846579660294
19043,corn,2022,2,215.4,194.71989762979712,20.68010237020289,20.68010237020289,9.600790329713504
19043,corn,2022,3,215.4,196.2218732537591,19.178126746240906,19.178126746240906,8.903494311161051
19043,corn,2022,4,215.4,193.13620666391452,22.263793336085484,22.263793336085484,10.336022904403661
19043,corn,2022,5,215.4,191.09501525870328,24.30498474129672,24.30498474129672,11.283651226228747
19043,corn,2022,6,215.4,195.11516604485794,20.284833955142062,20.284833955142062,9.417285958747474
19043,corn,2022,7,215.4,199.46533767043638,15.934662329563622,15.934662329563622,7.397707673892118
19043,corn,2022,8,215.4,195.55202688093445,19.847973119065557,19.847973119065557,9.214472200123286
19043,corn,2022,9,215.4,193.14795181969956,22.25204818030045,22.25204818030045,10.330570185840505
19043,corn,2022,10,215.4,192.14762517267854,23.25237482732146,23.25237482732146,10.79497438594311
19043,corn,2022,11,215.4,193.86728053282621,21.53271946717379,21.53271946717379,9.9966199940454
19043,corn,2022,12,215.4,192.1322129149689,23.267787085031102,23.267787085031102,10.802129565938301
19045,corn,2022,1,225.2,197.55679677588526,27.64320322411473,27.64320322411473,12.27495702669393
19045,corn,2022,2,225.2,190.14991496659596,35.05008503340403,35.05008503340403,15.563980920694508
19045,corn,2022,3,225.2,190.5962053609005,34.603794639099476,34.603794639099476,15.365805790008649
19045,corn,2022,4,225.2,198.47602872820087,26.723971271799115,26.723971271799115,11.866772323179003
19045,corn,2022,5,225.2,198.64082544279927,26.55917455720072,26.55917455720072,11.79359438596835
19045,corn,2022,6,225.2,196.46393468598743,28.736065314012563,28.736065314012563,12.760242146541993
19045,corn,2022,7,225.2,183.99595997926187,41.20404002073812,41.20404002073812,18.296642993222967
19045,corn,2022,8,225.2,195.41302325908478,29.786976740915208,29.786976740915208,13.226899085663948
19045,corn,2022,9,225.2,196.97163279378609,28.228367206213903,28.228367206213903,12.534798937039923
19045,corn,2022,10,225.2,188.93073255131355,36.269267448686435,36.269267448686435,16.105358547374085
19045,corn,2022,11,225.2,195.11080453208135,30.089195467918643,30.089195467918643,13.361099230869735
19045,corn,2022,12,225.2,196.9936566049945,28.20634339500549,28.20634339500549,12.525019269540627
19047,corn,2022,1,216.4,207.29808484830977,9.101915151690235,9.101915151690235,4.206060606141514
19047,corn,2022,2,216.4,196.35582157408456,20.044178425915447,20.044178425915447,9.262559346541334
19047,corn,2022,3,216.4,196.12024646573622,20.27975353426379,20.27975353426379,9.371420302340013
19047,corn,2022,4,216.4,203.46159647009563,12.938403529904377,12.938403529904377,5.978929542469675
19047,corn,2022,5,216.4,200.01611688894238,16.383883111057628,16.383883111057628,7.571110494943451
19047,corn,2022,6,216.4,206.76215554026857,9.63784445973144,9.63784445973144,4.453717402833383
19047,corn,2022,7,216.4,196.76958130728892,19.63041869271109,19.63041869271109,9.071357991086455
19047,corn,2022,8,216.4,199.83599705324664,16.564002946753362,16.564002946753362,7.654345169479372
19047,corn,2022,9,216.4,203.81090324493502,12.589096755064986,12.589096755064986,5.817512363708404
19047,corn,2022,10,216.4,189.68874564031245,26.71125435968756,26.71125435968756,12.343463197637504
19047,corn,2022,11,216.4,194.72116544829316,21.678834551706842,21.678834551706842,10.01794572629706
19047,corn,2022,12,216.4,206.4171194502038,9.982880549796192,9.982880549796192,4.613161067373471
19049,corn,2022,1,187.2,206.31409604630323,-19.114096046303246,19.114096046303246,10.210521392256009
19049,corn,2022,2,187.2,195.2211528766819,-8.021152876681924,8.021152876681924,4.2848038871164125
19049,corn,2022,3,187.2,192.55156126969084,-5.351561269690848,5.351561269690848,2.8587399944929746
19049,corn,2022,4,187.2,200.0736567288387,-12.87365672883871,12.87365672883871,6.87695338078991
19049,corn,2022,5,187.2,197.72807283209943,-10.52807283209944,10.52807283209944,5.62397052996765
19049,corn,2022,6,187.2,200.13136480590083,-12.931364805900841,12.931364805900841,6.907780345032501
19049,corn,2022,7,187.2,191.75492101588452,-4.554921015884531,4.554921015884531,2.4331843033571214
19049,corn,2022,8,187.2,193.95162193375165,-6.7516219337516645,6.7516219337516645,3.6066356483716158
19049,corn,2022,9,187.2,198.15005850320682,-10.950058503206833,10.950058503206833,5.8493902260720265
19049,corn,2022,10,187.2,191.76563776294387,-4.565637762943879,4.565637762943879,2.4389090614016453
19049,corn,2022,11,187.2,200.99780214976244,-13.797802149762447,13.797802149762447,7.370620806497034
19049,corn,2022,12,187.2,199.82593243256076,-12.625932432560774,12.625932432560774,6.7446220259405845
19051,corn,2022,1,154.9,184.8526116571851,-29.952611657185088,29.952611657185088,19.336740901991664
19051,corn,2022,2,154.9,186.55191784184655,-31.65191784184654,31.65191784184654,20.433775236827977
19051,corn,2022,3,154.9,178.77486056644037,-23.87486056644036,23.87486056644036,15.41307977174975
19051,corn,2022,4,154.9,176.88987364980807,-21.98987364980806,21.98987364980806,14.196174079927735
19051,corn,2022,5,154.9,176.89351096553807,-21.993510965538064,21.993510965538064,14.198522250185968
19051,corn,2022,6,154.9,175.59591407567228,-20.695914075672277,20.695914075672277,13.360822514959509
19051,corn,2022,7,154.9,181.02112455908215,-26.121124559082148,26.121124559082148,16.863217920646964
19051,corn,2022,8,154.9,177.80889346305602,-22.908893463056017,22.908893463056017,14.789472861882516
19051,corn,2022,9,154.9,188.55262772360186,-33.65262772360185,33.65262772360185,21.725389104972145
19051,corn,2022,10,154.9,180.47873004695316,-25.578730046953154,25.578730046953154,16.51306006904658
19051,corn,2022,11,154.9,177.40048853659715,-22.500488536597146,22.500488536597146,14.525815711166654
19051,corn,2022,12,154.9,179.01556441880712,-24.11556441880711,24.11556441880711,15.568472833316404
19053,corn,2022,1,148.7,193.9337430779714,-45.23374307797141,45.23374307797141,30.419464073955222
19053,corn,2022,2,148.7,192.728475693855,-44.028475693855,44.028475693855,29.60892783715871
19053,corn,2022,3,148.7,183.64284714052306,-34.94284714052307,34.94284714052307,23.498888460338314
19053,corn,2022,4,148.7,177.0741562980472,-28.37415629804721,28.37415629804721,19.081476999359257
19053,corn,2022,5,148.7,179.98808603255208,-31.288086032552087,31.288086032552087,21.041080048790914
19053,corn,2022,6,148.7,181.93973884076905,-33.239738840769064,33.239738840769064,22.353556718741807
19053,corn,2022,7,148.7,182.30971202094761,-33.609712020947626,33.609712020947626,22.602361816373655
19053,corn,2022,8,148.7,181.3014783304753,-32.60147833047532,32.60147833047532,21.92432974477157
19053,corn,2022,9,148.7,193.30851904515288,-44.60851904515289,44.60851904515289,29.999004065334827
19053,corn,2022,10,148.7,185.40887695887758,-36.708876958877596,36.708876958877596,24.686534605835643
19053,corn,2022,11,148.7,178.49231506774174,-29.792315067741754,29.792315067741754,20.035181619194187
19053,corn,2022,12,148.7,184.42485006637574,-35.72485006637575,35.72485006637575,24.024781483776568
19055,corn,2022,1,230.8,195.3637883314351,35.43621166856491,35.43621166856491,15.353644570435401
19055,corn,2022,2,230.8,189.58974762150814,41.21025237849187,41.21025237849187,17.85539531130497
19055,corn,2022,3,230.8,188.62792814273195,42.172071857268065,42.172071857268065,18.272128187724466
19055,corn,2022,4,230.8,199.769636011858,31.030363988142,31.030363988142,13.44469843507019
19055,corn,2022,5,230.8,193.82185467833463,36.97814532166538,36.97814532166538,16.02172674248933
19055,corn,2022,6,230.8,189.79354135097572,41.006458649024296,41.006458649024296,17.76709646838141
19055,corn,2022,7,230.8,188.73572433870405,42.064275661295966,42.064275661295966,18.225422730197558
19055,corn,2022,8,230.8,193.46750674867172,37.33249325132829,37.33249325132829,16.175257041303418
19055,corn,2022,9,230.8,190.8352262484063,39.964773751593725,39.964773751593725,17.315759857709587
19055,corn,2022,10,230.8,186.94276971185528,43.857230288144734,43.857230288144734,19.002266156041912
19055,corn,2022,11,230.8,190.7527372547778,40.04726274522221,40.04726274522221,17.351500322886572
19055,corn,2022,12,230.8,188.91477535368162,41.88522464631839,41.88522464631839,18.147844300831192
19057,corn,2022,1,194.8,195.68024293952368,-0.8802429395236686,0.8802429395236686,0.4518700921579407
19057,corn,2022,2,194.8,188.11014133992228,6.689858660077732,6.689858660077732,3.4342190246805604
19057,corn,2022,3,194.8,187.08366600588894,7.716333994111068,7.716333994111068,3.9611570811658456
19057,corn,2022,4,194.8,187.90868705045904,6.891312949540975,6.891312949540975,3.53763498436395
19057,corn,2022,5,194.8,187.50357648785382,7.296423512146191,7.296423512146191,3.7455972854959914
19057,corn,2022,6,194.8,182.09765687809448,12.702343121905528,12.702343121905528,6.520710021512077
19057,corn,2022,7,194.8,184.14072104964058,10.659278950359436,10.659278950359436,5.471909112094166
19057,corn,2022,8,194.8,187.01712686457498,7.782873135425035,7.782873135425035,3.995314751244884
19057,corn,2022,9,194.8,188.0957876463527,6.704212353647307,6.704212353647307,3.441587450537632
19057,corn,2022,10,194.8,182.85200043158352,11.947999568416492,11.947999568416492,6.13347000432058
19057,corn,2022,11,194.8,188.41490475790934,6.385095242090671,6.385095242090671,3.2777696314633835
19057,corn,2022,12,194.8,190.0514459409713,4.74855405902872,4.74855405902872,2.437656087797084
19059,corn,2022,1,203.4,187.7393726608045,15.660627339195514,15.660627339195514,7.699423470597598
19059,corn,2022,2,203.4,193.45028754025063,9.949712459749378,9.949712459749378,4.891697374508052
19059,corn,2022,3,203.4,194.12060565189816,9.279394348101846,9.279394348101846,4.562140780777702
19059,corn,2022,4,203.4,196.95984279474536,6.44015720525465,6.44015720525465,3.1662523133012046
19059,corn,2022,5,203.4,194.86056243744173,8.539437562558277,8.539437562558277,4.1983468842469405
19059,corn,2022,6,203.4,191.23241151204226,12.167588487957744,12.167588487957744,5.9820985683174746
19059,corn,2022,7,203.4,180.21256808104786,23.187431918952143,23.187431918952143,11.399917364283256
19059,corn,2022,8,203.4,180.72244979395205,22.677550206047954,22.677550206047954,11.149238056070773
19059,corn,2022,9,203.4,195.79939856559707,7.6006014344029325,7.6006014344029325,3.7367755331381183
19059,corn,2022,10,203.4,187.23408872452515,16.165911275474855,16.165911275474855,7.947842318325887
19059,corn,2022,11,203.4,195.6959423519224,7.704057648077594,7.704057648077594,3.787638961690066
19059,corn,2022,12,203.4,188.44868983251368,14.951310167486326,14.951310167486326,7.350693297682559
19061,corn,2022,1,223.7,194.99589503978328,28.70410496021671,28.70410496021671,12.831517639792898
19061,corn,2022,2,223.7,197.56258742212964,26.13741257787035,26.13741257787035,11.684136154613478
19061,corn,2022,3,223.7,190.79285686339537,32.90714313660462,32.90714313660462,14.710390315871532
19061,corn,2022,4,223.7,185.27922706771835,38.420772932281636,38.420772932281636,17.175133183854108
19061,corn,2022,5,223.7,189.18256903314165,34.51743096685834,34.51743096685834,15.430232886391748
19061,corn,2022,6,223.7,194.8124870223368,28.887512977663192,28.887512977663192,12.913506024882965
19061,corn,2022,7,223.7,192.08417830815637,31.61582169184362,31.61582169184362,14.133134417453563
19061,corn,2022,8,223.7,193.28574231458776,30.414257685412224,30.414257685412224,13.596002541534299
19061,corn,2022,9,223.7,199.06134964914256,24.638650350857432,24.638650350857432,11.014148569896037
19061,corn,2022,10,223.7,191.3070932360258,32.392906763974196,32.392906763974196,14.480512634767187
19061,corn,2022,11,223.7,189.97843298806376,33.72156701193623,33.72156701193623,15.074459996395277
19061,corn,2022,12,223.7,187.99156703975947,35.708432960240515,35.708432960240515,15.962643254466032
19063,corn,2022,1,213.7,185.76789220477536,27.932107795224624,27.932107795224624,13.070710245776615
19063,corn,2022,2,213.7,193.5536422407259,20.146357759274082,20.146357759274082,9.427401852725355
19063,corn,2022,3,213.7,194.25179966055506,19.448200339444924,19.448200339444924,9.100702077419244
19063,corn,2022,4,213.7,194.15728789574734,19.542712104252644,19.542712104252644,9.14492845308968
19063,corn,2022,5,213.7,191.26051489847066,22.43948510152933,22.43948510152933,10.500460974042737
19063,corn,2022,6,213.7,191.25069547357046,22.44930452642953,22.44930452642953,10.505055931880921
19063,corn,2022,7,213.7,179.70846706608546,33.99153293391453,33.99153293391453,15.906192294765805
19063,corn,2022,8,213.7,180.2040333535503,33.49596664644969,33.49596664644969,15.674294172414454
19063,corn,2022,9,213.7,197.29704817655977,16.40295182344022,16.40295182344022,7.675691073205532
19063,corn,2022,10,213.7,185.68073133478185,28.019268665218135,28.019268665218135,13.111496801693093
19063,corn,2022,11,213.7,196.5407892351748,17.15921076482519,17.15921076482519,8.029579206750206
19063,corn,2022,12,213.7,188.5334141064795,25.166585893520477,25.166585893520477,11.776596113018474
19065,corn,2022,1,209.8,197.92196890009103,11.87803109990898,11.87803109990898,5.661597283083403
19065,corn,2022,2,209.8,195.89500679015882,13.904993209841194,13.904993209841194,6.627737468942419
19065,corn,2022,3,209.8,190.10318731698865,19.69681268301136,19.69681268301136,9.388375921359083
19065,corn,2022,4,209.8,190.087495399198,19.71250460080202,19.71250460080202,9.39585538646426
19065,corn,2022,5,209.8,195.2316521526293,14.568347847370717,14.568347847370717,6.943921757564689
19065,corn,2022,6,209.8,197.10563045619097,12.694369543809046,12.694369543809046,6.050700449861318
19065,corn,2022,7,209.8,193.18417231974726,16.61582768025275,16.61582768025275,7.919841601645733
19065,corn,2022,8,209.8,194.85389770389398,14.946102296106034,14.946102296106034,7.123976308916126
19065,corn,2022,9,209.8,193.5885802964487,16.211419703551314,16.211419703551314,7.727082794829034
19065,corn,2022,10,209.8,188.797494626323,21.002505373677025,21.002505373677025,10.010727060856542
19065,corn,2022,11,209.8,196.21231110539452,13.587688894605492,13.587688894605492,6.476496136608908
19065,corn,2022,12,209.8,199.44757054346954,10.352429456530473,10.352429456530473,4.934427767650368
19067,corn,2022,1,204.6,191.30035105393458,13.299648946065417,13.299648946065417,6.5003171779400875
19067,corn,2022,2,204.6,194.51259931433358,10.08740068566641,10.08740068566641,4.930303365428353
19067,corn,2022,3,204.6,192.19008460608075,12.409915393919249,12.409915393919249,6.065452294193181
19067,corn,2022,4,204.6,194.71493198835387,9.885068011646126,9.885068011646126,4.831411540394001
19067,corn,2022,5,204.6,195.30947492839934,9.290525071600655,9.290525071600655,4.5408235931577
19067,corn,2022,6,204.6,196.3078847466409,8.2921152533591,8.2921152533591,4.052842254818719
19067,corn,2022,7,204.6,183.183227552778,21.416772447222,21.416772447222,10.467630717117302
19067,corn,2022,8,204.6,185.95687277011305,18.643127229886943,18.643127229886943,9.111987893395378
19067,corn,2022,9,204.6,200.4451263528339,4.1548736471660845,4.1548736471660845,2.0307300328279982
19067,corn,2022,10,204.6,188.97197050536593,15.628029494634063,15.628029494634063,7.63833308633141
19067,corn,2022,11,204.6,197.20699881502293,7.3930011849770665,7.3930011849770665,3.613392563527403
19067,corn,2022,12,204.6,192.30642184256683,12.29357815743316,12.29357815743316,6.008591474796266
19069,corn,2022,1,220.1,194.3169739251874,25.783026074812597,25.783026074812597,11.714232655525942
19069,corn,2022,2,220.1,196.55068765551488,23.549312344485116,23.549312344485116,10.699369534068659
19069,corn,2022,3,220.1,194.39437371657644,25.705626283423555,25.705626283423555,11.679066916594074
19069,corn,2022,4,220.1,195.41598712826914,24.684012871730857,24.684012871730857,11.214908165257091
19069,corn,2022,5,220.1,196.71263996903173,23.387360030968267,23.387360030968267,10.62578829212552
19069,corn,2022,6,220.1,198.81337049547116,21.286629504528833,21.286629504528833,9.671344618141225
19069,corn,2022,7,220.1,185.98697694640143,34.11302305359857,34.11302305359857,15.498874626805348
19069,corn,2022,8,220.1,192.1582389511839,27.94176104881609,27.94176104881609,12.695030008548883
19069,corn,2022,9,220.1,203.4792118285202,16.620788171479802,16.620788171479802,7.551471227387461
19069,corn,2022,10,220.1,192.98749616360203,27.112503836397963,27.112503836397963,12.318266168286216
19069,corn,2022,11,220.1,199.87109303552612,20.22890696447388,20.22890696447388,9.190780083813667
19069,corn,2022,12,220.1,197.65736709202434,22.44263290797565,22.44263290797565,10.196561975454635
19071,corn,2022,1,191.6,204.36816065065838,-12.768160650658388,12.768160650658388,6.663966936669305
19071,corn,2022,2,191.6,192.441333943248,-0.8413339432480029,0.8413339432480029,0.43910957372025206
19071,corn,2022,3,191.6,188.4179120058436,3.1820879941564044,3.1820879941564044,1.6607974917309
19071,corn,2022,4,191.6,197.20561342528882,-5.605613425288823,5.605613425288823,2.9256855038041873
19071,corn,2022,5,191.6,194.84412648884896,-3.2441264888489627,3.2441264888489627,1.693176664326181
19071,corn,2022,6,191.6,197.5212609553802,-5.921260955380205,5.921260955380205,3.090428473580483
19071,corn,2022,7,191.6,191.7287163822695,-0.12871638226951632,0.12871638226951632,0.06717974022417345
19071,corn,2022,8,191.6,192.76570061764636,-1.1657006176463653,1.1657006176463653,0.6084032451181448
19071,corn,2022,9,191.6,196.63709258483613,-5.037092584836131,5.037092584836131,2.6289627269499642
19071,corn,2022,10,191.6,190.017715379586,1.5822846204139864,1.5822846204139864,0.8258270461450868
19071,corn,2022,11,191.6,191.27798471653105,0.3220152834689429,0.3220152834689429,0.1680664318731435
19071,corn,2022,12,191.6,196.45024246012554,-4.850242460125543,4.850242460125543,2.531441785034208
19073,corn,2022,1,197.3,197.13914079874988,0.1608592012501333,0.1608592012501333,0.08153025912323025
19073,corn,2022,2,197.3,195.55358212337285,1.746417876627163,1.746417876627163,0.8851585791318615
19073,corn,2022,3,197.3,190.4814955561221,6.818504443877913,6.818504443877913,3.4559069659796817
19073,corn,2022,4,197.3,198.4731734161654,-1.1731734161653833,1.1731734161653833,0.594613997042769
19073,corn,2022,5,197.3,196.32232272649492,0.977677273505094,0.977677273505094,0.49552826837561786
19073,corn,2022,6,197.3,196.3013415451013,0.9986584548987025,0.9986584548987025,0.5061624201209846
19073,corn,2022,7,197.3,188.00356268229595,9.296437317704061,9.296437317704061,4.711828341461764
19073,corn,2022,8,197.3,190.16552298250363,7.13447701749638,7.13447701749638,3.6160552546864566
19073,corn,2022,9,197.3,196.56775782593525,0.7322421740647655,0.7322421740647655,0.3711313603977524
19073,corn,2022,10,197.3,191.81591140633057,5.484088593669441,5.484088593669441,2.7795684711958644
19073,corn,2022,11,197.3,204.8479958562881,-7.5479958562880825,7.5479958562880825,3.825644123815551
19073,corn,2022,12,197.3,196.18881493799321,1.111185062006797,1.111185062006797,0.5631956725832726
19075,corn,2022,1,207.5,201.8350888609986,5.66491113900139,5.66491113900139,2.730077657350068
19075,corn,2022,2,207.5,193.1704200350193,14.329579964980695,14.329579964980695,6.905821669870214
19075,corn,2022,3,207.5,185.84203945019536,21.657960549804642,21.657960549804642,10.437571349303441
19075,corn,2022,4,207.5,193.95118144052003,13.548818559479969,13.548818559479969,6.529551113002395
19075,corn,2022,5,207.5,196.2979715864586,11.202028413541399,11.202028413541399,5.398567910140433
19075,corn,2022,6,207.5,205.08063089974638,2.4193691002536184,2.4193691002536184,1.1659610121704185
19075,corn,2022,7,207.5,194.90716910377506,12.592830896224939,12.592830896224939,6.0688341668553925
19075,corn,2022,8,207.5,199.8684888534715,7.63151114652851,7.63151114652851,3.6778366971221734
19075,corn,2022,9,207.5,201.9665519335536,5.533448066446397,5.533448066446397,2.6667219597332035
19075,corn,2022,10,207.5,193.0436171545531,14.45638284544691,14.45638284544691,6.966931491781643
19075,corn,2022,11,207.5,203.72107315745131,3.7789268425486853,3.7789268425486853,1.8211695626740652
19075,corn,2022,12,207.5,200.88374190160349,6.616258098396514,6.616258098396514,3.188558119709164
19077,corn,2022,1,193.6,202.59221406371202,-8.992214063712026,8.992214063712026,4.644738669272741
19077,corn,2022,2,193.6,197.67654767214123,-4.076547672141231,4.076547672141231,2.1056547893291486
19077,corn,2022,3,193.6,192.5521165314455,1.0478834685544882,1.0478834685544882,0.5412621221872357
19077,corn,2022,4,193.6,196.10511559056687,-2.5051155905668736,2.5051155905668736,1.293964664549005
19077,corn,2022,5,193.6,193.96200819992546,-0.3620081999254694,0.3620081999254694,0.18698770657307304
19077,corn,2022,6,193.6,196.2397004581003,-2.639700458100293,2.639700458100293,1.36348164158073
19077,corn,2022,7,193.6,193.59131214084846,0.008687859151535804,0.008687859151535804,0.004487530553479238
19077,corn,2022,8,193.6,192.5247688419507,1.0752311580492915,1.0752311580492915,0.5553879948601712
19077,corn,2022,9,193.6,201.5079320314653,-7.907932031465293,7.907932031465293,4.084675636087445
19077,corn,2022,10,193.6,191.01430277617698,2.5856972238230185,2.5856972238230185,1.335587408999493
19077,corn,2022,11,193.6,196.40911875042178,-2.8091187504217885,2.8091187504217885,1.4509910900938991
19077,corn,2022,12,193.6,198.92747312230387,-5.327473122303871,5.327473122303871,2.751793968132165
19079,corn,2022,1,208.6,198.24073061611378,10.359269383886215,10.359269383886215,4.966092705602213
19079,corn,2022,2,208.6,194.7604800224468,13.83951997755318,13.83951997755318,6.634477458079186
19079,corn,2022,3,208.6,193.4414268239392,15.158573176060798,15.158573176060798,7.266813603097219
19079,corn,2022,4,208.6,193.61662391976006,14.983376080239935,14.983376080239935,7.182826500594408
19079,corn,2022,5,208.6,196.00273143187505,12.597268568124946,12.597268568124946,6.038959045122218
19079,corn,2022,6,208.6,197.35698457542614,11.243015424573855,11.243015424573855,5.3897485256825775
19079,corn,2022,7,208.6,192.02223204535264,16.577767954647356,16.577767954647356,7.947156258220208
19079,corn,2022,8,208.6,195.18997649741985,13.410023502580145,13.410023502580145,6.428582695388372
19079,corn,2022,9,208.6,199.73558165115028,8.86441834884971,8.86441834884971,4.249481471164771
19079,corn,2022,10,208.6,191.58055065555024,17.019449344449754,17.019449344449754,8.158892303187802
19079,corn,2022,11,208.6,200.28330984656534,8.31669015343465,8.31669015343465,3.98690803136848
19079,corn,2022,12,208.6,193.26706379292818,15.33293620707181,15.33293620707181,7.350400866285624
19081,corn,2022,1,211.5,193.1519019471167,18.3480980528833,18.3480980528833,8.675223665665865
19081,corn,2022,2,211.5,196.46744650923426,15.032553490765736,15.032553490765736,7.107590302962523
19081,corn,2022,3,211.5,191.30888959213297,20.19111040786703,20.19111040786703,9.546624306320108
19081,corn,2022,4,211.5,194.67328577675715,16.826714223242845,16.826714223242845,7.955893249760211
19081,corn,2022,5,211.5,196.3536300908357,15.146369909164292,15.146369909164292,7.161404212370824
19081,corn,2022,6,211.5,198.3192621729442,13.180737827055793,13.180737827055793,6.232027341397538
19081,corn,2022,7,211.5,186.50664822179277,24.993351778207227,24.993351778207227,11.817187601989234
19081,corn,2022,8,211.5,195.0049992177022,16.495000782297808,16.495000782297808,7.799054743403219
19081,corn,2022,9,211.5,199.26433587526373,12.235664124736275,12.235664124736275,5.785183983326844
19081,corn,2022,10,211.5,192.39168473134507,19.108315268654934,19.108315268654934,9.034664429624083
19081,corn,2022,11,211.5,192.02890738791618,19.471092612083822,19.471092612083822,9.20619036032332
19081,corn,2022,12,211.5,193.63734367363503,17.86265632636497,17.86265632636497,8.445700390716297
19083,corn,2022,1,215.6,198.78093053444522,16.819069465554776,16.819069465554776,7.801052627808337
19083,corn,2022,2,215.6,196.1397707039274,19.460229296072583,19.460229296072583,9.02608037851233
19083,corn,2022,3,215.6,193.2944769973004,22.3055230026996,22.3055230026996,10.345789889934881
19083,corn,2022,4,215.6,195.80580517461277,19.794194825387223,19.794194825387223,9.180980902313184
19083,corn,2022,5,215.6,196.2736113879985,19.326388612001494,19.326388612001494,8.96400213914726
19083,corn,2022,6,215.6,199.5847480259135,16.015251974086482,16.015251974086482,7.428224477776661
19083,corn,2022,7,215.6,192.86877654214726,22.731223457852735,22.731223457852735,10.543239080636704
19083,corn,2022,8,215.6,196.86971573139698,18.730284268603015,18.730284268603015,8.6875158945283
19083,corn,2022,9,215.6,202.815369583182,12.784630416818004,12.784630416818004,5.929791473477739
19083,corn,2022,10,215.6,192.3647241832814,23.235275816718598,23.235275816718598,10.777029599591186
19083,corn,2022,11,215.6,201.58667099213366,14.013329007866332,14.013329007866332,6.499688779158781
19083,corn,2022,12,215.6,196.96449683826796,18.635503161732032,18.635503161732032,8.643554342176268
19085,corn,2022,1,172.4,206.45407627299375,-34.05407627299374,34.05407627299374,19.752944473894278
19085,corn,2022,2,172.4,197.58208461557697,-25.18208461557697,25.18208461557697,14.606777619244179
19085,corn,2022,3,172.4,195.56135722100225,-23.16135722100225,23.16135722100225,13.434661961138195
19085,corn,2022,4,172.4,199.98146320112266,-27.58146320112266,27.58146320112266,15.998528538934256
19085,corn,2022,5,172.4,198.33396787245442,-25.933967872454417,25.933967872454417,15.042904798407433
19085,corn,2022,6,172.4,195.67183789826905,-23.27183789826904,23.27183789826904,13.498745880666496
19085,corn,2022,7,172.4,195.4592089418823,-23.059208941882304,23.059208941882304,13.375411219189271
19085,corn,2022,8,172.4,195.8064367437865,-23.406436743786486,23.406436743786486,13.576819456952718
19085,corn,2022,9,172.4,200.6172658967256,-28.217265896725593,28.217265896725593,16.367323605989323
19085,corn,2022,10,172.4,190.81637371597452,-18.416373715974515,18.416373715974515,10.682351343372689
19085,corn,2022,11,172.4,192.3591121288893,-19.959112128889302,19.959112128889302,11.577211211652727
19085,corn,2022,12,172.4,204.94944057537268,-32.54944057537267,32.54944057537267,18.880185948592036
19087,corn,2022,1,167.7,191.41589382989207,-23.71589382989208,23.71589382989208,14.141856785862899
19087,corn,2022,2,167.7,190.44799134489898,-22.747991344898992,22.747991344898992,13.56469370596243
19087,corn,2022,3,167.7,188.0932511741008,-20.39325117410081,20.39325117410081,12.160555261837096
19087,corn,2022,4,167.7,183.7434189281916,-16.043418928191613,16.043418928191613,9.56673758389482
19087,corn,2022,5,167.7,183.5211772699808,-15.821177269980808,15.821177269980808,9.434214233739302
19087,corn,2022,6,167.7,176.13643919767946,-8.436439197679476,8.436439197679476,5.030673343875657
19087,corn,2022,7,167.7,184.3068375294645,-16.606837529464514,16.606837529464514,9.902705742077826
19087,corn,2022,8,167.7,182.6496684664844,-14.949668466484411,14.949668466484411,8.914530987766495
19087,corn,2022,9,167.7,186.94089091373826,-19.24089091373827,19.24089091373827,11.47339947151954
19087,corn,2022,10,167.7,183.11272168414857,-15.412721684148579,15.412721684148579,9.190650974447573
19087,corn,2022,11,167.7,184.08934243994275,-16.389342439942766,16.389342439942766,9.773012784700517
19087,corn,2022,12,167.7,186.26289668022153,-18.56289668022154,18.56289668022154,11.069109529052797
19089,corn,2022,1,217.3,189.23525373912244,28.06474626087757,28.06474626087757,12.915207667223916
19089,corn,2022,2,217.3,189.16280598905138,28.137194010948633,28.137194010948633,12.94854763504309
19089,corn,2022,3,217.3,189.7627141335294,27.537285866470597,27.537285866470597,12.67247393763028
19089,corn,2022,4,217.3,196.10909856235395,21.190901437646062,21.190901437646062,9.751910463711946
19089,corn,2022,5,217.3,196.46214952385733,20.837850476142677,20.837850476142677,9.589438783314623
19089,corn,2022,6,217.3,192.506927533706,24.793072466294007,24.793072466294007,11.409605368750118
19089,corn,2022,7,217.3,184.64049164619917,32.659508353800845,32.659508353800845,15.029686310999008
19089,corn,2022,8,217.3,183.35491443786742,33.94508556213259,33.94508556213259,15.621300304708969
19089,corn,2022,9,217.3,190.95955470824074,26.340445291759266,26.340445291759266,12.121695946506794
19089,corn,2022,10,217.3,183.432491565714,33.86750843428601,33.86750843428601,15.585599831700877
19089,corn,2022,11,217.3,192.80469850429034,24.49530149570967,24.49530149570967,11.272573168757324
19089,corn,2022,12,217.3,189.99600770756408,27.303992292435936,27.303992292435936,12.565113802317503
19091,corn,2022,1,195.5,191.60851876753256,3.8914812324674415,3.8914812324674415,1.9905274846380776
19091,corn,2022,2,195.5,194.79562564648194,0.7043743535180624,0.7043743535180624,0.3602937869657608
19091,corn,2022,3,195.5,191.86077788361777,3.6392221163822285,3.6392221163822285,1.861494688686562
19091,corn,2022,4,195.5,194.10368932982337,1.3963106701766321,1.3963106701766321,0.7142254067399653
19091,corn,2022,5,195.5,194.14958472916155,1.3504152708384538,1.3504152708384538,0.6907494991501043
19091,corn,2022,6,195.5,193.11285419988286,2.387145800117139,2.387145800117139,1.2210464450727054
19091,corn,2022,7,195.5,184.27271317745138,11.22728682254862,11.22728682254862,5.74285770974354
19091,corn,2022,8,195.5,190.06148308874262,5.438516911257381,5.438516911257381,2.7818500824845938
19091,corn,2022,9,195.5,200.74023383874695,-5.240233838746946,5.240233838746946,2.6804265159830925
19091,corn,2022,10,195.5,190.35458504865636,5.145414951343639,5.145414951343639,2.6319258063138817
19091,corn,2022,11,195.5,201.48246545523946,-5.982465455239463,5.982465455239463,3.0600846318360424
19091,corn,2022,12,195.5,190.67439246689574,4.825607533104261,4.825607533104261,2.46834144915819
19093,corn,2022,1,221.2,201.64672024594174,19.553279754058252,19.553279754058252,8.83963822516196
19093,corn,2022,2,221.2,195.5186041486838,25.681395851316182,25.681395851316182,11.610034290830102
19093,corn,2022,3,221.2,194.75496682732688,26.445033172673106,26.445033172673106,11.955259119653304
19093,corn,2022,4,221.2,200.77095964832796,20.42904035167203,20.42904035167203,9.235551696054262
19093,corn,2022,5,221.2,198.5953045923991,22.6046954076009,22.6046954076009,10.219120889512162
19093,corn,2022,6,221.2,205.2138218867352,15.986178113264799,15.986178113264799,7.227024463501265
19093,corn,2022,7,221.2,185.1501322659343,36.049867734065685,36.049867734065685,16.2974085597042
19093,corn,2022,8,221.2,196.35236978337727,24.84763021662272,24.84763021662272,11.233105884549149
19093,corn,2022,9,221.2,205.04847693432328,16.151523065676713,16.151523065676713,7.301773537828532
19093,corn,2022,10,221.2,183.73453078536423,37.46546921463576,37.46546921463576,16.937373062674396
19093,corn,2022,11,221.2,200.4699213187805,20.73007868121948,20.73007868121948,9.37164497342653
19093,corn,2022,12,221.2,201.48387113541446,19.716128864585528,19.716128864585528,8.913258980373206
19095,corn,2022,1,205.9,195.7349364869281,10.165063513071914,10.165063513071914,4.936893401200541
19095,corn,2022,2,205.9,192.16554177026572,13.734458229734287,13.734458229734287,6.670450815801013
19095,corn,2022,3,205.9,192.3964514698075,13.503548530192518,13.503548530192518,6.5583042885830585
19095,corn,2022,4,205.9,191.9844943914867,13.915505608513314,13.915505608513314,6.758380577228418
19095,corn,2022,5,205.9,188.85145210609866,17.048547893901343,17.048547893901343,8.280013547305169
19095,corn,2022,6,205.9,187.06336894780407,18.83663105219594,18.83663105219594,9.14843664506845
19095,corn,2022,7,205.9,187.97590243190427,17.924097568095732,17.924097568095732,8.70524408358219
19095,corn,2022,8,205.9,192.27449872603682,13.625501273963181,13.625501273963181,6.617533401633405
19095,corn,2022,9,205.9,196.37247282092454,9.527527179075463,9.527527179075463,4.627259436170696
19095,corn,2022,10,205.9,189.37342172333538,16.526578276664623,16.526578276664623,8.026507176621964
19095,corn,2022,11,205.9,189.97949388946915,15.920506110530852,15.920506110530852,7.73215449758662
19095,corn,2022,12,205.9,195.43624784276702,10.463752157232989,10.463752157232989,5.081958308515293
19097,corn,2022,1,219.2,196.11473539470694,23.085264605293048,23.085264605293048,10.531598816283326
19097,corn,2022,2,219.2,196.05269242216417,23.147307577835818,23.147307577835818,10.559903092078384
19097,corn,2022,3,219.2,194.37371375621282,24.826286243787166,24.826286243787166,11.325860512676627
19097,corn,2022,4,219.2,187.84455448269162,31.355445517308368,31.355445517308368,14.304491568115132
19097,corn,2022,5,219.2,194.35477097980157,24.845229020198417,24.845229020198417,11.334502290236506
19097,corn,2022,6,219.2,194.22681722152979,24.973182778470203,24.973182778470203,11.392875355141516
19097,corn,2022,7,219.2,194.69451073279518,24.50548926720481,24.50548926720481,11.179511527009494
19097,corn,2022,8,219.2,193.51034894463302,25.689651055366966,25.689651055366966,11.719731320879092
19097,corn,2022,9,219.2,199.95445912351332,19.245540876486672,19.245540876486672,8.779900034893554
19097,corn,2022,10,219.2,192.89744759895936,26.30255240104063,26.30255240104063,11.999339599014885
19097,corn,2022,11,219.2,190.3159002500087,28.884099749991293,28.884099749991293,13.177052805652965
19097,corn,2022,12,219.2,192.52614001342383,26.67385998657616,26.67385998657616,12.168731745700805
19099,corn,2022,1,203.6,201.0124666566555,2.5875333433444894,2.5875333433444894,1.2708906401495528
19099,corn,2022,2,203.6,192.1150361671518,11.484963832848194,11.484963832848194,5.640944908078681
19099,corn,2022,3,203.6,191.59241583600854,12.007584163991453,12.007584163991453,5.897634658149044
19099,corn,2022,4,203.6,193.69127475748226,9.908725242517733,9.908725242517733,4.866760924615782
19099,corn,2022,5,203.6,200.3338108110317,3.2661891889682977,3.2661891889682977,1.6042186586288298
19099,corn,2022,6,203.6,200.29408418274417,3.3059158172558227,3.3059158172558227,1.623730755037241
19099,corn,2022,7,203.6,192.17435557388384,11.42564442611615,11.42564442611615,5.611809639546244
19099,corn,2022,8,203.6,198.05237844373434,5.5476215562656535,5.5476215562656535,2.724765007989024
19099,corn,2022,9,203.6,199.33735461471557,4.262645385284429,4.262645385284429,2.0936372226347886
19099,corn,2022,10,203.6,194.14298756936952,9.45701243063047,9.45701243063047,4.644898050407893
19099,corn,2022,11,203.6,198.091120691935,5.508879308064991,5.508879308064991,2.705736398853139
19099,corn,2022,12,203.6,204.75831619847108,-1.1583161984710841,1.1583161984710841,0.568917582746112
19101,corn,2022,1,178.0,191.57311564293798,-13.573115642937978,13.573115642937978,7.625345866819089
19101,corn,2022,2,178.0,191.2001635527712,-13.200163552771187,13.200163552771187,7.4158222206579705
19101,corn,2022,3,178.0,187.7602535871476,-9.760253587147588,9.760253587147588,5.483288532105386
19101,corn,2022,4,178.0,180.17560155756885,-2.1756015575688537,2.1756015575688537,1.2222480660499178
19101,corn,2022,5,178.0,180.74691013980757,-2.746910139807568,2.746910139807568,1.543207943712117
19101,corn,2022,6,178.0,175.61043751742872,2.3895624825712787,2.3895624825712787,1.3424508329052127
19101,corn,2022,7,178.0,183.9434756116701,-5.943475611670095,5.943475611670095,3.3390312425112896
19101,corn,2022,8,178.0,177.65902688233203,0.34097311766797134,0.34097311766797134,0.1915579312741412
19101,corn,2022,9,178.0,187.7703500121618,-9.7703500121618,9.7703500121618,5.488960680989774
19101,corn,2022,10,178.0,185.17203299391713,-7.172032993917128,7.172032993917128,4.029232019054566
19101,corn,2022,11,178.0,184.45800384536722,-6.458003845367216,6.458003845367216,3.6280920479591106
19101,corn,2022,12,178.0,187.33213686861214,-9.332136868612139,9.332136868612139,5.242773521692213
19103,corn,2022,1,205.2,195.0701402709016,10.1298597290984,10.1298597290984,4.936578815350098
19103,corn,2022,2,205.2,193.96236004623086,11.237639953769133,11.237639953769133,5.476432726008349
19103,corn,2022,3,205.2,192.87281302079853,12.327186979201457,12.327186979201457,6.007401061989015
19103,corn,2022,4,205.2,185.24782740629863,19.952172593701363,19.952172593701363,9.723280991082536
19103,corn,2022,5,205.2,188.07929519105107,17.120704808948915,17.120704808948915,8.343423396173936
19103,corn,2022,6,205.2,190.28432001578446,14.91567998421553,14.91567998421553,7.2688498948418765
19103,corn,2022,7,205.2,189.58154036392585,15.618459636074135,15.618459636074135,7.611335105299287
19103,corn,2022,8,205.2,189.08937691350127,16.11062308649872,16.11062308649872,7.851180841373645
19103,corn,2022,9,205.2,194.25704185938156,10.94295814061843,10.94295814061843,5.332825604589878
19103,corn,2022,10,205.2,188.93078295702063,16.269217042979363,16.269217042979363,7.928468344531854
19103,corn,2022,11,205.2,185.6250447690271,19.574955230972876,19.574955230972876,9.539451866945846
19103,corn,2022,12,205.2,192.49387781336029,12.706122186639703,12.706122186639703,6.19206734241701
19105,corn,2022,1,218.2,193.27591885027547,24.924081149724515,24.924081149724515,11.422585311514444
19105,corn,2022,2,218.2,190.75664600951117,27.443353990488816,27.443353990488816,12.577155815989377
19105,corn,2022,3,218.2,194.63154400729618,23.568455992703804,23.568455992703804,10.801308887581945
19105,corn,2022,4,218.2,197.7053072187855,20.494692781214496,20.494692781214496,9.392618139878321
19105,corn,2022,5,218.2,191.0184938578428,27.18150614215719,27.18150614215719,12.457152219137118
19105,corn,2022,6,218.2,186.39058194015962,31.809418059840368,31.809418059840368,14.578101768946091
19105,corn,2022,7,218.2,190.36009597006566,27.83990402993433,27.83990402993433,12.758892772655514
19105,corn,2022,8,218.2,190.9488499827363,27.251150017263683,27.251150017263683,12.489069668773457
19105,corn,2022,9,218.2,197.2328647305019,20.9671352694981,20.9671352694981,9.609136237166867
19105,corn,2022,10,218.2,185.7270414014592,32.4729585985408,32.4729585985408,14.882199174400002
19105,corn,2022,11,218.2,188.3190137461589,29.880986253841087,29.880986253841087,13.694310840440464
19105,corn,2022,12,218.2,188.62655819162111,29.573441808378874,29.573441808378874,13.553364715114057
19107,corn,2022,1,170.4,197.51727276598598,-27.117272765985973,27.117272765985973,15.913892468301627
19107,corn,2022,2,170.4,195.4428427332474,-25.042842733247397,25.042842733247397,14.696503951436265
19107,corn,2022,3,170.4,192.24813737766362,-21.84813737766362,21.84813737766362,12.821676864826067
19107,corn,2022,4,170.4,190.79305429122797,-20.39305429122797,20.39305429122797,11.967754865744112
19107,corn,2022,5,170.4,191.1452795779163,-20.745279577916307,20.745279577916307,12.174459846195015
19107,corn,2022,6,170.4,183.6616009324146,-13.26160093241458,13.26160093241458,7.782629655172876
19107,corn,2022,7,170.4,189.47691943910328,-19.07691943910328,19.07691943910328,11.195375257689717
19107,corn,2022,8,170.4,190.69084797431307,-20.290847974313067,20.290847974313067,11.907774632812833
19107,corn,2022,9,170.4,193.670956373167,-23.270956373166996,23.270956373166996,13.656664538243543
19107,corn,2022,10,170.4,189.34741467207627,-18.947414672076263,18.947414672076263,11.119374807556493
19107,corn,2022,11,170.4,192.32203908215251,-21.92203908215251,21.92203908215251,12.865046409713912
19107,corn,2022,12,170.4,198.172252881368,-27.77225288136799,27.77225288136799,16.298270470286376
19109,corn,2022,1,197.6,196.73161356427434,0.8683864357256539,0.8683864357256539,0.4394668196992176
19109,corn,2022,2,197.6,195.37374052653104,2.226259473468957,2.226259473468957,1.1266495311077718
19109,corn,2022,3,197.6,198.10583183841499,-0.5058318384149914,0.5058318384149914,0.2559877724772224
19109,corn,2022,4,197.6,197.35388348518453,0.24611651481546915,0.24611651481546915,0.12455289211309169
19109,corn,2022,5,197.6,195.46420816824158,2.135791831758411,2.135791831758411,1.080866311618629
19109,corn,2022,6,197.6,193.44880134508895,4.151198654911042,4.151198654911042,2.100809035886155
19109,corn,2022,7,197.6,193.16328891691728,4.436711083082713,4.436711083082713,2.245299131114733
19109,corn,2022,8,197.6,196.28179916002543,1.3182008399745655,1.3182008399745655,0.6671056882462376
19109,corn,2022,9,197.6,198.62676445748644,-1.0267644574864505,1.0267644574864505,0.5196176404283657
19109,corn,2022,10,197.6,191.3019709492547,6.298029050745299,6.298029050745299,3.187261665356933
19109,corn,2022,11,197.6,202.0900793263685,-4.490079326368516,4.490079326368516,2.272307351401071
19109,corn,2022,12,197.6,195.44343778566122,2.156562214338777,2.156562214338777,1.0913776388354135
19111,corn,2022,1,178.2,199.15000064168115,-20.950000641681157,20.950000641681157,11.756453783210526
19111,corn,2022,2,178.2,194.25069014837152,-16.05069014837153,16.05069014837153,9.007121295382452
19111,corn,2022,3,178.2,192.3887086455849,-14.18870864558491,14.18870864558491,7.962238297185696
19111,corn,2022,4,178.2,191.35507640502948,-13.15507640502949,13.15507640502949,7.382197758153475
19111,corn,2022,5,178.2,188.79312998245035,-10.593129982450364,10.593129982450364,5.944517386335782
19111,corn,2022,6,178.2,187.1746031406458,-8.974603140645797,8.974603140645797,5.036253165345565
19111,corn,2022,7,178.2,186.3303268200728,-8.13032682007281,8.13032682007281,4.562472963003822
19111,corn,2022,8,178.2,186.2369327152746,-8.036932715274617,8.036932715274617,4.510063252118191
19111,corn,2022,9,178.2,193.73313298381416,-15.53313298381417,15.53313298381417,8.716685176102228
19111,corn,2022,10,178.2,187.7586468727711,-9.558646872771106,9.558646872771106,5.363999367436087
19111,corn,2022,11,178.2,186.01942295713621,-7.819422957136226,7.819422957136226,4.388003904116849
19111,corn,2022,12,178.2,191.54700077687298,-13.347000776872989,13.347000776872989,7.489899425854651
19113,corn,2022,1,215.0,196.94275654545766,18.057243454542345,18.057243454542345,8.398717885833648
19113,corn,2022,2,215.0,193.13226902804882,21.867730971951175,21.867730971951175,10.17103766137264
19113,corn,2022,3,215.0,194.7711161077336,20.228883892266396,20.228883892266396,9.4087832057053
19113,corn,2022,4,215.0,199.60980156361205,15.390198436387948,15.390198436387948,7.158231830878116
19113,corn,2022,5,215.0,194.10044987921512,20.89955012078488,20.89955012078488,9.720720986411573
19113,corn,2022,6,215.0,196.15125546942102,18.848744530578983,18.848744530578983,8.766857921199527
19113,corn,2022,7,215.0,193.54363779078204,21.456362209217957,21.456362209217957,9.979703353124632
19113,corn,2022,8,215.0,195.1088164163399,19.89118358366011,19.89118358366011,9.251713294725631
19113,corn,2022,9,215.0,199.7759930526802,15.224006947319793,15.224006947319793,7.080933463869671
19113,corn,2022,10,215.0,191.8430444930811,23.156955506918905,23.156955506918905,10.770676979962282
19113,corn,2022,11,215.0,192.37857394493065,22.62142605506935,22.62142605506935,10.521593513985744
19113,corn,2022,12,215.0,194.37002625186,20.629973748140003,20.629973748140003,9.595336627041862
19115,corn,2022,1,196.3,196.12017531737663,0.17982468262337648,0.17982468262337648,0.09160707214639657
19115,corn,2022,2,196.3,190.73807151087942,5.561928489120589,5.561928489120589,2.833381808008451
19115,corn,2022,3,196.3,190.71520764081137,5.58479235918864,5.58479235918864,2.845029220167417
19115,corn,2022,4,196.3,186.79945133610448,9.500548663895529,9.500548663895529,4.839810832346168
19115,corn,2022,5,196.3,189.48575420522096,6.814245794779055,6.814245794779055,3.4713427380433286
19115,corn,2022,6,196.3,185.0754818031316,11.224518196868416,11.224518196868416,5.7180428919350055
19115,corn,2022,7,196.3,183.9490866618044,12.350913338195625,12.350913338195625,6.2918560051939
19115,corn,2022,8,196.3,184.3172437329078,11.982756267092213,11.982756267092213,6.1043078283709695
19115,corn,2022,9,196.3,187.0059743683477,9.294025631652318,9.294025631652318,4.734602970785693
19115,corn,2022,10,196.3,186.58423673426842,9.715763265731596,9.715763265731596,4.949446391101169
19115,corn,2022,11,196.3,189.9706975575145,6.329302442485499,6.329302442485499,3.2243007857796733
19115,corn,2022,12,196.3,193.19483937951884,3.105160620481172,3.105160620481172,1.5818444322369698
19117,corn,2022,1,139.5,185.72211070827095,-46.22211070827095,46.22211070827095,33.13412953997917
19117,corn,2022,2,139.5,186.28361729512233,-46.783617295122326,46.783617295122326,33.536643222309905
19117,corn,2022,3,139.5,183.82432078601653,-44.32432078601653,44.32432078601653,31.773706656642673
19117,corn,2022,4,139.5,176.96837942990035,-37.46837942990035,37.46837942990035,26.859053354767276
19117,corn,2022,5,139.5,176.93397963407602,-37.433979634076024,37.433979634076024,26.83439400292188
19117,corn,2022,6,139.5,174.3677079287916,-34.86770792879159,34.86770792879159,24.994772708811176
19117,corn,2022,7,139.5,180.18112815997935,-40.68112815997935,40.68112815997935,29.16209903941172
19117,corn,2022,8,139.5,178.68419350665988,-39.18419350665988,39.18419350665988,28.089027603340416
19117,corn,2022,9,139.5,188.8162326523038,-49.316232652303796,49.316232652303796,35.35213810200989
19117,corn,2022,10,139.5,181.06058804564157,-41.560588045641566,41.560588045641566,29.792536233434813
19117,corn,2022,11,139.5,178.82365401796713,-39.32365401796713,39.32365401796713,28.188999296033785
19117,corn,2022,12,139.5,178.59125516860675,-39.09125516860675,39.09125516860675,28.022405138786198
19119,corn,2022,1,190.8,205.1430374206483,-14.343037420648301,14.343037420648301,7.517315209983385
19119,corn,2022,2,190.8,202.2927793815468,-11.492779381546796,11.492779381546796,6.023469277540249
19119,corn,2022,3,190.8,195.8491956500677,-5.049195650067702,5.049195650067702,2.6463289570585435
19119,corn,2022,4,190.8,202.23375683585354,-11.43375683585353,11.43375683585353,5.992535029273338
19119,corn,2022,5,190.8,196.79327401541727,-5.993274015417256,5.993274015417256,3.141128938897933
19119,corn,2022,6,190.8,199.05892499285608,-8.258924992856066,8.258924992856066,4.328577040280957
19119,corn,2022,7,190.8,194.41349138673968,-3.6134913867396676,3.6134913867396676,1.8938634102409158
19119,corn,2022,8,190.8,197.80819219778584,-7.0081921977858315,7.0081921977858315,3.673056707434922
19119,corn,2022,9,190.8,205.12708350645667,-14.32708350645666,14.32708350645666,7.508953619736195
19119,corn,2022,10,190.8,193.45978713200222,-2.659787132002208,2.659787132002208,1.3940184129990607
19119,corn,2022,11,190.8,199.89226676348346,-9.092266763483451,9.092266763483451,4.765338974572039
19119,corn,2022,12,190.8,204.1643706039676,-13.364370603967586,13.364370603967586,7.004387108997687
19121,corn,2022,1,166.9,194.6554102131053,-27.755410213105307,27.755410213105307,16.629964178013964
19121,corn,2022,2,166.9,191.7572558853202,-24.8572558853202,24.8572558853202,14.8935026275136
19121,corn,2022,3,166.9,186.69233773415505,-19.79233773415504,19.79233773415504,11.858800320044962
19121,corn,2022,4,166.9,180.64661745842326,-13.746617458423259,13.746617458423259,8.23643945981022
19121,corn,2022,5,166.9,186.32894626874398,-19.42894626874397,19.42894626874397,11.641070262878353
19121,corn,2022,6,166.9,184.74877851150922,-17.84877851150921,17.84877851150921,10.694295093774242
19121,corn,2022,7,166.9,186.69846282817025,-19.798462828170244,19.798462828170244,11.862470238568152
19121,corn,2022,8,166.9,184.15189786296273,-17.25189786296272,17.25189786296272,10.336667383440815
19121,corn,2022,9,166.9,196.65347140273772,-29.753471402737716,29.753471402737716,17.82712486682907
19121,corn,2022,10,166.9,188.4311250657311,-21.53112506573109,21.53112506573109,12.90061417958723
19121,corn,2022,11,166.9,184.24876046961842,-17.348760469618412,17.348760469618412,10.394703696595812
19121,corn,2022,12,166.9,191.08848336036147,-24.18848336036146,24.18848336036146,14.492800096082359
19123,corn,2022,1,186.3,199.84341620754378,-13.543416207543771,13.543416207543771,7.2696812708232805
19123,corn,2022,2,186.3,193.74381456226746,-7.443814562267448,7.443814562267448,3.995606313616451
19123,corn,2022,3,186.3,192.30354467966364,-6.003544679663634,6.003544679663634,3.2225145891914297
19123,corn,2022,4,186.3,190.6498025786481,-4.349802578648081,4.349802578648081,2.3348376696983792
19123,corn,2022,5,186.3,192.08656957157163,-5.7865695715716186,5.7865695715716186,3.106049152749124
19123,corn,2022,6,186.3,187.40462428203335,-1.1046242820333418,1.1046242820333418,0.592927687618541
19123,corn,2022,7,186.3,189.96128310517048,-3.661283105170469,3.661283105170469,1.9652619995547336
19123,corn,2022,8,186.3,190.4689325192965,-4.168932519296476,4.168932519296476,2.2377522916245174
19123,corn,2022,9,186.3,195.7898753381164,-9.489875338116377,9.489875338116377,5.093867599633052
19123,corn,2022,10,186.3,190.57227589528523,-4.272275895285219,4.272275895285219,2.2932237763205685
19123,corn,2022,11,186.3,193.86962899343558,-7.569628993435572,7.569628993435572,4.063139556326125
19123,corn,2022,12,186.3,197.9389349275332,-11.6389349275332,11.6389349275332,6.247415420039291
19125,corn,2022,1,175.2,198.07045459956555,-22.870454599565562,22.870454599565562,13.05391244267441
19125,corn,2022,2,175.2,190.39831227167184,-15.198312271671853,15.198312271671853,8.6748357715022
19125,corn,2022,3,175.2,190.59193273585853,-15.391932735858546,15.391932735858546,8.78534973507908
19125,corn,2022,4,175.2,187.0371160552719,-11.837116055271906,11.837116055271906,6.75634478040634
19125,corn,2022,5,175.2,185.85556700124937,-10.65556700124938,10.65556700124938,6.081944635416313
19125,corn,2022,6,175.2,183.98514123889012,-8.785141238890134,8.785141238890134,5.014350022197565
19125,corn,2022,7,175.2,183.70888745612064,-8.508887456120647,8.508887456120647,4.856670922443292
19125,corn,2022,8,175.2,185.124702354085,-9.924702354085014,9.924702354085014,5.664784448678661
19125,corn,2022,9,175.2,191.4466920876109,-16.24669208761091,16.24669208761091,9.273226077403487
19125,corn,2022,10,175.2,189.0150063217123,-13.815006321712303,13.815006321712303,7.885277580886019
19125,corn,2022,11,175.2,186.0834875996496,-10.883487599649612,10.883487599649612,6.21203630116987
19125,corn,2022,12,175.2,191.72470992078354,-16.52470992078355,16.52470992078355,9.431912055241753
19127,corn,2022,1,214.1,198.1811370833489,15.918862916651108,15.918862916651108,7.4352465748020125
19127,corn,2022,2,214.1,192.88534725308224,21.21465274691775,21.21465274691775,9.908758872918145
19127,corn,2022,3,214.1,188.38078341452234,25.719216585477653,25.719216585477653,12.012712090367891
19127,corn,2022,4,214.1,192.42012841334503,21.67987158665497,21.67987158665497,10.126049316513297
19127,corn,2022,5,214.1,200.07623354312105,14.023766456878946,14.023766456878946,6.5501011008308945
19127,corn,2022,6,214.1,200.89262940535966,13.207370594640338,13.207370594640338,6.168785891938504
19127,corn,2022,7,214.1,188.16913840488974,25.930861595110258,25.930861595110258,12.111565434427957
19127,corn,2022,8,214.1,193.71112828480932,20.388871715190675,20.388871715190675,9.523060119192282
19127,corn,2022,9,214.1,199.9077879711113,14.19221202888869,14.19221202888869,6.62877722040574
19127,corn,2022,10,214.1,191.37654359782957,22.723456402170427,22.723456402170427,10.613478001947888
19127,corn,2022,11,214.1,198.50639058664584,15.593609413354159,15.593609413354159,7.283329945518056
19127,corn,2022,12,214.1,197.40499592606406,16.695004073935934,16.695004073935934,7.797759959801931
19129,corn,2022,1,191.1,197.47070316652932,-6.370703166529324,6.370703166529324,3.33370129070085
19129,corn,2022,2,191.1,190.01298431361326,1.087015686386735,1.087015686386735,0.5688203487110074
19129,corn,2022,3,191.1,187.19626751798086,3.9037324820191373,3.9037324820191373,2.0427694830032115
19129,corn,2022,4,191.1,196.65412054871376,-5.554120548713769,5.554120548713769,2.906394844957493
19129,corn,2022,5,191.1,188.92683340164817,2.173166598351827,2.173166598351827,1.1371881728685647
19129,corn,2022,6,191.1,194.0207277581283,-2.9207277581282938,2.9207277581282938,1.5283766395229168
19129,corn,2022,7,191.1,185.3220564116001,5.777943588399893,5.777943588399893,3.0235183612767624
19129,corn,2022,8,191.1,187.04053947913823,4.059460520861762,4.059460520861762,2.1242598225336273
19129,corn,2022,9,191.1,193.71081952829329,-2.610819528293291,2.610819528293291,1.3662059279399745
19129,corn,2022,10,191.1,181.8105829411851,9.289417058814905,9.289417058814905,4.861024101943959
19129,corn,2022,11,191.1,188.62965218835024,2.4703478116497593,2.4703478116497593,1.2926990118523072
19129,corn,2022,12,191.1,196.03014199990565,-4.930141999905658,4.930141999905658,2.57987545782609
19131,corn,2022,1,217.9,187.33769868996595,30.56230131003406,30.56230131003406,14.025838141364874
19131,corn,2022,2,217.9,191.66465739141768,26.23534260858233,26.23534260858233,12.04008380384687
19131,corn,2022,3,217.9,190.09233755683752,27.807662443162485,27.807662443162485,12.761662433759746
19131,corn,2022,4,217.9,196.01412933032586,21.885870669674148,21.885870669674148,10.043997553774275
19131,corn,2022,5,217.9,195.21701663163506,22.682983368364944,22.682983368364944,10.409813386124343
19131,corn,2022,6,217.9,191.55998339963756,26.340016600362446,26.340016600362446,12.088121432015807
19131,corn,2022,7,217.9,186.4175599281338,31.482440071866193,31.482440071866193,14.44811384665727
19131,corn,2022,8,217.9,190.21181605421924,27.688183945780764,27.688183945780764,12.706830631381719
19131,corn,2022,9,217.9,194.72862526245726,23.17137473754275,23.17137473754275,10.633948938752983
19131,corn,2022,10,217.9,185.10328666957966,32.796713330420346,32.796713330420346,15.051268164488455
19131,corn,2022,11,217.9,197.7307950570353,20.16920494296471,20.16920494296471,9.25617482467403
19131,corn,2022,12,217.9,190.79611128634804,27.10388871365197,27.10388871365197,12.438682291717287
19133,corn,2022,1,168.6,204.22545743539132,-35.625457435391326,35.625457435391326,21.13016455242665
19133,corn,2022,2,168.6,198.45000763719187,-29.85000763719188,29.85000763719188,17.70463086428937
19133,corn,2022,3,168.6,195.79034175064731,-27.19034175064732,27.19034175064732,16.12713033846223
19133,corn,2022,4,168.6,202.6191818013357,-34.01918180133572,34.01918180133572,20.17745065322403
19133,corn,2022,5,168.6,195.50612709783215,-26.906127097832155,26.906127097832155,15.95855699752797
19133,corn,2022,6,168.6,193.37172517045846,-24.771725170458467,24.771725170458467,14.692600931470029
19133,corn,2022,7,168.6,192.89603401806184,-24.296034018061846,24.296034018061846,14.410459085445934
19133,corn,2022,8,168.6,195.22772555689107,-26.62772555689108,26.62772555689108,15.793431528405147
19133,corn,2022,9,168.6,201.67085404694436,-33.07085404694436,33.07085404694436,19.614978675530466
19133,corn,2022,10,168.6,195.21036731593227,-26.61036731593228,26.61036731593228,15.78313601182223
19133,corn,2022,11,168.6,196.0637335472578,-27.463733547257817,27.463733547257817,16.28928442897854
19133,corn,2022,12,168.6,201.07954909593795,-32.479549095937955,32.479549095937955,19.264263995218244
19135,corn,2022,1,145.4,186.0541342421967,-40.654134242196704,40.654134242196704,27.960202367398008
19135,corn,2022,2,145.4,189.51027469879304,-44.110274698793035,44.110274698793035,30.33719030178338
19135,corn,2022,3,145.4,183.63012677577547,-38.23012677577546,38.23012677577546,26.293072060368267
19135,corn,2022,4,145.4,176.82682174708498,-31.426821747084972,31.426821747084972,21.614045218077695
19135,corn,2022,5,145.4,176.39509175240306,-30.995091752403056,30.995091752403056,21.317119499589445
19135,corn,2022,6,145.4,175.94634350230245,-30.54634350230245,30.54634350230245,21.008489341335935
19135,corn,2022,7,145.4,179.9799593101075,-34.57995931010748,34.57995931010748,23.782640515892354
19135,corn,2022,8,145.4,179.05183990574224,-33.651839905742236,33.651839905742236,23.14431905484335
19135,corn,2022,9,145.4,189.85866427771325,-44.45866427771324,44.45866427771324,30.576797990174164
19135,corn,2022,10,145.4,181.77692654957485,-36.37692654957485,36.37692654957485,25.018518947437997
19135,corn,2022,11,145.4,179.75983408841566,-34.35983408841565,34.35983408841565,23.631247653655883
19135,corn,2022,12,145.4,178.48007206593599,-33.08007206593598,33.08007206593598,22.75108120078128
19137,corn,2022,1,187.8,192.81087078915033,-5.010870789150317,5.010870789150317,2.6681953083867502
19137,corn,2022,2,187.8,192.00029143641223,-4.200291436412215,4.200291436412215,2.236576909697665
19137,corn,2022,3,187.8,190.31161394245927,-2.511613942459263,2.511613942459263,1.3373876157930047
19137,corn,2022,4,187.8,193.0276084428238,-5.227608442823794,5.227608442823794,2.783604069661232
19137,corn,2022,5,187.8,188.92323300119443,-1.1232330011944214,1.1232330011944214,0.5981006396136429
19137,corn,2022,6,187.8,189.49335401826826,-1.693354018268252,1.693354018268252,0.901679455946886
19137,corn,2022,7,187.8,183.77625965784404,4.023740342155975,4.023740342155975,2.142566742362074
19137,corn,2022,8,187.8,183.43892292530177,4.361077074698244,4.361077074698244,2.3221922655475202
19137,corn,2022,9,187.8,196.20944091352192,-8.409440913521905,8.409440913521905,4.477870560980779
19137,corn,2022,10,187.8,181.8420296095666,5.957970390433417,5.957970390433417,3.172508195118965
19137,corn,2022,11,187.8,186.8076493025203,0.9923506974797078,0.9923506974797078,0.5284082521191202
19137,corn,2022,12,187.8,197.71974705347964,-9.919747053479625,9.919747053479625,5.282080433162739
19139,corn,2022,1,213.1,195.10950069315436,17.990499306845635,17.990499306845635,8.442280294155625
19139,corn,2022,2,213.1,192.56989906404482,20.530100935955176,20.530100935955176,9.634022025319181
19139,corn,2022,3,213.1,191.17953275789182,21.920467242108174,21.920467242108174,10.286469846132414
19139,corn,2022,4,213.1,194.1693737880151,18.9306262119849,18.9306262119849,8.883447307360349
19139,corn,2022,5,213.1,195.73223512143284,17.367764878567158,17.367764878567158,8.150053908290548
19139,corn,2022,6,213.1,184.82856647729795,28.27143352270204,28.27143352270204,13.266744966073224
19139,corn,2022,7,213.1,184.74287763930823,28.35712236069176,28.35712236069176,13.306955589250006
19139,corn,2022,8,213.1,186.58746507079502,26.512534929204975,26.512534929204975,12.441358483906605
19139,corn,2022,9,213.1,189.37454993689317,23.72545006310682,23.72545006310682,11.13348196297833
19139,corn,2022,10,213.1,186.31493442667133,26.785065573328666,26.785065573328666,12.569247101515094
19139,corn,2022,11,213.1,188.41460712744336,24.685392872556633,24.685392872556633,11.583947851974019
19139,corn,2022,12,213.1,193.8305056643617,19.269494335638285,19.269494335638285,9.04246566665335
19141,corn,2022,1,201.2,198.90819886510238,2.291801134897611,2.291801134897611,1.139066170426248
19141,corn,2022,2,201.2,196.87936965614313,4.3206303438568625,4.3206303438568625,2.147430588398043
19141,corn,2022,3,201.2,192.60531166910823,8.594688330891756,8.594688330891756,4.2717138821529606
19141,corn,2022,4,201.2,197.9581683378111,3.2418316621889005,3.2418316621889005,1.6112483410481615
19141,corn,2022,5,201.2,191.61309820275923,9.586901797240756,9.586901797240756,4.764861728250873
19141,corn,2022,6,201.2,197.38559337339527,3.814406626604722,3.814406626604722,1.8958283432429037
19141,corn,2022,7,201.2,188.51397003414266,12.68602996585733,12.68602996585733,6.305183879650761
19141,corn,2022,8,201.2,191.7260775543323,9.473922445667682,9.473922445667682,4.708708969019723
19141,corn,2022,9,201.2,201.36586891213045,-0.1658689121304633,0.1658689121304633,0.0824398171622581
19141,corn,2022,10,201.2,188.48581395324646,12.714186046753525,12.714186046753525,6.319177955642906
19141,corn,2022,11,201.2,203.89403399507827,-2.6940339950782857,2.6940339950782857,1.33898309894547
19141,corn,2022,12,201.2,201.32950195100412,-0.12950195100412998,0.12950195100412998,0.06436478678137673
19143,corn,2022,1,197.6,191.82881570824676,5.7711842917532294,5.7711842917532294,2.920639823761756
19143,corn,2022,2,197.6,194.16723404106355,3.432765958936443,3.432765958936443,1.737229736303868
19143,corn,2022,3,197.6,193.38849887168607,4.211501128313927,4.211501128313927,2.1313264819402464
19143,corn,2022,4,197.6,197.1319512574822,0.4680487425177944,0.4680487425177944,0.23686677252924815
19143,corn,2022,5,197.6,193.80737359067223,3.7926264093277666,3.7926264093277666,1.9193453488500842
19143,corn,2022,6,197.6,192.50205935693742,5.0979406430625716,5.0979406430625716,2.579929475234095
19143,corn,2022,7,197.6,183.9292382061899,13.670761793810101,13.670761793810101,6.918401717515234
19143,corn,2022,8,197.6,189.29760629632185,8.302393703678149,8.302393703678149,4.2016162468006835
19143,corn,2022,9,197.6,201.26055770655344,-3.6605577065534476,3.6605577065534476,1.8525089608064007
19143,corn,2022,10,197.6,191.9215577214476,5.678442278552382,5.678442278552382,2.873705606554849
19143,corn,2022,11,197.6,199.4861882521637,-1.8861882521637199,1.8861882521637199,0.95454871060917
19143,corn,2022,12,197.6,191.42036852118918,6.179631478810819,6.179631478810819,3.127343865794949
19145,corn,2022,1,174.5,201.40422041670618,-26.90422041670618,26.90422041670618,15.417891356278615
19145,corn,2022,2,174.5,192.6824348747564,-18.18243487475641,18.18243487475641,10.41973345258247
19145,corn,2022,3,174.5,190.8138165773306,-16.313816577330613,16.313816577330613,9.348892021392901
19145,corn,2022,4,174.5,196.39897095671196,-21.898970956711963,21.898970956711963,12.549553556854992
19145,corn,2022,5,174.5,191.6596294997132,-17.15962949971319,17.15962949971319,9.833598567170883
19145,corn,2022,6,174.5,194.08892633390096,-19.588926333900957,19.588926333900957,11.225745750086508
19145,corn,2022,7,174.5,187.42026842114043,-12.920268421140435,12.920268421140435,7.404165284321166
19145,corn,2022,8,174.5,193.81072438166112,-19.310724381661117,19.310724381661117,11.066317697227001
19145,corn,2022,9,174.5,199.21849424584545,-24.71849424584545,24.71849424584545,14.16532621538421
19145,corn,2022,10,174.5,185.7393905418168,-11.239390541816789,11.239390541816789,6.440911485281828
19145,corn,2022,11,174.5,188.18229211565955,-13.68229211565955,13.68229211565955,7.840855080607192
19145,corn,2022,12,174.5,195.74633422832858,-21.24633422832858,21.24633422832858,12.175549701047895
19147,corn,2022,1,195.9,191.4867578476606,4.413242152339393,4.413242152339393,2.2528035489226097
19147,corn,2022,2,195.9,195.3150156309946,0.5849843690054115,0.5849843690054115,0.29861376672047546
19147,corn,2022,3,195.9,194.51745426347557,1.3825457365244347,1.3825457365244347,0.7057405495275317
19147,corn,2022,4,195.9,195.14666841751296,0.7533315824870499,0.7533315824870499,0.38454904670089324
19147,corn,2022,5,195.9,193.81655166463787,2.083448335362135,2.083448335362135,1.063526460113392
19147,corn,2022,6,195.9,193.41002538934913,2.4899746106508758,2.4899746106508758,1.2710437012000386
19147,corn,2022,7,195.9,184.17799891204422,11.722001087955789,11.722001087955789,5.983665690635931
19147,corn,2022,8,195.9,184.45625112179516,11.443748878204843,11.443748878204843,5.841627809190833
19147,corn,2022,9,195.9,201.1777121643251,-5.277712164325095,5.277712164325095,2.694084820992902
19147,corn,2022,10,195.9,183.31769056773985,12.58230943226016,12.58230943226016,6.422822578999571
19147,corn,2022,11,195.9,200.47568272337182,-4.575682723371813,4.575682723371813,2.3357236974843354
19147,corn,2022,12,195.9,194.05487001914904,1.8451299808509702,1.8451299808509702,0.9418733950234662
19149,corn,2022,1,171.8,204.34159782902114,-32.54159782902113,32.54159782902113,18.941558689767827
19149,corn,2022,2,171.8,198.6651390962789,-26.86513909627888,26.86513909627888,15.637449997834038
19149,corn,2022,3,171.8,200.40404490848505,-28.604044908485037,28.604044908485037,16.649618689455785
19149,corn,2022,4,171.8,205.42595701601394,-33.62595701601393,33.62595701601393,19.572734002336396
19149,corn,2022,5,171.8,199.6162418143951,-27.816241814395084,27.816241814395084,16.191060427470944
19149,corn,2022,6,171.8,200.81854642656364,-29.01854642656363,29.01854642656363,16.890888490432847
19149,corn,2022,7,171.8,194.3883638781311,-22.588363878131076,22.588363878131076,13.148058136281184
19149,corn,2022,8,171.8,198.63966961042155,-26.839669610421538,26.839669610421538,15.62262491875526
19149,corn,2022,9,171.8,200.3335468533037,-28.533546853303676,28.533546853303676,16.60858373300563
19149,corn,2022,10,171.8,194.78972613473192,-22.98972613473191,22.98972613473191,13.381679938726373
19149,corn,2022,11,171.8,202.58256979104107,-30.782569791041055,30.782569791041055,17.91767741038478
19149,corn,2022,12,171.8,201.63333465507125,-29.83333465507124,29.83333465507124,17.365154048353457
19151,corn,2022,1,198.3,191.94787016441913,6.352129835580882,6.352129835580882,3.203292907504227
19151,corn,2022,2,198.3,196.36960348618757,1.9303965138124397,1.9303965138124397,0.9734727754979524
19151,corn,2022,3,198.3,193.32080559051238,4.979194409487633,4.979194409487633,2.5109401964133293
19151,corn,2022,4,198.3,193.39423066712362,4.905769332876389,4.905769332876389,2.473912926311845
19151,corn,2022,5,198.3,193.57121191829702,4.728788081702987,4.728788081702987,2.3846636821497667
19151,corn,2022,6,198.3,194.52038758800808,3.779612411991934,3.779612411991934,1.906007267772029
19151,corn,2022,7,198.3,186.23167287624133,12.068327123758678,12.068327123758678,6.085893657972101
19151,corn,2022,8,198.3,193.23994085136238,5.0600591486376345,5.0600591486376345,2.5517191874118175
19151,corn,2022,9,198.3,205.00788499594114,-6.707884995941129,6.707884995941129,3.38269540894661
19151,corn,2022,10,198.3,185.01782546409984,13.282174535900168,13.282174535900168,6.698020441704572
19151,corn,2022,11,198.3,202.63119611677953,-4.331196116779523,4.331196116779523,2.1841634476951706
19151,corn,2022,12,198.3,193.4527690653091,4.847230934690913,4.847230934690913,2.444392806198141
19153,corn,2022,1,188.6,198.6072289578896,-10.007228957889595,10.007228957889595,5.306059892836477
19153,corn,2022,2,188.6,196.42973035178582,-7.829730351785827,7.829730351785827,4.151500716747522
19153,corn,2022,3,188.6,194.23084659084807,-5.63084659084808,5.63084659084808,2.985602646260912
19153,corn,2022,4,188.6,192.11732511665411,-3.5173251166541206,3.5173251166541206,1.8649655973775825
19153,corn,2022,5,188.6,190.9677778939556,-2.367777893955605,2.367777893955605,1.2554495726169699
19153,corn,2022,6,188.6,190.25868012525427,-1.6586801252542784,1.6586801252542784,0.8794698437191297
19153,corn,2022,7,188.6,185.90621438861848,2.6937856113815144,2.6937856113815144,1.428306262662521
19153,corn,2022,8,188.6,187.78293377815243,0.8170662218475684,0.8170662218475684,0.43322705294144664
19153,corn,2022,9,188.6,198.12174790014726,-9.521747900147261,9.521747900147261,5.04864681874192
19153,corn,2022,10,188.6,191.08328437626878,-2.4832843762687844,2.4832843762687844,1.3166937307893873
19153,corn,2022,11,188.6,189.4952806369457,-0.8952806369456994,0.8952806369456994,0.4746981107877515
19153,corn,2022,12,188.6,193.50470533397615,-4.904705333976153,4.904705333976153,2.600586073158088
19155,corn,2022,1,195.0,206.37435981578034,-11.374359815780338,11.374359815780338,5.833005033733507
19155,corn,2022,2,195.0,193.55908465443486,1.440915345565145,1.440915345565145,0.7389309464436641
19155,corn,2022,3,195.0,194.5689233322016,0.4310766677984077,0.4310766677984077,0.22106495784533728
19155,corn,2022,4,195.0,205.0455225173217,-10.0455225173217,10.0455225173217,5.151550008882923
19155,corn,2022,5,195.0,201.59453347481386,-6.594533474813858,6.594533474813858,3.381812038366081
19155,corn,2022,6,195.0,200.1623350563318,-5.162335056331813,5.162335056331813,2.647351310939391
19155,corn,2022,7,195.0,197.68488914103096,-2.6848891410309648,2.6848891410309648,1.3768662261697255
19155,corn,2022,8,195.0,195.66314227775638,-0.6631422777563785,0.6631422777563785,0.34007296295198897
19155,corn,2022,9,195.0,198.271197062993,-3.2711970629929965,3.2711970629929965,1.677536955381024
19155,corn,2022,10,195.0,192.72833205624607,2.2716679437539256,2.2716679437539256,1.164957919873808
19155,corn,2022,11,195.0,195.99931519030298,-0.9993151903029798,0.9993151903029798,0.5124693283605024
19155,corn,2022,12,195.0,204.1465294410115,-9.146529441011495,9.146529441011495,4.690527918467433
19157,corn,2022,1,193.3,197.23893628118043,-3.9389362811804176,3.9389362811804176,2.037732168225772
19157,corn,2022,2,193.3,192.8612831356552,0.43871686434479784,0.43871686434479784,0.2269616473589228
19157,corn,2022,3,193.3,191.38713312200312,1.9128668779968905,1.9128668779968905,0.989584520432949
19157,corn,2022,4,193.3,190.84905405238274,2.450945947617271,2.450945947617271,1.2679492745045373
19157,corn,2022,5,193.3,197.53175476195284,-4.231754761952828,4.231754761952828,2.189216121030951
19157,corn,2022,6,193.3,193.09406542807812,0.2059345719218868,0.2059345719218868,0.10653625034758758
19157,corn,2022,7,193.3,190.10674216442737,3.1932578355726378,3.1932578355726378,1.6519699097633924
19157,corn,2022,8,193.3,193.93116007100417,-0.6311600710041603,0.6311600710041603,0.3265184019680084
19157,corn,2022,9,193.3,195.36027730122203,-2.0602773012220155,2.0602773012220155,1.0658444393285127
19157,corn,2022,10,193.3,190.3805781449961,2.919421855003918,2.919421855003918,1.5103061846890418
19157,corn,2022,11,193.3,195.39589248443974,-2.09589248443973,2.09589248443973,1.0842692625140868
19157,corn,2022,12,193.3,197.6762326296613,-4.3762326296613026,4.3762326296613026,2.2639589392971042
19159,corn,2022,1,151.8,191.21599747935926,-39.41599747935925,39.41599747935925,25.965742740025853
19159,corn,2022,2,151.8,193.73917413643085,-41.939174136430836,41.939174136430836,27.627914450876702
19159,corn,2022,3,151.8,188.3660081926069,-36.56600819260689,36.56600819260689,24.088279441770016
19159,corn,2022,4,151.8,177.07414915348065,-25.274149153480636,25.274149153480636,16.64963712350503
19159,corn,2022,5,151.8,181.5634089801895,-29.763408980189496,29.763408980189496,19.60698878800362
19159,corn,2022,6,151.8,181.4142915246319,-29.61429152463188,29.61429152463188,19.50875594508029
19159,corn,2022,7,151.8,184.53678152091453,-32.73678152091452,32.73678152091452,21.565732227216415
19159,corn,2022,8,151.8,180.1415912896059,-28.3415912896059,28.3415912896059,18.670349993152765
19159,corn,2022,9,151.8,193.27164172911404,-41.471641729114026,41.471641729114026,27.319922087690397
19159,corn,2022,10,151.8,186.74606719143543,-34.94606719143542,34.94606719143542,23.021124632039143
19159,corn,2022,11,151.8,179.36399961155297,-27.56399961155296,27.56399961155296,18.15810251090445
19159,corn,2022,12,151.8,189.92567221698474,-38.125672216984725,38.125672216984725,25.1157260981454
19161,corn,2022,1,212.4,201.94158667822782,10.458413321772184,10.458413321772184,4.923923409497262
19161,corn,2022,2,212.4,199.14908178128437,13.25091821871564,13.25091821871564,6.238662061542203
19161,corn,2022,3,212.4,193.99954603306577,18.400453966934236,18.400453966934236,8.663113920402182
19161,corn,2022,4,212.4,198.1856365990731,14.214363400926914,14.214363400926914,6.692261488195345
19161,corn,2022,5,212.4,197.29026692964055,15.109733070359454,15.109733070359454,7.113810296779404
19161,corn,2022,6,212.4,198.8386754343685,13.561324565631509,13.561324565631509,6.38480440943103
19161,corn,2022,7,212.4,188.17179060809602,24.228209391903988,24.228209391903988,11.406878244775887
19161,corn,2022,8,212.4,199.11349416001204,13.286505839987967,13.286505839987967,6.255417062141228
19161,corn,2022,9,212.4,205.9266615790867,6.473338420913308,6.473338420913308,3.047711120957301
19161,corn,2022,10,212.4,186.83048559399558,25.56951440600443,25.56951440600443,12.038377780604721
19161,corn,2022,11,212.4,204.34800827243134,8.051991727568662,8.051991727568662,3.7909565572357167
19161,corn,2022,12,212.4,204.34038331923074,8.059616680769267,8.059616680769267,3.794546459872536
19163,corn,2022,1,216.2,200.09730778244034,16.10269221755965,16.10269221755965,7.448053754652937
19163,corn,2022,2,216.2,185.3742394925448,30.825760507455186,30.825760507455186,14.257983583466785
19163,corn,2022,3,216.2,192.6985757545572,23.50142424544279,23.50142424544279,10.870223980315815
19163,corn,2022,4,216.2,198.82959874194546,17.370401258054528,17.370401258054528,8.034413162837433
19163,corn,2022,5,216.2,199.00631493073217,17.193685069267815,17.193685069267815,7.9526757952210065
19163,corn,2022,6,216.2,195.39723700063726,20.802762999362727,20.802762999362727,9.62199953717055
19163,corn,2022,7,216.2,185.49825640589083,30.70174359410916,30.70174359410916,14.200621458884905
19163,corn,2022,8,216.2,195.89559044526126,20.304409554738726,20.304409554738726,9.391493781100243
19163,corn,2022,9,216.2,194.43038606496827,21.769613935031714,21.769613935031714,10.069201635074798
19163,corn,2022,10,216.2,189.3695282958489,26.83047170415108,26.83047170415108,12.410023914963498
19163,corn,2022,11,216.2,193.40728421247192,22.792715787528067,22.792715787528067,10.542421733361735
19163,corn,2022,12,216.2,195.8734790791516,20.326520920848395,20.326520920848395,9.401721054971505
19165,corn,2022,1,209.0,208.58108999316002,0.4189100068399796,0.4189100068399796,0.20043540997128212
19165,corn,2022,2,209.0,194.02739460282655,14.972605397173453,14.972605397173453,7.163926027355719
19165,corn,2022,3,209.0,194.61957016232776,14.380429837672239,14.380429837672239,6.880588439077625
19165,corn,2022,4,209.0,203.01737419985818,5.982625800141818,5.982625800141818,2.862500382842975
19165,corn,2022,5,209.0,199.0306952540449,9.9693047459551,9.9693047459551,4.770002270791913
19165,corn,2022,6,209.0,206.1093783085541,2.8906216914458867,2.8906216914458867,1.38307257963918
19165,corn,2022,7,209.0,197.73108976305258,11.26891023694742,11.26891023694742,5.391823079879148
19165,corn,2022,8,209.0,198.21703087855653,10.782969121443472,10.782969121443472,5.159315369111709
19165,corn,2022,9,209.0,200.361140635294,8.638859364706008,8.638859364706008,4.133425533352156
19165,corn,2022,10,209.0,187.06168698737687,21.938313012623126,21.938313012623126,10.496800484508672
19165,corn,2022,11,209.0,197.11405014122656,11.885949858773444,11.885949858773444,5.6870573486954275
19165,corn,2022,12,209.0,204.79584245840763,4.204157541592366,4.204157541592366,2.011558632340845
19167,corn,2022,1,196.9,206.5380879992994,-9.638087999299387,9.638087999299387,4.894915185017465
19167,corn,2022,2,196.9,201.0374871279041,-4.13748712790408,4.13748712790408,2.1013139298649466
19167,corn,2022,3,196.9,200.76288762631964,-3.8628876263196332,3.8628876263196332,1.9618525273334857
19167,corn,2022,4,196.9,204.28321933940632,-7.38321933940631,7.38321933940631,3.749730492334337
19167,corn,2022,5,196.9,197.04377511997782,-0.14377511997781767,0.14377511997781767,0.07301936006999374
19167,corn,2022,6,196.9,199.23691720632908,-2.336917206329076,2.336917206329076,1.186854853392116
19167,corn,2022,7,196.9,195.50320043810171,1.3967995618982911,1.3967995618982911,0.709395409801062
19167,corn,2022,8,196.9,198.28697245164153,-1.386972451641526,1.386972451641526,0.704404495501029
19167,corn,2022,9,196.9,201.4175074418038,-4.517507441803787,4.517507441803787,2.294315612901872
19167,corn,2022,10,196.9,190.79684727090955,6.1031527290904535,6.1031527290904535,3.099620482016482
19167,corn,2022,11,196.9,199.5007048977778,-2.6007048977778027,2.6007048977778027,1.320825240110616
19167,corn,2022,12,196.9,201.60704414318604,-4.707044143186039,4.707044143186039,2.390575999586612
19169,corn,2022,1,207.1,196.45745433040767,10.642545669592323,10.642545669592323,5.138843877157085
19169,corn,2022,2,207.1,195.84963766785148,11.250362332148512,11.250362332148512,5.432333332761233
19169,corn,2022,3,207.1,193.0373131968619,14.062686803138092,14.062686803138092,6.790288171481455
19169,corn,2022,4,207.1,196.76674136166613,10.33325863833386,10.33325863833386,4.989501998229773
19169,corn,2022,5,207.1,196.19539503261322,10.904604967386774,10.904604967386774,5.265381442485164
19169,corn,2022,6,207.1,196.63377439539676,10.466225604603238,10.466225604603238,5.053706231097652
19169,corn,2022,7,207.1,186.4020826907255,20.697917309274487,20.697917309274487,9.994165769809024
19169,corn,2022,8,207.1,191.28987715552836,15.810122844471636,15.810122844471636,7.634052556480751
19169,corn,2022,9,207.1,201.27858570541096,5.821414294589033,5.821414294589033,2.810919504871576
19169,corn,2022,10,207.1,192.63446127450987,14.46553872549012,14.46553872549012,6.984808655475675
19169,corn,2022,11,207.1,202.23867122610167,4.861328773898322,4.861328773898322,2.347334028922415
19169,corn,2022,12,207.1,194.82892437185856,12.271075628141432,12.271075628141432,5.9251934467124245
19171,corn,2022,1,203.3,205.4273225246829,-2.1273225246828815,2.1273225246828815,1.0463957327510482
19171,corn,2022,2,203.3,191.52894310421507,11.771056895784938,11.771056895784938,5.789993554247387
19171,corn,2022,3,203.3,185.64183630442608,17.658163695573933,17.658163695573933,8.685766697281815
19171,corn,2022,4,203.3,192.27089628868572,11.029103711314292,11.029103711314292,5.42503871682946
19171,corn,2022,5,203.3,199.76132918793445,3.538670812065561,3.538670812065561,1.7406152543362325
19171,corn,2022,6,203.3,206.27297936475424,-2.9729793647542238,2.9729793647542238,1.4623607303267208
19171,corn,2022,7,203.3,196.59623210372422,6.703767896275792,6.703767896275792,3.297475600725918
19171,corn,2022,8,203.3,198.3565812281045,4.943418771895523,4.943418771895523,2.43158818096189
19171,corn,2022,9,203.3,200.1090654778806,3.19093452211942,3.19093452211942,1.5695693665122579
19171,corn,2022,10,203.3,194.70256961232835,8.597430387671665,8.597430387671665,4.2289377214322
19171,corn,2022,11,203.3,199.94508341445805,3.3549165855419574,3.3549165855419574,1.6502295059232448
19171,corn,2022,12,203.3,202.94082657404124,0.35917342595877244,0.35917342595877244,0.17667163106678427
19173,corn,2022,1,172.1,186.75892360068318,-14.658923600683181,14.658923600683181,8.517677862105277
19173,corn,2022,2,172.1,192.08358073052565,-19.98358073052566,19.98358073052566,11.611609953820837
19173,corn,2022,3,172.1,190.09699450991008,-17.99699450991008,17.99699450991008,10.457289081876864
19173,corn,2022,4,172.1,184.51298107190266,-12.412981071902664,12.412981071902664,7.212656055724964
19173,corn,2022,5,172.1,188.12018181773317,-16.020181817733175,16.020181817733175,9.308647192175
19173,corn,2022,6,172.1,187.41721376050657,-15.317213760506576,15.317213760506576,8.900182312903299
19173,corn,2022,7,172.1,189.25734903598934,-17.15734903598934,17.15734903598934,9.969406761179163
19173,corn,2022,8,172.1,187.0915716661765,-14.991571666176498,14.991571666176498,8.710965523635386
19173,corn,2022,9,172.1,196.08373793572207,-23.983737935722075,23.983737935722075,13.935931397862914
19173,corn,2022,10,172.1,188.26876771355418,-16.16876771355419,16.16876771355419,9.394984145005338
19173,corn,2022,11,172.1,186.4073828491257,-14.307382849125702,14.307382849125702,8.313412463175887
19173,corn,2022,12,172.1,191.18292064941895,-19.082920649418952,19.082920649418952,11.088274636501424
19175,corn,2022,1,149.4,180.65980978892063,-31.25980978892062,31.25980978892062,20.9235674624636
19175,corn,2022,2,149.4,186.89831131104395,-37.49831131104395,37.49831131104395,25.099271292532766
19175,corn,2022,3,149.4,183.93702009534098,-34.53702009534098,34.53702009534098,23.117148658193425
19175,corn,2022,4,149.4,178.6068018762481,-29.206801876248107,29.206801876248107,19.54939884621694
19175,corn,2022,5,149.4,181.1034254464507,-31.703425446450694,31.703425446450694,21.220498960141025
19175,corn,2022,6,149.4,176.08226097840793,-26.682260978407925,26.682260978407925,17.85961243534667
19175,corn,2022,7,149.4,181.14564311684006,-31.745643116840057,31.745643116840057,21.248757106318646
19175,corn,2022,8,149.4,179.26770000978223,-29.867700009782226,29.867700009782226,19.991767074820764
19175,corn,2022,9,149.4,194.04652045401372,-44.64652045401371,44.64652045401371,29.88388249933983
19175,corn,2022,10,149.4,181.69409772452386,-32.29409772452385,32.29409772452385,21.615861930738856
19175,corn,2022,11,149.4,179.42336785406596,-30.023367854065953,30.023367854065953,20.095962419053514
19175,corn,2022,12,149.4,185.8309929064062,-36.4309929064062,36.4309929064062,24.38486807657711
19177,corn,2022,1,151.9,187.39918865096394,-35.49918865096393,35.49918865096393,23.37010444434755
19177,corn,2022,2,151.9,182.77275563473665,-30.87275563473665,30.87275563473665,20.324394756245322
19177,corn,2022,3,151.9,183.31492225789583,-31.414922257895824,31.414922257895824,20.681318142130234
19177,corn,2022,4,151.9,175.88329648879767,-23.983296488797663,23.983296488797663,15.788871947858896
19177,corn,2022,5,151.9,177.61628772433323,-25.716287724333228,25.716287724333228,16.92974833728323
19177,corn,2022,6,151.9,175.84906086750087,-23.94906086750086,23.94906086750086,15.766333684990691
19177,corn,2022,7,151.9,181.18023185691774,-29.280231856917737,29.280231856917737,19.275992005870794
19177,corn,2022,8,151.9,177.5528200113639,-25.6528200113639,25.6528200113639,16.887965774433113
19177,corn,2022,9,151.9,188.41700813490067,-36.517008134900664,36.517008134900664,24.040163354114984
19177,corn,2022,10,151.9,180.4605360253849,-28.56053602538489,28.56053602538489,18.802196198410066
19177,corn,2022,11,151.9,180.5282994507264,-28.628299450726388,28.628299450726388,18.846806748338636
19177,corn,2022,12,151.9,180.48090855766867,-28.580908557668664,28.580908557668664,18.81560800373184
19179,corn,2022,1,170.8,188.85737713796624,-18.057377137966228,18.057377137966228,10.572234858294044
19179,corn,2022,2,170.8,190.9075596416663,-20.107559641666285,20.107559641666285,11.772575902614921
19179,corn,2022,3,170.8,183.28538289781326,-12.485382897813253,12.485382897813253,7.309943148602606
19179,corn,2022,4,170.8,178.8543441211662,-8.054344121166196,8.054344121166196,4.715658150565688
19179,corn,2022,5,170.8,178.26543971622596,-7.465439716225944,7.465439716225944,4.370866344394581
19179,corn,2022,6,170.8,175.13094571546515,-4.330945715465134,4.330945715465134,2.5356825031997268
19179,corn,2022,7,170.8,182.04048410106813,-11.24048410106812,11.24048410106812,6.581079684466112
19179,corn,2022,8,170.8,181.38812191487293,-10.588121914872914,10.588121914872914,6.199134610581331
19179,corn,2022,9,170.8,192.9227593912779,-22.122759391277896,22.122759391277896,12.95243524079502
19179,corn,2022,10,170.8,183.35303069589514,-12.553030695895131,12.553030695895131,7.349549587760615
19179,corn,2022,11,170.8,182.89300467175997,-12.093004671759957,12.093004671759957,7.08021350805618
19179,corn,2022,12,170.8,182.85139974853607,-12.051399748536056,12.051399748536056,7.055854653709634
19181,corn,2022,1,157.8,198.06021629958863,-40.26021629958862,40.26021629958862,25.51344505677352
19181,corn,2022,2,157.8,189.52754608349488,-31.72754608349487,31.72754608349487,20.106176225281917
19181,corn,2022,3,157.8,190.29616762177787,-32.49616762177786,32.49616762177786,20.593262117729946
19181,corn,2022,4,157.8,180.7972499866259,-22.99724998662589,22.99724998662589,14.573669193045555
19181,corn,2022,5,157.8,186.31883092582387,-28.518830925823863,28.518830925823863,18.07276991497076
19181,corn,2022,6,157.8,186.29797623471754,-28.497976234717527,28.497976234717527,18.059554014396404
19181,corn,2022,7,157.8,188.18789289596546,-30.38789289596545,30.38789289596545,19.257219832677723
19181,corn,2022,8,157.8,186.63575493384846,-28.83575493384845,28.83575493384845,18.273608956811437
19181,corn,2022,9,157.8,195.50152518544883,-37.701525185448816,37.701525185448816,23.891967798129794
19181,corn,2022,10,157.8,187.54094005755533,-29.74094005755532,29.74094005755532,18.847237045345576
19181,corn,2022,11,157.8,182.40959560433765,-24.609595604337642,24.609595604337642,15.595434476766565
19181,corn,2022,12,157.8,189.84262621230098,-32.04262621230097,32.04262621230097,20.30584677585613
19183,corn,2022,1,185.7,197.983438488065,-12.283438488065002,12.283438488065002,6.61466800649704
19183,corn,2022,2,185.7,188.46851574451279,-2.768515744512797,2.768515744512797,1.4908539281167459
19183,corn,2022,3,185.7,192.1882001073629,-6.4882001073629,6.4882001073629,3.493914974347281
19183,corn,2022,4,185.7,187.7928076652667,-2.0928076652667187,2.0928076652667187,1.126983126153322
19183,corn,2022,5,185.7,187.99750052530013,-2.297500525300137,2.297500525300137,1.2372108375337303
19183,corn,2022,6,185.7,183.01503210978902,2.68496789021097,2.68496789021097,1.4458631611259936
19183,corn,2022,7,185.7,187.44528374832433,-1.74528374832434,1.74528374832434,0.939840467595229
19183,corn,2022,8,185.7,189.3423564126895,-3.6423564126895087,3.6423564126895087,1.9614197160417388
19183,corn,2022,9,185.7,189.9785600207043,-4.278560020704305,4.278560020704305,2.304017243244106
19183,corn,2022,10,185.7,186.79847905493997,-1.098479054939986,1.098479054939986,0.5915342245234174
19183,corn,2022,11,185.7,189.8484876230312,-4.148487623031201,4.148487623031201,2.233972871853097
19183,corn,2022,12,185.7,194.2144044027156,-8.514404402715599,8.514404402715599,4.5850319885382875
19185,corn,2022,1,170.1,188.03088497790637,-17.930884977906373,17.930884977906373,10.541378587834435
19185,corn,2022,2,170.1,192.90609771145705,-22.806097711457056,22.806097711457056,13.407464850944773
19185,corn,2022,3,170.1,186.79208746724717,-16.692087467247177,16.692087467247177,9.813102567458658
19185,corn,2022,4,170.1,177.92519790996184,-7.825197909961844,7.825197909961844,4.600351504974629
19185,corn,2022,5,170.1,178.21930755444316,-8.119307554443168,8.119307554443168,4.773255469984226
19185,corn,2022,6,170.1,172.9847335339512,-2.8847335339511915,2.8847335339511915,1.695904487919572
19185,corn,2022,7,170.1,180.8612449510662,-10.761244951066203,10.761244951066203,6.32642266376614
19185,corn,2022,8,170.1,180.13663184725976,-10.03663184725977,10.03663184725977,5.900430245302628
19185,corn,2022,9,170.1,190.80188955395909,-20.70188955395909,20.70188955395909,12.170423018200523
19185,corn,2022,10,170.1,184.03662312299625,-13.936623122996252,13.936623122996252,8.19319407583554
19185,corn,2022,11,170.1,180.5084328834206,-10.408432883420602,10.408432883420602,6.119008161916874
19185,corn,2022,12,170.1,181.51899215231387,-11.418992152313876,11.418992152313876,6.713105321760068
19187,corn,2022,1,201.5,199.9714274248362,1.5285725751637926,1.5285725751637926,0.7585968114956787
19187,corn,2022,2,201.5,196.15944630713187,5.340553692868127,5.340553692868127,2.650398855021403
19187,corn,2022,3,201.5,194.4059638348062,7.094036165193813,7.094036165193813,3.5206134814857633
19187,corn,2022,4,201.5,200.31053137050577,1.189468629494229,1.189468629494229,0.5903070121559449
19187,corn,2022,5,201.5,198.77781613513906,2.7221838648609378,2.7221838648609378,1.3509597344223017
19187,corn,2022,6,201.5,197.72990429911997,3.7700957008800344,3.7700957008800344,1.8710152361687518
19187,corn,2022,7,201.5,192.3119597954157,9.188040204584297,9.188040204584297,4.5598214414810405
19187,corn,2022,8,201.5,195.63326669924095,5.866733300759051,5.866733300759051,2.9115301740739707
19187,corn,2022,9,201.5,201.58580187069398,-0.08580187069398448,0.08580187069398448,0.04258157354540173
19187,corn,2022,10,201.5,193.38379508003598,8.11620491996402,8.11620491996402,4.0278932605280495
19187,corn,2022,11,201.5,200.936977852245,0.5630221477549924,0.5630221477549924,0.2794154579429243
19187,corn,2022,12,201.5,196.9315369700333,4.5684630299666935,4.5684630299666935,2.267227310157168
19189,corn,2022,1,217.6,185.83041670463982,31.769583295360178,31.769583295360178,14.599992323235375
19189,corn,2022,2,217.6,194.45110109721807,23.148898902781923,23.148898902781923,10.638280745763753
19189,corn,2022,3,217.6,191.67057105810318,25.929428941896816,25.929428941896816,11.916097859327582
19189,corn,2022,4,217.6,194.4927832251357,23.1072167748643,23.1072167748643,10.619125356095726
19189,corn,2022,5,217.6,195.1231885042446,22.476811495755385,22.476811495755385,10.329417047681703
19189,corn,2022,6,217.6,189.0638108011494,28.536189198850593,28.536189198850593,13.114057536236487
19189,corn,2022,7,217.6,185.9888841107865,31.611115889213494,31.611115889213494,14.52716722849885
19189,corn,2022,8,217.6,190.06312003637856,27.53687996362143,27.53687996362143,12.654816159752496
19189,corn,2022,9,217.6,196.1718416158607,21.428158384139294,21.428158384139294,9.847499257416956
19189,corn,2022,10,217.6,190.04729858269363,27.552701417306366,27.552701417306366,12.662087048394472
19189,corn,2022,11,217.6,193.26872325538247,24.331276744617526,24.331276744617526,11.181652915724966
19189,corn,2022,12,217.6,188.54888124074284,29.05111875925715,29.05111875925715,13.350697959217442
19191,corn,2022,1,212.4,196.98859644137102,15.41140355862899,15.41140355862899,7.255839716868639
19191,corn,2022,2,212.4,193.54922220874477,18.85077779125524,18.85077779125524,8.875130786843332
19191,corn,2022,3,212.4,189.34489129293658,23.055108707063425,23.055108707063425,10.854570954361312
19191,corn,2022,4,212.4,180.30294082500487,32.09705917499514,32.09705917499514,15.111609781071156
19191,corn,2022,5,212.4,191.57455737630926,20.825442623690748,20.825442623690748,9.804822327538016
19191,corn,2022,6,212.4,193.46993703351762,18.93006296648238,18.93006296648238,8.9124590237676
19191,corn,2022,7,212.4,192.31329455318493,20.086705446815074,20.086705446815074,9.457017630327247
19191,corn,2022,8,212.4,193.3671486876938,19.032851312306207,19.032851312306207,8.96085278357166
19191,corn,2022,9,212.4,193.94093360567388,18.45906639432613,18.45906639432613,8.690709225200626
19191,corn,2022,10,212.4,181.81620108508443,30.583798914915576,30.583798914915576,14.399152031504508
19191,corn,2022,11,212.4,188.84980538323848,23.55019461676153,23.55019461676153,11.087662248946106
19191,corn,2022,12,212.4,196.20429593405342,16.195704065946586,16.195704065946586,7.625096076246038
19193,corn,2022,1,200.2,204.31989468936226,-4.119894689362269,4.119894689362269,2.057889455225909
19193,corn,2022,2,200.2,196.66238487892136,3.5376151210786304,3.5376151210786304,1.767040520019296
19193,corn,2022,3,200.2,199.3695220305577,0.8304779694422848,0.8304779694422848,0.41482416056058186
19193,corn,2022,4,200.2,202.77237953143427,-2.5723795314342794,2.5723795314342794,1.2849048608562836
19193,corn,2022,5,200.2,200.56063405449916,-0.3606340544991724,0.3606340544991724,0.18013689035922698
19193,corn,2022,6,200.2,201.69022201646362,-1.4902220164636333,1.4902220164636333,0.7443666415902265
19193,corn,2022,7,200.2,191.7553968385082,8.444603161491784,8.444603161491784,4.218083497248644
19193,corn,2022,8,200.2,196.35554587355588,3.8444541264441057,3.8444541264441057,1.9203067564655876
19193,corn,2022,9,200.2,199.39265644880845,0.8073435511915363,0.8073435511915363,0.4032685070886795
19193,corn,2022,10,200.2,189.7186272449204,10.481372755079576,10.481372755079576,5.235450926613175
19193,corn,2022,11,200.2,199.92689754284132,0.27310245715867154,0.27310245715867154,0.13641481376557021
19193,corn,2022,12,200.2,203.88487837342507,-3.6848783734250787,3.6848783734250787,1.8405985881244151
19195,corn,2022,1,219.5,185.30097336110157,34.19902663889843,34.19902663889843,15.580422158951448
19195,corn,2022,2,219.5,195.13604945469916,24.36395054530084,24.36395054530084,11.099749678952547
19195,corn,2022,3,219.5,191.3773982019313,28.1226017980687,28.1226017980687,12.812119270190752
19195,corn,2022,4,219.5,195.7185212130439,23.781478786956086,23.781478786956086,10.834386691096167
19195,corn,2022,5,219.5,195.80697421245273,23.69302578754727,23.69302578754727,10.79408919706026
19195,corn,2022,6,219.5,189.1199397095052,30.38006029049481,30.38006029049481,13.840574164234537
19195,corn,2022,7,219.5,185.9849472826467,33.51505271735331,33.51505271735331,15.268816727723605
19195,corn,2022,8,219.5,188.64304607981765,30.85695392018235,30.85695392018235,14.05783777684845
19195,corn,2022,9,219.5,198.87415450648493,20.625845493515072,20.625845493515072,9.396740543742629
19195,corn,2022,10,219.5,192.60770033498167,26.892299665018328,26.892299665018328,12.251617159461652
19195,corn,2022,11,219.5,196.49540845395777,23.004591546042235,23.004591546042235,10.480451729404207
19195,corn,2022,12,219.5,190.24664901786699,29.253350982133014,29.253350982133014,13.327266962247386
19197,corn,2022,1,209.7,194.00093750389078,15.699062496109207,15.699062496109207,7.486438958564238
19197,corn,2022,2,209.7,195.64821070942963,14.051789290570355,14.051789290570355,6.700900949246711
19197,corn,2022,3,209.7,192.97934202917648,16.72065797082351,16.72065797082351,7.9736089512749215
19197,corn,2022,4,209.7,193.3701343725106,16.329865627489397,16.329865627489397,7.787251133757462
19197,corn,2022,5,209.7,194.73994814015276,14.960051859847226,14.960051859847226,7.134025684238067
19197,corn,2022,6,209.7,198.78838487869876,10.911615121301224,10.911615121301224,5.203440687315796
19197,corn,2022,7,209.7,186.04146206553517,23.658537934464817,23.658537934464817,11.282087713144882
19197,corn,2022,8,209.7,194.79667227440214,14.903327725597848,14.903327725597848,7.106975548687576
19197,corn,2022,9,209.7,201.19073430235014,8.509265697649852,8.509265697649852,4.057828181998023
19197,corn,2022,10,209.7,191.84817782580242,17.851822174197565,17.851822174197565,8.513029172244906
19197,corn,2022,11,209.7,197.03326197349585,12.666738026504134,12.666738026504134,6.040409168576125
19197,corn,2022,12,209.7,191.56729768287067,18.132702317129315,18.132702317129315,8.646972969541878
