county_id,crop_type,year,month,yield_bu_acre,prediction,residual,abs_error,ape
19001,corn,2022,1,164.2,182.39371212718183,-18.19371212718184,18.19371212718184,11.080214450171646
19001,corn,2022,2,164.2,192.49718151555138,-28.297181515551387,28.297181515551387,17.23336267694969
19001,corn,2022,3,164.2,194.1331585254871,-29.9331585254871,29.9331585254871,18.229694595302742
19001,corn,2022,4,164.2,190.71341772150103,-26.513417721501042,26.513417721501042,16.14702662697993
19001,corn,2022,5,164.2,183.87570863624003,-19.675708636240046,19.675708636240046,11.982770180414159
19001,corn,2022,6,164.2,191.32706611329056,-27.127066113290567,27.127066113290567,16.520746719421783
19001,corn,2022,7,164.2,192.55753632094445,-28.35753632094446,28.35753632094446,17.270119562085544
19001,corn,2022,8,164.2,191.4535977932185,-27.253597793218518,27.253597793218518,16.597806207806652
19001,corn,2022,9,164.2,189.07411973845305,-24.87411973845306,24.87411973845306,15.14867219150613
19001,corn,2022,10,164.2,182.5672524207846,-18.36725242078461,18.36725242078461,11.18590281411974
19001,corn,2022,11,164.2,184.06548687474194,-19.865486874741947,19.865486874741947,12.098347670366595
19001,corn,2022,12,164.2,186.6881576756111,-22.48815767561112,22.48815767561112,13.695589327412378
19005,corn,2022,1,215.9,195.30265790302963,20.59734209697038,20.59734209697038,9.540223296419814
19005,corn,2022,2,215.9,191.82212197147325,24.077878028526754,24.077878028526754,11.152328869164776
19005,corn,2022,3,215.9,192.48668833913175,23.41331166086826,23.41331166086826,10.844516748896831
19005,corn,2022,4,215.9,179.58737996717053,36.31262003282947,36.31262003282947,16.81918482298725
19005,corn,2022,5,215.9,183.72478457485565,32.17521542514436,32.17521542514436,14.902832526699564
19005,corn,2022,6,215.9,190.6993220555645,25.200677944435512,25.200677944435512,11.672384411503248
19005,corn,2022,7,215.9,194.87109898986657,21.02890101013344,21.02890101013344,9.740111630446242
19005,corn,2022,8,215.9,194.01190777373907,21.888092226260937,21.888092226260937,10.138069581408493
19005,corn,2022,9,215.9,196.24362208044343,19.656377919556576,19.656377919556576,9.10438995810865
19005,corn,2022,10,215.9,182.61696805528035,33.28303194471965,33.28303194471965,15.415948098526936
19005,corn,2022,11,215.9,185.31267501297475,30.587324987025255,30.587324987025255,14.16735756694083
19005,corn,2022,12,215.9,183.6963611893947,32.2036388106053,32.2036388106053,14.915997596389671
19007,corn,2022,1,146.1,186.28824916812175,-40.18824916812176,40.18824916812176,27.50735740460079
19007,corn,2022,2,146.1,192.17154684822827,-46.07154684822828,46.07154684822828,31.53425520070382
19007,corn,2022,3,146.1,194.1532940936116,-48.05329409361161,48.05329409361161,32.89068726462123
19007,corn,2022,4,146.1,193.71283955152575,-47.61283955152575,47.61283955152575,32.58921256093481
19007,corn,2022,5,146.1,176.06933569852072,-29.969335698520723,29.969335698520723,20.512892333005286
19007,corn,2022,6,146.1,184.43467388556715,-38.334673885567156,38.334673885567156,26.23865426801311
19007,corn,2022,7,146.1,186.69311041014396,-40.593110410143964,40.593110410143964,27.784469822138234
19007,corn,2022,8,146.1,182.8513207655806,-36.7513207655806,36.7513207655806,25.154908121547297
19007,corn,2022,9,146.1,182.17043453463967,-36.07043453463967,36.07043453463967,24.68886689571504
19007,corn,2022,10,146.1,182.1287470109656,-36.02874701096562,36.02874701096562,24.660333340838893
19007,corn,2022,11,146.1,184.67169786615315,-38.57169786615316,38.57169786615316,26.400888340967256
19007,corn,2022,12,146.1,180.4319397097558,-34.3319397097558,34.3319397097558,23.49893203953169
19009,corn,2022,1,197.9,196.1404663657731,1.759533634226898,1.759533634226898,0.8891023922318837
19009,corn,2022,2,197.9,192.67212348994946,5.2278765100505495,5.2278765100505495,2.6416758514656644
19009,corn,2022,3,197.9,192.67782389061114,5.222176109388869,5.222176109388869,2.6387954064622887
19009,corn,2022,4,197.9,191.64854816293825,6.251451837061751,6.251451837061751,3.1588943087729913
19009,corn,2022,5,197.9,191.5570163866673,6.342983613332706,6.342983613332706,3.2051458379649853
19009,corn,2022,6,197.9,192.61231580952034,5.287684190479666,5.287684190479666,2.6718970138856326
19009,corn,2022,7,197.9,190.58026722903458,7.31973277096543,7.31973277096543,3.6987027645100707
19009,corn,2022,8,197.9,197.36783272361032,0.5321672763896856,0.5321672763896856,0.2689071634106547
19009,corn,2022,9,197.9,190.3067012777359,7.593298722264109,7.593298722264109,3.8369372017504335
19009,corn,2022,10,197.9,183.18319540784427,14.71680459215574,14.71680459215574,7.436485392701233
19009,corn,2022,11,197.9,187.56344572675508,10.336554273244928,10.336554273244928,5.223119895525482
19009,corn,2022,12,197.9,193.81250951213715,4.087490487862851,4.087490487862851,2.065432282901895
19011,corn,2022,1,221.7,195.95278963771997,25.747210362280015,25.747210362280015,11.613536473739295
19011,corn,2022,2,221.7,190.6678858443375,31.032114155662498,31.032114155662498,13.997345131106226
19011,corn,2022,3,221.7,193.98760461684148,27.71239538315851,27.71239538315851,12.499952811528422
19011,corn,2022,4,221.7,194.63670853426507,27.06329146573492,27.06329146573492,12.207168004391033
19011,corn,2022,5,221.7,194.8635153590022,26.83648464099778,26.83648464099778,12.10486452007117
19011,corn,2022,6,221.7,192.54885187690354,29.151148123096448,29.151148123096448,13.148916609425552
19011,corn,2022,7,221.7,193.62914486843647,28.07085513156352,28.07085513156352,12.661639662410249
19011,corn,2022,8,221.7,196.8787884583763,24.821211541623683,24.821211541623683,11.195855454047669
19011,corn,2022,9,221.7,196.96638430963057,24.73361569036942,24.73361569036942,11.15634447017114
19011,corn,2022,10,221.7,183.2407690436807,38.45923095631929,38.45923095631929,17.347420368208972
19011,corn,2022,11,221.7,189.9300224763063,31.769977523693683,31.769977523693683,14.330165775233958
19011,corn,2022,12,221.7,193.3866650860123,28.31333491398769,28.31333491398769,12.771012590883036
19013,corn,2022,1,202.5,194.95625752084754,7.543742479152456,7.543742479152456,3.7253049279765214
19013,corn,2022,2,202.5,190.11247469572888,12.387525304271122,12.387525304271122,6.117296446553641
19013,corn,2022,3,202.5,193.39475754879481,9.105242451205186,9.105242451205186,4.4964160252865115
19013,corn,2022,4,202.5,189.31542200080324,13.184577999196762,13.184577999196762,6.510902715652723
19013,corn,2022,5,202.5,190.8069047722909,11.693095227709108,11.693095227709108,5.77436801368351
19013,corn,2022,6,202.5,192.03674991822226,10.463250081777744,10.463250081777744,5.167037077421108
19013,corn,2022,7,202.5,193.22733352702028,9.272666472979722,9.272666472979722,4.579094554557887
19013,corn,2022,8,202.5,191.43313424880054,11.066865751199458,11.066865751199458,5.4651188894812135
19013,corn,2022,9,202.5,195.86360669792052,6.636393302079483,6.636393302079483,3.2772312602861646
19013,corn,2022,10,202.5,182.39591315654272,20.10408684345728,20.10408684345728,9.927944120225817
19013,corn,2022,11,202.5,186.58118007536282,15.918819924637177,15.918819924637177,7.861145641796137
19013,corn,2022,12,202.5,192.77411130410897,9.72588869589103,9.72588869589103,4.802907997970879
19015,corn,2022,1,202.4,193.36654211755877,9.03345788244124,9.03345788244124,4.463170890534209
19015,corn,2022,2,202.4,191.4716112101607,10.928388789839317,10.928388789839317,5.399401576007568
19015,corn,2022,3,202.4,194.52101993810533,7.87898006189468,7.87898006189468,3.892776710422272
19015,corn,2022,4,202.4,190.6048981169673,11.795101883032714,11.795101883032714,5.82761950742723
19015,corn,2022,5,202.4,190.55646536510744,11.843534634892563,11.843534634892563,5.851548732654428
19015,corn,2022,6,202.4,193.5204048108285,8.87959518917151,8.87959518917151,4.387151773306082
19015,corn,2022,7,202.4,190.76074612054228,11.639253879457726,11.639253879457726,5.750619505660932
19015,corn,2022,8,202.4,197.64806334995836,4.7519366500416425,4.7519366500416425,2.347794787569981
19015,corn,2022,9,202.4,194.21886763658014,8.181132363419863,8.181132363419863,4.042061444377403
19015,corn,2022,10,202.4,182.74771999446583,19.65228000553418,19.65228000553418,9.709624508663133
19015,corn,2022,11,202.4,191.32317498279053,11.076825017209472,11.076825017209472,5.472739633008632
19015,corn,2022,12,202.4,192.41113773796874,9.988862262031262,9.988862262031262,4.9352086274858005
19017,corn,2022,1,210.8,194.92041037092605,15.879589629073962,15.879589629073962,7.533012158004726
19017,corn,2022,2,210.8,190.12078563967816,20.67921436032185,20.67921436032185,9.809873984972414
19017,corn,2022,3,210.8,193.95154327713414,16.848456722865876,16.848456722865876,7.992626528873754
19017,corn,2022,4,210.8,191.2809301245437,19.519069875456324,19.519069875456324,9.259520813783835
19017,corn,2022,5,210.8,192.11353552144467,18.686464478555337,18.686464478555337,8.864546716582227
19017,corn,2022,6,210.8,191.35699498847214,19.443005011527873,19.443005011527873,9.223436912489504
19017,corn,2022,7,210.8,188.37849545818472,22.421504541815295,22.421504541815295,10.636387353802322
19017,corn,2022,8,210.8,191.0745997233586,19.72540027664141,19.72540027664141,9.357400510740705
19017,corn,2022,9,210.8,199.25276948992396,11.547230510076048,11.547230510076048,5.477813334950687
19017,corn,2022,10,210.8,182.42278218530987,28.37721781469014,28.37721781469014,13.461678280213537
19017,corn,2022,11,210.8,186.0857001772447,24.714299822755322,24.714299822755322,11.724051149314668
19017,corn,2022,12,210.8,194.2550236426084,16.54497635739162,16.54497635739162,7.848660511096593
19019,corn,2022,1,209.7,196.13413912972675,13.56586087027324,13.56586087027324,6.469175426930492
19019,corn,2022,2,209.7,189.64564176780485,20.054358232195142,20.054358232195142,9.563356333903263
19019,corn,2022,3,209.7,192.88474270125513,16.815257298744854,16.815257298744854,8.018720695634169
19019,corn,2022,4,209.7,192.24157168880373,17.458428311196258,17.458428311196258,8.325430763565217
19019,corn,2022,5,209.7,193.08534532781147,16.61465467218852,16.61465467218852,7.923058975769444
19019,corn,2022,6,209.7,192.8141014639234,16.88589853607658,16.88589853607658,8.05240750408993
19019,corn,2022,7,209.7,194.07862652284723,15.621373477152758,15.621373477152758,7.449391262352294
19019,corn,2022,8,209.7,195.55683383033002,14.143166169669968,14.143166169669968,6.744475998888874
19019,corn,2022,9,209.7,198.95526538942048,10.744734610579513,10.744734610579513,5.123860090881981
19019,corn,2022,10,209.7,182.68171872497015,27.018281275029835,27.018281275029835,12.884254303781514
19019,corn,2022,11,209.7,191.59126032971434,18.108739670285644,18.108739670285644,8.635545860889673
19019,corn,2022,12,209.7,193.7793462521163,15.920653747883676,15.920653747883676,7.592109560268802
19021,corn,2022,1,197.0,196.55248505423478,0.4475149457652208,0.4475149457652208,0.22716494708894455
19021,corn,2022,2,197.0,191.32253575319848,5.67746424680152,5.67746424680152,2.881961546599756
19021,corn,2022,3,197.0,195.01919053051927,1.9808094694807323,1.9808094694807323,1.0054870403455494
19021,corn,2022,4,197.0,195.17622859687077,1.8237714031292285,1.8237714031292285,0.9257722858524003
19021,corn,2022,5,197.0,195.072088409629,1.9279115903709965,1.9279115903709965,0.9786353250614196
19021,corn,2022,6,197.0,197.4045773115023,-0.4045773115022939,0.4045773115022939,0.20536919365598677
19021,corn,2022,7,197.0,192.94777432867326,4.052225671326738,4.052225671326738,2.056967345851136
19021,corn,2022,8,197.0,196.25780646726324,0.7421935327367635,0.7421935327367635,0.37674798616079364
19021,corn,2022,9,197.0,196.32562754412993,0.6743724558700706,0.6743724558700706,0.34232104358886833
19021,corn,2022,10,197.0,180.64444240618846,16.35555759381154,16.35555759381154,8.302313499396721
19021,corn,2022,11,197.0,197.9073582803851,-0.9073582803850968,0.9073582803850968,0.4605879595863435
19021,corn,2022,12,197.0,195.97444450061133,1.0255554993886733,1.0255554993886733,0.520586547913032
19023,corn,2022,1,212.4,196.88265232581094,15.517347674189068,15.517347674189068,7.305719243968488
19023,corn,2022,2,212.4,187.6969639785318,24.703036021468193,24.703036021468193,11.630431271877681
19023,corn,2022,3,212.4,195.07799842961768,17.322001570382326,17.322001570382326,8.155367970989795
19023,corn,2022,4,212.4,193.39898497708344,19.00101502291656,19.00101502291656,8.945863946759209
19023,corn,2022,5,212.4,193.6641007716308,18.735899228369192,18.735899228369192,8.821044834448772
19023,corn,2022,6,212.4,194.31427071509538,18.08572928490463,18.08572928490463,8.514938458053027
19023,corn,2022,7,212.4,192.71925772808075,19.680742271919257,19.680742271919257,9.265886192052381
19023,corn,2022,8,212.4,197.46531785792817,14.934682142071836,14.934682142071836,7.0313946054952146
19023,corn,2022,9,212.4,197.11885598592946,15.281144014070549,15.281144014070549,7.1945122476791665
19023,corn,2022,10,212.4,177.02929127804478,35.370708721955225,35.370708721955225,16.65287604611828
19023,corn,2022,11,212.4,184.83072263435363,27.56927736564637,27.56927736564637,12.97988576537023
19023,corn,2022,12,212.4,196.0790381926514,16.320961807348596,16.320961807348596,7.684068647527587
19025,corn,2022,1,202.3,196.5413726127051,5.758627387294922,5.758627387294922,2.8465780461171137
19025,corn,2022,2,202.3,191.35597692728624,10.944023072713776,10.944023072713776,5.409798849586641
19025,corn,2022,3,202.3,195.92746440928377,6.3725355907162395,6.3725355907162395,3.1500423088068406
19025,corn,2022,4,202.3,197.59051009462863,4.709489905371385,4.709489905371385,2.3279732601934673
19025,corn,2022,5,202.3,195.89979579281075,6.400204207189262,6.400204207189262,3.1637193312848546
19025,corn,2022,6,202.3,195.83946569008398,6.460534309916028,6.460534309916028,3.1935414285299197
19025,corn,2022,7,202.3,195.31904958872013,6.980950411279878,6.980950411279878,3.450791107899099
19025,corn,2022,8,202.3,199.55244465508846,2.7475553449115466,2.7475553449115466,1.3581588457298797
19025,corn,2022,9,202.3,190.0474925740462,12.252507425953809,12.252507425953809,6.056602780995457
19025,corn,2022,10,202.3,183.022505660197,19.277494339803013,19.277494339803013,9.529161809096893
19025,corn,2022,11,202.3,196.82458336363254,5.47541663636747,5.47541663636747,2.7065826180758625
19025,corn,2022,12,202.3,196.99664704898538,5.303352951014631,5.303352951014631,2.6215288932351117
19027,corn,2022,1,195.7,197.67169572058808,-1.9716957205880874,1.9716957205880874,1.0075093104691302
19027,corn,2022,2,195.7,191.93360125658722,3.766398743412765,3.766398743412765,1.9245777942834774
19027,corn,2022,3,195.7,195.49898471256026,0.20101528743973063,0.20101528743973063,0.10271603854866153
19027,corn,2022,4,195.7,195.9313185787763,-0.23131857877632456,0.23131857877632456,0.11820060233843871
19027,corn,2022,5,195.7,195.4369072497736,0.26309275022637735,0.26309275022637735,0.13443676557300838
19027,corn,2022,6,195.7,195.81743751379383,-0.11743751379384548,0.11743751379384548,0.06000894930702376
19027,corn,2022,7,195.7,194.93444633898983,0.7655536610101592,0.7655536610101592,0.391187358717506
19027,corn,2022,8,195.7,196.54155862228865,-0.8415586222886589,0.8415586222886589,0.43002484531868107
19027,corn,2022,9,195.7,194.4700090721216,1.22999092787839,1.22999092787839,0.628508394419208
19027,corn,2022,10,195.7,179.55248058073312,16.14751941926687,16.14751941926687,8.25115964193504
19027,corn,2022,11,195.7,196.2407064132925,-0.5407064132924972,0.5407064132924972,0.27629351726749984
19027,corn,2022,12,195.7,198.3784862501296,-2.678486250129623,2.678486250129623,1.3686695197392047
19029,corn,2022,1,179.2,198.17367601686183,-18.973676016861845,18.973676016861845,10.587988848695225
19029,corn,2022,2,179.2,192.71635648585908,-13.516356485859092,13.516356485859092,7.542609646126726
19029,corn,2022,3,179.2,192.33498336829416,-13.134983368294172,13.134983368294172,7.3297898260570165
19029,corn,2022,4,179.2,194.25536094825532,-15.055360948255327,15.055360948255327,8.401429100588912
19029,corn,2022,5,179.2,191.52592588560046,-12.32592588560047,12.32592588560047,6.878306855803834
19029,corn,2022,6,179.2,193.96604153970333,-14.766041539703338,14.766041539703338,8.239978537780882
19029,corn,2022,7,179.2,192.88733053119716,-13.687330531197176,13.687330531197176,7.638019269641282
19029,corn,2022,8,179.2,193.3218623352058,-14.121862335205805,14.121862335205805,7.880503535271097
19029,corn,2022,9,179.2,190.0112559893789,-10.811255989378907,10.811255989378907,6.0330669583587655
19029,corn,2022,10,179.2,178.4399799837233,0.7600200162766839,0.7600200162766839,0.4241183126543996
19029,corn,2022,11,179.2,185.73813586218077,-6.538135862180781,6.538135862180781,3.6485133159490966
19029,corn,2022,12,179.2,195.35614646805357,-16.156146468053578,16.156146468053578,9.0157067344049
19031,corn,2022,1,221.4,196.6463701698931,24.753629830106917,24.753629830106917,11.18050127827774
19031,corn,2022,2,221.4,189.13313030604158,32.26686969395843,32.26686969395843,14.574015218590075
19031,corn,2022,3,221.4,193.60067219610744,27.799327803892567,27.799327803892567,12.556155286311006
19031,corn,2022,4,221.4,197.05538934787413,24.34461065212588,24.34461065212588,10.995759102134544
19031,corn,2022,5,221.4,192.13319789714458,29.266802102855422,29.266802102855422,13.218971139501093
19031,corn,2022,6,221.4,189.42630460171802,31.97369539828199,31.97369539828199,14.441596837525742
19031,corn,2022,7,221.4,194.97405126417456,26.425948735825443,26.425948735825443,11.935839537409866
19031,corn,2022,8,221.4,203.58936152938847,17.810638470611536,17.810638470611536,8.044552154747759
19031,corn,2022,9,221.4,198.53606817459305,22.86393182540695,22.86393182540695,10.326979144266915
19031,corn,2022,10,221.4,179.91598687000194,41.48401312999806,41.48401312999806,18.737133301715474
19031,corn,2022,11,221.4,187.92139039454833,33.47860960545168,33.47860960545168,15.121323218361194
19031,corn,2022,12,221.4,194.33372797370248,27.066272026297526,27.066272026297526,12.225055115762206
19033,corn,2022,1,216.9,193.79039806646608,23.109601933533924,23.109601933533924,10.654496050499734
19033,corn,2022,2,216.9,189.58749583442437,27.312504165575632,27.312504165575632,12.59221031146871
19033,corn,2022,3,216.9,194.98648415614073,21.913515843859273,21.913515843859273,10.10305018158565
19033,corn,2022,4,216.9,194.88740167335635,22.012598326643655,22.012598326643655,10.14873136313677
19033,corn,2022,5,216.9,192.18128813493902,24.718711865060982,24.718711865060982,11.396363238847847
19033,corn,2022,6,216.9,194.70576359771445,22.194236402285554,22.194236402285554,10.232474136600072
19033,corn,2022,7,216.9,190.95668285831934,25.943317141680666,25.943317141680666,11.960957649460887
19033,corn,2022,8,216.9,198.45349742666653,18.446502573333476,18.446502573333476,8.504611605962875
19033,corn,2022,9,216.9,194.31720546334864,22.582794536651363,22.582794536651363,10.411615738428475
19033,corn,2022,10,216.9,179.03175152704543,37.868248472954576,37.868248472954576,17.4588513015005
19033,corn,2022,11,216.9,187.13737378294087,29.762626217059136,29.762626217059136,13.721819371627078
19033,corn,2022,12,216.9,194.63038926591219,22.26961073408782,22.26961073408782,10.26722486587728
19035,corn,2022,1,198.8,196.7184642364302,2.0815357635698035,2.0815357635698035,1.0470501828821948
19035,corn,2022,2,198.8,192.87499110473237,5.925008895267638,5.925008895267638,2.9803867682432785
19035,corn,2022,3,198.8,193.26469137871234,5.535308621287669,5.535308621287669,2.7843604734847425
19035,corn,2022,4,198.8,192.1135757653333,6.686424234666703,6.686424234666703,3.3633924721663497
19035,corn,2022,5,198.8,194.05812968530685,4.741870314693159,4.741870314693159,2.3852466371695966
19035,corn,2022,6,198.8,199.91611575828676,-1.1161157582867531,1.1161157582867531,0.5614264377699965
19035,corn,2022,7,198.8,194.490450919116,4.309549080884011,4.309549080884011,2.1677812278088586
19035,corn,2022,8,198.8,192.66609478925676,6.133905210743251,6.133905210743251,3.0854653977581745
19035,corn,2022,9,198.8,189.97352743727916,8.826472562720852,8.826472562720852,4.4398755345678325
19035,corn,2022,10,198.8,181.0514524477583,17.748547552241718,17.748547552241718,8.927840821047141
19035,corn,2022,11,198.8,195.28959099720478,3.510409002795228,3.510409002795228,1.7657992971806984
19035,corn,2022,12,198.8,196.7478404662451,2.052159533754917,2.052159533754917,1.0322734073213868
19037,corn,2022,1,214.6,193.13802516734603,21.461974832653965,21.461974832653965,10.000920238888147
19037,corn,2022,2,214.6,187.67566948324625,26.92433051675374,26.92433051675374,12.54628635449848
19037,corn,2022,3,214.6,194.203251919804,20.396748080196005,20.396748080196005,9.504542441843432
19037,corn,2022,4,214.6,191.30134475027518,23.298655249724817,23.298655249724817,10.856782502201686
19037,corn,2022,5,214.6,192.91001071673196,21.689989283268034,21.689989283268034,10.107171147841582
19037,corn,2022,6,214.6,194.2010388696435,20.398961130356497,20.398961130356497,9.50557368609343
19037,corn,2022,7,214.6,189.03679413451607,25.563205865483923,25.563205865483923,11.912025100411894
19037,corn,2022,8,214.6,190.61327195773026,23.986728042269732,23.986728042269732,11.177412880833986
19037,corn,2022,9,214.6,194.79235649494962,19.80764350505038,19.80764350505038,9.230029592288155
19037,corn,2022,10,214.6,178.92446251382225,35.675537486177745,35.675537486177745,16.624201997286928
19037,corn,2022,11,214.6,183.0970951517139,31.502904848286107,31.502904848286107,14.679825185594645
19037,corn,2022,12,214.6,193.6642782638334,20.935721736166585,20.935721736166585,9.755695124029163
19041,corn,2022,1,191.5,196.38978045452944,-4.889780454529443,4.889780454529443,2.5534101590232083
19041,corn,2022,2,191.5,190.51803097435229,0.9819690256477145,0.9819690256477145,0.5127775590849684
19041,corn,2022,3,191.5,194.96316004050047,-3.463160040500469,3.463160040500469,1.8084386634467202
19041,corn,2022,4,191.5,196.20727205513694,-4.70727205513694,4.70727205513694,2.4581055118208566
19041,corn,2022,5,191.5,193.34485841084575,-1.8448584108457453,1.8448584108457453,0.9633725383006503
19041,corn,2022,6,191.5,198.4945500686652,-6.994550068665205,6.994550068665205,3.652506563271648
19041,corn,2022,7,191.5,190.98651277015364,0.513487229846362,0.513487229846362,0.2681395456116773
19041,corn,2022,8,191.5,192.9326514127778,-1.4326514127778012,1.4326514127778012,0.7481208421816194
19041,corn,2022,9,191.5,191.37927010456485,0.12072989543514723,0.12072989543514723,0.06304433181992022
19041,corn,2022,10,191.5,179.28444122770577,12.21555877229423,12.21555877229423,6.378881865427796
19041,corn,2022,11,191.5,195.19028947715876,-3.690289477158757,3.690289477158757,1.9270441133988285
19041,corn,2022,12,191.5,196.8586361124017,-5.358636112401712,5.358636112401712,2.7982434007319643
19043,corn,2022,1,215.4,198.47082988820614,16.929170111793866,16.929170111793866,7.859410451157784
19043,corn,2022,2,215.4,188.74787906349167,26.65212093650834,26.65212093650834,12.373315198007585
19043,corn,2022,3,215.4,198.49765699573695,16.90234300426306,16.90234300426306,7.846955897986565
19043,corn,2022,4,215.4,201.25816209773072,14.141837902269287,14.141837902269287,6.565384355742474
19043,corn,2022,5,215.4,194.39468168932265,21.005318310677353,21.005318310677353,9.751772660481594
19043,corn,2022,6,215.4,196.17693014284993,19.22306985715008,19.22306985715008,8.924359265157882
19043,corn,2022,7,215.4,205.41782306080518,9.98217693919483,9.98217693919483,4.634251132402428
19043,corn,2022,8,215.4,203.59268794239807,11.807312057601933,11.807312057601933,5.48157477140294
19043,corn,2022,9,215.4,199.8716184862655,15.528381513734502,15.528381513734502,7.209090767750465
19043,corn,2022,10,215.4,179.8923970449772,35.507602955022804,35.507602955022804,16.48449533659369
19043,corn,2022,11,215.4,201.15831555114767,14.24168444885234,14.24168444885234,6.611738369940732
19043,corn,2022,12,215.4,199.3244006759048,16.075599324095208,16.075599324095208,7.4631380334703845
19045,corn,2022,1,225.2,198.2021111444804,26.99788885551959,26.99788885551959,11.988405353250263
19045,corn,2022,2,225.2,190.60087670626805,34.599123293731935,34.599123293731935,15.363731480342778
19045,corn,2022,3,225.2,197.79270327970198,27.407296720298007,27.407296720298007,12.170202806526646
19045,corn,2022,4,225.2,198.91294390094836,26.287056099051625,26.287056099051625,11.67276025712772
19045,corn,2022,5,225.2,190.75759896151249,34.4424010384875,34.4424010384875,15.294139004656973
19045,corn,2022,6,225.2,195.4813171801734,29.718682819826597,29.718682819826597,13.19657318820009
19045,corn,2022,7,225.2,199.73106911958314,25.46893088041685,25.46893088041685,11.30947197176592
19045,corn,2022,8,225.2,205.55671107813038,19.643288921869612,19.643288921869612,8.722597212197874
19045,corn,2022,9,225.2,201.51461296301852,23.685387036981467,23.685387036981467,10.517489803277739
19045,corn,2022,10,225.2,179.2817612931781,45.91823870682188,45.91823870682188,20.38998166377526
19045,corn,2022,11,225.2,191.25833044367576,33.94166955632423,33.94166955632423,15.07178932341218
19045,corn,2022,12,225.2,197.6402548076219,27.559745192378102,27.559745192378102,12.237897509936992
19047,corn,2022,1,216.4,199.1695343027123,17.230465697287713,17.230465697287713,7.962322410946262
19047,corn,2022,2,216.4,192.44448970625308,23.955510293746926,23.955510293746926,11.070013998958837
19047,corn,2022,3,216.4,196.27516268445086,20.124837315549144,20.124837315549144,9.299832400900714
19047,corn,2022,4,216.4,201.74682790878822,14.653172091211786,14.653172091211786,6.771336456197682
19047,corn,2022,5,216.4,206.689856467891,9.710143532109015,9.710143532109015,4.4871273253738515
19047,corn,2022,6,216.4,200.39940097309048,16.000599026909526,16.000599026909526,7.393992156612534
19047,corn,2022,7,216.4,197.06920797187368,19.330792028126325,19.330792028126325,8.932898349411426
19047,corn,2022,8,216.4,201.77510871626004,14.62489128373997,14.62489128373997,6.758267691192223
19047,corn,2022,9,216.4,198.18461320082605,18.215386799173956,18.215386799173956,8.417461552298501
19047,corn,2022,10,216.4,182.2971486740237,34.1028513259763,34.1028513259763,15.759173440839328
19047,corn,2022,11,216.4,190.6163327609344,25.783667239065608,25.783667239065608,11.914818502340854
19047,corn,2022,12,216.4,199.53462371255372,16.86537628744628,16.86537628744628,7.793611962775546
19049,corn,2022,1,187.2,198.34779393758117,-11.147793937581184,11.147793937581184,5.955018129049779
19049,corn,2022,2,187.2,189.35006564143117,-2.1500656414311834,2.1500656414311834,1.1485393383713587
19049,corn,2022,3,187.2,195.46063766756168,-8.260637667561696,8.260637667561696,4.41273379677441
19049,corn,2022,4,187.2,199.6130898162459,-12.4130898162459,12.4130898162459,6.630924047139905
19049,corn,2022,5,187.2,193.50532469423837,-6.305324694238379,6.305324694238379,3.368229003332468
19049,corn,2022,6,187.2,196.83431022521063,-9.63431022521064,9.63431022521064,5.146533239962949
19049,corn,2022,7,187.2,187.84144366086855,-0.6414436608685605,0.6414436608685605,0.34265152824175243
19049,corn,2022,8,187.2,195.4647054809587,-8.264705480958725,8.264705480958725,4.414906774016413
19049,corn,2022,9,187.2,193.98624206956026,-6.786242069560274,6.786242069560274,3.6251293106625395
19049,corn,2022,10,187.2,178.95843609884426,8.241563901155729,8.241563901155729,4.402544818993445
19049,corn,2022,11,187.2,192.64711112259573,-5.447111122595743,5.447111122595743,2.909781582583196
19049,corn,2022,12,187.2,195.17895398510132,-7.978953985101327,7.978953985101327,4.26226174417806
19051,corn,2022,1,154.9,181.64403978595124,-26.74403978595123,26.74403978595123,17.265358157489498
19051,corn,2022,2,154.9,191.5476052785098,-36.647605278509786,36.647605278509786,23.658880102330397
19051,corn,2022,3,154.9,191.68805568579677,-36.78805568579676,36.78805568579676,23.74955176616963
19051,corn,2022,4,154.9,189.97624000914925,-35.076240009149245,35.076240009149245,22.64444158111636
19051,corn,2022,5,154.9,173.16944843751597,-18.269448437515962,18.269448437515962,11.794350185613919
19051,corn,2022,6,154.9,179.8122745995712,-24.91227459957119,24.91227459957119,16.082811232776752
19051,corn,2022,7,154.9,184.91329430310196,-30.013294303101958,30.013294303101958,19.375916270562914
19051,corn,2022,8,154.9,180.99310336700697,-26.09310336700696,26.09310336700696,16.845128061334382
19051,corn,2022,9,154.9,178.64421703328324,-23.744217033283235,23.744217033283235,15.328739208058897
19051,corn,2022,10,154.9,179.1349937560867,-24.23499375608668,24.23499375608668,15.645573761192175
19051,corn,2022,11,154.9,180.2567599872095,-25.3567599872095,25.3567599872095,16.369761127959652
19051,corn,2022,12,154.9,172.569343286341,-17.66934328634099,17.66934328634099,11.406935627076171
19053,corn,2022,1,148.7,187.61275586495375,-38.912755864953766,38.912755864953766,26.168632054440998
19053,corn,2022,2,148.7,191.2742053198626,-42.574205319862614,42.574205319862614,28.630938345570016
19053,corn,2022,3,148.7,194.953227937224,-46.25322793722401,46.25322793722401,31.1050624998144
19053,corn,2022,4,148.7,192.21272162213245,-43.51272162213246,43.51272162213246,29.26208582524039
19053,corn,2022,5,148.7,181.80121114907536,-33.10121114907537,33.10121114907537,22.2603975447716
19053,corn,2022,6,148.7,184.06494802873135,-35.36494802873136,35.36494802873136,23.782749178703003
19053,corn,2022,7,148.7,186.73710558133186,-38.03710558133187,38.03710558133187,25.579761655233273
19053,corn,2022,8,148.7,185.11430963448754,-36.41430963448755,36.41430963448755,24.488439565896137
19053,corn,2022,9,148.7,179.93475169322036,-31.234751693220375,31.234751693220375,21.005212974593395
19053,corn,2022,10,148.7,176.60604978690333,-27.90604978690334,27.90604978690334,18.76667773160951
19053,corn,2022,11,148.7,181.22140984143547,-32.521409841435485,32.521409841435485,21.870484089734692
19053,corn,2022,12,148.7,181.6452929266122,-32.94529292661221,32.94529292661221,22.155543326571763
19055,corn,2022,1,230.8,196.58542732964113,34.214572670358876,34.214572670358876,14.824338245389459
19055,corn,2022,2,230.8,187.7744398334867,43.025560166513316,43.025560166513316,18.641923815647015
19055,corn,2022,3,230.8,193.26060357515115,37.53939642484886,37.53939642484886,16.264903130350458
19055,corn,2022,4,230.8,195.2522520896785,35.547747910321505,35.547747910321505,15.401970498406198
19055,corn,2022,5,230.8,189.59562664415074,41.20437335584927,41.20437335584927,17.852848074458088
19055,corn,2022,6,230.8,189.06601137911267,41.733988620887345,41.733988620887345,18.082317426727617
19055,corn,2022,7,230.8,195.65425812331497,35.14574187668504,35.14574187668504,15.227791107749148
19055,corn,2022,8,230.8,198.65362932661338,32.14637067338663,32.14637067338663,13.928236860219508
19055,corn,2022,9,230.8,196.85212922820392,33.94787077179609,33.94787077179609,14.70878283006763
19055,corn,2022,10,230.8,180.07769754196391,50.7223024580361,50.7223024580361,21.976734167260005
19055,corn,2022,11,230.8,185.66711478925146,45.132885210748555,45.132885210748555,19.554976261156217
19055,corn,2022,12,230.8,196.4604046805007,34.339595319499324,34.339595319499324,14.878507504115824
19057,corn,2022,1,194.8,194.26852460660297,0.5314753933970451,0.5314753933970451,0.27283131077877054
19057,corn,2022,2,194.8,193.47534686272942,1.3246531372705874,1.3246531372705874,0.680006743978741
19057,corn,2022,3,194.8,191.08342411260634,3.716575887393674,3.716575887393674,1.9078931660131793
19057,corn,2022,4,194.8,192.46692255806119,2.3330774419388263,2.3330774419388263,1.1976783582848185
19057,corn,2022,5,194.8,188.22528247199074,6.574717528009273,6.574717528009273,3.375111667355889
19057,corn,2022,6,194.8,186.0341984047183,8.765801595281715,8.765801595281715,4.499898149528601
19057,corn,2022,7,194.8,191.8750366041973,2.924963395802706,2.924963395802706,1.5015212504120667
19057,corn,2022,8,194.8,191.64409185379736,3.1559081462026484,3.1559081462026484,1.6200760504120373
19057,corn,2022,9,194.8,193.48196784631716,1.31803215368285,1.31803215368285,0.6766078817673769
19057,corn,2022,10,194.8,177.75145186448302,17.048548135516995,17.048548135516995,8.751821424803385
19057,corn,2022,11,194.8,184.82623513943088,9.973764860569133,9.973764860569133,5.120002495158692
19057,corn,2022,12,194.8,185.53349625716103,9.266503742838978,9.266503742838978,4.756932106180174
19059,corn,2022,1,203.4,192.30161119800295,11.09838880199706,11.09838880199706,5.4564350058982605
19059,corn,2022,2,203.4,190.02014763200407,13.379852367995937,13.379852367995937,6.578098509339202
19059,corn,2022,3,203.4,193.98256351661246,9.417436483387547,9.417436483387547,4.630008103927015
19059,corn,2022,4,203.4,193.62956067095266,9.770439329047349,9.770439329047349,4.8035591588236715
19059,corn,2022,5,203.4,193.08782035454658,10.312179645453426,10.312179645453426,5.0699014972730705
19059,corn,2022,6,203.4,196.187210783695,7.212789216304998,7.212789216304998,3.546110725813666
19059,corn,2022,7,203.4,184.82487286146994,18.575127138530064,18.575127138530064,9.132314227399245
19059,corn,2022,8,203.4,187.7458529756699,15.654147024330115,15.654147024330115,7.696237475088552
19059,corn,2022,9,203.4,191.8666704910627,11.5333295089373,11.5333295089373,5.6702701617194196
19059,corn,2022,10,203.4,180.34194673127456,23.058053268725445,23.058053268725445,11.336309374987927
19059,corn,2022,11,203.4,193.0345173803744,10.365482619625595,10.365482619625595,5.096107482608454
19059,corn,2022,12,203.4,192.42014626623845,10.979853733761558,10.979853733761558,5.398158177857207
19061,corn,2022,1,223.7,198.04414134471637,25.655858655283623,25.655858655283623,11.468868419885393
19061,corn,2022,2,223.7,188.77018719852515,34.92981280147484,34.92981280147484,15.614578811566759
19061,corn,2022,3,223.7,197.81918490463678,25.880815095363204,25.880815095363204,11.569430082862407
19061,corn,2022,4,223.7,199.32358990213308,24.37641009786691,24.37641009786691,10.896920025868088
19061,corn,2022,5,223.7,183.18606088785754,40.51393911214245,40.51393911214245,18.110835544095867
19061,corn,2022,6,223.7,192.870989797177,30.829010202822985,30.829010202822985,13.781408226563697
19061,corn,2022,7,223.7,203.7986424386422,19.9013575613578,19.9013575613578,8.89644951334725
19061,corn,2022,8,223.7,197.48657463598158,26.213425364018406,26.213425364018406,11.718115942788739
19061,corn,2022,9,223.7,198.2992826684766,25.400717331523396,25.400717331523396,11.354813290801697
19061,corn,2022,10,223.7,178.6783638305814,45.0216361694186,45.0216361694186,20.125899047572016
19061,corn,2022,11,223.7,195.58676582803744,28.113234171962546,28.113234171962546,12.567382285186653
19061,corn,2022,12,223.7,197.94167233418284,25.75832766581715,25.75832766581715,11.514674861786835
19063,corn,2022,1,213.7,191.5317905622359,22.16820943776409,22.16820943776409,10.373518688705705
19063,corn,2022,2,213.7,189.85951914288796,23.840480857112027,23.840480857112027,11.15605093921948
19063,corn,2022,3,213.7,193.82117873202256,19.87882126797743,19.87882126797743,9.30220929713497
19063,corn,2022,4,213.7,194.1764445535902,19.5235554464098,19.5235554464098,9.135964177075246
19063,corn,2022,5,213.7,192.84240771271433,20.857592287285655,20.857592287285655,9.760221004813129
19063,corn,2022,6,213.7,195.73361832918138,17.966381670818606,17.966381670818606,8.407291376143476
19063,corn,2022,7,213.7,183.97325343182143,29.726746568178555,29.726746568178555,13.91050377546961
19063,corn,2022,8,213.7,190.50475442760757,23.195245572392423,23.195245572392423,10.854115850441005
19063,corn,2022,9,213.7,195.25485836793354,18.445141632066452,18.445141632066452,8.631325050101287
19063,corn,2022,10,213.7,179.92795280115155,33.77204719884844,33.77204719884844,15.803484884814434
19063,corn,2022,11,213.7,195.07005646960073,18.62994353039926,18.62994353039926,8.717802307159223
19063,corn,2022,12,213.7,191.69266902537584,22.007330974624153,22.007330974624153,10.298236300713222
19065,corn,2022,1,209.8,197.9765923122621,11.823407687737898,11.823407687737898,5.635561338292611
19065,corn,2022,2,209.8,186.6125823575571,23.18741764244291,23.18741764244291,11.052153309076695
19065,corn,2022,3,209.8,194.37043932043764,15.429560679562371,15.429560679562371,7.3544140512690035
19065,corn,2022,4,209.8,196.94536024355372,12.85463975644629,12.85463975644629,6.127092352929594
19065,corn,2022,5,209.8,191.70060570180473,18.09939429819528,18.09939429819528,8.626975356623106
19065,corn,2022,6,209.8,193.30404567136517,16.495954328634838,16.495954328634838,7.862704637099541
19065,corn,2022,7,209.8,198.2200023667118,11.579997633288201,11.579997633288201,5.519541293273689
19065,corn,2022,8,209.8,198.07069675288616,11.729303247113847,11.729303247113847,5.590706981465132
19065,corn,2022,9,209.8,198.08088685540227,11.719113144597742,11.719113144597742,5.58584992592838
19065,corn,2022,10,209.8,177.33529363778842,32.46470636221159,32.46470636221159,15.47412124032964
19065,corn,2022,11,209.8,189.5894279127741,20.2105720872259,20.2105720872259,9.633256476275452
19065,corn,2022,12,209.8,198.87603365031407,10.92396634968594,10.92396634968594,5.20684764046041
19067,corn,2022,1,204.6,193.99426140816755,10.605738591832448,10.605738591832448,5.1836454505534935
19067,corn,2022,2,204.6,187.57294085828784,17.027059141712158,17.027059141712158,8.322120792625688
19067,corn,2022,3,204.6,193.94766368480347,10.652336315196521,10.652336315196521,5.206420486410812
19067,corn,2022,4,204.6,192.93254814753413,11.66745185246586,11.66745185246586,5.702566887813226
19067,corn,2022,5,204.6,192.29940669848366,12.30059330151633,12.30059330151633,6.012020186469369
19067,corn,2022,6,204.6,193.84778641367905,10.752213586320948,10.752213586320948,5.25523635695061
19067,corn,2022,7,204.6,189.70193684247297,14.89806315752702,14.89806315752702,7.281555795467752
19067,corn,2022,8,204.6,191.55066071745253,13.049339282547464,13.049339282547464,6.377976188928379
19067,corn,2022,9,204.6,194.0306158079084,10.569384192091604,10.569384192091604,5.16587692673099
19067,corn,2022,10,204.6,178.2348674675928,26.365132532407188,26.365132532407188,12.886184033434597
19067,corn,2022,11,204.6,183.01975312610026,21.58024687389974,21.58024687389974,10.547530241397721
19067,corn,2022,12,204.6,193.19592478989134,11.404075210108658,11.404075210108658,5.573839301128376
19069,corn,2022,1,220.1,194.61362285546713,25.486377144532867,25.486377144532867,11.579453495925883
19069,corn,2022,2,220.1,188.4837725682768,31.61622743172319,31.61622743172319,14.364483158438524
19069,corn,2022,3,220.1,195.2068631563359,24.89313684366408,24.89313684366408,11.30992132833443
19069,corn,2022,4,220.1,194.61377124109356,25.486228758906435,25.486228758906435,11.579386078558127
19069,corn,2022,5,220.1,194.06349748531747,26.036502514682525,26.036502514682525,11.829396871732179
19069,corn,2022,6,220.1,195.34127214721462,24.75872785278537,24.75872785278537,11.248854090315934
19069,corn,2022,7,220.1,192.28855624626337,27.811443753736626,27.811443753736626,12.635821787249718
19069,corn,2022,8,220.1,199.47095928859943,20.629040711400563,20.629040711400563,9.372576424988898
19069,corn,2022,9,220.1,196.21369161794667,23.88630838205333,23.88630838205333,10.852479955499014
19069,corn,2022,10,220.1,179.27429987204033,40.825700127959664,40.825700127959664,18.548705192167045
19069,corn,2022,11,220.1,194.52860856946765,25.571391430532344,25.571391430532344,11.618078796243681
19069,corn,2022,12,220.1,196.92993054119734,23.170069458802658,23.170069458802658,10.527064724580944
19071,corn,2022,1,191.6,193.9606519612897,-2.3606519612897046,2.3606519612897046,1.232073048689825
19071,corn,2022,2,191.6,194.45902950333826,-2.859029503338263,2.859029503338263,1.4921865883811396
19071,corn,2022,3,191.6,199.6004838126928,-8.000483812692806,8.000483812692806,4.175617856311486
19071,corn,2022,4,191.6,194.39548275663134,-2.795482756631344,2.795482756631344,1.4590202278869229
19071,corn,2022,5,191.6,196.82497447757277,-5.224974477572772,5.224974477572772,2.7270221699231585
19071,corn,2022,6,191.6,194.21987521450419,-2.619875214504191,2.619875214504191,1.367367022183816
19071,corn,2022,7,191.6,193.74583362369626,-2.1458336236962623,2.1458336236962623,1.119954918421849
19071,corn,2022,8,191.6,188.52921297252396,3.0707870274760296,3.0707870274760296,1.602707216845527
19071,corn,2022,9,191.6,195.7928835532481,-4.192883553248095,4.192883553248095,2.188352585202555
19071,corn,2022,10,191.6,179.98387106049853,11.616128939501465,11.616128939501465,6.0626977763577585
19071,corn,2022,11,191.6,188.33438896471566,3.265611035284337,3.265611035284337,1.7043898931546644
19071,corn,2022,12,191.6,189.26441232601653,2.3355876739834684,2.3355876739834684,1.218991479114545
19073,corn,2022,1,197.3,196.33607470946126,0.9639252905387536,0.9639252905387536,0.4885581807089476
19073,corn,2022,2,197.3,190.0786344366568,7.221365563343198,7.221365563343198,3.660094051365027
19073,corn,2022,3,197.3,195.59917905860416,1.7008209413958468,1.7008209413958468,0.862048120322274
19073,corn,2022,4,197.3,196.74610506442264,0.5538949355773752,0.5538949355773752,0.2807374229991765
19073,corn,2022,5,197.3,194.0473552419987,3.25264475800131,3.25264475800131,1.648578184491287
19073,corn,2022,6,197.3,193.93029873013563,3.369701269864379,3.369701269864379,1.707907384624622
19073,corn,2022,7,197.3,192.8303124194308,4.4696875805692,4.4696875805692,2.2654270555343134
19073,corn,2022,8,197.3,198.66666576591965,-1.3666657659196346,1.3666657659196346,0.6926841185603825
19073,corn,2022,9,197.3,196.12000828880016,1.1799917111998468,1.1799917111998468,0.5980697978711843
19073,corn,2022,10,197.3,180.1527103231247,17.147289676875317,17.147289676875317,8.690972973581001
19073,corn,2022,11,197.3,195.02893084200568,2.271069157994333,2.271069157994333,1.1510740790645377
19073,corn,2022,12,197.3,196.28863306312076,1.0113669368792557,1.0113669368792557,0.5126036172728108
19075,corn,2022,1,207.5,198.47266107347863,9.027338926521367,9.027338926521367,4.350524783865719
19075,corn,2022,2,207.5,188.07089966346757,19.42910033653243,19.42910033653243,9.363421848931292
19075,corn,2022,3,207.5,196.44748117173884,11.052518828261157,11.052518828261157,5.326515097957183
19075,corn,2022,4,207.5,196.607059951811,10.89294004818899,10.89294004818899,5.249609661777827
19075,corn,2022,5,207.5,195.8988145398721,11.601185460127908,11.601185460127908,5.590932751868872
19075,corn,2022,6,207.5,195.45753490718994,12.042465092810062,12.042465092810062,5.8035976350891865
19075,corn,2022,7,207.5,198.9992971497773,8.500702850222694,8.500702850222694,4.0967242651675635
19075,corn,2022,8,207.5,201.29702311129643,6.202976888703574,6.202976888703574,2.9893864523872646
19075,corn,2022,9,207.5,199.0215186824061,8.47848131759389,8.47848131759389,4.086015092816332
19075,corn,2022,10,207.5,179.6471346345862,27.852865365413805,27.852865365413805,13.423067645982556
19075,corn,2022,11,207.5,196.14807660133997,11.351923398660034,11.351923398660034,5.470806457185558
19075,corn,2022,12,207.5,199.33007099542263,8.16992900457737,8.16992900457737,3.937315182928853
19077,corn,2022,1,193.6,195.91888215636462,-2.318882156364623,2.318882156364623,1.1977697088660244
19077,corn,2022,2,193.6,191.7871226369646,1.8128773630353976,1.8128773630353976,0.936403596609193
19077,corn,2022,3,193.6,196.35901451949715,-2.759014519497157,2.759014519497157,1.4251108055253912
19077,corn,2022,4,193.6,198.4506700687054,-4.850670068705398,4.850670068705398,2.505511399124689
19077,corn,2022,5,193.6,192.626795494808,0.9732045051920011,0.9732045051920011,0.5026882774752073
19077,corn,2022,6,193.6,193.24390988107564,0.3560901189243566,0.3560901189243566,0.1839308465518371
19077,corn,2022,7,193.6,189.45460878530102,4.145391214698975,4.145391214698975,2.141214470402363
19077,corn,2022,8,193.6,196.41927060560656,-2.8192706056065617,2.8192706056065617,1.4562348169455381
19077,corn,2022,9,193.6,196.16716507996796,-2.567165079967964,2.567165079967964,1.3260150206446095
19077,corn,2022,10,193.6,179.06884030232973,14.531159697670262,14.531159697670262,7.505764306647862
19077,corn,2022,11,193.6,185.31929545170675,8.280704548293244,8.280704548293244,4.277223423705188
19077,corn,2022,12,193.6,194.89659987090033,-1.2965998709003372,1.2965998709003372,0.6697313382749676
19079,corn,2022,1,208.6,196.7446195687801,11.855380431219885,11.855380431219885,5.683307972780386
19079,corn,2022,2,208.6,190.3064715691796,18.293528430820402,18.293528430820402,8.76966847115072
19079,corn,2022,3,208.6,196.863210217666,11.736789782334,11.736789782334,5.62645723026558
19079,corn,2022,4,208.6,196.4224255462336,12.177574453766397,12.177574453766397,5.837763400655032
19079,corn,2022,5,208.6,195.14828462851267,13.451715371487325,13.451715371487325,6.448569209725467
19079,corn,2022,6,208.6,194.654264962712,13.945735037287989,13.945735037287989,6.685395511643331
19079,corn,2022,7,208.6,193.38263485867088,15.217365141329111,15.217365141329111,7.294997670819326
19079,corn,2022,8,208.6,201.30244277373458,7.297557226265411,7.297557226265411,3.498349581143534
19079,corn,2022,9,208.6,195.2530191100201,13.346980889979903,13.346980889979903,6.39836092520609
19079,corn,2022,10,208.6,179.31376281772103,29.286237182278967,29.286237182278967,14.039423385560386
19079,corn,2022,11,208.6,194.88426080830155,13.715739191698447,13.715739191698447,6.5751386345630145
19079,corn,2022,12,208.6,197.08516419748548,11.514835802514511,11.514835802514511,5.520055514148855
19081,corn,2022,1,211.5,194.23714168544876,17.262858314551238,17.262858314551238,8.16210795014243
19081,corn,2022,2,211.5,189.34237592384653,22.157624076153468,22.157624076153468,10.47641800290944
19081,corn,2022,3,211.5,194.01514261694143,17.484857383058568,17.484857383058568,8.267072048727456
19081,corn,2022,4,211.5,193.91745681053553,17.582543189464474,17.582543189464474,8.313259191236158
19081,corn,2022,5,211.5,192.13331595947332,19.36668404052668,19.36668404052668,9.156824605449966
19081,corn,2022,6,211.5,195.59286956880567,15.907130431194332,15.907130431194332,7.521101858720725
19081,corn,2022,7,211.5,190.23463071588063,21.265369284119373,21.265369284119373,10.054548124879137
19081,corn,2022,8,211.5,202.54223317853533,8.957766821464674,8.957766821464674,4.2353507430093025
19081,corn,2022,9,211.5,195.4895712499657,16.010428750034293,16.010428750034293,7.569942671411013
19081,corn,2022,10,211.5,177.2680574206768,34.2319425793232,34.2319425793232,16.18531564034194
19081,corn,2022,11,211.5,195.69407355015701,15.805926449842985,15.805926449842985,7.473251276521506
19081,corn,2022,12,211.5,195.5586064681984,15.941393531801594,15.941393531801594,7.53730190628917
19083,corn,2022,1,215.6,196.33031444578802,19.269685554211975,19.269685554211975,8.937702019578838
19083,corn,2022,2,215.6,188.48078381974793,27.119216180252067,27.119216180252067,12.578486168948084
19083,corn,2022,3,215.6,196.97611174343473,18.623888256565266,18.623888256565266,8.63816709488185
19083,corn,2022,4,215.6,196.27954133343283,19.320458666567163,19.320458666567163,8.96125170063412
19083,corn,2022,5,215.6,194.85243337474168,20.747566625258315,20.747566625258315,9.62317561468382
19083,corn,2022,6,215.6,195.1558698875352,20.44413011246479,20.44413011246479,9.482435117098698
19083,corn,2022,7,215.6,198.09010932395307,17.509890676046922,17.509890676046922,8.12147062896425
19083,corn,2022,8,215.6,202.9022628602097,12.697737139790291,12.697737139790291,5.889488469290488
19083,corn,2022,9,215.6,198.972160622785,16.627839377214997,16.627839377214997,7.712355926352039
19083,corn,2022,10,215.6,178.5482347660899,37.05176523391009,37.05176523391009,17.18541986730524
19083,corn,2022,11,215.6,192.79045416330547,22.809545836694525,22.809545836694525,10.57956671460785
19083,corn,2022,12,215.6,197.99470007896562,17.605299921034373,17.605299921034373,8.165723525526147
19085,corn,2022,1,172.4,197.33299896462447,-24.93299896462446,24.93299896462446,14.462296383192841
19085,corn,2022,2,172.4,194.5386054668051,-22.138605466805103,22.138605466805103,12.841418484225697
19085,corn,2022,3,172.4,202.06189362378413,-29.661893623784124,29.661893623784124,17.205274723772693
19085,corn,2022,4,172.4,197.0939405412795,-24.69394054127949,24.69394054127949,14.32363140445446
19085,corn,2022,5,172.4,200.46460440226798,-28.064604402267975,28.064604402267975,16.278772855143835
19085,corn,2022,6,172.4,195.73754437330476,-23.337544373304752,23.337544373304752,13.536858685211573
19085,corn,2022,7,172.4,198.5988398694106,-26.19883986941059,26.19883986941059,15.196542847685956
19085,corn,2022,8,172.4,197.78297685556794,-25.382976855567932,25.382976855567932,14.723304440584647
19085,corn,2022,9,172.4,192.1648339113823,-19.764833911382283,19.764833911382283,11.464520830268144
19085,corn,2022,10,172.4,180.771891675916,-8.371891675916004,8.371891675916004,4.856085658883993
19085,corn,2022,11,172.4,189.27821054692205,-16.87821054692205,16.87821054692205,9.790145328841096
19085,corn,2022,12,172.4,199.94835766866805,-27.548357668668046,27.548357668668046,15.979325793890977
19087,corn,2022,1,167.7,192.71029830113886,-25.010298301138874,25.010298301138874,14.913713954167488
19087,corn,2022,2,167.7,193.02139422911623,-25.321394229116237,25.321394229116237,15.099221365006702
19087,corn,2022,3,167.7,191.81154341655508,-24.111543416555094,24.111543416555094,14.377783790432378
19087,corn,2022,4,167.7,194.0388106601635,-26.338810660163517,26.338810660163517,15.705909755613309
19087,corn,2022,5,167.7,182.4141799107361,-14.714179910736107,14.714179910736107,8.774108473903464
19087,corn,2022,6,167.7,183.84126262063992,-16.141262620639935,16.141262620639935,9.625082063589705
19087,corn,2022,7,167.7,188.911900746725,-21.211900746725007,21.211900746725007,12.648718393992253
19087,corn,2022,8,167.7,188.65007732537183,-20.950077325371836,20.950077325371836,12.49259232282161
19087,corn,2022,9,167.7,182.89582097285344,-15.195820972853454,15.195820972853454,9.061312446543504
19087,corn,2022,10,167.7,177.89693719902004,-10.196937199020056,10.196937199020056,6.080463446046545
19087,corn,2022,11,167.7,182.61021632507524,-14.910216325075254,14.910216325075254,8.891005560569623
19087,corn,2022,12,167.7,182.70017153953881,-15.000171539538826,15.000171539538826,8.94464611779298
19089,corn,2022,1,217.3,193.0377691606704,24.262230839329618,24.262230839329618,11.165315618651457
19089,corn,2022,2,217.3,188.6868603498218,28.613139650178198,28.613139650178198,13.167574620422547
19089,corn,2022,3,217.3,194.34361891311997,22.956381086880043,22.956381086880043,10.564372336346084
19089,corn,2022,4,217.3,192.12556612869665,25.174433871303364,25.174433871303364,11.585105325036062
19089,corn,2022,5,217.3,192.5964357124597,24.703564287540303,24.703564287540303,11.368414306277174
19089,corn,2022,6,217.3,191.27095337682454,26.029046623175475,26.029046623175475,11.97839237145673
19089,corn,2022,7,217.3,187.60278653128398,29.69721346871603,29.69721346871603,13.666458108014739
19089,corn,2022,8,217.3,195.56212713341017,21.73787286658984,21.73787286658984,10.003623040308254
19089,corn,2022,9,217.3,194.8045124006614,22.495487599338617,22.495487599338617,10.35227225004078
19089,corn,2022,10,217.3,179.69274995606372,37.60725004393629,37.60725004393629,17.30660379380409
19089,corn,2022,11,217.3,184.3710125955523,32.928987404447724,32.928987404447724,15.153698759524953
19089,corn,2022,12,217.3,192.98574636676415,24.314253633235865,24.314253633235865,11.189256158875224
19091,corn,2022,1,195.5,192.3407392988344,3.159260701165607,3.159260701165607,1.6159901284734564
19091,corn,2022,2,195.5,191.12828945215892,4.371710547841076,4.371710547841076,2.2361690781795787
19091,corn,2022,3,195.5,193.61119830984853,1.8888016901514675,1.8888016901514675,0.9661389719444847
19091,corn,2022,4,195.5,193.93925819162135,1.5607418083786513,1.5607418083786513,0.7983334058202819
19091,corn,2022,5,195.5,192.4359057247739,3.064094275226097,3.064094275226097,1.567311649732019
19091,corn,2022,6,195.5,194.92592995584766,0.5740700441523359,0.5740700441523359,0.2936419663183304
19091,corn,2022,7,195.5,185.871231883913,9.628768116087002,9.628768116087002,4.925201082397444
19091,corn,2022,8,195.5,191.3575274440511,4.142472555948899,4.142472555948899,2.1189117933242447
19091,corn,2022,9,195.5,195.01464310066248,0.4853568993375177,0.4853568993375177,0.24826439863811647
19091,corn,2022,10,195.5,180.5972788643349,14.902721135665104,14.902721135665104,7.622875261209772
19091,corn,2022,11,195.5,196.521950003259,-1.0219500032590076,1.0219500032590076,0.5227365745570371
19091,corn,2022,12,195.5,193.01846929380665,2.481530706193354,2.481530706193354,1.2693251694083652
19093,corn,2022,1,221.2,197.2832550817191,23.916744918280898,23.916744918280898,10.812271662875633
19093,corn,2022,2,221.2,193.55239690650575,27.64760309349424,27.64760309349424,12.498916407547126
19093,corn,2022,3,221.2,194.11719403618784,27.08280596381215,27.08280596381215,12.243583166280358
19093,corn,2022,4,221.2,195.64634180433026,25.553658195669726,25.553658195669726,11.552286706903132
19093,corn,2022,5,221.2,197.78673830033603,23.413261699663963,23.413261699663963,10.584657187913184
19093,corn,2022,6,221.2,200.12482819481752,21.075171805182464,21.075171805182464,9.527654523138548
19093,corn,2022,7,221.2,197.9918990550384,23.208100944961586,23.208100944961586,10.49190820296636
19093,corn,2022,8,221.2,197.3915758385833,23.808424161416696,23.808424161416696,10.76330206212328
19093,corn,2022,9,221.2,198.15719749367528,23.042802506324705,23.042802506324705,10.417180156566323
19093,corn,2022,10,221.2,178.6272201423423,42.57277985765768,42.57277985765768,19.246283841617394
19093,corn,2022,11,221.2,188.52522989376803,32.67477010623196,32.67477010623196,14.771595888893293
19093,corn,2022,12,221.2,195.00139006603547,26.19860993396452,26.19860993396452,11.84385620884472
19095,corn,2022,1,205.9,196.4592926994655,9.440707300534513,9.440707300534513,4.585093395111468
19095,corn,2022,2,205.9,189.7346492517836,16.16535074821641,16.16535074821641,7.851068843232836
19095,corn,2022,3,205.9,196.84629107453634,9.053708925463667,9.053708925463667,4.397138866179537
19095,corn,2022,4,205.9,195.5220239554291,10.377976044570914,10.377976044570914,5.0402991960033585
19095,corn,2022,5,205.9,184.8945195364779,21.005480463522105,21.005480463522105,10.201787500496408
19095,corn,2022,6,205.9,188.60941851739753,17.290581482602477,17.290581482602477,8.397562643323203
19095,corn,2022,7,205.9,189.44250575188227,16.45749424811774,16.45749424811774,7.992954952946935
19095,corn,2022,8,205.9,192.45365854406154,13.446341455938466,13.446341455938466,6.530520376852096
19095,corn,2022,9,205.9,192.65661050458874,13.243389495411265,13.243389495411265,6.431952159014699
19095,corn,2022,10,205.9,179.64722087154595,26.25277912845405,26.25277912845405,12.750256983221977
19095,corn,2022,11,205.9,186.77217485834228,19.127825141657723,19.127825141657723,9.289861652092144
19095,corn,2022,12,205.9,192.22044698412662,13.679553015873381,13.679553015873381,6.64378485472238
19097,corn,2022,1,219.2,196.55606425049584,22.643935749504152,22.643935749504152,10.330262659445326
19097,corn,2022,2,219.2,191.57082596357503,27.629174036424956,27.629174036424956,12.604550199098977
19097,corn,2022,3,219.2,198.88886588171655,20.311134118283434,20.311134118283434,9.266028338632953
19097,corn,2022,4,219.2,197.26951171124622,21.930488288753764,21.930488288753764,10.004784803263579
19097,corn,2022,5,219.2,191.9158872436839,27.28411275631609,27.28411275631609,12.447131731896027
19097,corn,2022,6,219.2,193.9256925529971,25.274307447002883,25.274307447002883,11.530249747720294
19097,corn,2022,7,219.2,201.8839082428198,17.316091757180175,17.316091757180175,7.899676896523802
19097,corn,2022,8,219.2,203.33279024987135,15.867209750128637,15.867209750128637,7.238690579438248
19097,corn,2022,9,219.2,199.17093895285663,20.029061047143358,20.029061047143358,9.137345368222336
19097,corn,2022,10,219.2,181.39386921225477,37.80613078774522,37.80613078774522,17.24732243966479
19097,corn,2022,11,219.2,198.98840945248682,20.21159054751317,20.21159054751317,9.220616125690315
19097,corn,2022,12,219.2,198.35177687903266,20.848223120967333,20.848223120967333,9.511050693871958
19099,corn,2022,1,203.6,196.6328493962522,6.967150603747797,6.967150603747797,3.4219796678525523
19099,corn,2022,2,203.6,188.94112472531336,14.658875274686636,14.658875274686636,7.199840508195794
19099,corn,2022,3,203.6,197.4124615592856,6.187538440714405,6.187538440714405,3.0390660317850715
19099,corn,2022,4,203.6,198.6114327317739,4.988567268226092,4.988567268226092,2.450180387144446
19099,corn,2022,5,203.6,197.1628634683999,6.437136531600089,6.437136531600089,3.1616584143418907
19099,corn,2022,6,203.6,196.30029609723513,7.299703902764861,7.299703902764861,3.585316258725374
19099,corn,2022,7,203.6,191.44244267022864,12.15755732977135,12.15755732977135,5.971295348610683
19099,corn,2022,8,203.6,199.6642709733109,3.9357290266891027,3.9357290266891027,1.9330692665467104
19099,corn,2022,9,203.6,195.63596865109366,7.964031348906332,7.964031348906332,3.9116067529009486
19099,corn,2022,10,203.6,180.1738881909604,23.426111809039583,23.426111809039583,11.505948825657947
19099,corn,2022,11,203.6,195.18097889162374,8.419021108376256,8.419021108376256,4.135079129850813
19099,corn,2022,12,203.6,200.1028124253969,3.497187574603089,3.497187574603089,1.7176756260329513
19101,corn,2022,1,178.0,192.30042217366636,-14.300422173666362,14.300422173666362,8.033945041385596
19101,corn,2022,2,178.0,191.91993470616003,-13.919934706160035,13.919934706160035,7.820188037168559
19101,corn,2022,3,178.0,191.9867470392633,-13.986747039263292,13.986747039263292,7.857723055765894
19101,corn,2022,4,178.0,193.01263845941958,-15.012638459419577,15.012638459419577,8.434066550235718
19101,corn,2022,5,178.0,175.8086622308335,2.191337769166495,2.191337769166495,1.2310886343631993
19101,corn,2022,6,178.0,181.93337518653172,-3.9333751865317197,3.9333751865317197,2.209761340748157
19101,corn,2022,7,178.0,185.7179894490895,-7.717989449089487,7.717989449089487,4.335949128701959
19101,corn,2022,8,178.0,184.51521213654394,-6.515212136543937,6.515212136543937,3.6602315373842345
19101,corn,2022,9,178.0,177.38859544462557,0.6114045553744347,0.6114045553744347,0.3434857052665364
19101,corn,2022,10,178.0,177.89165098019168,0.10834901980831546,0.10834901980831546,0.06087023584736824
19101,corn,2022,11,178.0,182.31881057276482,-4.318810572764818,4.318810572764818,2.426298074586976
19101,corn,2022,12,178.0,181.19662398095963,-3.196623980959629,3.196623980959629,1.7958561690784431
19103,corn,2022,1,205.2,194.113781290628,11.086218709371991,11.086218709371991,5.402640696575045
19103,corn,2022,2,205.2,189.82416388124423,15.375836118755757,15.375836118755757,7.493097523760116
19103,corn,2022,3,205.2,196.47982174943832,8.720178250561673,8.720178250561673,4.249599537310758
19103,corn,2022,4,205.2,195.9102659645271,9.28973403547289,9.28973403547289,4.527160836000434
19103,corn,2022,5,205.2,183.82248365103715,21.377516348962843,21.377516348962843,10.417892957584233
19103,corn,2022,6,205.2,191.60270326325724,13.597296736742749,13.597296736742749,6.626362932135843
19103,corn,2022,7,205.2,193.59583445144588,11.604165548554107,11.604165548554107,5.655051436917207
19103,corn,2022,8,205.2,194.77873650042966,10.42126349957033,10.42126349957033,5.078588450083007
19103,corn,2022,9,205.2,195.80088367581226,9.39911632418773,9.39911632418773,4.580466044925795
19103,corn,2022,10,205.2,177.86086938968717,27.33913061031282,27.33913061031282,13.323163065454594
19103,corn,2022,11,205.2,195.87214935863318,9.327850641366808,9.327850641366808,4.545736180003318
19103,corn,2022,12,205.2,185.49608165501195,19.70391834498804,19.70391834498804,9.602299388395732
19105,corn,2022,1,218.2,195.70130480980126,22.49869519019873,22.49869519019873,10.311042708615368
19105,corn,2022,2,218.2,187.14590317879419,31.054096821205803,31.054096821205803,14.231941714576447
19105,corn,2022,3,218.2,193.23010836710674,24.96989163289325,24.96989163289325,11.443580033406624
19105,corn,2022,4,218.2,195.78693840514697,22.41306159485302,22.41306159485302,10.271797247870312
19105,corn,2022,5,218.2,185.46371727447473,32.73628272552526,32.73628272552526,15.002879342587194
19105,corn,2022,6,218.2,186.67942274634513,31.520577253654864,31.520577253654864,14.445727430639261
19105,corn,2022,7,218.2,198.82845467951634,19.371545320483648,19.371545320483648,8.87788511479544
19105,corn,2022,8,218.2,202.80081978137179,15.399180218628203,15.399180218628203,7.057369486080753
19105,corn,2022,9,218.2,197.4851918299149,20.714808170085092,20.714808170085092,9.493495953292893
19105,corn,2022,10,218.2,178.26353108087875,39.93646891912124,39.93646891912124,18.302689697122474
19105,corn,2022,11,218.2,184.3231772643855,33.876822735614496,33.876822735614496,15.525583288549266
19105,corn,2022,12,218.2,191.69136294407357,26.508637055926414,26.508637055926414,12.14877958566747
19107,corn,2022,1,170.4,196.40048380438202,-26.000483804382014,26.000483804382014,15.258499885200713
19107,corn,2022,2,170.4,190.86902468742144,-20.469024687421438,20.469024687421438,12.01233843158535
19107,corn,2022,3,170.4,195.31909536557325,-24.91909536557324,24.91909536557324,14.62388225679181
19107,corn,2022,4,170.4,196.12468009171585,-25.72468009171584,25.72468009171584,15.09664324631211
19107,corn,2022,5,170.4,182.92117037192023,-12.52117037192022,12.52117037192022,7.348104678356937
19107,corn,2022,6,170.4,190.50728648495019,-20.10728648495018,20.10728648495018,11.800050754078743
19107,corn,2022,7,170.4,186.50937689609586,-16.109376896095853,16.109376896095853,9.453859680807424
19107,corn,2022,8,170.4,191.87184965749967,-21.47184965749966,21.47184965749966,12.600850737969285
19107,corn,2022,9,170.4,185.38814906739282,-14.988149067392811,14.988149067392811,8.795862128751649
19107,corn,2022,10,170.4,179.71267508466462,-9.312675084664619,9.312675084664619,5.4651849088407385
19107,corn,2022,11,170.4,186.32942939009428,-15.92942939009427,15.92942939009427,9.348256684327623
19107,corn,2022,12,170.4,192.53497663652962,-22.134976636529615,22.134976636529615,12.990009763221606
19109,corn,2022,1,197.6,196.18296833356717,1.4170316664328197,1.4170316664328197,0.7171212886805768
19109,corn,2022,2,197.6,189.87401267794402,7.725987322055971,7.725987322055971,3.9099126123765036
19109,corn,2022,3,197.6,197.26716702846812,0.33283297153187164,0.33283297153187164,0.1684377386294897
19109,corn,2022,4,197.6,199.12057639674117,-1.520576396741177,1.520576396741177,0.7695224679864255
19109,corn,2022,5,197.6,194.82971552414617,2.7702844758538276,2.7702844758538276,1.4019658278612488
19109,corn,2022,6,197.6,197.15814481341593,0.4418551865840641,0.4418551865840641,0.22361092438464783
19109,corn,2022,7,197.6,199.01675070763025,-1.416750707630257,1.416750707630257,0.7169791030517495
19109,corn,2022,8,197.6,206.26050257865012,-8.660502578650124,8.660502578650124,4.3828454345395365
19109,corn,2022,9,197.6,199.10793553437006,-1.5079355343700627,1.5079355343700627,0.7631252704301937
19109,corn,2022,10,197.6,181.31269694311496,16.287303056885037,16.287303056885037,8.242562275751537
19109,corn,2022,11,197.6,195.8202588942084,1.7797411057916008,1.7797411057916008,0.9006786972629559
19109,corn,2022,12,197.6,198.98775212356574,-1.3877521235657468,1.3877521235657468,0.7023037062579691
19111,corn,2022,1,178.2,194.38373029816537,-16.183730298165386,16.183730298165386,9.081779067432876
19111,corn,2022,2,178.2,196.07543749210112,-17.875437492101128,17.875437492101128,10.031109703760453
19111,corn,2022,3,178.2,197.14939273861384,-18.949392738613852,18.949392738613852,10.633778192263668
19111,corn,2022,4,178.2,197.38857407713652,-19.188574077136536,19.188574077136536,10.767998920952042
19111,corn,2022,5,178.2,193.26592998109044,-15.065929981090449,15.065929981090449,8.454506162228085
19111,corn,2022,6,178.2,191.6079132511293,-13.407913251129315,13.407913251129315,7.524081510173578
19111,corn,2022,7,178.2,199.89060545837924,-21.690605458379252,21.690605458379252,12.172056935117427
19111,corn,2022,8,178.2,193.09941943732264,-14.89941943732265,14.89941943732265,8.361065901976795
19111,corn,2022,9,178.2,197.06041458324535,-18.86041458324536,18.86041458324536,10.583846567477755
19111,corn,2022,10,178.2,180.02763100757176,-1.8276310075717674,1.8276310075717674,1.0256066260223162
19111,corn,2022,11,178.2,193.66186253671026,-15.46186253671027,15.46186253671027,8.676690536874451
19111,corn,2022,12,178.2,188.76927699361906,-10.56927699361907,10.56927699361907,5.931131870717773
19113,corn,2022,1,215.0,197.85505936310727,17.144940636892727,17.144940636892727,7.974390993903594
19113,corn,2022,2,215.0,188.16257646640582,26.837423533594176,26.837423533594176,12.482522573764733
19113,corn,2022,3,215.0,196.5252561124793,18.474743887520702,18.474743887520702,8.59290413373056
19113,corn,2022,4,215.0,199.68092280871016,15.319077191289836,15.319077191289836,7.125152181995273
19113,corn,2022,5,215.0,192.0780746035026,22.921925396497386,22.921925396497386,10.661360649533668
19113,corn,2022,6,215.0,192.56010594874317,22.43989405125683,22.43989405125683,10.437160023840386
19113,corn,2022,7,215.0,197.68679620847774,17.313203791522255,17.313203791522255,8.05265292628942
19113,corn,2022,8,215.0,202.53413387518262,12.465866124817381,12.465866124817381,5.798077267356922
19113,corn,2022,9,215.0,199.13444503279754,15.865554967202456,15.865554967202456,7.379327891722073
19113,corn,2022,10,215.0,179.62007671516906,35.37992328483094,35.37992328483094,16.455778272014392
19113,corn,2022,11,215.0,191.75596233088908,23.244037669110924,23.244037669110924,10.811180311214382
19113,corn,2022,12,215.0,193.66551935032484,21.334480649675157,21.334480649675157,9.923014255662864
19115,corn,2022,1,196.3,194.03013129072258,2.269868709277432,2.269868709277432,1.156326392907505
19115,corn,2022,2,196.3,193.67314518008536,2.626854819914655,2.626854819914655,1.338183810450665
19115,corn,2022,3,196.3,196.26791252824023,0.03208747175978033,0.03208747175978033,0.016346139459898282
19115,corn,2022,4,196.3,197.99333199659543,-1.6933319965954183,1.6933319965954183,0.8626245525193165
19115,corn,2022,5,196.3,188.59104536737897,7.708954632621044,7.708954632621044,3.927129206633236
19115,corn,2022,6,196.3,188.65462618769791,7.645373812302097,7.645373812302097,3.89473958853902
19115,corn,2022,7,196.3,191.5197566046454,4.780243395354603,4.780243395354603,2.435172386833725
19115,corn,2022,8,196.3,195.43594029145868,0.8640597085413333,0.8640597085413333,0.4401730558030226
19115,corn,2022,9,196.3,191.74999908428757,4.550000915712445,4.550000915712445,2.3178812611882043
19115,corn,2022,10,196.3,177.17438895373863,19.125611046261383,19.125611046261383,9.743051984850425
19115,corn,2022,11,196.3,188.31830865216588,7.981691347834129,7.981691347834129,4.06606793063379
19115,corn,2022,12,196.3,189.2026864982126,7.097313501787397,7.097313501787397,3.615544320829035
19117,corn,2022,1,139.5,185.01609105926423,-45.51609105926423,45.51609105926423,32.628022264705535
19117,corn,2022,2,139.5,191.52577324455874,-52.025773244558735,52.025773244558735,37.294461107210566
19117,corn,2022,3,139.5,193.38827150057324,-53.88827150057324,53.88827150057324,38.62958530507042
19117,corn,2022,4,139.5,194.39919224968062,-54.899192249680624,54.899192249680624,39.35425967719041
19117,corn,2022,5,139.5,173.12421955321696,-33.62421955321696,33.62421955321696,24.103383192270222
19117,corn,2022,6,139.5,178.8342527845002,-39.334252784500194,39.334252784500194,28.19659697813634
19117,corn,2022,7,139.5,179.9767668225151,-40.47676682251509,40.47676682251509,29.01560345700006
19117,corn,2022,8,139.5,177.7632150367791,-38.26321503677909,38.26321503677909,27.428827983354186
19117,corn,2022,9,139.5,178.68928592536344,-39.189285925363436,39.189285925363436,28.0926780826978
19117,corn,2022,10,139.5,177.29488765545392,-37.79488765545392,37.79488765545392,27.093109430432914
19117,corn,2022,11,139.5,180.41218030569104,-40.91218030569104,40.91218030569104,29.327727817699667
19117,corn,2022,12,139.5,180.0406650559318,-40.54066505593181,40.54066505593181,29.061408642245024
19119,corn,2022,1,190.8,198.1850248110749,-7.385024811074885,7.385024811074885,3.8705580770832726
19119,corn,2022,2,190.8,193.54039644952232,-2.740396449522308,2.740396449522308,1.4362664829781486
19119,corn,2022,3,190.8,197.728956748623,-6.928956748622994,6.928956748622994,3.6315286942468523
19119,corn,2022,4,190.8,192.0092505829025,-1.2092505829024844,1.2092505829024844,0.6337791315002539
19119,corn,2022,5,190.8,193.59541179627925,-2.7954117962792395,2.7954117962792395,1.4651005221589304
19119,corn,2022,6,190.8,201.99940412094136,-11.199404120941352,11.199404120941352,5.869708658774293
19119,corn,2022,7,190.8,195.27391876533122,-4.473918765331206,4.473918765331206,2.3448211558339653
19119,corn,2022,8,190.8,193.6590811735713,-2.8590811735712975,2.8590811735712975,1.498470216756445
19119,corn,2022,9,190.8,193.71978306550906,-2.9197830655090513,2.9197830655090513,1.530284625528853
19119,corn,2022,10,190.8,180.84168220654902,9.958317793450988,9.958317793450988,5.219244126546639
19119,corn,2022,11,190.8,199.91131923214778,-9.111319232147764,9.111319232147764,4.775324545150819
19119,corn,2022,12,190.8,199.80229402975118,-9.00229402975117,9.00229402975117,4.718183453747992
19121,corn,2022,1,166.9,192.05894981459696,-25.15894981459695,25.15894981459695,15.074265916475104
19121,corn,2022,2,166.9,191.58050482826602,-24.68050482826601,24.68050482826601,14.787600256600363
19121,corn,2022,3,166.9,194.73246036065524,-27.832460360655233,27.832460360655233,16.676129634904274
19121,corn,2022,4,166.9,190.968086411279,-24.068086411278983,24.068086411278983,14.420662918681234
19121,corn,2022,5,166.9,182.81747980541036,-15.917479805410352,15.917479805410352,9.537135892996016
19121,corn,2022,6,166.9,187.386952608806,-20.486952608806007,20.486952608806007,12.27498658406591
19121,corn,2022,7,166.9,178.7574325425241,-11.857432542524094,11.857432542524094,7.104513207024622
19121,corn,2022,8,166.9,185.03399649413254,-18.133996494132532,18.133996494132532,10.865186635190252
19121,corn,2022,9,166.9,192.09737290307825,-25.197372903078247,25.197372903078247,15.09728753929194
19121,corn,2022,10,166.9,177.20064476475397,-10.300644764753969,10.300644764753969,6.171746413872959
19121,corn,2022,11,166.9,180.6525686098959,-13.752568609895889,13.752568609895889,8.24000515871533
19121,corn,2022,12,166.9,182.96827356972665,-16.068273569726642,16.068273569726642,9.627485661909311
19123,corn,2022,1,186.3,196.1357004293532,-9.835700429353182,9.835700429353182,5.279495667929781
19123,corn,2022,2,186.3,190.0424845774862,-3.742484577486181,3.742484577486181,2.008848404447762
19123,corn,2022,3,186.3,195.81943964589425,-9.519439645894238,9.519439645894238,5.109736793287299
19123,corn,2022,4,186.3,196.42055342313077,-10.120553423130758,10.120553423130758,5.432395825620374
19123,corn,2022,5,186.3,184.68962941240878,1.610370587591234,1.610370587591234,0.8643964506662555
19123,corn,2022,6,186.3,190.1639983399584,-3.8639983399583855,3.8639983399583855,2.074073183015773
19123,corn,2022,7,186.3,187.65392619878025,-1.3539261987802433,1.3539261987802433,0.7267451415889659
19123,corn,2022,8,186.3,196.27988683858953,-9.979886838589522,9.979886838589522,5.356890412554762
19123,corn,2022,9,186.3,193.63951391749472,-7.339513917494713,7.339513917494713,3.9396209970449347
19123,corn,2022,10,186.3,178.30739618424101,7.992603815758997,7.992603815758997,4.29017918183521
19123,corn,2022,11,186.3,187.77424204882632,-1.4742420488263122,1.4742420488263122,0.7913269183179346
19123,corn,2022,12,186.3,193.63494869240603,-7.334948692406016,7.334948692406016,3.9371705273247537
19125,corn,2022,1,175.2,194.4378776223705,-19.23787762237052,19.23787762237052,10.9805237570608
19125,corn,2022,2,175.2,189.32075145604114,-14.120751456041148,14.120751456041148,8.059789643859103
19125,corn,2022,3,175.2,195.7728183310055,-20.57281833100552,20.57281833100552,11.742476216327354
19125,corn,2022,4,175.2,195.84553771060655,-20.64553771060656,20.64553771060656,11.783982711533426
19125,corn,2022,5,175.2,179.06066198956606,-3.8606619895660685,3.8606619895660685,2.2035741949578016
19125,corn,2022,6,175.2,189.04935653252645,-13.849356532526457,13.849356532526457,7.904883865597294
19125,corn,2022,7,175.2,183.36959154807198,-8.169591548071992,8.169591548071992,4.663008874470315
19125,corn,2022,8,175.2,185.6816261504954,-10.481626150495401,10.481626150495401,5.982663327908335
19125,corn,2022,9,175.2,187.7190981009598,-12.519098100959809,12.519098100959809,7.145603938904001
19125,corn,2022,10,175.2,177.33692392759735,-2.1369239275973655,2.1369239275973655,1.2197054381263501
19125,corn,2022,11,175.2,183.12197154431644,-7.921971544316449,7.921971544316449,4.521673255888384
19125,corn,2022,12,175.2,192.15355938608235,-16.95355938608236,16.95355938608236,9.676689147307284
19127,corn,2022,1,214.1,197.93278168117166,16.167218318828333,16.167218318828333,7.551246295576054
19127,corn,2022,2,214.1,189.40146178596697,24.69853821403302,24.69853821403302,11.535982351253162
19127,corn,2022,3,214.1,194.7916514703427,19.30834852965728,19.30834852965728,9.018378575271967
19127,corn,2022,4,214.1,197.60925654281553,16.490743457184465,16.490743457184465,7.702355654920348
19127,corn,2022,5,214.1,195.33107131791118,18.768928682088813,18.768928682088813,8.766430958472123
19127,corn,2022,6,214.1,194.79585320808962,19.30414679191037,19.30414679191037,9.016416063479856
19127,corn,2022,7,214.1,192.35532543123182,21.744674568768176,21.744674568768176,10.156316940106574
19127,corn,2022,8,214.1,195.50825319763038,18.591746802369613,18.591746802369613,8.683674358883518
19127,corn,2022,9,214.1,197.35533101522898,16.74466898477101,16.74466898477101,7.820957022312476
19127,corn,2022,10,214.1,179.21565680183002,34.88434319816997,34.88434319816997,16.29348117616533
19127,corn,2022,11,214.1,191.3459375087648,22.754062491235203,22.754062491235203,10.627773232711444
19127,corn,2022,12,214.1,198.70579260060921,15.39420739939078,15.39420739939078,7.190194955343662
19129,corn,2022,1,191.1,193.00435658245607,-1.9043565824560744,1.9043565824560744,0.9965235910288197
19129,corn,2022,2,191.1,192.48552402694148,-1.3855240269414821,1.3855240269414821,0.7250256551237478
19129,corn,2022,3,191.1,192.35321508383882,-1.2532150838388247,1.2532150838388247,0.6557902060904368
19129,corn,2022,4,191.1,190.2023306230685,0.8976693769315034,0.8976693769315034,0.4697380308380447
19129,corn,2022,5,191.1,191.0521368943715,0.04786310562849394,0.04786310562849394,0.025046104462843506
19129,corn,2022,6,191.1,190.24448344051197,0.8555165594880236,0.8555165594880236,0.44768004159498886
19129,corn,2022,7,191.1,186.12145225777493,4.978547742225061,4.978547742225061,2.6052055166012877
19129,corn,2022,8,191.1,187.10324466515058,3.9967553348494107,3.9967553348494107,2.091447061668975
19129,corn,2022,9,191.1,189.30264742593954,1.7973525740604543,1.7973525740604543,0.9405298660703582
19129,corn,2022,10,191.1,180.2176507595656,10.882349240434394,10.882349240434394,5.694583589970902
19129,corn,2022,11,191.1,185.20629154550087,5.893708454499119,5.893708454499119,3.0840965225008476
19129,corn,2022,12,191.1,188.1401529803043,2.959847019695701,2.959847019695701,1.5488472107251183
19131,corn,2022,1,217.9,192.53615566632809,25.36384433367192,25.36384433367192,11.64013048814682
19131,corn,2022,2,217.9,189.44854786220668,28.451452137793325,28.451452137793325,13.057114335839065
19131,corn,2022,3,217.9,194.04559725811671,23.85440274188329,23.85440274188329,10.947408325783979
19131,corn,2022,4,217.9,193.54391907511945,24.35608092488056,24.35608092488056,11.177641544231555
19131,corn,2022,5,217.9,192.69081542462496,25.209184575375048,25.209184575375048,11.569153086450228
19131,corn,2022,6,217.9,196.47223901330455,21.42776098669546,21.42776098669546,9.83375905768493
19131,corn,2022,7,217.9,187.49011228784184,30.409887712158167,30.409887712158167,13.955891561339223
19131,corn,2022,8,217.9,196.10407975590212,21.795920244097886,21.795920244097886,10.002716954611236
19131,corn,2022,9,217.9,194.44469258846067,23.455307411539337,23.455307411539337,10.764253057154354
19131,corn,2022,10,217.9,178.9072655965367,38.99273440346332,38.99273440346332,17.89478403096068
19131,corn,2022,11,217.9,188.469677098958,29.430322901042018,29.430322901042018,13.506343690244158
19131,corn,2022,12,217.9,192.83380689287637,25.066193107123638,25.066193107123638,11.503530567748342
19133,corn,2022,1,168.6,196.53497867374122,-27.934978673741227,27.934978673741227,16.56878924895684
19133,corn,2022,2,168.6,196.04772855343592,-27.447728553435923,27.447728553435923,16.27979155008062
19133,corn,2022,3,168.6,196.7443834111487,-28.14438341114871,28.14438341114871,16.69299134706329
19133,corn,2022,4,168.6,196.62986317135122,-28.029863171351224,28.029863171351224,16.62506712417036
19133,corn,2022,5,168.6,197.04815173247766,-28.44815173247767,28.44815173247767,16.873162356155202
19133,corn,2022,6,168.6,197.69989143105755,-29.099891431057557,29.099891431057557,17.259722082477793
19133,corn,2022,7,168.6,191.77432057077286,-23.174320570772863,23.174320570772863,13.745148618489244
19133,corn,2022,8,168.6,194.8171136497601,-26.21711364976011,26.21711364976011,15.549889471981086
19133,corn,2022,9,168.6,189.343270452042,-20.743270452041997,20.743270452041997,12.303244633476867
19133,corn,2022,10,168.6,179.8325202920275,-11.232520292027516,11.232520292027516,6.662230303693663
19133,corn,2022,11,168.6,191.33817911282702,-22.738179112827027,22.738179112827027,13.486464479731334
19133,corn,2022,12,168.6,199.78434110584027,-31.184341105840275,31.184341105840275,18.496050477959834
19135,corn,2022,1,145.4,185.25226902896983,-39.85226902896983,39.85226902896983,27.408713224876085
19135,corn,2022,2,145.4,191.9069577133917,-46.5069577133917,46.5069577133917,31.985528000957153
19135,corn,2022,3,145.4,193.35081880375705,-47.950818803757045,47.950818803757045,32.97855488566509
19135,corn,2022,4,145.4,193.90685964617063,-48.506859646170625,48.506859646170625,33.360976372882135
19135,corn,2022,5,145.4,172.90592884492443,-27.505928844924426,27.505928844924426,18.917420113428076
19135,corn,2022,6,145.4,180.0294106900986,-34.62941069009858,34.62941069009858,23.816651093602875
19135,corn,2022,7,145.4,181.2872811272635,-35.88728112726349,35.88728112726349,24.681761435531975
19135,corn,2022,8,145.4,177.6603633008544,-32.26036330085441,32.26036330085441,22.18732001434278
19135,corn,2022,9,145.4,179.860503860916,-34.46050386091599,34.46050386091599,23.70048408591196
19135,corn,2022,10,145.4,180.87468160796374,-35.47468160796373,35.47468160796373,24.39799285279486
19135,corn,2022,11,145.4,179.1112724973542,-33.7112724973542,33.7112724973542,23.185194289789685
19135,corn,2022,12,145.4,172.13271329735542,-26.732713297355417,26.732713297355417,18.385635005058745
19137,corn,2022,1,187.8,191.17677293214834,-3.3767729321483273,3.3767729321483273,1.7980686539660955
19137,corn,2022,2,187.8,191.86479222102497,-4.064792221024959,4.064792221024959,2.164426102782193
19137,corn,2022,3,187.8,193.42417105970915,-5.624171059709141,5.624171059709141,2.9947662724755806
19137,corn,2022,4,187.8,190.5996583641985,-2.7996583641984785,2.7996583641984785,1.490765902129115
19137,corn,2022,5,187.8,186.67615401974982,1.123845980250195,1.123845980250195,0.5984270395368451
19137,corn,2022,6,187.8,188.92485931320527,-1.1248593132052633,1.1248593132052633,0.598966620450087
19137,corn,2022,7,187.8,186.41181210120854,1.3881878987914718,1.3881878987914718,0.7391841846599956
19137,corn,2022,8,187.8,185.9769266954886,1.8230733045114107,1.8230733045114107,0.9707525583127852
19137,corn,2022,9,187.8,191.3309920788649,-3.530992078864898,3.530992078864898,1.8801874754339178
19137,corn,2022,10,187.8,176.90824484726173,10.891755152738284,10.891755152738284,5.799656630851056
19137,corn,2022,11,187.8,181.62015444097986,6.179845559020151,6.179845559020151,3.2906525873376737
19137,corn,2022,12,187.8,185.65748291211716,2.142517087882851,2.142517087882851,1.1408504195329345
19139,corn,2022,1,213.1,194.6600808919172,18.43991910808279,18.43991910808279,8.653176493703798
19139,corn,2022,2,213.1,193.10068283761666,19.999317162383335,19.999317162383335,9.384944703136245
19139,corn,2022,3,213.1,195.75882956883953,17.341170431160464,17.341170431160464,8.137574111290693
19139,corn,2022,4,213.1,196.3037583667318,16.79624163326818,16.79624163326818,7.881859048929226
19139,corn,2022,5,213.1,189.6875460082544,23.412453991745593,23.412453991745593,10.986604407201124
19139,corn,2022,6,213.1,188.29482885183984,24.805171148160156,24.805171148160156,11.640155395664081
19139,corn,2022,7,213.1,191.5183292452137,21.581670754786302,21.581670754786302,10.127485103137635
19139,corn,2022,8,213.1,198.06607964296688,15.03392035703311,15.03392035703311,7.054866427514364
19139,corn,2022,9,213.1,194.87849331726954,18.22150668273045,18.22150668273045,8.55068356768205
19139,corn,2022,10,213.1,177.4502040491915,35.64979595080848,35.64979595080848,16.729139348103462
19139,corn,2022,11,213.1,187.449676969043,25.650323030956997,25.650323030956997,12.036754120580477
19139,corn,2022,12,213.1,192.49908321800046,20.60091678199953,20.60091678199953,9.667253299859
19141,corn,2022,1,201.2,196.6574639206143,4.542536079385684,4.542536079385684,2.2577217094362245
19141,corn,2022,2,201.2,191.84557652208542,9.354423477914565,9.354423477914565,4.64931584389392
19141,corn,2022,3,201.2,195.47376507425932,5.72623492574067,5.72623492574067,2.8460412155768737
19141,corn,2022,4,201.2,193.28562648170845,7.914373518291541,7.914373518291541,3.933585247659812
19141,corn,2022,5,201.2,193.80294896804273,7.397051031957261,7.397051031957261,3.676466715684524
19141,corn,2022,6,201.2,199.7470561404216,1.4529438595783972,1.4529438595783972,0.7221390952178913
19141,corn,2022,7,201.2,193.58685189540697,7.613148104593023,7.613148104593023,3.7838708273325166
19141,corn,2022,8,201.2,195.13442653616642,6.065573463833573,6.065573463833573,3.0146985406727502
19141,corn,2022,9,201.2,195.96104117566256,5.2389588243374305,5.2389588243374305,2.603856274521586
19141,corn,2022,10,201.2,181.45554618963476,19.74445381036523,19.74445381036523,9.813346824237192
19141,corn,2022,11,201.2,198.79937179455237,2.4006282054476173,2.4006282054476173,1.1931551716936468
19141,corn,2022,12,201.2,198.31630205083187,2.8836979491681234,2.8836979491681234,1.4332494777177553
19143,corn,2022,1,197.6,192.9262690572513,4.673730942748705,4.673730942748705,2.365248452808049
19143,corn,2022,2,197.6,189.21185326400746,8.388146735992535,8.388146735992535,4.245013530360595
19143,corn,2022,3,197.6,194.42231636070917,3.1776836392908194,3.1776836392908194,1.6081394935682285
19143,corn,2022,4,197.6,192.69742702767508,4.9025729723249185,4.9025729723249185,2.481059196520708
19143,corn,2022,5,197.6,194.17320136902478,3.426798630975213,3.426798630975213,1.7342098334894802
19143,corn,2022,6,197.6,197.97837709296167,-0.37837709296167077,0.37837709296167077,0.1914863830777686
19143,corn,2022,7,197.6,185.76792435060534,11.832075649394653,11.832075649394653,5.9878925351187515
19143,corn,2022,8,197.6,192.43548698197492,5.164513018025076,5.164513018025076,2.613619948393257
19143,corn,2022,9,197.6,193.29623049298493,4.303769507015062,4.303769507015062,2.1780210055744242
19143,corn,2022,10,197.6,180.27850042787622,17.32149957212377,17.32149957212377,8.765941079010005
19143,corn,2022,11,197.6,197.3690373449801,0.23096265501990842,0.23096265501990842,0.1168839347266743
19143,corn,2022,12,197.6,192.23926229049732,5.360737709502672,5.360737709502672,2.7129239420560083
19145,corn,2022,1,174.5,194.83135204011396,-20.331352040113956,20.331352040113956,11.65120460751516
19145,corn,2022,2,174.5,193.21800335440471,-18.718003354404715,18.718003354404715,10.72664948676488
19145,corn,2022,3,174.5,195.47125197294153,-20.97125197294153,20.97125197294153,12.017909440081107
19145,corn,2022,4,174.5,193.39698880827007,-18.896988808270066,18.896988808270066,10.829219947432703
19145,corn,2022,5,174.5,190.51689116257336,-16.01689116257336,16.01689116257336,9.178734190586452
19145,corn,2022,6,174.5,192.6390794356916,-18.1390794356916,18.1390794356916,10.394887928763094
19145,corn,2022,7,174.5,192.0856423402336,-17.58564234023359,17.58564234023359,10.077732000133862
19145,corn,2022,8,174.5,191.33579555685876,-16.835795556858756,16.835795556858756,9.648020376423355
19145,corn,2022,9,174.5,193.97852958223515,-19.478529582235154,19.478529582235154,11.162481135951378
19145,corn,2022,10,174.5,177.84387179378098,-3.343871793780977,3.343871793780977,1.9162589076108751
19145,corn,2022,11,174.5,181.31152656886982,-6.811526568869823,6.811526568869823,3.9034536211288384
19145,corn,2022,12,174.5,189.5622220063323,-15.062222006332291,15.062222006332291,8.631645848901027
19147,corn,2022,1,195.9,195.66681902287456,0.23318097712544272,0.23318097712544272,0.11903061619471297
19147,corn,2022,2,195.9,191.12234571876525,4.77765428123476,4.77765428123476,2.4388230123709853
19147,corn,2022,3,195.9,193.84718339801557,2.052816601984432,2.052816601984432,1.0478900469547892
19147,corn,2022,4,195.9,195.96183153373377,-0.061831533733766264,0.061831533733766264,0.03156280435618492
19147,corn,2022,5,195.9,194.16669017715242,1.7333098228475876,1.7333098228475876,0.8847931714382785
19147,corn,2022,6,195.9,195.9298268621038,-0.029826862103789153,0.029826862103789153,0.01522555492791687
19147,corn,2022,7,195.9,191.3137271503912,4.586272849608804,4.586272849608804,2.3411295812193993
19147,corn,2022,8,195.9,193.9769673949989,1.9230326050011115,1.9230326050011115,0.9816399208785664
19147,corn,2022,9,195.9,196.03065924839336,-0.13065924839335707,0.13065924839335707,0.06669691086950336
19147,corn,2022,10,195.9,178.63479537156874,17.265204628431263,17.265204628431263,8.813274440240564
19147,corn,2022,11,195.9,197.25493377635576,-1.3549337763557503,1.3549337763557503,0.6916456234587801
19147,corn,2022,12,195.9,194.2276000799602,1.672399920039794,1.672399920039794,0.8537008269728403
19149,corn,2022,1,171.8,198.25135582431352,-26.45135582431351,26.45135582431351,15.396598267935685
19149,corn,2022,2,171.8,196.12170043407298,-24.321700434072966,24.321700434072966,14.156985118785196
19149,corn,2022,3,171.8,201.96147693708895,-30.161476937088935,30.161476937088935,17.55615654079682
19149,corn,2022,4,171.8,195.20972128049115,-23.40972128049114,23.40972128049114,13.626147427526854
19149,corn,2022,5,171.8,200.73375695892327,-28.933756958923254,28.933756958923254,16.841534900420985
19149,corn,2022,6,171.8,206.70751231590776,-34.90751231590775,34.90751231590775,20.31869168562733
19149,corn,2022,7,171.8,201.4860733109043,-29.686073310904277,29.686073310904277,17.279437317173617
19149,corn,2022,8,171.8,197.62290795460157,-25.82290795460156,25.82290795460156,15.030796248312898
19149,corn,2022,9,171.8,193.96309940608882,-22.163099406088804,22.163099406088804,12.900523519260071
19149,corn,2022,10,171.8,184.12031161214108,-12.320311612141069,12.320311612141069,7.171310600780598
19149,corn,2022,11,171.8,198.83207341118867,-27.032073411188662,27.032073411188662,15.734617817921222
19149,corn,2022,12,171.8,199.98888260703092,-28.188882607030905,28.188882607030905,16.407964264860826
19151,corn,2022,1,198.3,194.83667154999299,3.463328450007026,3.463328450007026,1.7465095562314805
19151,corn,2022,2,198.3,191.9275041263269,6.3724958736731026,6.3724958736731026,3.213563224242613
19151,corn,2022,3,198.3,194.4288678782759,3.8711321217241164,3.8711321217241164,1.9521594158971842
19151,corn,2022,4,198.3,194.90033254565705,3.3996674543429606,3.3996674543429606,1.714406179698921
19151,corn,2022,5,198.3,194.79882314438035,3.5011768556196614,3.5011768556196614,1.765595993756763
19151,corn,2022,6,198.3,195.71096797465944,2.589032025340572,2.589032025340572,1.3056137293699304
19151,corn,2022,7,198.3,191.32087871264247,6.979121287357543,6.979121287357543,3.5194761913048627
19151,corn,2022,8,198.3,196.50924332640756,1.7907566735924547,1.7907566735924547,0.9030542983320498
19151,corn,2022,9,198.3,193.3559821043127,4.944017895687324,4.944017895687324,2.4932011576839757
19151,corn,2022,10,198.3,182.1846744410472,16.115325558952804,16.115325558952804,8.126740070072014
19151,corn,2022,11,198.3,198.0949025756585,0.2050974243415169,0.2050974243415169,0.10342784888629193
19151,corn,2022,12,198.3,195.12401330623845,3.1759866937615584,3.1759866937615584,1.6016070064354806
19153,corn,2022,1,188.6,191.3617630504296,-2.7617630504296073,2.7617630504296073,1.4643494434939595
19153,corn,2022,2,188.6,189.8999883557794,-1.2999883557794192,1.2999883557794192,0.6892833275606677
19153,corn,2022,3,188.6,196.57595895823147,-7.975958958231473,7.975958958231473,4.229034442328459
19153,corn,2022,4,188.6,195.9469377845047,-7.346937784504718,7.346937784504718,3.895513141306849
19153,corn,2022,5,188.6,188.2207735947318,0.3792264052681844,0.3792264052681844,0.20107444605948271
19153,corn,2022,6,188.6,193.20158530713329,-4.601585307133291,4.601585307133291,2.4398649560621903
19153,corn,2022,7,188.6,187.18602393012284,1.413976069877151,1.413976069877151,0.7497222003590409
19153,corn,2022,8,188.6,189.75075415690947,-1.1507541569094712,1.1507541569094712,0.6101559686688607
19153,corn,2022,9,188.6,190.143405281963,-1.543405281963004,1.543405281963004,0.8183485058128335
19153,corn,2022,10,188.6,177.53290587399562,11.067094126004378,11.067094126004378,5.8680244570542825
19153,corn,2022,11,188.6,185.26480630575068,3.3351936942493126,3.3351936942493126,1.7683953840134214
19153,corn,2022,12,188.6,194.89999277311432,-6.299992773114326,6.299992773114326,3.340399137388296
19155,corn,2022,1,195.0,196.88182927196576,-1.8818292719657563,1.8818292719657563,0.9650406522901315
19155,corn,2022,2,195.0,195.28044232623571,-0.28044232623571475,0.28044232623571475,0.1438165775567768
19155,corn,2022,3,195.0,201.62519327060076,-6.625193270600761,6.625193270600761,3.3975350105644924
19155,corn,2022,4,195.0,201.93241507271162,-6.9324150727116205,6.9324150727116205,3.5550846526726256
19155,corn,2022,5,195.0,203.19029839406693,-8.190298394066929,8.190298394066929,4.200153022598425
19155,corn,2022,6,195.0,199.94229980297368,-4.942299802973679,4.942299802973679,2.5345127194736814
19155,corn,2022,7,195.0,198.6336867170598,-3.6336867170597884,3.6336867170597884,1.8634290856716862
19155,corn,2022,8,195.0,202.40635935129876,-7.406359351298761,7.406359351298761,3.798133000666031
19155,corn,2022,9,195.0,193.35057324512948,1.6494267548705182,1.6494267548705182,0.8458598742925735
19155,corn,2022,10,195.0,182.2733935706737,12.726606429326296,12.726606429326296,6.526464835551947
19155,corn,2022,11,195.0,195.39062631476935,-0.3906263147693494,0.3906263147693494,0.2003211870612048
19155,corn,2022,12,195.0,200.3968153564723,-5.3968153564723025,5.3968153564723025,2.767597618703745
19157,corn,2022,1,193.3,196.57925631381588,-3.279256313815864,3.279256313815864,1.6964595518964634
19157,corn,2022,2,193.3,189.774127540646,3.5258724593540194,3.5258724593540194,1.8240416240838175
19157,corn,2022,3,193.3,195.79505050077645,-2.4950505007764434,2.4950505007764434,1.2907659083168357
19157,corn,2022,4,193.3,196.53261715823814,-3.232617158238128,3.232617158238128,1.6723316907595074
19157,corn,2022,5,193.3,193.17747083473427,0.12252916526574609,0.12252916526574609,0.06338808342770103
19157,corn,2022,6,193.3,191.45051571829669,1.849484281703326,1.849484281703326,0.9567947654957711
19157,corn,2022,7,193.3,190.19623889044166,3.1037611095583486,3.1037611095583486,1.6056705171020944
19157,corn,2022,8,193.3,195.68320882638025,-2.3832088263802405,2.3832088263802405,1.2329067906778273
19157,corn,2022,9,193.3,191.47832851307828,1.8216714869217299,1.8216714869217299,0.942406356400274
19157,corn,2022,10,193.3,179.63327305618992,13.66672694381009,13.66672694381009,7.070215697780697
19157,corn,2022,11,193.3,192.17902817076506,1.1209718292349464,1.1209718292349464,0.5799130001215449
19157,corn,2022,12,193.3,195.57612486799084,-2.2761248679908306,2.2761248679908306,1.1775089849926696
19159,corn,2022,1,151.8,180.4468273230843,-28.646827323084295,28.646827323084295,18.871427749067387
19159,corn,2022,2,151.8,191.7740243437821,-39.97402434378208,39.97402434378208,26.333349370080416
19159,corn,2022,3,151.8,194.775021667999,-42.97502166799899,42.97502166799899,28.310290953886025
19159,corn,2022,4,151.8,185.93175784420885,-34.131757844208835,34.131757844208835,22.484688961929404
19159,corn,2022,5,151.8,184.41307195785163,-32.613071957851616,32.613071957851616,21.48423712638446
19159,corn,2022,6,151.8,184.71187707125983,-32.91187707125982,32.91187707125982,21.6810784395651
19159,corn,2022,7,151.8,188.6322169633796,-36.83221696337958,36.83221696337958,24.26364753845822
19159,corn,2022,8,151.8,188.42130495797355,-36.621304957973535,36.621304957973535,24.124706823434476
19159,corn,2022,9,151.8,184.0314101889052,-32.23141018890519,32.23141018890519,21.232813036169425
19159,corn,2022,10,151.8,176.65824211502846,-24.858242115028446,24.858242115028446,16.375653567212414
19159,corn,2022,11,151.8,181.2552348272098,-29.45523482720978,29.45523482720978,19.4039755119959
19159,corn,2022,12,151.8,177.71819059998342,-25.918190599983404,25.918190599983404,17.073906851108962
19161,corn,2022,1,212.4,197.94208108080633,14.457918919193673,14.457918919193673,6.806929811296457
19161,corn,2022,2,212.4,193.04311402550871,19.35688597449129,19.35688597449129,9.113411475749194
19161,corn,2022,3,212.4,194.77960484094527,17.620395159054738,17.620395159054738,8.29585459465854
19161,corn,2022,4,212.4,198.89662197927817,13.50337802072184,13.50337802072184,6.357522608626101
19161,corn,2022,5,212.4,201.03874425978142,11.361255740218581,11.361255740218581,5.348990461496507
19161,corn,2022,6,212.4,197.53758587645237,14.862414123547637,14.862414123547637,6.997370114664612
19161,corn,2022,7,212.4,200.2089533103573,12.191046689642718,12.191046689642718,5.7396641664984545
19161,corn,2022,8,212.4,201.45417779865892,10.945822201341088,10.945822201341088,5.153400283117273
19161,corn,2022,9,212.4,196.12851512755975,16.271484872440254,16.271484872440254,7.66077442205285
19161,corn,2022,10,212.4,179.9941800781329,32.405819921867106,32.405819921867106,15.256977364344213
19161,corn,2022,11,212.4,196.8347348277893,15.565265172210701,15.565265172210701,7.328279271285641
19161,corn,2022,12,212.4,198.02981443146666,14.370185568533344,14.370185568533344,6.765624090646584
19163,corn,2022,1,216.2,197.99318360541355,18.20681639458644,18.20681639458644,8.421284178809639
19163,corn,2022,2,216.2,193.1885667993608,23.011433200639175,23.011433200639175,10.643586124254938
19163,corn,2022,3,216.2,198.00656041503936,18.19343958496063,18.19343958496063,8.415096940314815
19163,corn,2022,4,216.2,197.6396550713822,18.56034492861778,18.56034492861778,8.584803389739955
19163,corn,2022,5,216.2,192.07751222538536,24.122487774614626,24.122487774614626,11.157487407314814
19163,corn,2022,6,216.2,192.26689432009292,23.933105679907072,23.933105679907072,11.069891618828434
19163,corn,2022,7,216.2,194.2464926199927,21.953507380007295,21.953507380007295,10.154258732658324
19163,corn,2022,8,216.2,205.86074565422442,10.339254345775572,10.339254345775572,4.782263804706555
19163,corn,2022,9,216.2,200.15591865113984,16.044081348860146,16.044081348860146,7.420944194662418
19163,corn,2022,10,216.2,178.69548408308154,37.50451591691845,37.50451591691845,17.347139647048312
19163,corn,2022,11,216.2,192.36695486443583,23.833045135564163,23.833045135564163,11.023610145959372
19163,corn,2022,12,216.2,197.2176596335784,18.982340366421596,18.982340366421596,8.779990918788897
19165,corn,2022,1,209.0,198.63677836080106,10.36322163919894,10.36322163919894,4.958479253205234
19165,corn,2022,2,209.0,192.01544155224795,16.98455844775205,16.98455844775205,8.126582989355049
19165,corn,2022,3,209.0,194.90648943184635,14.093510568153647,14.093510568153647,6.743306491939544
19165,corn,2022,4,209.0,199.3471126226645,9.652887377335503,9.652887377335503,4.618606400638996
19165,corn,2022,5,209.0,205.84396323966192,3.1560367603380826,3.1560367603380826,1.5100654355684604
19165,corn,2022,6,209.0,200.3111222050261,8.688877794973905,8.688877794973905,4.157357796638232
19165,corn,2022,7,209.0,201.6720950257621,7.327904974237896,7.327904974237896,3.50617462882196
19165,corn,2022,8,209.0,200.87022640445159,8.129773595548414,8.129773595548414,3.889843825621251
19165,corn,2022,9,209.0,195.13088631214058,13.869113687859425,13.869113687859425,6.635939563569103
19165,corn,2022,10,209.0,181.57696510820668,27.42303489179332,27.42303489179332,13.1210693262169
19165,corn,2022,11,209.0,196.72925701819918,12.270742981800822,12.270742981800822,5.871168890813791
19165,corn,2022,12,209.0,197.60742467455228,11.392575325447723,11.392575325447723,5.450992978683121
19167,corn,2022,1,196.9,198.0122770925668,-1.112277092566785,1.112277092566785,0.5648944096326993
19167,corn,2022,2,196.9,195.5069076426791,1.39309235732091,1.39309235732091,0.7075126243376891
19167,corn,2022,3,196.9,199.05388944220059,-2.1538894422005797,2.1538894422005797,1.0939001737940983
19167,corn,2022,4,196.9,193.69873562497352,3.201264375026483,3.201264375026483,1.6258325927000927
19167,corn,2022,5,196.9,197.92607087435294,-1.0260708743529392,1.0260708743529392,0.5211126837749819
19167,corn,2022,6,196.9,204.96432194695024,-8.06432194695023,8.06432194695023,4.0956434469020975
19167,corn,2022,7,196.9,196.96287361293557,-0.0628736129355616,0.0628736129355616,0.03193174857062549
19167,corn,2022,8,196.9,196.66401708091914,0.23598291908086821,0.23598291908086821,0.11984912091461057
19167,corn,2022,9,196.9,192.98139864215366,3.9186013578463417,3.9186013578463417,1.9901479724968723
19167,corn,2022,10,196.9,181.7432790211699,15.156720978830094,15.156720978830094,7.697674443285979
19167,corn,2022,11,196.9,199.6924136603542,-2.7924136603541854,2.7924136603541854,1.418188755893441
19167,corn,2022,12,196.9,199.29253042863309,-2.39253042863308,2.39253042863308,1.2150992527339155
19169,corn,2022,1,207.1,196.71354843535588,10.38645156464412,10.38645156464412,5.015186656032892
19169,corn,2022,2,207.1,189.83859924848008,17.261400751519915,17.261400751519915,8.334814462346651
19169,corn,2022,3,207.1,195.93158233699458,11.168417663005414,11.168417663005414,5.392765650895902
19169,corn,2022,4,207.1,196.12670749462856,10.973292505371433,10.973292505371433,5.298547805587365
19169,corn,2022,5,207.1,192.85377259890734,14.246227401092654,14.246227401092654,6.87891231341992
19169,corn,2022,6,207.1,194.46532294364815,12.634677056351848,12.634677056351848,6.100761495099878
19169,corn,2022,7,207.1,192.16607185752733,14.933928142472666,14.933928142472666,7.210974477292452
19169,corn,2022,8,207.1,193.3845802468162,13.715419753183795,13.715419753183795,6.622607316843938
19169,corn,2022,9,207.1,197.11263017424957,9.98736982575042,9.98736982575042,4.822486637252738
19169,corn,2022,10,207.1,179.64225801214698,27.457741987853012,27.457741987853012,13.258204726148243
19169,corn,2022,11,207.1,193.45913063022323,13.640869369776766,13.640869369776766,6.586610028863721
19169,corn,2022,12,207.1,196.75531351990267,10.344686480097323,10.344686480097323,4.995020029018505
19171,corn,2022,1,203.3,198.81673206776608,4.483267932233929,4.483267932233929,2.2052473842764035
19171,corn,2022,2,203.3,189.42199821010647,13.878001789893545,13.878001789893545,6.826365858285069
19171,corn,2022,3,203.3,197.19327398942616,6.106726010573851,6.106726010573851,3.0038003003314566
19171,corn,2022,4,203.3,196.39990957560738,6.90009042439263,6.90009042439263,3.3940434945364633
19171,corn,2022,5,203.3,197.60539998483483,5.694600015165179,5.694600015165179,2.8010821520733784
19171,corn,2022,6,203.3,197.1496682191063,6.150331780893708,6.150331780893708,3.0252492773702446
19171,corn,2022,7,203.3,195.6734479495407,7.62655205045931,7.62655205045931,3.751378283551062
19171,corn,2022,8,203.3,201.15345335134515,2.146546648654862,2.146546648654862,1.0558517701204437
19171,corn,2022,9,203.3,198.13800122449382,5.161998775506191,5.161998775506191,2.5391041689651703
19171,corn,2022,10,203.3,181.0483563456086,22.251643654391415,22.251643654391415,10.945225604717862
19171,corn,2022,11,203.3,196.3748752943683,6.925124705631703,6.925124705631703,3.406357454811462
19171,corn,2022,12,203.3,198.66888430200382,4.631115697996194,4.631115697996194,2.277971322182092
19173,corn,2022,1,172.1,183.91023070738132,-11.810230707381322,11.810230707381322,6.862423420907218
19173,corn,2022,2,172.1,192.50383673624398,-20.40383673624399,20.40383673624399,11.855802868241714
19173,corn,2022,3,172.1,195.87326526394654,-23.77326526394654,23.77326526394654,13.81363466818509
19173,corn,2022,4,172.1,192.6156683817212,-20.515668381721213,20.515668381721213,11.920783487345272
19173,corn,2022,5,172.1,187.45583067732142,-15.355830677321421,15.355830677321421,8.922620962999082
19173,corn,2022,6,172.1,189.76317681304806,-17.663176813048068,17.663176813048068,10.263321797238854
19173,corn,2022,7,172.1,189.44464424867311,-17.34464424867312,17.34464424867312,10.078236053848414
19173,corn,2022,8,172.1,190.0239901663442,-17.923990166344197,17.923990166344197,10.414869358712492
19173,corn,2022,9,172.1,195.39572560076255,-23.29572560076255,23.29572560076255,13.536156653551746
19173,corn,2022,10,172.1,177.55655721181296,-5.456557211812964,5.456557211812964,3.17057362685239
19173,corn,2022,11,172.1,180.66495602898902,-8.56495602898903,8.56495602898903,4.97673214932541
19173,corn,2022,12,172.1,182.82287402709727,-10.722874027097276,10.722874027097276,6.2306066398008575
19175,corn,2022,1,149.4,179.42045228914841,-30.02045228914841,30.02045228914841,20.09401090304445
19175,corn,2022,2,149.4,191.1289221001102,-41.728922100110196,41.728922100110196,27.931005421760506
19175,corn,2022,3,149.4,193.64177713609706,-44.241777136097056,44.241777136097056,29.612969970613822
19175,corn,2022,4,149.4,179.80256668540804,-30.402566685408033,30.402566685408033,20.349776897863475
19175,corn,2022,5,149.4,178.0943982553407,-28.6943982553407,28.6943982553407,19.206424535033936
19175,corn,2022,6,149.4,181.63515300402972,-32.23515300402971,32.23515300402971,21.576407633219354
19175,corn,2022,7,149.4,183.31397724780942,-33.91397724780941,33.91397724780941,22.700118639765336
19175,corn,2022,8,149.4,180.13272564930534,-30.732725649305337,30.732725649305337,20.570766833537707
19175,corn,2022,9,149.4,181.81765928849356,-32.41765928849355,32.41765928849355,21.698567127505726
19175,corn,2022,10,149.4,176.27232014908026,-26.872320149080252,26.872320149080252,17.986827409022926
19175,corn,2022,11,149.4,180.62637709731865,-31.226377097318647,31.226377097318647,20.90118948950378
19175,corn,2022,12,149.4,177.36306978146428,-27.96306978146427,27.96306978146427,18.716914177686927
19177,corn,2022,1,151.9,185.59221539386306,-33.69221539386305,33.69221539386305,22.180523629929592
19177,corn,2022,2,151.9,192.33250227799115,-40.43250227799115,40.43250227799115,26.61784218432597
19177,corn,2022,3,151.9,181.15351188674876,-29.253511886748754,29.253511886748754,19.258401505430385
19177,corn,2022,4,151.9,184.38336060920014,-32.48336060920013,32.48336060920013,21.384700861882905
19177,corn,2022,5,151.9,173.59999094426732,-21.699990944267313,21.699990944267313,14.28570832407328
19177,corn,2022,6,151.9,179.67681628641543,-27.776816286415425,27.776816286415425,18.286251669792904
19177,corn,2022,7,151.9,185.24324225789115,-33.34324225789115,33.34324225789115,21.95078489657087
19177,corn,2022,8,151.9,182.16384806361106,-30.26384806361105,30.26384806361105,19.92353394576106
19177,corn,2022,9,151.9,179.40105166429674,-27.50105166429674,27.50105166429674,18.104708139760856
19177,corn,2022,10,151.9,178.38026381709307,-26.48026381709306,26.48026381709306,17.432695073793983
19177,corn,2022,11,151.9,181.35003960327694,-29.450039603276934,29.450039603276934,19.387781173980866
19177,corn,2022,12,151.9,177.88628986283322,-25.986289862833218,25.986289862833218,17.10749826387967
19179,corn,2022,1,170.8,188.70046150010384,-17.90046150010383,17.90046150010383,10.480363875939009
19179,corn,2022,2,170.8,192.58565108244485,-21.785651082444843,21.785651082444843,12.755065036560213
19179,corn,2022,3,170.8,194.02465682548896,-23.22465682548895,23.22465682548895,13.597574253799149
19179,corn,2022,4,170.8,193.85320985816145,-23.053209858161438,23.053209858161438,13.497195467307632
19179,corn,2022,5,170.8,174.50999676198566,-3.70999676198565,3.70999676198565,2.1721292517480384
19179,corn,2022,6,170.8,180.45500127187563,-9.65500127187562,9.65500127187562,5.6528110491075045
19179,corn,2022,7,170.8,183.43492354941068,-12.634923549410672,12.634923549410672,7.397496223308356
19179,corn,2022,8,170.8,182.72392443843216,-11.923924438432152,11.923924438432152,6.981220397208519
19179,corn,2022,9,170.8,180.8012960631025,-10.001296063102501,10.001296063102501,5.855559755914813
19179,corn,2022,10,170.8,177.0750244709695,-6.275024470969498,6.275024470969498,3.6739019150875283
19179,corn,2022,11,170.8,181.181953490031,-10.38195349003098,10.38195349003098,6.078427101891674
19179,corn,2022,12,170.8,176.4061897859009,-5.606189785900881,5.606189785900881,3.282312521019251
19181,corn,2022,1,157.8,193.4354789619782,-35.63547896197818,35.63547896197818,22.582686287692127
19181,corn,2022,2,157.8,189.19424074103674,-31.394240741036725,31.394240741036725,19.894956109655716
19181,corn,2022,3,157.8,195.3165250708489,-37.5165250708489,37.5165250708489,23.77473071663428
19181,corn,2022,4,157.8,194.06643204907687,-36.266432049076855,36.266432049076855,22.982529815638056
19181,corn,2022,5,157.8,181.03259771618627,-23.232597716186262,23.232597716186262,14.722812240929189
19181,corn,2022,6,157.8,188.4619143611217,-30.66191436112169,30.66191436112169,19.43087095128117
19181,corn,2022,7,157.8,183.05161227671888,-25.251612276718873,25.251612276718873,16.00228914874453
19181,corn,2022,8,157.8,184.6349635916558,-26.834963591655793,26.834963591655793,17.005680349591756
19181,corn,2022,9,157.8,189.48519332633973,-31.685193326339714,31.685193326339714,20.07933670870704
19181,corn,2022,10,157.8,177.3184791496229,-19.51847914962289,19.51847914962289,12.369124936389664
19181,corn,2022,11,157.8,180.3296598039513,-22.52965980395129,22.52965980395129,14.277350953074327
19181,corn,2022,12,157.8,188.56167103437016,-30.761671034370153,30.761671034370153,19.494088107965876
19183,corn,2022,1,185.7,194.66525706661017,-8.965257066610178,8.965257066610178,4.82781748336574
19183,corn,2022,2,185.7,192.06789615250332,-6.367896152503334,6.367896152503334,3.429130938343207
19183,corn,2022,3,185.7,196.75620162245178,-11.056201622451795,11.056201622451795,5.95379731957555
19183,corn,2022,4,185.7,196.20236513652748,-10.502365136527487,10.502365136527487,5.655554731571076
19183,corn,2022,5,185.7,182.4797344432545,3.2202655567454883,3.2202655567454883,1.7341225399814155
19183,corn,2022,6,185.7,188.6103653636086,-2.910365363608605,2.910365363608605,1.5672403681252587
19183,corn,2022,7,185.7,185.9737862222441,-0.2737862222440981,0.2737862222440981,0.1474346915692505
19183,corn,2022,8,185.7,191.7698855485855,-6.069885548585518,6.069885548585518,3.2686513454957016
19183,corn,2022,9,185.7,187.60151331955626,-1.9015133195562726,1.9015133195562726,1.0239705544191022
19183,corn,2022,10,185.7,179.66367956552187,6.036320434478114,6.036320434478114,3.250576432136841
19183,corn,2022,11,185.7,185.79739488733838,-0.09739488733839607,0.09739488733839607,0.0524474352926204
19183,corn,2022,12,185.7,191.22207536446533,-5.522075364465337,5.522075364465337,2.973653938861248
19185,corn,2022,1,170.1,188.3257459702964,-18.2257459702964,18.2257459702964,10.71472426237296
19185,corn,2022,2,170.1,191.78855329296402,-21.68855329296403,21.68855329296403,12.750472247480324
19185,corn,2022,3,170.1,194.68825702843154,-24.588257028431542,24.588257028431542,14.45517755933659
19185,corn,2022,4,170.1,194.75041073255016,-24.65041073255017,24.65041073255017,14.491717067930729
19185,corn,2022,5,170.1,175.87319982828978,-5.7731998282897905,5.7731998282897905,3.3940034263902352
19185,corn,2022,6,170.1,180.4712443210641,-10.371244321064097,10.371244321064097,6.097145397450968
19185,corn,2022,7,170.1,186.3503500088944,-16.2503500088944,16.2503500088944,9.55340976419424
19185,corn,2022,8,170.1,183.28295703385993,-13.182957033859935,13.182957033859935,7.750121713027593
19185,corn,2022,9,170.1,180.43169703021573,-10.331697030215736,10.331697030215736,6.073895961326124
19185,corn,2022,10,170.1,177.1024388667374,-7.002438866737407,7.002438866737407,4.116660121538747
19185,corn,2022,11,170.1,181.67143233797077,-11.571432337970776,11.571432337970776,6.8027233027459
19185,corn,2022,12,170.1,183.23667592172018,-13.136675921720183,13.136675921720183,7.7229135342270325
19187,corn,2022,1,201.5,195.92203481222964,5.57796518777036,5.57796518777036,2.7682209368587394
19187,corn,2022,2,201.5,190.42886022071872,11.071139779281282,11.071139779281282,5.494362173340586
19187,corn,2022,3,201.5,199.119855650539,2.3801443494610055,2.3801443494610055,1.181213076655586
19187,corn,2022,4,201.5,200.25871939197162,1.2412806080283758,1.2412806080283758,0.6160201528676803
19187,corn,2022,5,201.5,197.4128609437386,4.087139056261407,4.087139056261407,2.028356851742634
19187,corn,2022,6,201.5,196.9351154011744,4.564884598825614,4.564884598825614,2.2654514138092376
19187,corn,2022,7,201.5,196.18911832075173,5.3108816792482685,5.3108816792482685,2.635673289949513
19187,corn,2022,8,201.5,202.9664525682362,-1.4664525682362068,1.4664525682362068,0.7277680239385642
19187,corn,2022,9,201.5,194.10618283709243,7.393817162907567,7.393817162907567,3.6693881701774527
19187,corn,2022,10,201.5,181.3998306017561,20.100169398243906,20.100169398243906,9.975270172825761
19187,corn,2022,11,201.5,193.98874981111848,7.511250188881519,7.511250188881519,3.727667587534252
19187,corn,2022,12,201.5,197.61878113702244,3.881218862977562,3.881218862977562,1.926163207433033
19189,corn,2022,1,217.6,190.72724755510612,26.872752444893877,26.872752444893877,12.349610498572554
19189,corn,2022,2,217.6,188.9820741854045,28.61792581459548,28.61792581459548,13.151620319207483
19189,corn,2022,3,217.6,193.65937207859477,23.940627921405223,23.940627921405223,11.002126802116372
19189,corn,2022,4,217.6,193.1092973276858,24.4907026723142,24.4907026723142,11.254918507497335
19189,corn,2022,5,217.6,191.94810543494648,25.65189456505351,25.65189456505351,11.788554487616503
19189,corn,2022,6,217.6,195.94620090746554,21.653799092534456,21.653799092534456,9.951194435907379
19189,corn,2022,7,217.6,185.9724140166645,31.627585983335507,31.627585983335507,14.534736205576978
19189,corn,2022,8,217.6,194.4089347410781,23.191065258921896,23.191065258921896,10.65765866678396
19189,corn,2022,9,217.6,196.3114273947735,21.288572605226506,21.288572605226506,9.783351381078358
19189,corn,2022,10,217.6,177.8855025155724,39.714497484427596,39.714497484427596,18.25114774100533
19189,corn,2022,11,217.6,194.41728494073695,23.182715059263046,23.182715059263046,10.653821258852503
19189,corn,2022,12,217.6,192.88212713677214,24.717872863227853,24.717872863227853,11.359316573174565
19191,corn,2022,1,212.4,198.29196118793521,14.108038812064791,14.108038812064791,6.642202830538979
19191,corn,2022,2,212.4,189.27889735207802,23.121102647921987,23.121102647921987,10.88564154798587
19191,corn,2022,3,212.4,194.60609673244744,17.793903267552565,17.793903267552565,8.377543911277103
19191,corn,2022,4,212.4,195.446659932257,16.953340067743,16.953340067743,7.981798525302731
19191,corn,2022,5,212.4,185.3477351296488,27.052264870351195,27.052264870351195,12.73647121956271
19191,corn,2022,6,212.4,192.30882326156626,20.091176738433745,20.091176738433745,9.459122758207977
19191,corn,2022,7,212.4,197.9616851890596,14.438314810940398,14.438314810940398,6.797700005150846
19191,corn,2022,8,212.4,197.81545937496122,14.584540625038784,14.584540625038784,6.866544550394907
19191,corn,2022,9,212.4,196.3600584398715,16.03994156012851,16.03994156012851,7.551761563149016
19191,corn,2022,10,212.4,177.59341264744523,34.80658735255477,34.80658735255477,16.38728218105215
19191,corn,2022,11,212.4,186.61319599658754,25.78680400341247,25.78680400341247,12.14067985094749
19191,corn,2022,12,212.4,199.54310391555214,12.856896084447868,12.856896084447868,6.053152582131764
19193,corn,2022,1,200.2,196.34483655024084,3.8551634497591465,3.8551634497591465,1.9256560688107625
19193,corn,2022,2,200.2,195.67923005916907,4.520769940830917,4.520769940830917,2.2581268435718864
19193,corn,2022,3,200.2,200.43133207239913,-0.231332072399141,0.231332072399141,0.11555048571385663
19193,corn,2022,4,200.2,200.39964753431963,-0.199647534319638,0.199647534319638,0.0997240431167023
19193,corn,2022,5,200.2,201.00076806395157,-0.8007680639515797,0.8007680639515797,0.399984047927862
19193,corn,2022,6,200.2,203.04639692169067,-2.8463969216906833,2.8463969216906833,1.4217766841611805
19193,corn,2022,7,200.2,199.3018881772761,0.8981118227238767,0.8981118227238767,0.4486073040578805
19193,corn,2022,8,200.2,197.77062977542306,2.429370224576928,2.429370224576928,1.2134716406478163
19193,corn,2022,9,200.2,194.7496671748453,5.450332825154675,5.450332825154675,2.7224439686087285
19193,corn,2022,10,200.2,181.70933518445182,18.490664815548172,18.490664815548172,9.236096311462624
19193,corn,2022,11,200.2,197.7478136855419,2.452186314458089,2.452186314458089,1.2248682889401044
19193,corn,2022,12,200.2,199.74536588813143,0.4546341118685575,0.4546341118685575,0.22708996596831044
19195,corn,2022,1,219.5,190.74768611786772,28.752313882132285,28.752313882132285,13.099004046529513
19195,corn,2022,2,219.5,189.1459606133461,30.35403938665391,30.35403938665391,13.82871953833891
19195,corn,2022,3,219.5,194.40779385023953,25.09220614976047,25.09220614976047,11.43152899761297
19195,corn,2022,4,219.5,193.59199779897702,25.90800220102298,25.90800220102298,11.80319006880318
19195,corn,2022,5,219.5,192.5602864650037,26.939713534996287,26.939713534996287,12.273218011387831
19195,corn,2022,6,219.5,195.171857617979,24.328142382021014,24.328142382021014,11.083436164929847
19195,corn,2022,7,219.5,185.24978536878626,34.25021463121374,34.25021463121374,15.60374242879897
19195,corn,2022,8,219.5,195.8037391309455,23.6962608690545,23.6962608690545,10.79556303829362
19195,corn,2022,9,219.5,194.3026575949946,25.1973424050054,25.1973424050054,11.479427063783781
19195,corn,2022,10,219.5,178.34329205953924,41.15670794046076,41.15670794046076,18.75020862891151
19195,corn,2022,11,219.5,195.39838149342327,24.101618506576727,24.101618506576727,10.980236221675046
19195,corn,2022,12,219.5,193.25536296328036,26.244637036719638,26.244637036719638,11.956554458642204
19197,corn,2022,1,209.7,195.388320830913,14.311679169087,14.311679169087,6.8248350830171685
19197,corn,2022,2,209.7,189.86723946980328,19.83276053019671,19.83276053019671,9.457682656269293
19197,corn,2022,3,209.7,194.36265382650177,15.337346173498219,15.337346173498219,7.313946673103586
19197,corn,2022,4,209.7,194.8606389451452,14.839361054854777,14.839361054854777,7.0764716522912625
19197,corn,2022,5,209.7,194.13332150364738,15.566678496352608,15.566678496352608,7.423308772700338
19197,corn,2022,6,209.7,195.20058855582585,14.499411444174143,14.499411444174143,6.9143592962203835
19197,corn,2022,7,209.7,190.3141221971492,19.385877802850786,19.385877802850786,9.244576920768138
19197,corn,2022,8,209.7,196.77658250737912,12.923417492620871,12.923417492620871,6.162812347458689
19197,corn,2022,9,209.7,197.22434938055537,12.475650619444622,12.475650619444622,5.949284987813363
19197,corn,2022,10,209.7,178.3717242800114,31.328275719988596,31.328275719988596,14.939568774434239
19197,corn,2022,11,209.7,195.96970568353825,13.730294316461737,13.730294316461737,6.547589087487715
19197,corn,2022,12,209.7,196.30898501447436,13.39101498552563,13.39101498552563,6.385796368872498
