county_id,crop_type,year,month,yield_bu_acre,prediction,residual,abs_error,ape
19001,corn,2022,1,164.2,190.12407623129695,-25.924076231296965,25.924076231296965,15.788109763274644
19001,corn,2022,2,164.2,190.4468475814471,-26.2468475814471,26.2468475814471,15.984681840101766
19001,corn,2022,3,164.2,196.5056956246697,-32.30569562466971,32.30569562466971,19.674601476656342
19001,corn,2022,4,164.2,199.40632084211472,-35.206320842114735,35.206320842114735,21.44112109751202
19001,corn,2022,5,164.2,189.96659529782693,-25.76659529782694,25.76659529782694,15.692201764815433
19001,corn,2022,6,164.2,193.28466686432145,-29.084666864321463,29.084666864321463,17.712951805311487
19001,corn,2022,7,164.2,184.7610613417451,-20.561061341745102,20.561061341745102,12.521961840283256
19001,corn,2022,8,164.2,188.97281757780803,-24.77281757780804,24.77281757780804,15.086977818397104
19001,corn,2022,9,164.2,188.06930252839598,-23.86930252839599,23.86930252839599,14.53672504774421
19001,corn,2022,10,164.2,187.48095649521915,-23.280956495219158,23.280956495219158,14.178414430705944
19001,corn,2022,11,164.2,187.24137692127246,-23.041376921272473,23.041376921272473,14.032507260214661
19001,corn,2022,12,164.2,191.26352195518817,-27.06352195518818,27.06352195518818,16.48204747575407
19005,corn,2022,1,215.9,189.29253139649313,26.607468603506874,26.607468603506874,12.32397804701569
19005,corn,2022,2,215.9,187.8313249286998,28.06867507130022,28.06867507130022,13.000775855164528
19005,corn,2022,3,215.9,188.5519182449039,27.348081755096104,27.348081755096104,12.667013318710563
19005,corn,2022,4,215.9,183.36710621404285,32.53289378595716,32.53289378595716,15.068501058803685
19005,corn,2022,5,215.9,183.87201002547937,32.02798997452064,32.02798997452064,14.834641025715904
19005,corn,2022,6,215.9,185.32406906481916,30.57593093518085,30.57593093518085,14.162080099666904
19005,corn,2022,7,215.9,187.797123853897,28.102876146103,28.102876146103,13.016617019964336
19005,corn,2022,8,215.9,189.31372985027437,26.586270149725635,26.586270149725635,12.314159402374077
19005,corn,2022,9,215.9,188.3693954868854,27.53060451311461,27.53060451311461,12.751553734652434
19005,corn,2022,10,215.9,183.89260567333113,32.00739432666887,32.00739432666887,14.825101587155567
19005,corn,2022,11,215.9,181.61408398638474,34.285916013615264,34.285916013615264,15.880461330993636
19005,corn,2022,12,215.9,182.9349871898622,32.96501281013781,32.96501281013781,15.268648823593239
19007,corn,2022,1,146.1,185.4790320792716,-39.37903207927161,39.37903207927161,26.953478493683512
19007,corn,2022,2,146.1,189.92494013691314,-43.82494013691314,43.82494013691314,29.996536712466217
19007,corn,2022,3,146.1,189.19899348106938,-43.098993481069385,43.098993481069385,29.49965330668678
19007,corn,2022,4,146.1,189.4494749394737,-43.34947493947371,43.34947493947371,29.67109852120035
19007,corn,2022,5,146.1,176.508396308931,-30.408396308931003,30.408396308931003,20.81341294245791
19007,corn,2022,6,146.1,180.2611893683058,-34.1611893683058,34.1611893683058,23.382059800346198
19007,corn,2022,7,146.1,188.94651055995413,-42.84651055995414,42.84651055995414,29.32683816560858
19007,corn,2022,8,146.1,188.17489081120178,-42.07489081120178,42.07489081120178,28.798693231486507
19007,corn,2022,9,146.1,184.91930881210718,-38.81930881210718,38.81930881210718,26.570368796787943
19007,corn,2022,10,146.1,183.79310012835452,-37.69310012835453,37.69310012835453,25.79952096396614
19007,corn,2022,11,146.1,180.15398166675487,-34.05398166675488,34.05398166675488,23.30868012782675
19007,corn,2022,12,146.1,180.6446195203825,-34.5446195203825,34.5446195203825,23.644503436264543
19009,corn,2022,1,197.9,204.3269888097636,-6.4269888097636,6.4269888097636,3.2475941433873676
19009,corn,2022,2,197.9,191.18936042293578,6.710639577064228,6.710639577064228,3.390924495737356
19009,corn,2022,3,197.9,205.44676698750686,-7.546766987506857,7.546766987506857,3.8134244504835046
19009,corn,2022,4,197.9,205.9695244846277,-8.069524484627692,8.069524484627692,4.077576798700198
19009,corn,2022,5,197.9,201.4190981975648,-3.5190981975648015,3.5190981975648015,1.7782204131201624
19009,corn,2022,6,197.9,197.98900361944297,-0.08900361944296264,0.08900361944296264,0.04497403711114838
19009,corn,2022,7,197.9,186.42660935704737,11.473390642952637,11.473390642952637,5.797569804422757
19009,corn,2022,8,197.9,196.74206234450384,1.1579376554961698,1.1579376554961698,0.5851125090935674
19009,corn,2022,9,197.9,190.13483556728215,7.765164432717853,7.765164432717853,3.9237819265881013
19009,corn,2022,10,197.9,185.44214071013397,12.457859289866036,12.457859289866036,6.2950274329793
19009,corn,2022,11,197.9,192.7663041185337,5.133695881466309,5.133695881466309,2.5940858420749415
19009,corn,2022,12,197.9,198.57911786951502,-0.6791178695150109,0.6791178695150109,0.3431621371980853
19011,corn,2022,1,221.7,194.15992408950564,27.54007591049435,27.54007591049435,12.422226391743054
19011,corn,2022,2,221.7,193.80396412981358,27.89603587018641,27.89603587018641,12.582785687950567
19011,corn,2022,3,221.7,193.73029025631405,27.96970974368594,27.96970974368594,12.61601702466664
19011,corn,2022,4,221.7,196.90722161177627,24.792778388223724,24.792778388223724,11.183030396131585
19011,corn,2022,5,221.7,205.0357881483748,16.664211851625197,16.664211851625197,7.516559247462877
19011,corn,2022,6,221.7,194.84005233570971,26.859947664290274,26.859947664290274,12.115447751145817
19011,corn,2022,7,221.7,189.49687156761524,32.203128432384744,32.203128432384744,14.525542820200608
19011,corn,2022,8,221.7,193.7340416265807,27.965958373419284,27.965958373419284,12.614324931628005
19011,corn,2022,9,221.7,193.58943562180872,28.11056437819127,28.11056437819127,12.679550914835938
19011,corn,2022,10,221.7,184.89111204986403,36.808887950135954,36.808887950135954,16.603016666727992
19011,corn,2022,11,221.7,197.79918750541384,23.900812494586148,23.900812494586148,10.780700268194023
19011,corn,2022,12,221.7,195.60044500931124,26.099554990688745,26.099554990688745,11.772465038650765
19013,corn,2022,1,202.5,194.54362793808392,7.956372061916085,7.956372061916085,3.929072623168437
19013,corn,2022,2,202.5,193.58048600973564,8.919513990264363,8.919513990264363,4.404698266797216
19013,corn,2022,3,202.5,197.80514937895578,4.694850621044225,4.694850621044225,2.3184447511329505
19013,corn,2022,4,202.5,196.34222468147655,6.1577753185234485,6.1577753185234485,3.040876700505407
19013,corn,2022,5,202.5,198.82715758898243,3.6728424110175695,3.6728424110175695,1.8137493387741084
19013,corn,2022,6,202.5,191.26955314335038,11.230446856649621,11.230446856649621,5.545899682296109
19013,corn,2022,7,202.5,188.9965860641528,13.503413935847192,13.503413935847192,6.668352560912194
19013,corn,2022,8,202.5,191.59487652805527,10.905123471944734,10.905123471944734,5.385246158985053
19013,corn,2022,9,202.5,191.02012663764893,11.479873362351071,11.479873362351071,5.669073265358554
19013,corn,2022,10,202.5,186.96030810232241,15.539691897677585,15.539691897677585,7.673921924779055
19013,corn,2022,11,202.5,193.518129366269,8.981870633731006,8.981870633731006,4.435491670978275
19013,corn,2022,12,202.5,192.97953899211043,9.520461007889566,9.520461007889566,4.701462226118304
19015,corn,2022,1,202.4,194.63405239645468,7.765947603545328,7.765947603545328,3.8369306341627114
19015,corn,2022,2,202.4,194.5065302044595,7.893469795540511,7.893469795540511,3.899935669733454
19015,corn,2022,3,202.4,194.80661651606883,7.593383483931177,7.593383483931177,3.7516716817841784
19015,corn,2022,4,202.4,198.53523859746005,3.864761402539955,3.864761402539955,1.9094670961165783
19015,corn,2022,5,202.4,192.4968950559587,9.903104944041303,9.903104944041303,4.8928384110876
19015,corn,2022,6,202.4,196.35356047959252,6.046439520407489,6.046439520407489,2.9873713045491543
19015,corn,2022,7,202.4,186.75486103134156,15.645138968658443,15.645138968658443,7.729811743408321
19015,corn,2022,8,202.4,194.71073547241718,7.6892645275828215,7.6892645275828215,3.799043738924319
19015,corn,2022,9,202.4,191.80876692935885,10.591233070641152,10.591233070641152,5.232822663360253
19015,corn,2022,10,202.4,185.57501573386045,16.824984266139552,16.824984266139552,8.312739261926657
19015,corn,2022,11,202.4,196.58883340955535,5.811166590444657,5.811166590444657,2.8711297383619843
19015,corn,2022,12,202.4,195.4715607318613,6.928439268138703,6.928439268138703,3.423141930898569
19017,corn,2022,1,210.8,194.78219670457406,16.01780329542595,16.01780329542595,7.598578413389919
19017,corn,2022,2,210.8,194.71288685273015,16.08711314726986,16.08711314726986,7.63145784974851
19017,corn,2022,3,210.8,199.19775638099023,11.602243619009784,11.602243619009784,5.503910635203882
19017,corn,2022,4,210.8,201.11036394746458,9.689636052535434,9.689636052535434,4.596601542948498
19017,corn,2022,5,210.8,197.93504709805788,12.864952901942132,12.864952901942132,6.102918833938393
19017,corn,2022,6,210.8,192.43115746412028,18.368842535879736,18.368842535879736,8.713872170720936
19017,corn,2022,7,210.8,185.1135645304611,25.686435469538907,25.686435469538907,12.185216067143694
19017,corn,2022,8,210.8,192.62285838709084,18.177141612909168,18.177141612909168,8.62293245394173
19017,corn,2022,9,210.8,195.27416829859663,15.525831701403376,15.525831701403376,7.365195304271051
19017,corn,2022,10,210.8,178.5857368884368,32.21426311156321,32.21426311156321,15.281908496946494
19017,corn,2022,11,210.8,186.29741481065406,24.50258518934595,24.50258518934595,11.62361726249808
19017,corn,2022,12,210.8,195.3792837215658,15.420716278434213,15.420716278434213,7.31533030286253
19019,corn,2022,1,209.7,196.06004920352106,13.639950796478928,13.639950796478928,6.504506817586518
19019,corn,2022,2,209.7,194.3829025085399,15.317097491460089,15.317097491460089,7.304290649241817
19019,corn,2022,3,209.7,192.9246767785791,16.775323221420877,16.775323221420877,7.999677263433895
19019,corn,2022,4,209.7,201.3794905441159,8.320509455884093,8.320509455884093,3.9678156680420096
19019,corn,2022,5,209.7,203.34306333709085,6.356936662909135,6.356936662909135,3.0314433299519004
19019,corn,2022,6,209.7,190.7616775102191,18.938322489780887,18.938322489780887,9.03115044815493
19019,corn,2022,7,209.7,189.28871225723512,20.41128774276487,20.41128774276487,9.73356592406527
19019,corn,2022,8,209.7,195.52575961814392,14.174240381856066,14.174240381856066,6.75929441194853
19019,corn,2022,9,209.7,192.65440927716006,17.045590722839933,17.045590722839933,8.128560192102972
19019,corn,2022,10,209.7,185.7228003735667,23.977199626433276,23.977199626433276,11.434048462772187
19019,corn,2022,11,209.7,198.42440923762578,11.275590762374208,11.275590762374208,5.377010377860852
19019,corn,2022,12,209.7,196.29933553723248,13.400664462767509,13.400664462767509,6.390397931696476
19021,corn,2022,1,197.0,200.077122349792,-3.077122349792006,3.077122349792006,1.5619910405035564
19021,corn,2022,2,197.0,188.91279888641165,8.08720111358835,8.08720111358835,4.105178230247893
19021,corn,2022,3,197.0,201.61421046641414,-4.614210466414136,4.614210466414136,2.3422388154386473
19021,corn,2022,4,197.0,203.67090514825622,-6.6709051482562245,6.6709051482562245,3.3862462681503676
19021,corn,2022,5,197.0,205.96401068128478,-8.964010681284776,8.964010681284776,4.550259229078566
19021,corn,2022,6,197.0,207.7171371102785,-10.717137110278486,10.717137110278486,5.440171121968775
19021,corn,2022,7,197.0,186.2733797108613,10.726620289138708,10.726620289138708,5.444984918344522
19021,corn,2022,8,197.0,195.7325042996309,1.2674957003690963,1.2674957003690963,0.6433988326746681
19021,corn,2022,9,197.0,195.64990090062614,1.350099099373864,1.350099099373864,0.6853294920679512
19021,corn,2022,10,197.0,185.73055292004642,11.26944707995358,11.26944707995358,5.720531512666791
19021,corn,2022,11,197.0,204.12592114787367,-7.125921147873669,7.125921147873669,3.6172188567886643
19021,corn,2022,12,197.0,200.3164754134567,-3.3164754134566863,3.3164754134566863,1.6834900575922265
19023,corn,2022,1,212.4,195.90436282847782,16.49563717152219,16.49563717152219,7.766307519549054
19023,corn,2022,2,212.4,194.80717904762713,17.592820952372875,17.592820952372875,8.282872388122822
19023,corn,2022,3,212.4,198.32343673211295,14.076563267887053,14.076563267887053,6.627383836105015
19023,corn,2022,4,212.4,201.3163783102192,11.083621689780813,11.083621689780813,5.218277631723547
19023,corn,2022,5,212.4,203.34446270091712,9.055537299082886,9.055537299082886,4.263435639869532
19023,corn,2022,6,212.4,194.0554621947064,18.344537805293612,18.344537805293612,8.636788043923547
19023,corn,2022,7,212.4,192.97086032395362,19.42913967604639,19.42913967604639,9.14742922601054
19023,corn,2022,8,212.4,195.68934314837003,16.710656851629977,16.710656851629977,7.867540890597917
19023,corn,2022,9,212.4,195.10791402204342,17.29208597795659,17.29208597795659,8.141283417117037
19023,corn,2022,10,212.4,187.68665664074732,24.71334335925269,24.71334335925269,11.635284067444768
19023,corn,2022,11,212.4,189.8662869298515,22.533713070148508,22.533713070148508,10.609092782555795
19023,corn,2022,12,212.4,198.12895325645962,14.271046743540381,14.271046743540381,6.7189485609888795
19025,corn,2022,1,202.3,197.11738834813377,5.182611651866239,5.182611651866239,2.5618446128849426
19025,corn,2022,2,202.3,191.80251093899653,10.497489061003478,10.497489061003478,5.189070222937952
19025,corn,2022,3,202.3,199.73300431356023,2.566995686439782,2.566995686439782,1.2689054307660808
19025,corn,2022,4,202.3,201.94646675156864,0.35353324843137557,0.35353324843137557,0.17475691963982973
19025,corn,2022,5,202.3,200.1310215592183,2.1689784407817,2.1689784407817,1.0721593874353434
19025,corn,2022,6,202.3,198.51249803659258,3.7875019634074363,3.7875019634074363,1.872220446568184
19025,corn,2022,7,202.3,188.73612202123385,13.563877978766158,13.563877978766158,6.704833405223014
19025,corn,2022,8,202.3,197.23380864429728,5.066191355702728,5.066191355702728,2.504296270737878
19025,corn,2022,9,202.3,191.19706519113745,11.102934808862557,11.102934808862557,5.4883513637481744
19025,corn,2022,10,202.3,194.94753565808418,7.352464341915834,7.352464341915834,3.6344361551734226
19025,corn,2022,11,202.3,202.87403107054112,-0.5740310705411105,0.5740310705411105,0.28375238286757803
19025,corn,2022,12,202.3,200.099952878563,2.2000471214370236,2.2000471214370236,1.0875171139085633
19027,corn,2022,1,195.7,204.03553413393624,-8.33553413393625,8.33553413393625,4.259342940182039
19027,corn,2022,2,195.7,189.8834866354932,5.81651336450679,5.81651336450679,2.9721580809947827
19027,corn,2022,3,195.7,205.32986344081206,-9.629863440812073,9.629863440812073,4.920727358616287
19027,corn,2022,4,195.7,205.1436017495364,-9.443601749536413,9.443601749536413,4.825550204157595
19027,corn,2022,5,195.7,204.09628741186748,-8.39628741186749,8.39628741186749,4.2903870270145585
19027,corn,2022,6,195.7,200.63782271973838,-4.937822719738392,4.937822719738392,2.5231592844856374
19027,corn,2022,7,195.7,189.4747836304549,6.22521636954508,6.22521636954508,3.180999677846234
19027,corn,2022,8,195.7,197.4677833444351,-1.7677833444351165,1.7677833444351165,0.9033128995580566
19027,corn,2022,9,195.7,193.70475122100956,1.9952487789904296,1.9952487789904296,1.019544598359954
19027,corn,2022,10,195.7,188.5804807432203,7.119519256779682,7.119519256779682,3.637976114859317
19027,corn,2022,11,195.7,201.2166276004395,-5.516627600439506,5.516627600439506,2.8189205929685777
19027,corn,2022,12,195.7,202.3885574693953,-6.688557469395306,6.688557469395306,3.4177605873251435
19029,corn,2022,1,179.2,198.54630727145965,-19.346307271459665,19.346307271459665,10.795930397019902
19029,corn,2022,2,179.2,191.90722289052712,-12.707222890527134,12.707222890527134,7.0910842023030884
19029,corn,2022,3,179.2,192.89634896323014,-13.69634896323015,13.69634896323015,7.64305187680254
19029,corn,2022,4,179.2,205.25275388302197,-26.05275388302198,26.05275388302198,14.538367122222088
19029,corn,2022,5,179.2,193.70488700266284,-14.504887002662855,14.504887002662855,8.09424497916454
19029,corn,2022,6,179.2,194.74850017388843,-15.548500173888442,15.548500173888442,8.67661840060739
19029,corn,2022,7,179.2,186.5011870084088,-7.301187008408817,7.301187008408817,4.074323107370992
19029,corn,2022,8,179.2,193.96502780863437,-14.765027808634386,14.765027808634386,8.239412839639725
19029,corn,2022,9,179.2,189.45727322521182,-10.257273225211833,10.257273225211833,5.723924790854818
19029,corn,2022,10,179.2,185.9616923190013,-6.761692319001298,6.761692319001298,3.7732658030141177
19029,corn,2022,11,179.2,190.92327865610375,-11.723278656103759,11.723278656103759,6.54200817862933
19029,corn,2022,12,179.2,201.23031194297863,-22.030311942978642,22.030311942978642,12.29370086103719
19031,corn,2022,1,221.4,194.96844360053313,26.43155639946687,26.43155639946687,11.938372357482779
19031,corn,2022,2,221.4,192.1434258132577,29.256574186742313,29.256574186742313,13.21435148452679
19031,corn,2022,3,221.4,190.51636410680146,30.883635893198544,30.883635893198544,13.949248370911718
19031,corn,2022,4,221.4,191.90219218567907,29.497807814320936,29.497807814320936,13.323309762565916
19031,corn,2022,5,221.4,197.38438462972903,24.01561537027098,24.01561537027098,10.847161413853197
19031,corn,2022,6,221.4,193.6307027114759,27.769297288524115,27.769297288524115,12.54259136789707
19031,corn,2022,7,221.4,192.29748904978402,29.102510950215986,29.102510950215986,13.144765560169821
19031,corn,2022,8,221.4,199.81026852966957,21.589731470330435,21.589731470330435,9.7514595620282
19031,corn,2022,9,221.4,196.9860503211014,24.413949678898604,24.413949678898604,11.027077542411293
19031,corn,2022,10,221.4,184.6850027627971,36.71499723720291,36.71499723720291,16.58310624986581
19031,corn,2022,11,221.4,188.40661337673157,32.993386623268435,32.993386623268435,14.902161979796041
19031,corn,2022,12,221.4,196.28553737789193,25.11446262210808,25.11446262210808,11.343479052442673
19033,corn,2022,1,216.9,199.42834952753424,17.471650472465768,17.471650472465768,8.055163887720502
19033,corn,2022,2,216.9,200.76921592929827,16.130784070701736,16.130784070701736,7.436968220701584
19033,corn,2022,3,216.9,192.8192330800503,24.080766919949696,24.080766919949696,11.102243854287549
19033,corn,2022,4,216.9,192.7189730052319,24.181026994768104,24.181026994768104,11.148467955172016
19033,corn,2022,5,216.9,200.17918978163001,16.72081021836999,16.72081021836999,7.708995029216224
19033,corn,2022,6,216.9,197.30652744131086,19.593472558689143,19.593472558689143,9.033412890128696
19033,corn,2022,7,216.9,185.08878832610844,31.811211673891563,31.811211673891563,14.6663032152566
19033,corn,2022,8,216.9,195.67279011844505,21.227209881554955,21.227209881554955,9.786634339121694
19033,corn,2022,9,216.9,194.75541924847965,22.14458075152035,22.14458075152035,10.209580798303527
19033,corn,2022,10,216.9,182.68042334122657,34.219576658773434,34.219576658773434,15.776660515801492
19033,corn,2022,11,216.9,194.7184255671876,22.181574432812397,22.181574432812397,10.226636437442322
19033,corn,2022,12,216.9,194.2907911205801,22.609208879419896,22.609208879419896,10.423793858653708
19035,corn,2022,1,198.8,205.63213125170364,-6.832131251703629,6.832131251703629,3.4366857402935755
19035,corn,2022,2,198.8,194.6986758774975,4.101324122502518,4.101324122502518,2.063040303069677
19035,corn,2022,3,198.8,205.38912158626655,-6.589121586266543,6.589121586266543,3.314447478001279
19035,corn,2022,4,198.8,206.34572295469926,-7.545722954699244,7.545722954699244,3.7956352890841263
19035,corn,2022,5,198.8,207.5727287117358,-8.772728711735795,8.772728711735795,4.412841404293659
19035,corn,2022,6,198.8,207.76768546878847,-8.96768546878846,8.96768546878846,4.510908183495201
19035,corn,2022,7,198.8,185.56887973659127,13.23112026340874,13.23112026340874,6.655493090245845
19035,corn,2022,8,198.8,194.52464268667603,4.27535731332398,4.27535731332398,2.150582149559346
19035,corn,2022,9,198.8,192.69360207244245,6.106397927557566,6.106397927557566,3.0716287361959584
19035,corn,2022,10,198.8,187.7922951887444,11.007704811255621,11.007704811255621,5.537074854756349
19035,corn,2022,11,198.8,201.59049820348656,-2.7904982034865498,2.7904982034865498,1.403671128514361
19035,corn,2022,12,198.8,199.78464885929412,-0.9846488592941114,0.9846488592941114,0.49529620688838594
19037,corn,2022,1,214.6,195.63033841892948,18.96966158107051,18.96966158107051,8.839544073192224
19037,corn,2022,2,214.6,194.50460470689472,20.09539529310527,20.09539529310527,9.364117098371514
19037,corn,2022,3,214.6,199.8709628795874,14.729037120412585,14.729037120412585,6.863484212680608
19037,corn,2022,4,214.6,199.8402185900244,14.759781409975602,14.759781409975602,6.87781053586934
19037,corn,2022,5,214.6,201.39367019953093,13.206329800469064,13.206329800469064,6.153928145605342
19037,corn,2022,6,214.6,201.21428971009425,13.385710289905745,13.385710289905745,6.237516444504075
19037,corn,2022,7,214.6,193.7638615912424,20.83613840875759,20.83613840875759,9.709290964006334
19037,corn,2022,8,214.6,197.07224135803818,17.52775864196181,17.52775864196181,8.16764149206049
19037,corn,2022,9,214.6,195.52603795180366,19.073962048196336,19.073962048196336,8.88814634119121
19037,corn,2022,10,214.6,180.19907657808366,34.40092342191633,34.40092342191633,16.030253225496892
19037,corn,2022,11,214.6,185.66746572653608,28.932534273463915,28.932534273463915,13.482075616711983
19037,corn,2022,12,214.6,196.38730204494794,18.21269795505205,18.21269795505205,8.48681172183227
19041,corn,2022,1,191.5,199.1151032353145,-7.615103235314507,7.615103235314507,3.9765552142634504
19041,corn,2022,2,191.5,193.5910220030296,-2.091022003029593,2.091022003029593,1.0919174950546178
19041,corn,2022,3,191.5,200.47069460780065,-8.970694607800652,8.970694607800652,4.684435826527756
19041,corn,2022,4,191.5,203.67784014441318,-12.177840144413182,12.177840144413182,6.359185454001662
19041,corn,2022,5,191.5,205.18234675879847,-13.682346758798474,13.682346758798474,7.144828594672832
19041,corn,2022,6,191.5,206.21412194020158,-14.71412194020158,14.71412194020158,7.683614590183592
19041,corn,2022,7,191.5,183.87173753137296,7.628262468627042,7.628262468627042,3.9834268765676457
19041,corn,2022,8,191.5,195.01328794871318,-3.5132879487131845,3.5132879487131845,1.8346151168215061
19041,corn,2022,9,191.5,191.4818013960724,0.018198603927601198,0.018198603927601198,0.009503187429556761
19041,corn,2022,10,191.5,187.2315102785579,4.2684897214421085,4.2684897214421085,2.228976355844443
19041,corn,2022,11,191.5,198.17300041856754,-6.67300041856754,6.67300041856754,3.484595518834224
19041,corn,2022,12,191.5,199.87593263325226,-8.375932633252262,8.375932633252262,4.3738551609672385
19043,corn,2022,1,215.4,191.2841065018179,24.115893498182118,24.115893498182118,11.195865133789283
19043,corn,2022,2,215.4,189.81574455876526,25.584255441234745,25.584255441234745,11.877555915150763
19043,corn,2022,3,215.4,190.52443746360294,24.87556253639707,24.87556253639707,11.548543424511173
19043,corn,2022,4,215.4,185.21126217637584,30.188737823624166,30.188737823624166,14.015198618209917
19043,corn,2022,5,215.4,184.73778049269467,30.662219507305338,30.662219507305338,14.235013698841847
19043,corn,2022,6,215.4,184.85180520958764,30.548194790412367,30.548194790412367,14.18207743287482
19043,corn,2022,7,215.4,189.33486263303595,26.065137366964052,26.065137366964052,12.100806577049235
19043,corn,2022,8,215.4,192.05926043767906,23.340739562320948,23.340739562320948,10.835997939796169
19043,corn,2022,9,215.4,188.95203907214386,26.447960927856144,26.447960927856144,12.278533392690875
19043,corn,2022,10,215.4,183.16018377485724,32.23981622514276,32.23981622514276,14.967417003316044
19043,corn,2022,11,215.4,182.21928811793398,33.18071188206602,33.18071188206602,15.40423021451533
19043,corn,2022,12,215.4,186.28577083116116,29.114229168838847,29.114229168838847,13.516355231587207
19045,corn,2022,1,225.2,193.89307233010973,31.306927669890257,31.306927669890257,13.901832890715035
19045,corn,2022,2,225.2,190.8647092915903,34.3352907084097,34.3352907084097,15.246576691123314
19045,corn,2022,3,225.2,189.0060372138301,36.19396278616989,36.19396278616989,16.071919532047023
19045,corn,2022,4,225.2,186.8676884267575,38.33231157324249,38.33231157324249,17.021452741226682
19045,corn,2022,5,225.2,191.93752953610203,33.262470463897955,33.262470463897955,14.7701911473792
19045,corn,2022,6,225.2,195.79109428045464,29.408905719545345,29.408905719545345,13.059016749354061
19045,corn,2022,7,225.2,189.90919507276564,35.29080492723435,35.29080492723435,15.670872525414897
19045,corn,2022,8,225.2,197.13122771848214,28.06877228151785,28.06877228151785,12.463930853249492
19045,corn,2022,9,225.2,197.3234669534007,27.87653304659929,27.87653304659929,12.378567072202173
19045,corn,2022,10,225.2,185.73803659561787,39.46196340438212,39.46196340438212,17.52307433587128
19045,corn,2022,11,225.2,186.03680428294075,39.16319571705924,39.16319571705924,17.39040662391618
19045,corn,2022,12,225.2,192.23864683353213,32.96135316646786,32.96135316646786,14.636480091682
19047,corn,2022,1,216.4,200.77313157221522,15.626868427784785,15.626868427784785,7.221288552580769
19047,corn,2022,2,216.4,192.35378653560406,24.046213464395947,24.046213464395947,11.11192858798334
19047,corn,2022,3,216.4,204.593059083263,11.806940916737005,11.806940916737005,5.456072512355363
19047,corn,2022,4,216.4,204.0980179484656,12.301982051534395,12.301982051534395,5.684834589433639
19047,corn,2022,5,216.4,206.114473929389,10.285526070611013,10.285526070611013,4.753015744274959
19047,corn,2022,6,216.4,205.2605694931183,11.139430506881695,11.139430506881695,5.147611139963814
19047,corn,2022,7,216.4,186.5208801666297,29.87911983337031,29.87911983337031,13.807356669764467
19047,corn,2022,8,216.4,197.28416405942974,19.115835940570264,19.115835940570264,8.83356559176075
19047,corn,2022,9,216.4,193.54172899743,22.858271002570007,22.858271002570007,10.562971812647877
19047,corn,2022,10,216.4,187.04697080471624,29.353029195283767,29.353029195283767,13.564246393384366
19047,corn,2022,11,216.4,192.39692101634722,24.003078983652784,24.003078983652784,11.091995833480954
19047,corn,2022,12,216.4,200.1349439189033,16.265056081096702,16.265056081096702,7.516199667789604
19049,corn,2022,1,187.2,191.52879836031485,-4.328798360314863,4.328798360314863,2.3123922864929827
19049,corn,2022,2,187.2,190.636128921551,-3.436128921551017,3.436128921551017,1.8355389538199878
19049,corn,2022,3,187.2,195.28438660018742,-8.084386600187429,8.084386600187429,4.3185825855702085
19049,corn,2022,4,187.2,197.56885214440217,-10.368852144402183,10.368852144402183,5.538916743804585
19049,corn,2022,5,187.2,190.6784038801604,-3.478403880160414,3.478403880160414,1.858121730854922
19049,corn,2022,6,187.2,194.44488954384462,-7.244889543844636,7.244889543844636,3.87013330333581
19049,corn,2022,7,187.2,188.23156193406945,-1.0315619340694582,1.0315619340694582,0.5510480417037704
19049,corn,2022,8,187.2,191.49335741579873,-4.293357415798738,4.293357415798738,2.2934601580121465
19049,corn,2022,9,187.2,186.92476859111628,0.27523140888371245,0.27523140888371245,0.1470253252583934
19049,corn,2022,10,187.2,187.86809149403757,-0.6680914940375828,0.6680914940375828,0.3568864818576831
19049,corn,2022,11,187.2,193.4385939555987,-6.238593955598702,6.238593955598702,3.3325822412386232
19049,corn,2022,12,187.2,192.67257600539259,-5.472576005392597,5.472576005392597,2.9233846182652763
19051,corn,2022,1,154.9,185.25435565124678,-30.354355651246777,30.354355651246777,19.596097902677066
19051,corn,2022,2,154.9,188.3508683781066,-33.450868378106605,33.450868378106605,21.59513775216695
19051,corn,2022,3,154.9,186.31805478789383,-31.418054787893823,31.418054787893823,20.28279844279782
19051,corn,2022,4,154.9,184.14039962207877,-29.24039962207877,29.24039962207877,18.876952628843622
19051,corn,2022,5,154.9,178.85121779307258,-23.951217793072573,23.951217793072573,15.462374301531678
19051,corn,2022,6,154.9,183.27999297995814,-28.379992979958132,28.379992979958132,18.321493208494598
19051,corn,2022,7,154.9,190.4993501678136,-35.59935016781358,35.59935016781358,22.982149882384494
19051,corn,2022,8,154.9,190.6867546224828,-35.78675462248279,35.78675462248279,23.103134036464034
19051,corn,2022,9,154.9,185.20524527821618,-30.305245278216177,30.305245278216177,19.56439333648559
19051,corn,2022,10,154.9,184.18379650282304,-29.283796502823037,29.283796502823037,18.90496869129957
19051,corn,2022,11,154.9,182.90445708675728,-28.00445708675727,28.00445708675727,18.07905557569869
19051,corn,2022,12,154.9,181.6824484509506,-26.782448450950596,26.782448450950596,17.290153938638213
19053,corn,2022,1,148.7,186.06054854806615,-37.36054854806616,37.36054854806616,25.124780462721024
19053,corn,2022,2,148.7,191.05533991369288,-42.35533991369289,42.35533991369289,28.483752463814994
19053,corn,2022,3,148.7,192.89250581979658,-44.192505819796594,44.192505819796594,29.71923726953369
19053,corn,2022,4,148.7,186.98259604722458,-38.28259604722459,38.28259604722459,25.744852755362874
19053,corn,2022,5,148.7,177.7413151579992,-29.041315157999207,29.041315157999207,19.53013796771971
19053,corn,2022,6,148.7,184.27412804719887,-35.57412804719888,35.57412804719888,23.923421686078605
19053,corn,2022,7,148.7,190.86662929584335,-42.166629295843364,42.166629295843364,28.35684552511323
19053,corn,2022,8,148.7,188.7903003881852,-40.0903003881852,40.0903003881852,26.960524807118496
19053,corn,2022,9,148.7,188.03932902128923,-39.339329021289245,39.339329021289245,26.455500350564392
19053,corn,2022,10,148.7,184.27090693841583,-35.570906938415845,35.570906938415845,23.921255506668356
19053,corn,2022,11,148.7,180.87445466815393,-32.17445466815394,32.17445466815394,21.637158485644886
19053,corn,2022,12,148.7,185.0404504265749,-36.340450426574904,36.340450426574904,24.438769621099464
19055,corn,2022,1,230.8,197.3427976481513,33.45720235184871,33.45720235184871,14.4961881940419
19055,corn,2022,2,230.8,192.68797747437782,38.112022525622194,38.112022525622194,16.513008026699392
19055,corn,2022,3,230.8,192.74350546303154,38.05649453696847,38.05649453696847,16.488949106138854
19055,corn,2022,4,230.8,198.2154467437279,32.5845532562721,32.5845532562721,14.11809066562916
19055,corn,2022,5,230.8,193.66469231596687,37.13530768403314,37.13530768403314,16.089821353567217
19055,corn,2022,6,230.8,190.21587491269224,40.58412508730777,40.58412508730777,17.584109656545827
19055,corn,2022,7,230.8,188.8194684005987,41.9805315994013,41.9805315994013,18.189138474610616
19055,corn,2022,8,230.8,195.22176621543278,35.57823378456723,35.57823378456723,15.415179282741434
19055,corn,2022,9,230.8,196.3132746997458,34.48672530025422,34.48672530025422,14.942255329399575
19055,corn,2022,10,230.8,184.92803832358214,45.87196167641787,45.87196167641787,19.875200033109994
19055,corn,2022,11,230.8,188.71690888234025,42.08309111765976,42.08309111765976,18.23357500765154
19055,corn,2022,12,230.8,196.96251193774086,33.837488062259155,33.837488062259155,14.660956699419044
19057,corn,2022,1,194.8,187.0808398837914,7.719160116208599,7.719160116208599,3.9626078625300813
19057,corn,2022,2,194.8,187.88540749810016,6.914592501899847,6.914592501899847,3.5495854732545413
19057,corn,2022,3,194.8,182.11090209984056,12.689097900159453,12.689097900159453,6.513910626365221
19057,corn,2022,4,194.8,180.9893269040676,13.810673095932401,13.810673095932401,7.089667913722998
19057,corn,2022,5,194.8,186.36776136721738,8.432238632782628,8.432238632782628,4.328664595884306
19057,corn,2022,6,194.8,189.8845966315868,4.915403368413223,4.915403368413223,2.5233076839903608
19057,corn,2022,7,194.8,189.41383745201543,5.386162547984583,5.386162547984583,2.764970507178944
19057,corn,2022,8,194.8,193.36770873162325,1.4322912683767584,1.4322912683767584,0.7352624580989519
19057,corn,2022,9,194.8,191.67352638496538,3.1264736150346266,3.1264736150346266,1.604965921475681
19057,corn,2022,10,194.8,185.51999906467944,9.280000935320572,9.280000935320572,4.763860849753887
19057,corn,2022,11,194.8,184.2935842332301,10.50641576676992,10.50641576676992,5.393437251935277
19057,corn,2022,12,194.8,182.73227641927738,12.067723580722628,12.067723580722628,6.194929969570137
19059,corn,2022,1,203.4,195.16484829113708,8.23515170886293,8.23515170886293,4.048747152833299
19059,corn,2022,2,203.4,195.63845684630368,7.761543153696323,7.761543153696323,3.8159012555045835
19059,corn,2022,3,203.4,195.9496707535909,7.4503292464090975,7.4503292464090975,3.662895401381071
19059,corn,2022,4,203.4,199.6059160707699,3.794083929230112,3.794083929230112,1.8653313319715399
19059,corn,2022,5,203.4,200.28892213554454,3.111077864455467,3.111077864455467,1.5295368065169455
19059,corn,2022,6,203.4,201.7662338254713,1.6337661745287164,1.6337661745287164,0.8032282077328988
19059,corn,2022,7,203.4,183.01326836636244,20.386731633637567,20.386731633637567,10.022975237776581
19059,corn,2022,8,203.4,191.46645928658995,11.933540713410054,11.933540713410054,5.867030832551649
19059,corn,2022,9,203.4,192.6802767039337,10.719723296066292,10.719723296066292,5.270267107210566
19059,corn,2022,10,203.4,184.43428067419535,18.965719325804656,18.965719325804656,9.324345784564727
19059,corn,2022,11,203.4,196.16711662115642,7.232883378843582,7.232883378843582,3.5559898617716725
19059,corn,2022,12,203.4,198.25618227116183,5.143817728838172,5.143817728838172,2.528917270815227
19061,corn,2022,1,223.7,190.63080716851346,33.06919283148653,33.06919283148653,14.78283094836233
19061,corn,2022,2,223.7,190.7058831805115,32.99411681948848,32.99411681948848,14.749269923776703
19061,corn,2022,3,223.7,191.13111614664393,32.568883853356056,32.568883853356056,14.559179192380892
19061,corn,2022,4,223.7,183.55824882422203,40.141751175777955,40.141751175777955,17.944457387473385
19061,corn,2022,5,223.7,184.22695455909582,39.47304544090417,39.47304544090417,17.64552768927321
19061,corn,2022,6,223.7,184.26995210328752,39.430047896712466,39.430047896712466,17.62630661453396
19061,corn,2022,7,223.7,188.71149846983033,34.98850153016966,34.98850153016966,15.640814273656531
19061,corn,2022,8,223.7,190.88474890791284,32.81525109208715,32.81525109208715,14.669312066198994
19061,corn,2022,9,223.7,191.7657058759222,31.93429412407778,31.93429412407778,14.275500278979786
19061,corn,2022,10,223.7,184.38951294567008,39.31048705432991,39.31048705432991,17.572859657724592
19061,corn,2022,11,223.7,184.92376372860943,38.77623627139056,38.77623627139056,17.334034989445936
19061,corn,2022,12,223.7,187.53352875354014,36.16647124645985,36.16647124645985,16.167398858497922
19063,corn,2022,1,213.7,190.2313708992905,23.468629100709478,23.468629100709478,10.982044501969808
19063,corn,2022,2,213.7,197.58249770386837,16.11750229613162,16.11750229613162,7.5421161891116615
19063,corn,2022,3,213.7,193.59784153637335,20.102158463626637,20.102158463626637,9.406718981575404
19063,corn,2022,4,213.7,198.83175813994012,14.868241860059868,14.868241860059868,6.957530117014445
19063,corn,2022,5,213.7,200.13939589504398,13.560604104956013,13.560604104956013,6.345626628430516
19063,corn,2022,6,213.7,202.49156603804832,11.20843396195167,11.20843396195167,5.24493868130635
19063,corn,2022,7,213.7,185.04108321975872,28.65891678024127,28.65891678024127,13.410817398334709
19063,corn,2022,8,213.7,197.27147016208522,16.428529837914766,16.428529837914766,7.687660195561426
19063,corn,2022,9,213.7,195.75020867683514,17.949791323164845,17.949791323164845,8.399527993993845
19063,corn,2022,10,213.7,184.3053118590734,29.394688140926576,29.394688140926576,13.755118456212717
19063,corn,2022,11,213.7,196.45414221737985,17.245857782620135,17.245857782620135,8.070125307730528
19063,corn,2022,12,213.7,197.20962989853763,16.49037010146236,16.49037010146236,7.716598082106861
19065,corn,2022,1,209.8,192.2131019105395,17.586898089460504,17.586898089460504,8.382696896787657
19065,corn,2022,2,209.8,193.13383203160905,16.666167968390965,16.666167968390965,7.943836019252128
19065,corn,2022,3,209.8,195.52989657616294,14.270103423837071,14.270103423837071,6.801765216318908
19065,corn,2022,4,209.8,196.00857668767765,13.791423312322365,13.791423312322365,6.573605010639831
19065,corn,2022,5,209.8,195.5138626739733,14.286137326026704,14.286137326026704,6.809407686380697
19065,corn,2022,6,209.8,191.4006000673693,18.3993999326307,18.3993999326307,8.769971369223404
19065,corn,2022,7,209.8,190.42529177067635,19.37470822932366,19.37470822932366,9.234846629801554
19065,corn,2022,8,209.8,193.9033227972541,15.896677202745906,15.896677202745906,7.577062537057152
19065,corn,2022,9,209.8,194.39598584913162,15.404014150868392,15.404014150868392,7.34223744083336
19065,corn,2022,10,209.8,185.4969995416694,24.303000458330615,24.303000458330615,11.583889636954535
19065,corn,2022,11,209.8,190.1997859908562,19.600214009143798,19.600214009143798,9.342332702165775
19065,corn,2022,12,209.8,192.10433827511545,17.69566172488456,17.69566172488456,8.434538477066043
19067,corn,2022,1,204.6,195.3793276510682,9.2206723489318,9.2206723489318,4.506682477483773
19067,corn,2022,2,204.6,196.16312792725597,8.436872072744023,8.436872072744023,4.123593388437939
19067,corn,2022,3,204.6,197.5149925569021,7.085007443097908,7.085007443097908,3.4628579878288894
19067,corn,2022,4,204.6,200.94069837094426,3.659301629055733,3.659301629055733,1.7885149702129683
19067,corn,2022,5,204.6,200.83425649508652,3.7657435049134733,3.7657435049134733,1.8405393474650409
19067,corn,2022,6,204.6,198.5619682055435,6.0380317944564865,6.0380317944564865,2.9511396844850863
19067,corn,2022,7,204.6,191.7915383943844,12.808461605615605,12.808461605615605,6.260245164034997
19067,corn,2022,8,204.6,195.48254934548257,9.117450654517427,9.117450654517427,4.456231991455243
19067,corn,2022,9,204.6,196.84260439922048,7.7573956007795175,7.7573956007795175,3.791493451016382
19067,corn,2022,10,204.6,183.91769963209697,20.682300367903025,20.682300367903025,10.108651206208712
19067,corn,2022,11,204.6,191.2276250447991,13.372374955200883,13.372374955200883,6.5358626369505775
19067,corn,2022,12,204.6,196.79650280804145,7.803497191958542,7.803497191958542,3.8140259980247024
19069,corn,2022,1,220.1,201.27335688282403,18.826643117175962,18.826643117175962,8.553677018253504
19069,corn,2022,2,220.1,199.79734718933068,20.302652810669315,20.302652810669315,9.224285693170975
19069,corn,2022,3,220.1,194.09048072248513,26.00951927751487,26.00951927751487,11.817137336444738
19069,corn,2022,4,220.1,192.7417859282634,27.358214071736597,27.358214071736597,12.429901895382372
19069,corn,2022,5,220.1,202.77542760410108,17.32457239589891,17.32457239589891,7.871227803679651
19069,corn,2022,6,220.1,200.50477102632823,19.595228973671766,19.595228973671766,8.902875499169362
19069,corn,2022,7,220.1,188.77846658792924,31.32153341207075,31.32153341207075,14.2305921908545
19069,corn,2022,8,220.1,198.24002962882068,21.859970371179315,21.859970371179315,9.931835697946077
19069,corn,2022,9,220.1,192.69038282645403,27.409617173545968,27.409617173545968,12.453256326009072
19069,corn,2022,10,220.1,183.59075374958007,36.50924625041992,36.50924625041992,16.58757212649701
19069,corn,2022,11,220.1,204.4823948973339,15.61760510266609,15.61760510266609,7.095686098439841
19069,corn,2022,12,220.1,197.83519312039766,22.264806879602332,22.264806879602332,10.115768686779797
19071,corn,2022,1,191.6,192.30885459174982,-0.7088545917498266,0.7088545917498266,0.3699658620823729
19071,corn,2022,2,191.6,197.62862990978857,-6.028629909788577,6.028629909788577,3.1464665499940385
19071,corn,2022,3,191.6,200.45969206446864,-8.859692064468646,8.859692064468646,4.624056401079669
19071,corn,2022,4,191.6,197.1918143832276,-5.591814383227614,5.591814383227614,2.918483498553035
19071,corn,2022,5,191.6,198.39004395615353,-6.790043956153539,6.790043956153539,3.543864277741931
19071,corn,2022,6,191.6,197.86108079339667,-6.261080793396673,6.261080793396673,3.267787470457554
19071,corn,2022,7,191.6,188.97243712739737,2.627562872602624,2.627562872602624,1.371379369834355
19071,corn,2022,8,191.6,194.61044573081048,-3.0104457308104884,3.0104457308104884,1.571213846978334
19071,corn,2022,9,191.6,192.331518103878,-0.7315181038780167,0.7315181038780167,0.38179441747286885
19071,corn,2022,10,191.6,185.22666745574085,6.373332544259142,6.373332544259142,3.326373979258425
19071,corn,2022,11,191.6,190.76527122303122,0.8347287769687739,0.8347287769687739,0.43566220092315966
19071,corn,2022,12,191.6,192.5205535811878,-0.9205535811878178,0.9205535811878178,0.4804559400771492
19073,corn,2022,1,197.3,201.16621478582312,-3.8662147858231037,3.8662147858231037,1.9595614727942745
19073,corn,2022,2,197.3,191.9576413325613,5.3423586674387025,5.3423586674387025,2.707733739198531
19073,corn,2022,3,197.3,201.2035040941902,-3.903504094190197,3.903504094190197,1.978461274298123
19073,corn,2022,4,197.3,205.40448549843413,-8.104485498434116,8.104485498434116,4.107696654046688
19073,corn,2022,5,197.3,198.66989232077398,-1.369892320773971,1.369892320773971,0.6943194732762145
19073,corn,2022,6,197.3,200.0516099612158,-2.7516099612157916,2.7516099612157916,1.3946325196228035
19073,corn,2022,7,197.3,187.12833032957982,10.171669670420187,10.171669670420187,5.155433183183064
19073,corn,2022,8,197.3,195.8067011549979,1.4932988450021014,1.4932988450021014,0.7568671287390275
19073,corn,2022,9,197.3,192.74326027289135,4.556739727108663,4.556739727108663,2.3095487719760075
19073,corn,2022,10,197.3,186.60934791769887,10.690652082301142,10.690652082301142,5.418475459858662
19073,corn,2022,11,197.3,202.61599269635087,-5.315992696350861,5.315992696350861,2.6943703478716983
19073,corn,2022,12,197.3,201.1817488784463,-3.8817488784463023,3.8817488784463023,1.9674348091466305
19075,corn,2022,1,207.5,198.7844522543835,8.715547745616504,8.715547745616504,4.2002639737910865
19075,corn,2022,2,207.5,196.52232096705808,10.977679032941921,10.977679032941921,5.290447726718998
19075,corn,2022,3,207.5,200.70657261601195,6.793427383988046,6.793427383988046,3.2739409079460464
19075,corn,2022,4,207.5,199.12143594610194,8.37856405389806,8.37856405389806,4.037862194649668
19075,corn,2022,5,207.5,208.11032016470782,-0.6103201647078151,0.6103201647078151,0.29413019985918804
19075,corn,2022,6,207.5,199.15865010160752,8.34134989839248,8.34134989839248,4.019927661875894
19075,corn,2022,7,207.5,193.04504057825528,14.454959421744718,14.454959421744718,6.966245504455286
19075,corn,2022,8,207.5,198.04018155983727,9.459818440162735,9.459818440162735,4.558948645861559
19075,corn,2022,9,207.5,196.40133743809534,11.09866256190466,11.09866256190466,5.348753041881764
19075,corn,2022,10,207.5,186.72347686168277,20.77652313831723,20.77652313831723,10.012782235333605
19075,corn,2022,11,207.5,204.24636102675206,3.253638973247945,3.253638973247945,1.5680187822881664
19075,corn,2022,12,207.5,197.70448204348932,9.795517956510679,9.795517956510679,4.720731545306351
19077,corn,2022,1,193.6,192.05112314753578,1.5488768524642182,1.5488768524642182,0.8000396965207738
19077,corn,2022,2,193.6,189.3542156441863,4.245784355813697,4.245784355813697,2.193070431721951
19077,corn,2022,3,193.6,203.15404861852173,-9.554048618521733,9.554048618521733,4.934942468244697
19077,corn,2022,4,193.6,198.35500714220242,-4.75500714220243,4.75500714220243,2.456098730476462
19077,corn,2022,5,193.6,186.92179780233167,6.678202197668327,6.678202197668327,3.44948460623364
19077,corn,2022,6,193.6,192.30166478591607,1.2983352140839202,1.2983352140839202,0.6706276932251654
19077,corn,2022,7,193.6,186.1049707107892,7.495029289210805,7.495029289210805,3.8713994262452505
19077,corn,2022,8,193.6,191.33657943160105,2.263420568398942,2.263420568398942,1.1691221944209411
19077,corn,2022,9,193.6,188.40338762705738,5.19661237294261,5.19661237294261,2.6842006058587864
19077,corn,2022,10,193.6,186.69699169538768,6.903008304612314,6.903008304612314,3.5656034631261955
19077,corn,2022,11,193.6,185.80373852186793,7.796261478132067,7.796261478132067,4.026994565150861
19077,corn,2022,12,193.6,188.60117040570833,4.998829594291664,4.998829594291664,2.5820400796961076
19079,corn,2022,1,208.6,198.95452025416367,9.645479745836326,9.645479745836326,4.623911671062476
19079,corn,2022,2,208.6,196.19718845069204,12.402811549307955,12.402811549307955,5.945738997750698
19079,corn,2022,3,208.6,193.12472097200143,15.475279027998567,15.475279027998567,7.418638076701136
19079,corn,2022,4,208.6,198.96659168365488,9.633408316345111,9.633408316345111,4.61812479211175
19079,corn,2022,5,208.6,195.2237726604641,13.376227339535887,13.376227339535887,6.412381274945296
19079,corn,2022,6,208.6,198.93227229395163,9.667727706048368,9.667727706048368,4.634577040291643
19079,corn,2022,7,208.6,184.67696783224335,23.923032167756645,23.923032167756645,11.468375919346427
19079,corn,2022,8,208.6,198.2638675224728,10.336132477527201,10.336132477527201,4.95500118769281
19079,corn,2022,9,208.6,191.33429066340764,17.26570933659235,17.26570933659235,8.276945990696237
19079,corn,2022,10,208.6,183.05615359508943,25.543846404910568,25.543846404910568,12.245372197943706
19079,corn,2022,11,208.6,200.82274828993886,7.777251710061137,7.777251710061137,3.728308585839471
19079,corn,2022,12,208.6,193.29385668063827,15.306143319361723,15.306143319361723,7.3375567206911425
19081,corn,2022,1,211.5,196.00738070250145,15.49261929749855,15.49261929749855,7.325115507091513
19081,corn,2022,2,211.5,199.70469056378067,11.795309436219327,11.795309436219327,5.57697845684129
19081,corn,2022,3,211.5,190.54468022262694,20.955319777373063,20.955319777373063,9.907952613415159
19081,corn,2022,4,211.5,192.0318890868368,19.4681109131632,19.4681109131632,9.204780573599622
19081,corn,2022,5,211.5,197.38166876776748,14.11833123223252,14.11833123223252,6.675333915949182
19081,corn,2022,6,211.5,202.1205193280569,9.3794806719431,9.3794806719431,4.434742634488463
19081,corn,2022,7,211.5,185.6868551134547,25.813144886545302,25.813144886545302,12.204796636664446
19081,corn,2022,8,211.5,200.81678110105247,10.68321889894753,10.68321889894753,5.05116732810758
19081,corn,2022,9,211.5,194.4565049875343,17.043495012465712,17.043495012465712,8.05839007681594
19081,corn,2022,10,211.5,181.31962251118767,30.180377488812326,30.180377488812326,14.269682027807246
19081,corn,2022,11,211.5,200.63343954923778,10.866560450762222,10.866560450762222,5.1378536410223274
19081,corn,2022,12,211.5,191.68592792143494,19.81407207856506,19.81407207856506,9.368355592702157
19083,corn,2022,1,215.6,199.01507534912093,16.58492465087906,16.58492465087906,7.692451136771364
19083,corn,2022,2,215.6,196.12778974309032,19.472210256909676,19.472210256909676,9.031637410440482
19083,corn,2022,3,215.6,194.08287572180814,21.517124278191858,21.517124278191858,9.980113301573217
19083,corn,2022,4,215.6,199.03769143559467,16.562308564405328,16.562308564405328,7.681961300744586
19083,corn,2022,5,215.6,203.11869855066575,12.48130144933424,12.48130144933424,5.7891008577617065
19083,corn,2022,6,215.6,196.0631368306236,19.536863169376403,19.536863169376403,9.061624846649538
19083,corn,2022,7,215.6,192.21055932481246,23.38944067518753,23.38944067518753,10.848534635986795
19083,corn,2022,8,215.6,198.01066963039938,17.589330369600617,17.589330369600617,8.15831649795947
19083,corn,2022,9,215.6,193.89349313812548,21.706506861874516,21.706506861874516,10.067953089923245
19083,corn,2022,10,215.6,185.48570015072121,30.11429984927878,30.11429984927878,13.967671544192385
19083,corn,2022,11,215.6,195.7719600939718,19.82803990602818,19.82803990602818,9.196678991664276
19083,corn,2022,12,215.6,196.59741803195595,19.00258196804404,19.00258196804404,8.813813528777384
19085,corn,2022,1,172.4,201.09108328328347,-28.69108328328346,28.69108328328346,16.642159677078574
19085,corn,2022,2,172.4,191.9489759200377,-19.54897592003769,19.54897592003769,11.339313178676154
19085,corn,2022,3,172.4,200.72104619576572,-28.321046195765717,28.321046195765717,16.42752099522373
19085,corn,2022,4,172.4,201.7928895562671,-29.392889556267107,29.392889556267107,17.049239881825468
19085,corn,2022,5,172.4,199.99441768633858,-27.594417686338574,27.594417686338574,16.00604274149569
19085,corn,2022,6,172.4,194.36753952846303,-21.96753952846302,21.96753952846302,12.742192301892704
19085,corn,2022,7,172.4,187.94067944119453,-15.540679441194527,15.540679441194527,9.014315221110515
19085,corn,2022,8,172.4,194.28178769079628,-21.881787690796273,21.881787690796273,12.692452256842385
19085,corn,2022,9,172.4,185.66855665879248,-13.268556658792477,13.268556658792477,7.696378572385427
19085,corn,2022,10,172.4,185.68060362101028,-13.280603621010272,13.280603621010272,7.703366369495517
19085,corn,2022,11,172.4,192.0040360163177,-19.604036016317707,19.604036016317707,11.371250589511432
19085,corn,2022,12,172.4,199.99878459968613,-27.598784599686127,27.598784599686127,16.00857575387826
19087,corn,2022,1,167.7,189.59614201770916,-21.896142017709167,21.896142017709167,13.056733463153947
19087,corn,2022,2,167.7,190.09113587813744,-22.391135878137447,22.391135878137447,13.351899748442127
19087,corn,2022,3,167.7,188.1118015401051,-20.411801540105103,20.411801540105103,12.17161689928748
19087,corn,2022,4,167.7,190.17313028253824,-22.47313028253825,22.47313028253825,13.40079325136449
19087,corn,2022,5,167.7,190.90408259838915,-23.204082598389164,23.204082598389164,13.8366622530645
19087,corn,2022,6,167.7,189.57453031097265,-21.87453031097266,21.87453031097266,13.04384633928006
19087,corn,2022,7,167.7,189.1101561180359,-21.4101561180359,21.4101561180359,12.766938651184198
19087,corn,2022,8,167.7,193.57750300681545,-25.87750300681546,25.87750300681546,15.430830654034263
19087,corn,2022,9,167.7,189.7134492223016,-22.013449222301603,22.013449222301603,13.126684092010496
19087,corn,2022,10,167.7,186.0749673742625,-18.374967374262525,18.374967374262525,10.957046734801745
19087,corn,2022,11,167.7,186.59516700107685,-18.895167001076857,18.895167001076857,11.267243292234262
19087,corn,2022,12,167.7,184.30531772075292,-16.605317720752936,16.605317720752936,9.901799475702406
19089,corn,2022,1,217.3,193.12414438842248,24.175855611577532,24.175855611577532,11.12556631917972
19089,corn,2022,2,217.3,191.73983964577246,25.56016035422755,25.56016035422755,11.762614060850229
19089,corn,2022,3,217.3,200.14716829549994,17.152831704500073,17.152831704500073,7.893617903589541
19089,corn,2022,4,217.3,198.61243315539852,18.68756684460149,18.68756684460149,8.599892703452136
19089,corn,2022,5,217.3,201.80225712197486,15.49774287802515,15.49774287802515,7.1319571458928435
19089,corn,2022,6,217.3,194.87747630959907,22.422523690400936,22.422523690400936,10.31869474937917
19089,corn,2022,7,217.3,193.5030990326481,23.796900967351917,23.796900967351917,10.951173938035856
19089,corn,2022,8,217.3,196.85884309332286,20.44115690667715,20.44115690667715,9.406883067960033
19089,corn,2022,9,217.3,197.95164924343482,19.348350756565196,19.348350756565196,8.903981020048409
19089,corn,2022,10,217.3,185.54519927334573,31.75480072665428,31.75480072665428,14.613345939555582
19089,corn,2022,11,217.3,190.00716454414788,27.292835455852128,27.292835455852128,12.559979501082433
19089,corn,2022,12,217.3,194.01266023973722,23.287339760262796,23.287339760262796,10.716677294184443
19091,corn,2022,1,195.5,199.35265066449438,-3.8526506644943765,3.8526506644943765,1.9706653015316502
19091,corn,2022,2,195.5,198.78134646156536,-3.281346461565363,3.281346461565363,1.678438087757219
19091,corn,2022,3,195.5,195.8348443120102,-0.3348443120102047,0.3348443120102047,0.1712758629208208
19091,corn,2022,4,195.5,201.72051551241043,-6.220515512410429,6.220515512410429,3.1818493669618566
19091,corn,2022,5,195.5,201.48261349295606,-5.982613492956062,5.982613492956062,3.0601603544532288
19091,corn,2022,6,195.5,201.07736690305586,-5.577366903055861,5.577366903055861,2.852873096192256
19091,corn,2022,7,195.5,184.3192777065378,11.180722293462196,11.180722293462196,5.719039536297799
19091,corn,2022,8,195.5,199.11155494383027,-3.6115549438302708,3.6115549438302708,1.8473426822661232
19091,corn,2022,9,195.5,194.74343366887862,0.7565663311213768,0.7565663311213768,0.38699045070147153
19091,corn,2022,10,195.5,187.94556601680642,7.554433983193576,7.554433983193576,3.864160605214105
19091,corn,2022,11,195.5,202.50534596783015,-7.005345967830152,7.005345967830152,3.583297170245602
19091,corn,2022,12,195.5,197.79157016420143,-2.2915701642014312,2.2915701642014312,1.172158651765438
19093,corn,2022,1,221.2,205.93331994373904,15.266680056260952,15.266680056260952,6.901754094150521
19093,corn,2022,2,221.2,196.68988273239884,24.510117267601146,24.510117267601146,11.080523177034877
19093,corn,2022,3,221.2,205.66504198329704,15.534958016702944,15.534958016702944,7.023037078075473
19093,corn,2022,4,221.2,204.9231402728044,16.276859727195585,16.276859727195585,7.358435681372326
19093,corn,2022,5,221.2,208.88592311679025,12.314076883209736,12.314076883209736,5.5669425330966265
19093,corn,2022,6,221.2,206.7615831101109,14.438416889889083,14.438416889889083,6.527313241360345
19093,corn,2022,7,221.2,185.98041511357158,35.21958488642841,35.21958488642841,15.922054650284089
19093,corn,2022,8,221.2,197.7371282954474,23.462871704552583,23.462871704552583,10.60708485739267
19093,corn,2022,9,221.2,195.00520334114054,26.194796658859445,26.194796658859445,11.842132305090166
19093,corn,2022,10,221.2,182.57992980601756,38.62007019398243,38.62007019398243,17.459344572324788
19093,corn,2022,11,221.2,193.11003324676668,28.089966753233313,28.089966753233313,12.698899978857735
19093,corn,2022,12,221.2,199.93775285244027,21.26224714755972,21.26224714755972,9.612227462730434
19095,corn,2022,1,205.9,191.0709065266177,14.8290934733823,14.8290934733823,7.20208522262375
19095,corn,2022,2,205.9,189.78643533305132,16.11356466694869,16.11356466694869,7.825917759567115
19095,corn,2022,3,205.9,192.121608605366,13.778391394634014,13.778391394634014,6.691787952712003
19095,corn,2022,4,205.9,189.744270551279,16.15572944872102,16.15572944872102,7.846396041146682
19095,corn,2022,5,205.9,189.63861236784336,16.26138763215664,16.26138763215664,7.897711331790501
19095,corn,2022,6,205.9,189.9848733947014,15.91512660529861,15.91512660529861,7.729541818989126
19095,corn,2022,7,205.9,189.18713643415904,16.712863565840962,16.712863565840962,8.116980847907218
19095,corn,2022,8,205.9,191.11450608040198,14.785493919598025,14.785493919598025,7.180910111509482
19095,corn,2022,9,205.9,189.3281883285159,16.571811671484113,16.571811671484113,8.048475799652314
19095,corn,2022,10,205.9,185.6265060388821,20.273493961117907,20.273493961117907,9.846281671256875
19095,corn,2022,11,205.9,189.51015386572698,16.38984613427303,16.38984613427303,7.960100113780004
19095,corn,2022,12,205.9,194.75388194030023,11.146118059699774,11.146118059699774,5.413364769159676
19097,corn,2022,1,219.2,185.9097773895336,33.2902226104664,33.2902226104664,15.187145351490146
19097,corn,2022,2,219.2,190.4719329046402,28.72806709535979,28.72806709535979,13.105870025255378
19097,corn,2022,3,219.2,187.9011961226875,31.29880387731248,31.29880387731248,14.27865140388343
19097,corn,2022,4,219.2,183.26194310441494,35.93805689558505,35.93805689558505,16.39509894871581
19097,corn,2022,5,219.2,185.53831383482458,33.66168616517541,33.66168616517541,15.356608651996082
19097,corn,2022,6,219.2,186.11896301565943,33.08103698434056,33.08103698434056,15.091713952710109
19097,corn,2022,7,219.2,188.0687459705516,31.1312540294484,31.1312540294484,14.202214429492885
19097,corn,2022,8,219.2,191.00562908824563,28.194370911754362,28.194370911754362,12.862395488939034
19097,corn,2022,9,219.2,192.29551358792975,26.90448641207024,26.90448641207024,12.273944531053942
19097,corn,2022,10,219.2,183.8931689802538,35.3068310197462,35.3068310197462,16.107130939665236
19097,corn,2022,11,219.2,186.72524462696427,32.47475537303572,32.47475537303572,14.815125626384908
19097,corn,2022,12,219.2,186.52305040286356,32.67694959713643,32.67694959713643,14.907367516941802
19099,corn,2022,1,203.6,200.012200058927,3.5877999410730013,3.5877999410730013,1.7621807176193525
19099,corn,2022,2,203.6,192.23688714126465,11.363112858735349,11.363112858735349,5.581096688966281
19099,corn,2022,3,203.6,196.2009802108256,7.399019789174389,7.399019789174389,3.634096163641645
19099,corn,2022,4,203.6,204.00951133180965,-0.4095113318096537,0.4095113318096537,0.2011352317336217
19099,corn,2022,5,203.6,199.14489855886822,4.455101441131774,4.455101441131774,2.1881637726580423
19099,corn,2022,6,203.6,189.90433965441062,13.695660345589374,13.695660345589374,6.726748696261972
19099,corn,2022,7,203.6,189.99151021220865,13.608489787791342,13.608489787791342,6.683934080447614
19099,corn,2022,8,203.6,193.35518552532832,10.24481447467167,10.24481447467167,5.031834221351509
19099,corn,2022,9,203.6,189.59575445860136,14.004245541398632,14.004245541398632,6.878313134282236
19099,corn,2022,10,203.6,187.08796881267057,16.512031187329427,16.512031187329427,8.110034964307184
19099,corn,2022,11,203.6,198.61222816969752,4.987771830302478,4.987771830302478,2.449789700541492
19099,corn,2022,12,203.6,199.39699468513146,4.203005314868534,4.203005314868534,2.0643444572045846
19101,corn,2022,1,178.0,192.74991350331933,-14.749913503319334,14.749913503319334,8.28646826029176
19101,corn,2022,2,178.0,189.26439410550984,-11.264394105509837,11.264394105509837,6.328311295230245
19101,corn,2022,3,178.0,190.47975800709023,-12.479758007090226,12.479758007090226,7.011100003983273
19101,corn,2022,4,178.0,190.94790044723118,-12.947900447231177,12.947900447231177,7.274101374848977
19101,corn,2022,5,178.0,182.36629877112668,-4.366298771126679,4.366298771126679,2.4529768377116175
19101,corn,2022,6,178.0,185.08304520128704,-7.083045201287035,7.083045201287035,3.979238877127548
19101,corn,2022,7,178.0,190.39847621618412,-12.398476216184122,12.398476216184122,6.965436076507933
19101,corn,2022,8,178.0,191.3115630958024,-13.311563095802398,13.311563095802398,7.478406233596853
19101,corn,2022,9,178.0,186.75449196355407,-8.754491963554074,8.754491963554074,4.91825391210903
19101,corn,2022,10,178.0,189.39905195774787,-11.399051957747872,11.399051957747872,6.4039617740156585
19101,corn,2022,11,178.0,186.70152940837497,-8.701529408374967,8.701529408374967,4.888499667626386
19101,corn,2022,12,178.0,185.49569526784597,-7.495695267845974,7.495695267845974,4.21106475721684
19103,corn,2022,1,205.2,189.1038946285393,16.09610537146068,16.09610537146068,7.844105931511053
19103,corn,2022,2,205.2,189.87666803055268,15.32333196944731,15.32333196944731,7.467510706358338
19103,corn,2022,3,205.2,189.25614953470208,15.943850465297913,15.943850465297913,7.769907634160777
19103,corn,2022,4,205.2,185.447803577708,19.752196422292002,19.752196422292002,9.62582671651657
19103,corn,2022,5,205.2,187.72373378802803,17.47626621197196,17.47626621197196,8.516698933709534
19103,corn,2022,6,205.2,189.7250376673364,15.47496233266358,15.47496233266358,7.541404645547554
19103,corn,2022,7,205.2,189.82720728663008,15.372792713369904,15.372792713369904,7.4916143827338715
19103,corn,2022,8,205.2,194.1758541859835,11.024145814016492,11.024145814016492,5.37239074757139
19103,corn,2022,9,205.2,191.81108404892467,13.388915951075319,13.388915951075319,6.52481284165464
19103,corn,2022,10,205.2,186.37757209240476,18.822427907595227,18.822427907595227,9.172723151849526
19103,corn,2022,11,205.2,184.08288300214573,21.117116997854254,21.117116997854254,10.290992689012795
19103,corn,2022,12,205.2,190.82439143548518,14.375608564514806,14.375608564514806,7.005657195182654
19105,corn,2022,1,218.2,192.21665557416185,25.98334442583814,25.98334442583814,11.908040525132053
19105,corn,2022,2,218.2,193.1674216467928,25.032578353207185,25.032578353207185,11.472309052798895
19105,corn,2022,3,218.2,190.5693068562272,27.63069314377279,27.63069314377279,12.663012439859205
19105,corn,2022,4,218.2,191.4953416826728,26.704658317327187,26.704658317327187,12.23861517751017
19105,corn,2022,5,218.2,192.13195014277454,26.068049857225446,26.068049857225446,11.946860612843926
19105,corn,2022,6,218.2,188.32104118500925,29.87895881499074,29.87895881499074,13.6933816750645
19105,corn,2022,7,218.2,190.18286851396542,28.01713148603457,28.01713148603457,12.840115254827944
19105,corn,2022,8,218.2,198.87220023861227,19.327799761387723,19.327799761387723,8.857836737574576
19105,corn,2022,9,218.2,195.97198314220762,22.22801685779237,22.22801685779237,10.186992143809519
19105,corn,2022,10,218.2,184.69217564899463,33.507824351005354,33.507824351005354,15.356473121450668
19105,corn,2022,11,218.2,183.9887686427557,34.21123135724429,34.21123135724429,15.678841135309025
19105,corn,2022,12,218.2,192.03055404288568,26.169445957114306,26.169445957114306,11.993329952847986
19107,corn,2022,1,170.4,192.45111157083872,-22.051111570838714,22.051111570838714,12.940793175374832
19107,corn,2022,2,170.4,189.9233853257851,-19.523385325785085,19.523385325785085,11.457385754568712
19107,corn,2022,3,170.4,192.58437270429647,-22.184372704296464,22.184372704296464,13.01899806590168
19107,corn,2022,4,170.4,192.15666343121347,-21.756663431213468,21.756663431213468,12.767994971369406
19107,corn,2022,5,170.4,187.53928264963554,-17.139282649635533,17.139282649635533,10.058264465748552
19107,corn,2022,6,170.4,190.45642763633532,-20.056427636335314,20.056427636335314,11.77020401193387
19107,corn,2022,7,170.4,188.49049362335154,-18.090493623351534,18.090493623351534,10.616486868164046
19107,corn,2022,8,170.4,192.7640391799409,-22.364039179940903,22.364039179940903,13.124436138462972
19107,corn,2022,9,170.4,187.7992896217178,-17.3992896217178,17.3992896217178,10.210850716970539
19107,corn,2022,10,170.4,187.4230328231381,-17.023032823138095,17.023032823138095,9.990042736583389
19107,corn,2022,11,170.4,190.99480319082093,-20.594803190820926,20.594803190820926,12.086152107289275
19107,corn,2022,12,170.4,193.52213703030594,-23.122137030305936,23.122137030305936,13.569329243137284
19109,corn,2022,1,197.6,193.52159274088731,4.07840725911268,4.07840725911268,2.0639712849760525
19109,corn,2022,2,197.6,198.44053160339547,-0.8405316033954762,0.8405316033954762,0.42537024463333817
19109,corn,2022,3,197.6,189.79545549076278,7.804544509237218,7.804544509237218,3.9496682739054747
19109,corn,2022,4,197.6,196.7228098999245,0.8771901000754951,0.8771901000754951,0.44392211542282145
19109,corn,2022,5,197.6,196.9538740310113,0.6461259689886845,0.6461259689886845,0.3269868264112776
19109,corn,2022,6,197.6,201.95163826809127,-4.351638268091278,4.351638268091278,2.202246087090728
19109,corn,2022,7,197.6,187.7383559347789,9.8616440652211,9.8616440652211,4.9907105593224195
19109,corn,2022,8,197.6,198.44834086231225,-0.8483408623122557,0.8483408623122557,0.42932229874102007
19109,corn,2022,9,197.6,195.87356065455054,1.7264393454494495,1.7264393454494495,0.873704122191017
19109,corn,2022,10,197.6,183.8849425837092,13.71505741629079,13.71505741629079,6.9408185305115335
19109,corn,2022,11,197.6,198.8640431817712,-1.2640431817712,1.2640431817712,0.6396979664834008
19109,corn,2022,12,197.6,190.27212617915137,7.327873820848623,7.327873820848623,3.7084381684456593
19111,corn,2022,1,178.2,185.17436572097682,-6.974365720976834,6.974365720976834,3.9137854775403116
19111,corn,2022,2,178.2,187.8014253644491,-9.601425364449113,9.601425364449113,5.388005255021949
19111,corn,2022,3,178.2,180.4851501206495,-2.2851501206495186,2.2851501206495186,1.28235135838918
19111,corn,2022,4,178.2,179.50293528611235,-1.3029352861123584,1.3029352861123584,0.7311645825546345
19111,corn,2022,5,178.2,179.91952367959416,-1.7195236795941753,1.7195236795941753,0.9649403364726012
19111,corn,2022,6,178.2,186.09819238990966,-7.898192389909667,7.898192389909667,4.43220672834437
19111,corn,2022,7,178.2,188.88131239468152,-10.681312394681527,10.681312394681527,5.99400246615125
19111,corn,2022,8,178.2,191.1192611411597,-12.919261141159723,12.919261141159723,7.249865960246758
19111,corn,2022,9,178.2,190.05162412374258,-11.851624123742596,11.851624123742596,6.650743054849942
19111,corn,2022,10,178.2,185.90354325626868,-7.703543256268688,7.703543256268688,4.322976013618793
19111,corn,2022,11,178.2,183.87272434421547,-5.6727243442154816,5.6727243442154816,3.1833469945092494
19111,corn,2022,12,178.2,182.56954498010558,-4.369544980105587,4.369544980105587,2.452045443381362
19113,corn,2022,1,215.0,191.64389943053712,23.356100569462882,23.356100569462882,10.863302590447852
19113,corn,2022,2,215.0,191.42993206335268,23.57006793664732,23.57006793664732,10.962822296115032
19113,corn,2022,3,215.0,189.18772209956248,25.812277900437522,25.812277900437522,12.00571065136629
19113,corn,2022,4,215.0,190.39494751114952,24.605052488850475,24.605052488850475,11.444210459930455
19113,corn,2022,5,215.0,192.8613108320011,22.138689167998905,22.138689167998905,10.297064729301816
19113,corn,2022,6,215.0,186.91196864465607,28.08803135534393,28.08803135534393,13.064200630392525
19113,corn,2022,7,215.0,187.21544356825825,27.78455643174175,27.78455643174175,12.923049503135697
19113,corn,2022,8,215.0,195.0566732255862,19.943326774413805,19.943326774413805,9.275965941587817
19113,corn,2022,9,215.0,192.9666801611975,22.0333198388025,22.0333198388025,10.248055738977905
19113,corn,2022,10,215.0,185.73693561485857,29.263064385141433,29.263064385141433,13.610727620996016
19113,corn,2022,11,215.0,185.23274888004335,29.767251119956654,29.767251119956654,13.845233079049606
19113,corn,2022,12,215.0,190.05039168288818,24.949608317111824,24.949608317111824,11.604468984703175
19115,corn,2022,1,196.3,188.4003774355373,7.899622564462703,7.899622564462703,4.024260093969793
19115,corn,2022,2,196.3,189.7930385534282,6.5069614465718075,6.5069614465718075,3.314804608543967
19115,corn,2022,3,196.3,188.61753229233491,7.682467707665097,7.682467707665097,3.913636122091236
19115,corn,2022,4,196.3,187.15691294940285,9.14308705059716,9.14308705059716,4.6577111821687005
19115,corn,2022,5,196.3,187.0913525036687,9.20864749633131,9.20864749633131,4.691109269654258
19115,corn,2022,6,196.3,188.4930879190067,7.8069120809933,7.8069120809933,3.977031116145338
19115,corn,2022,7,196.3,190.17413255731452,6.1258674426854896,6.1258674426854896,3.1206660431408504
19115,corn,2022,8,196.3,195.54343385375094,0.7565661462490709,0.7565661462490709,0.38541321765108044
19115,corn,2022,9,196.3,189.90251182635666,6.397488173643353,6.397488173643353,3.259036257587036
19115,corn,2022,10,196.3,186.3483898628849,9.951610137115125,9.951610137115125,5.0695925303693965
19115,corn,2022,11,196.3,186.173285093066,10.126714906934012,10.126714906934012,5.158795164001025
19115,corn,2022,12,196.3,185.2700402329214,11.029959767078623,11.029959767078623,5.6189300902081625
19117,corn,2022,1,139.5,186.20837438855702,-46.70837438855702,46.70837438855702,33.48270565487959
19117,corn,2022,2,139.5,189.2741495543336,-49.774149554333604,49.774149554333604,35.68039394575885
19117,corn,2022,3,139.5,191.3695842255287,-51.86958422552871,51.86958422552871,37.182497652708754
19117,corn,2022,4,139.5,191.2467061428677,-51.74670614286771,51.74670614286771,37.094413005639936
19117,corn,2022,5,139.5,177.21390287660665,-37.71390287660665,37.71390287660665,27.035055825524484
19117,corn,2022,6,139.5,180.33004632748128,-40.830046327481284,40.830046327481284,29.26885041396508
19117,corn,2022,7,139.5,191.65345061840648,-52.15345061840648,52.15345061840648,37.38598610638457
19117,corn,2022,8,139.5,188.36763289842324,-48.86763289842324,48.86763289842324,35.0305612175077
19117,corn,2022,9,139.5,186.36453120384505,-46.86453120384505,46.86453120384505,33.594646024261685
19117,corn,2022,10,139.5,182.44623048844608,-42.946230488446076,42.946230488446076,30.785828307129805
19117,corn,2022,11,139.5,179.97107455766496,-40.47107455766496,40.47107455766496,29.01152298040499
19117,corn,2022,12,139.5,183.74786337724154,-44.24786337724154,44.24786337724154,31.71889847830935
19119,corn,2022,1,190.8,198.95788665662468,-8.157886656624669,8.157886656624669,4.2756219374343125
19119,corn,2022,2,190.8,201.14110328523725,-10.341103285237239,10.341103285237239,5.419865453478636
19119,corn,2022,3,190.8,203.60288841976046,-12.80288841976045,12.80288841976045,6.710109234675288
19119,corn,2022,4,190.8,204.10247894236966,-13.302478942369646,13.302478942369646,6.971949131220987
19119,corn,2022,5,190.8,206.66473100964294,-15.864731009642924,15.864731009642924,8.3148485375487
19119,corn,2022,6,190.8,209.20818393415735,-18.408183934157336,18.408183934157336,9.64789514368833
19119,corn,2022,7,190.8,188.08748206054995,2.7125179394500663,2.7125179394500663,1.4216551045335777
19119,corn,2022,8,190.8,195.9506411080282,-5.150641108028196,5.150641108028196,2.699497436073478
19119,corn,2022,9,190.8,193.8860019114642,-3.0860019114641943,3.0860019114641943,1.6174014211028271
19119,corn,2022,10,190.8,186.8058777405508,3.994122259449199,3.994122259449199,2.0933554818916136
19119,corn,2022,11,190.8,203.96438033079258,-13.164380330792568,13.164380330792568,6.899570403979332
19119,corn,2022,12,190.8,199.92279628743185,-9.12279628743184,9.12279628743184,4.781339773287127
19121,corn,2022,1,166.9,185.96833139867428,-19.068331398674275,19.068331398674275,11.425003833837193
19121,corn,2022,2,166.9,190.06741069104345,-23.167410691043443,23.167410691043443,13.88101299643106
19121,corn,2022,3,166.9,192.98924095888114,-26.089240958881135,26.089240958881135,15.631660250977312
19121,corn,2022,4,166.9,185.64416919535492,-18.744169195354914,18.744169195354914,11.230778427414567
19121,corn,2022,5,166.9,182.26451375371096,-15.364513753710952,15.364513753710952,9.205820104080857
19121,corn,2022,6,166.9,189.16510075034296,-22.265100750342953,22.265100750342953,13.340383912727951
19121,corn,2022,7,166.9,188.18919782569373,-21.28919782569372,21.28919782569372,12.755660770337759
19121,corn,2022,8,166.9,189.22418055985978,-22.32418055985977,22.32418055985977,13.375782240778772
19121,corn,2022,9,166.9,185.58127892939493,-18.68127892939492,18.68127892939492,11.193097021806423
19121,corn,2022,10,166.9,187.39517918927862,-20.495179189278616,20.495179189278616,12.279915631682814
19121,corn,2022,11,166.9,185.07367783337259,-18.17367783337258,18.17367783337258,10.888962153009334
19121,corn,2022,12,166.9,181.63338526892935,-14.73338526892934,14.73338526892934,8.827672419969645
19123,corn,2022,1,186.3,195.239226857824,-8.939226857823996,8.939226857823996,4.798296756749327
19123,corn,2022,2,186.3,191.0773700691601,-4.777370069160099,4.777370069160099,2.5643424955234027
19123,corn,2022,3,186.3,194.98707208226796,-8.687072082267946,8.687072082267946,4.662947977599542
19123,corn,2022,4,186.3,194.86419399960695,-8.564193999606942,8.564193999606942,4.596990874721922
19123,corn,2022,5,186.3,193.3075888214982,-7.007588821498189,7.007588821498189,3.7614540104660166
19123,corn,2022,6,186.3,188.78382423869166,-2.4838242386916534,2.4838242386916534,1.3332389901726533
19123,corn,2022,7,186.3,187.07422342164583,-0.7742234216458144,0.7742234216458144,0.4155788629338778
19123,corn,2022,8,186.3,195.34053788060842,-9.040537880608412,9.040537880608412,4.852677337954058
19123,corn,2022,9,186.3,191.5483795129258,-5.248379512925794,5.248379512925794,2.8171656000675225
19123,corn,2022,10,186.3,187.41995975452988,-1.119959754529873,1.119959754529873,0.6011592885291857
19123,corn,2022,11,186.3,194.5987795875842,-8.298779587584193,8.298779587584193,4.454524738370473
19123,corn,2022,12,186.3,196.9359326964778,-10.635932696477795,10.635932696477795,5.709035263809874
19125,corn,2022,1,175.2,189.03443944731137,-13.834439447311382,13.834439447311382,7.896369547552159
19125,corn,2022,2,175.2,189.33348617236368,-14.133486172363689,14.133486172363689,8.067058317559184
19125,corn,2022,3,175.2,192.61499987143802,-17.414999871438027,17.414999871438027,9.940068419770565
19125,corn,2022,4,175.2,190.4263855108439,-15.226385510843897,15.226385510843897,8.690859309842407
19125,corn,2022,5,175.2,181.6773499849318,-6.477349984931806,6.477349984931806,3.6971175713081084
19125,corn,2022,6,175.2,184.52267655109557,-9.322676551095583,9.322676551095583,5.321162415008895
19125,corn,2022,7,175.2,186.0625408283459,-10.862540828345914,10.862540828345914,6.200080381475979
19125,corn,2022,8,175.2,188.79021310928457,-13.590213109284576,13.590213109284576,7.756970952788
19125,corn,2022,9,175.2,185.15928550352842,-9.959285503528434,9.959285503528434,5.684523689228558
19125,corn,2022,10,175.2,182.0028519611355,-6.802851961135502,6.802851961135502,3.8829063705111313
19125,corn,2022,11,175.2,181.92090415885593,-6.720904158855944,6.720904158855944,3.8361325107625257
19125,corn,2022,12,175.2,187.19311804329107,-11.993118043291076,11.993118043291076,6.84538701101089
19127,corn,2022,1,214.1,200.55232321352756,13.547676786472437,13.547676786472437,6.327733202462604
19127,corn,2022,2,214.1,193.93441035231268,20.165589647687312,20.165589647687312,9.418771437499911
19127,corn,2022,3,214.1,197.42749698107534,16.672503018924658,16.672503018924658,7.787250359142764
19127,corn,2022,4,214.1,203.3424895330361,10.757510466963907,10.757510466963907,5.024526140571652
19127,corn,2022,5,214.1,205.31766490462027,8.782335095379722,8.782335095379722,4.101978092190435
19127,corn,2022,6,214.1,197.599546274479,16.500453725520998,16.500453725520998,7.706891044148061
19127,corn,2022,7,214.1,192.35181526866734,21.748184731332657,21.748184731332657,10.157956436867192
19127,corn,2022,8,214.1,195.05347850130596,19.046521498694034,19.046521498694034,8.89608664114621
19127,corn,2022,9,214.1,193.16425700800042,20.935742991999575,20.935742991999575,9.77848808594095
19127,corn,2022,10,214.1,186.2602808043349,27.839719195665083,27.839719195665083,13.00313834454231
19127,corn,2022,11,214.1,198.44133067489724,15.65866932510275,15.65866932510275,7.313717573611747
19127,corn,2022,12,214.1,198.23234083390705,15.867659166092949,15.867659166092949,7.411330764172326
19129,corn,2022,1,191.1,191.1515377803793,-0.051537780379305786,0.051537780379305786,0.026969011187496485
19129,corn,2022,2,191.1,194.76291798381203,-3.6629179838120365,3.6629179838120365,1.9167545702836402
19129,corn,2022,3,191.1,193.90318123015282,-2.8031812301528305,2.8031812301528305,1.4668661591589904
19129,corn,2022,4,191.1,198.82142483518857,-7.7214248351885715,7.7214248351885715,4.040515350700456
19129,corn,2022,5,191.1,199.41834219155666,-8.318342191556667,8.318342191556667,4.352873988255713
19129,corn,2022,6,191.1,197.71270158384291,-6.61270158384292,6.61270158384292,3.460335731995249
19129,corn,2022,7,191.1,189.46501132342084,1.6349886765791553,1.6349886765791553,0.855567073039851
19129,corn,2022,8,191.1,193.35636714609834,-2.2563671460983414,2.2563671460983414,1.1807258744627636
19129,corn,2022,9,191.1,189.92853891357043,1.1714610864295594,1.1714610864295594,0.6130094643796753
19129,corn,2022,10,191.1,186.13449303856254,4.965506961437455,4.965506961437455,2.598381455487941
19129,corn,2022,11,191.1,191.18363513453684,-0.08363513453684845,0.08363513453684845,0.04376511488061143
19129,corn,2022,12,191.1,195.57683041869953,-4.476830418699535,4.476830418699535,2.3426637460489457
19131,corn,2022,1,217.9,197.05577920036706,20.84422079963295,20.84422079963295,9.56595722791783
19131,corn,2022,2,217.9,194.27971387884398,23.620286121156028,23.620286121156028,10.839966095069311
19131,corn,2022,3,217.9,197.27897368761143,20.62102631238858,20.62102631238858,9.463527449466994
19131,corn,2022,4,217.9,202.2624889015784,15.637511098421612,15.637511098421612,7.176462183763934
19131,corn,2022,5,217.9,203.21497795397661,14.685022046023391,14.685022046023391,6.7393400853709915
19131,corn,2022,6,217.9,205.47751043907664,12.422489560923367,12.422489560923367,5.701004846683509
19131,corn,2022,7,217.9,189.6065101518079,28.29348984819211,28.29348984819211,12.984621316288255
19131,corn,2022,8,217.9,198.5968905091183,19.303109490881695,19.303109490881695,8.85870100545282
19131,corn,2022,9,217.9,198.64022555235394,19.259774447646066,19.259774447646066,8.83881342250852
19131,corn,2022,10,217.9,183.7147615408141,34.18523845918591,34.18523845918591,15.688498604491011
19131,corn,2022,11,217.9,197.08155135374258,20.818448646257423,20.818448646257423,9.554129713748244
19131,corn,2022,12,217.9,197.0104539235609,20.889546076439103,20.889546076439103,9.586758181018403
19133,corn,2022,1,168.6,197.75107240790118,-29.151072407901182,29.151072407901182,17.29007853374922
19133,corn,2022,2,168.6,195.72257183661745,-27.122571836617453,27.122571836617453,16.086934659915453
19133,corn,2022,3,168.6,199.14258013531472,-30.542580135314722,30.542580135314722,18.115409332926884
19133,corn,2022,4,168.6,199.03974929980006,-30.43974929980007,30.43974929980007,18.054418327283553
19133,corn,2022,5,168.6,197.07049448078652,-28.470494480786527,28.470494480786527,16.886414282791534
19133,corn,2022,6,168.6,197.12065647074147,-28.52065647074147,28.52065647074147,16.91616635275295
19133,corn,2022,7,168.6,185.94744248043745,-17.34744248043745,17.34744248043745,10.289111791481288
19133,corn,2022,8,168.6,193.13116521345296,-24.531165213452965,24.531165213452965,14.549920055428805
19133,corn,2022,9,168.6,187.8193031384591,-19.21930313845911,19.21930313845911,11.399349429691052
19133,corn,2022,10,168.6,188.33014395459384,-19.730143954593842,19.730143954593842,11.702339237600144
19133,corn,2022,11,168.6,192.50674339886345,-23.906743398863455,23.906743398863455,14.1795631072737
19133,corn,2022,12,168.6,196.8251198490083,-28.22511984900831,28.22511984900831,16.740877727762935
19135,corn,2022,1,145.4,185.62079969735788,-40.220799697357876,40.220799697357876,27.66217310684861
19135,corn,2022,2,145.4,188.23541601985318,-42.83541601985317,42.83541601985317,29.460396162209886
19135,corn,2022,3,145.4,190.31247889577358,-44.912478895773575,44.912478895773575,30.88891258306298
19135,corn,2022,4,145.4,190.1896008131126,-44.7896008131126,44.7896008131126,30.8044022098436
19135,corn,2022,5,145.4,176.95438416975108,-31.554384169751074,31.554384169751074,21.701777283185056
19135,corn,2022,6,145.4,182.9097376283339,-37.50973762833388,37.50973762833388,25.79761872650198
19135,corn,2022,7,145.4,192.48844625221435,-47.08844625221434,47.08844625221434,32.38545134265085
19135,corn,2022,8,145.4,190.95636887161896,-45.55636887161896,45.55636887161896,31.331753006615514
19135,corn,2022,9,145.4,186.70070829867456,-41.30070829867455,41.30070829867455,28.40488878863449
19135,corn,2022,10,145.4,184.43913996987155,-39.03913996987154,39.03913996987154,26.84947728326791
19135,corn,2022,11,145.4,181.42745234961276,-36.02745234961276,36.02745234961276,24.77816530234715
19135,corn,2022,12,145.4,181.3344035112746,-35.93440351127458,35.93440351127458,24.714170227836714
19137,corn,2022,1,187.8,190.8943490500501,-3.0943490500500843,3.0943490500500843,1.6476832002396615
19137,corn,2022,2,187.8,193.6704032834521,-5.870403283452077,5.870403283452077,3.125880342626239
19137,corn,2022,3,187.8,195.22679809009418,-7.426798090094167,7.426798090094167,3.954631570870163
19137,corn,2022,4,187.8,202.20773075288105,-14.407730752881037,14.407730752881037,7.671848111225259
19137,corn,2022,5,187.8,192.03366804979666,-4.233668049796648,4.233668049796648,2.254349334290015
19137,corn,2022,6,187.8,192.12420780670337,-4.324207806703356,4.324207806703356,2.3025600674671756
19137,corn,2022,7,187.8,187.99515626570744,-0.19515626570742484,0.19515626570742484,0.1039170743916
19137,corn,2022,8,187.8,194.06685734741578,-6.266857347415765,6.266857347415765,3.3369847430328883
19137,corn,2022,9,187.8,190.4867761919057,-2.686776191905693,2.686776191905693,1.430658249151061
19137,corn,2022,10,187.8,185.67825109312136,2.1217489068786506,2.1217489068786506,1.1297917502016244
19137,corn,2022,11,187.8,188.97276306164733,-1.1727630616473164,1.1727630616473164,0.6244744737206157
19137,corn,2022,12,187.8,190.56459565272192,-2.7645956527219084,2.7645956527219084,1.4720956617262557
19139,corn,2022,1,213.1,188.20005428612905,24.89994571387095,24.89994571387095,11.684629617020624
19139,corn,2022,2,213.1,188.29893345407328,24.801066545926716,24.801066545926716,11.638229256652611
19139,corn,2022,3,213.1,187.90213086468802,25.197869135311976,25.197869135311976,11.824434132009374
19139,corn,2022,4,213.1,185.0369118003971,28.063088199602902,28.063088199602902,13.168976161240217
19139,corn,2022,5,213.1,189.32811511797354,23.771884882026455,23.771884882026455,11.155272117328229
19139,corn,2022,6,213.1,189.31809818363115,23.781901816368844,23.781901816368844,11.159972696559759
19139,corn,2022,7,213.1,191.71738991448714,21.38261008551285,21.38261008551285,10.034073245196083
19139,corn,2022,8,213.1,196.5215300226332,16.578469977366808,16.578469977366808,7.779666812466828
19139,corn,2022,9,213.1,193.13725424713178,19.962745752868216,19.962745752868216,9.367783084405545
19139,corn,2022,10,213.1,186.01486356858027,27.085136431419727,27.085136431419727,12.710059329619769
19139,corn,2022,11,213.1,184.14321833778456,28.956781662215434,28.956781662215434,13.588353665985656
19139,corn,2022,12,213.1,187.76894660286288,25.33105339713711,25.33105339713711,11.886932612452892
19141,corn,2022,1,201.2,204.41218411539194,-3.212184115391949,3.212184115391949,1.5965129798170723
19141,corn,2022,2,201.2,189.87960796225804,11.320392037741954,11.320392037741954,5.626437394503953
19141,corn,2022,3,201.2,203.32996105188298,-2.1299610518829866,2.1299610518829866,1.0586287534209675
19141,corn,2022,4,201.2,204.39142949319762,-3.1914294931976315,3.1914294931976315,1.5861975612314272
19141,corn,2022,5,201.2,205.41100960551054,-4.211009605510554,4.211009605510554,2.092947120035067
19141,corn,2022,6,201.2,209.63711526418584,-8.437115264185849,8.437115264185849,4.1933972486013165
19141,corn,2022,7,201.2,187.39514313325486,13.804856866745126,13.804856866745126,6.8612608681635825
19141,corn,2022,8,201.2,198.8651379058035,2.3348620941964953,2.3348620941964953,1.1604682376722144
19141,corn,2022,9,201.2,194.85641770623533,6.343582293764655,6.343582293764655,3.152873903461558
19141,corn,2022,10,201.2,189.74018618552392,11.459813814476064,11.459813814476064,5.695732512165042
19141,corn,2022,11,201.2,204.30808869031236,-3.1080886903123712,3.1080886903123712,1.544775691010125
19141,corn,2022,12,201.2,201.80982009127794,-0.6098200912779532,0.6098200912779532,0.3030914966590225
19143,corn,2022,1,197.6,199.4586754206523,-1.858675420652304,1.858675420652304,0.9406252128807207
19143,corn,2022,2,197.6,190.7158383212439,6.884161678756101,6.884161678756101,3.4838874892490392
19143,corn,2022,3,197.6,200.9873873229711,-3.387387322971108,3.387387322971108,1.7142648395602773
19143,corn,2022,4,197.6,202.27090167963485,-4.670901679634852,4.670901679634852,2.363816639491322
19143,corn,2022,5,197.6,204.98909297240752,-7.389092972407525,7.389092972407525,3.7394195204491525
19143,corn,2022,6,197.6,209.7830631096348,-12.183063109634816,12.183063109634816,6.165517768033814
19143,corn,2022,7,197.6,185.5349960532296,12.06500394677039,12.06500394677039,6.105771228122666
19143,corn,2022,8,197.6,199.73552703594544,-2.1355270359454437,2.1355270359454437,1.0807323056404068
19143,corn,2022,9,197.6,194.47549359866943,3.1245064013305637,3.1245064013305637,1.5812279358960342
19143,corn,2022,10,197.6,186.48611576872418,11.113884231275819,11.113884231275819,5.624435339714483
19143,corn,2022,11,197.6,205.3163237211913,-7.716323721191316,7.716323721191316,3.9050221261089653
19143,corn,2022,12,197.6,200.70788397943076,-3.107883979430767,3.107883979430767,1.5728157790641535
19145,corn,2022,1,174.5,192.9254180198177,-18.425418019817698,18.425418019817698,10.558978807918452
19145,corn,2022,2,174.5,193.92651073433808,-19.42651073433808,19.42651073433808,11.132670907930132
19145,corn,2022,3,174.5,197.2935233518296,-22.793523351829606,22.793523351829606,13.062191032567108
19145,corn,2022,4,174.5,198.28076531247933,-23.780765312479332,23.780765312479332,13.627945737810505
19145,corn,2022,5,174.5,187.44320270571146,-12.943202705711457,12.943202705711457,7.417308140808858
19145,corn,2022,6,174.5,194.45914682666293,-19.95914682666293,19.95914682666293,11.437906490924316
19145,corn,2022,7,174.5,188.5210733379714,-14.021073337971387,14.021073337971387,8.034999047548073
19145,corn,2022,8,174.5,194.10605098446598,-19.60605098446598,19.60605098446598,11.235559303418901
19145,corn,2022,9,174.5,188.36649634538765,-13.866496345387645,13.866496345387645,7.946416243775155
19145,corn,2022,10,174.5,184.4555857843544,-9.955585784354412,9.955585784354412,5.705206753211697
19145,corn,2022,11,174.5,187.76486735626418,-13.264867356264176,13.264867356264176,7.601643184105546
19145,corn,2022,12,174.5,189.4229700169732,-14.92297001697321,14.92297001697321,8.55184528193307
19147,corn,2022,1,195.9,192.9836785600698,2.916321439930215,2.916321439930215,1.4886786319194563
19147,corn,2022,2,195.9,196.74254133403096,-0.8425413340309547,0.8425413340309547,0.43008745994433617
19147,corn,2022,3,195.9,193.41605183999062,2.4839481600093904,2.4839481600093904,1.2679674119496633
19147,corn,2022,4,195.9,199.76065242033525,-3.860652420335242,3.860652420335242,1.9707260951175303
19147,corn,2022,5,195.9,202.4765877706376,-6.5765877706375875,6.5765877706375875,3.3571147374362362
19147,corn,2022,6,195.9,201.84442853221637,-5.944428532216364,5.944428532216364,3.0344198735152443
19147,corn,2022,7,195.9,183.21487799535666,12.685122004643347,12.685122004643347,6.475304749690325
19147,corn,2022,8,195.9,197.3926031162803,-1.4926031162802929,1.4926031162802929,0.7619209373559432
19147,corn,2022,9,195.9,193.44742712953374,2.4525728704662697,2.4525728704662697,1.251951439747968
19147,corn,2022,10,195.9,184.96335236283707,10.936647637162935,10.936647637162935,5.582770616213851
19147,corn,2022,11,195.9,199.4902066209088,-3.5902066209087877,3.5902066209087877,1.832673109192847
19147,corn,2022,12,195.9,192.35547251639164,3.5445274836083627,3.5445274836083627,1.809355530172722
19149,corn,2022,1,171.8,204.19988046651386,-32.39988046651385,32.39988046651385,18.859068956061613
19149,corn,2022,2,171.8,203.186002331409,-31.386002331408974,31.386002331408974,18.26891870279917
19149,corn,2022,3,171.8,205.8056414170796,-34.0056414170796,34.0056414170796,19.793737728218627
19149,corn,2022,4,171.8,205.64800323464888,-33.84800323464887,33.84800323464887,19.701980928200737
19149,corn,2022,5,171.8,204.77576619152944,-32.97576619152943,32.97576619152943,19.194276013695827
19149,corn,2022,6,171.8,205.35650908149063,-33.55650908149062,33.55650908149062,19.532310291903734
19149,corn,2022,7,171.8,188.12706667251703,-16.32706667251702,16.32706667251702,9.503531241278823
19149,corn,2022,8,171.8,194.09745179925184,-22.29745179925183,22.29745179925183,12.978726309226909
19149,corn,2022,9,171.8,189.1584089177767,-17.3584089177767,17.3584089177767,10.103846867157566
19149,corn,2022,10,171.8,192.7079640584374,-20.907964058437386,20.907964058437386,12.169944155085789
19149,corn,2022,11,171.8,202.5956729793802,-30.795672979380186,30.795672979380186,17.925304411746325
19149,corn,2022,12,171.8,199.15793170262228,-27.357931702622267,27.357931702622267,15.924290862993171
19151,corn,2022,1,198.3,194.4641137655023,3.835886234497707,3.835886234497707,1.9343853930901194
19151,corn,2022,2,198.3,194.57259806066887,3.727401939331145,3.727401939331145,1.879678234660184
19151,corn,2022,3,198.3,196.43191866813743,1.8680813318625837,1.8680813318625837,0.9420480745650951
19151,corn,2022,4,198.3,201.32131466134481,-3.021314661344803,3.021314661344803,1.52360799866102
19151,corn,2022,5,198.3,204.46106129471275,-6.161061294712738,6.161061294712738,3.106939634247472
19151,corn,2022,6,198.3,206.6321251399187,-8.332125139918702,8.332125139918702,4.201777680241403
19151,corn,2022,7,198.3,185.40633763014088,12.893662369859129,12.893662369859129,6.502099026656142
19151,corn,2022,8,198.3,196.67015843569473,1.6298415643052806,1.6298415643052806,0.8219069915810794
19151,corn,2022,9,198.3,192.92007991100408,5.379920088995931,5.379920088995931,2.713020720623263
19151,corn,2022,10,198.3,193.19702448399056,5.102975516009451,5.102975516009451,2.573361329303808
19151,corn,2022,11,198.3,202.97739425342274,-4.677394253422733,4.677394253422733,2.358746471720995
19151,corn,2022,12,198.3,199.68629928240097,-1.3862992824009552,1.3862992824009552,0.6990919225420853
19153,corn,2022,1,188.6,188.30463365239964,0.29536634760034985,0.29536634760034985,0.15660994040315473
19153,corn,2022,2,188.6,190.35993013026393,-1.759930130263939,1.759930130263939,0.9331548940954077
19153,corn,2022,3,188.6,191.30879556345303,-2.7087955634530374,2.7087955634530374,1.4362648798796593
19153,corn,2022,4,188.6,189.71471986376454,-1.1147198637645488,1.1147198637645488,0.591049768698064
19153,corn,2022,5,188.6,184.54494842142245,4.055051578577547,4.055051578577547,2.150080370401669
19153,corn,2022,6,188.6,187.58998977642264,1.0100102235773534,1.0100102235773534,0.5355303412393179
19153,corn,2022,7,188.6,184.41245923187373,4.187540768126269,4.187540768126269,2.2203291453479683
19153,corn,2022,8,188.6,186.828819560456,1.771180439543997,1.771180439543997,0.93912006338494
19153,corn,2022,9,188.6,187.36174582828804,1.238254171711958,1.238254171711958,0.6565504622014624
19153,corn,2022,10,188.6,186.73151487478515,1.8684851252148462,1.8684851252148462,0.9907132159145525
19153,corn,2022,11,188.6,185.6196234766512,2.980376523348781,2.980376523348781,1.5802632679473918
19153,corn,2022,12,188.6,185.6249667156754,2.9750332843245815,2.9750332843245815,1.5774301613597992
19155,corn,2022,1,195.0,196.48276812823107,-1.482768128231072,1.482768128231072,0.7603939119133702
19155,corn,2022,2,195.0,193.72168784592404,1.2783121540759623,1.2783121540759623,0.6555446943979294
19155,corn,2022,3,195.0,192.94027251952443,2.0597274804755727,2.0597274804755727,1.056270502807986
19155,corn,2022,4,195.0,200.1114140046593,-5.111414004659309,5.111414004659309,2.621237951107338
19155,corn,2022,5,195.0,199.2612186981602,-4.2612186981602065,4.2612186981602065,2.185240358030875
19155,corn,2022,6,195.0,195.4644038979509,-0.46440389795088777,0.46440389795088777,0.23815584510301938
19155,corn,2022,7,195.0,189.31160727515453,5.688392724845471,5.688392724845471,2.9171244742797287
19155,corn,2022,8,195.0,193.7619502124262,1.2380497875738001,1.2380497875738001,0.6348973269609232
19155,corn,2022,9,195.0,188.39604743948283,6.603952560517172,6.603952560517172,3.3866423387267552
19155,corn,2022,10,195.0,186.42252857395593,8.57747142604407,8.57747142604407,4.398703295407215
19155,corn,2022,11,195.0,196.56854314293037,-1.5685431429303662,1.5685431429303662,0.8043810989386493
19155,corn,2022,12,195.0,204.65403835488794,-9.654038354887945,9.654038354887945,4.950788899942536
19157,corn,2022,1,193.3,197.09753099866987,-3.797530998669856,3.797530998669856,1.964578892224447
19157,corn,2022,2,193.3,193.7028814375293,-0.4028814375292882,0.4028814375292882,0.20842288542642948
19157,corn,2022,3,193.3,196.44791026295357,-3.147910262953559,3.147910262953559,1.6285102239801132
19157,corn,2022,4,193.3,196.32503218029257,-3.0250321802925555,3.0250321802925555,1.5649416349159624
19157,corn,2022,5,193.3,201.2961313525406,-7.996131352540601,7.996131352540601,4.136643224283808
19157,corn,2022,6,193.3,192.07802316639638,1.2219768336036338,1.2219768336036338,0.6321659770324024
19157,corn,2022,7,193.3,192.46799409993037,0.832005900069646,0.832005900069646,0.4304220900515499
19157,corn,2022,8,193.3,191.7214417605152,1.5785582394848063,1.5785582394848063,0.8166364404991238
19157,corn,2022,9,193.3,187.32470920129288,5.975290798707135,5.975290798707135,3.09120062012785
19157,corn,2022,10,193.3,186.29310965204368,7.006890347956329,7.006890347956329,3.6248786073235015
19157,corn,2022,11,193.3,200.95357485381265,-7.653574853812643,7.653574853812643,3.9594282740882787
19157,corn,2022,12,193.3,200.89628849842035,-7.596288498420336,7.596288498420336,3.9297922909572347
19159,corn,2022,1,151.8,181.3334222242568,-29.533422224256782,29.533422224256782,19.455482361170475
19159,corn,2022,2,151.8,190.40803006048932,-38.60803006048931,38.60803006048931,25.43348488833288
19159,corn,2022,3,151.8,192.3631731303278,-40.56317313032778,40.56317313032778,26.721457925117114
19159,corn,2022,4,151.8,182.18268291627473,-30.382682916274717,30.382682916274717,20.01494263259204
19159,corn,2022,5,151.8,181.19975785329785,-29.399757853297842,29.399757853297842,19.367429415874728
19159,corn,2022,6,151.8,187.12326587379252,-35.32326587379251,35.32326587379251,23.269608612511533
19159,corn,2022,7,151.8,189.3063118451308,-37.506311845130796,37.506311845130796,24.707715312997887
19159,corn,2022,8,151.8,188.37290087098813,-36.57290087098812,36.57290087098812,24.0928200731147
19159,corn,2022,9,151.8,185.94366815335457,-34.143668153354554,34.143668153354554,22.49253501538508
19159,corn,2022,10,151.8,185.61776286741645,-33.817762867416434,33.817762867416434,22.27784115113072
19159,corn,2022,11,151.8,184.32851916837052,-32.52851916837051,32.52851916837051,21.428537001561597
19159,corn,2022,12,151.8,181.40104623814693,-29.60104623814692,29.60104623814692,19.50003045991233
19161,corn,2022,1,212.4,202.8595888820675,9.540411117932507,9.540411117932507,4.491718982077451
19161,corn,2022,2,212.4,190.78797728874528,21.612022711254724,21.612022711254724,10.175151935618985
19161,corn,2022,3,212.4,204.3079039375599,8.092096062440106,8.092096062440106,3.809838070828675
19161,corn,2022,4,212.4,203.60258255295287,8.797417447047138,8.797417447047138,4.141910285803737
19161,corn,2022,5,212.4,205.05873450177478,7.341265498225226,7.341265498225226,3.456339688429956
19161,corn,2022,6,212.4,203.45616537315615,8.943834626843852,8.943834626843852,4.210844927892586
19161,corn,2022,7,212.4,186.85801774522992,25.54198225477009,25.54198225477009,12.025415374185542
19161,corn,2022,8,212.4,197.63706312836834,14.762936871631666,14.762936871631666,6.950535250297395
19161,corn,2022,9,212.4,194.24614249736865,18.153857502631354,18.153857502631354,8.547013890127756
19161,corn,2022,10,212.4,187.44569654406936,24.954303455930642,24.954303455930642,11.74873044064531
19161,corn,2022,11,212.4,204.78671505884026,7.613284941159748,7.613284941159748,3.5844091060074144
19161,corn,2022,12,212.4,202.08439241186613,10.315607588133872,10.315607588133872,4.856689071626117
19163,corn,2022,1,216.2,189.15733569582173,27.04266430417826,27.04266430417826,12.508170353458956
19163,corn,2022,2,216.2,188.06180795263037,28.138192047369614,28.138192047369614,13.014889938653845
19163,corn,2022,3,216.2,183.80358230906577,32.396417690934214,32.396417690934214,14.984467017083356
19163,corn,2022,4,216.2,182.65665956410973,33.54334043589026,33.54334043589026,15.514958573492258
19163,corn,2022,5,216.2,188.29649374172496,27.90350625827503,27.90350625827503,12.906339619923695
19163,corn,2022,6,216.2,190.32739136589225,25.872608634107735,25.872608634107735,11.96697901670108
19163,corn,2022,7,216.2,190.14926440947238,26.05073559052761,26.05073559052761,12.049368913287516
19163,corn,2022,8,216.2,193.7607056525438,22.439294347456183,22.439294347456183,10.378952057102769
19163,corn,2022,9,216.2,193.15135279772406,23.04864720227593,23.04864720227593,10.66079889096944
19163,corn,2022,10,216.2,184.9049199221777,31.29508007782229,31.29508007782229,14.475060165505225
19163,corn,2022,11,216.2,184.1103205334529,32.089679466547096,32.089679466547096,14.842589947524095
19163,corn,2022,12,216.2,186.80154490492504,29.39845509507495,29.39845509507495,13.59780531687093
19165,corn,2022,1,209.0,200.28594427795932,8.714055722040683,8.714055722040683,4.169404651694107
19165,corn,2022,2,209.0,191.37833075866044,17.62166924133956,17.62166924133956,8.431420689636154
19165,corn,2022,3,209.0,205.10071844901822,3.899281550981783,3.899281550981783,1.8656849526228627
19165,corn,2022,4,209.0,206.94765315443627,2.052346845563733,2.052346845563733,0.981984136633365
19165,corn,2022,5,209.0,208.54065238237575,0.45934761762424614,0.45934761762424614,0.21978354910251013
19165,corn,2022,6,209.0,203.0580587923966,5.941941207603406,5.941941207603406,2.843034070623639
19165,corn,2022,7,209.0,188.66272206046148,20.337277939538524,20.337277939538524,9.73075499499451
19165,corn,2022,8,209.0,200.11090177924152,8.889098220758484,8.889098220758484,4.253157043425112
19165,corn,2022,9,209.0,191.16664141651788,17.833358583482124,17.833358583482124,8.532707456211543
19165,corn,2022,10,209.0,186.17297894967425,22.827021050325754,22.827021050325754,10.922019641304189
19165,corn,2022,11,209.0,202.7465254231324,6.253474576867603,6.253474576867603,2.9920930989797148
19165,corn,2022,12,209.0,205.25133269922344,3.7486673007765603,3.7486673007765603,1.793620718074909
19167,corn,2022,1,196.9,204.56105382215333,-7.66105382215332,7.66105382215332,3.8908348512713666
19167,corn,2022,2,196.9,201.71197536060748,-4.811975360607477,4.811975360607477,2.4438676285462044
19167,corn,2022,3,196.9,204.57035059752891,-7.670350597528909,7.670350597528909,3.8955564233260076
19167,corn,2022,4,196.9,205.2286167908618,-8.328616790861787,8.328616790861787,4.229871402164442
19167,corn,2022,5,196.9,205.77390719114695,-8.873907191146941,8.873907191146941,4.506809137200071
19167,corn,2022,6,196.9,206.07049515999398,-9.170495159993976,9.170495159993976,4.6574378669344725
19167,corn,2022,7,196.9,188.7817144935731,8.1182855064269,8.1182855064269,4.123050028657644
19167,corn,2022,8,196.9,197.3270681442759,-0.4270681442758928,0.4270681442758928,0.21689595951035692
19167,corn,2022,9,196.9,193.53422751362794,3.365772486372066,3.365772486372066,1.709381658898967
19167,corn,2022,10,196.9,193.49847467810105,3.4015253218989585,3.4015253218989585,1.7275395235647326
19167,corn,2022,11,196.9,205.47096440118113,-8.57096440118113,8.57096440118113,4.352952971651158
19167,corn,2022,12,196.9,200.52394425839663,-3.6239442583966195,3.6239442583966195,1.8404998772964039
19169,corn,2022,1,207.1,198.13171285534779,8.968287144652209,8.968287144652209,4.330413879600294
19169,corn,2022,2,207.1,195.37067299387385,11.729327006126141,11.729327006126141,5.663605507545215
19169,corn,2022,3,207.1,196.86893973963615,10.231060260363847,10.231060260363847,4.940154640446088
19169,corn,2022,4,207.1,201.4199532049633,5.680046795036702,5.680046795036702,2.7426590029148734
19169,corn,2022,5,207.1,199.6637520108711,7.436247989128901,7.436247989128901,3.5906557166242887
19169,corn,2022,6,207.1,195.52367116937347,11.576328830626522,11.576328830626522,5.589729034585477
19169,corn,2022,7,207.1,189.970122770204,17.129877229795994,17.129877229795994,8.271307208979234
19169,corn,2022,8,207.1,192.90675233394234,14.193247666057658,14.193247666057658,6.853330596840975
19169,corn,2022,9,207.1,191.871401052787,15.228598947212987,15.228598947212987,7.353258786679376
19169,corn,2022,10,207.1,185.44827614551943,21.651723854480565,21.651723854480565,10.454719388933157
19169,corn,2022,11,207.1,199.6997034149328,7.400296585067196,7.400296585067196,3.5732962747789454
19169,corn,2022,12,207.1,198.00633572635894,9.093664273641053,9.093664273641053,4.3909532948532375
19171,corn,2022,1,203.3,193.98330634893267,9.31669365106734,9.31669365106734,4.582731751631745
19171,corn,2022,2,203.3,193.31185088992473,9.988149110075284,9.988149110075284,4.913009891822569
19171,corn,2022,3,203.3,195.68134549032652,7.61865450967349,7.61865450967349,3.7474936102673344
19171,corn,2022,4,203.3,195.55846740766552,7.741532592334494,7.741532592334494,3.807935362682977
19171,corn,2022,5,203.3,200.09954441268363,3.200455587316384,3.200455587316384,1.5742526253400804
19171,corn,2022,6,203.3,196.33554380685405,6.964456193145963,6.964456193145963,3.4257039808883243
19171,corn,2022,7,203.3,190.6366730525211,12.663326947478907,12.663326947478907,6.228886840865178
19171,corn,2022,8,203.3,194.2807549973532,9.019245002646812,9.019245002646812,4.436421545817418
19171,corn,2022,9,203.3,190.67808004773406,12.621919952265955,12.621919952265955,6.208519405935049
19171,corn,2022,10,203.3,185.32967586756766,17.970324132432353,17.970324132432353,8.839313395195452
19171,corn,2022,11,203.3,195.86676756545464,7.433232434545374,7.433232434545374,3.6562874739524713
19171,corn,2022,12,203.3,194.9068204999009,8.393179500099109,8.393179500099109,4.12846999512991
19173,corn,2022,1,172.1,185.8229204628167,-13.722920462816717,13.722920462816717,7.973806195709889
19173,corn,2022,2,172.1,192.4525424221155,-20.352542422115505,20.352542422115505,11.825997921043292
19173,corn,2022,3,172.1,196.18820878297313,-24.08820878297314,24.08820878297314,13.996634969769403
19173,corn,2022,4,172.1,189.50069365623273,-17.400693656232733,17.400693656232733,10.11080398386562
19173,corn,2022,5,172.1,186.21526623620068,-14.115266236200682,14.115266236200682,8.201781659616898
19173,corn,2022,6,172.1,190.43200149046802,-18.33200149046803,18.33200149046803,10.651947408755392
19173,corn,2022,7,172.1,188.43808943388115,-16.33808943388115,16.33808943388115,9.493369804695615
19173,corn,2022,8,172.1,192.71770067872768,-20.617700678727687,20.617700678727687,11.980070121282793
19173,corn,2022,9,172.1,187.85003111647077,-15.75003111647078,15.75003111647078,9.15167409440487
19173,corn,2022,10,172.1,185.1030451852349,-13.003045185234896,13.003045185234896,7.555517248829109
19173,corn,2022,11,172.1,185.7817462273831,-13.681746227383115,13.681746227383115,7.949881596387633
19173,corn,2022,12,172.1,186.02257200222095,-13.92257200222096,13.92257200222096,8.089815224997652
19175,corn,2022,1,149.4,183.47993162906948,-34.07993162906948,34.07993162906948,22.811199216244628
19175,corn,2022,2,149.4,190.81155414648072,-41.41155414648071,41.41155414648071,27.718577072610916
19175,corn,2022,3,149.4,195.19411456559138,-45.79411456559137,45.79411456559137,30.65201778152033
19175,corn,2022,4,149.4,187.31357763994228,-37.913577639942275,37.913577639942275,25.37722733597207
19175,corn,2022,5,149.4,183.6686791040494,-34.2686791040494,34.2686791040494,22.937536214223154
19175,corn,2022,6,149.4,189.57291508212958,-40.17291508212958,40.17291508212958,26.889501393661032
19175,corn,2022,7,149.4,185.36649825302794,-35.966498253027936,35.966498253027936,24.073961347408257
19175,corn,2022,8,149.4,187.00243720199305,-37.60243720199304,37.60243720199304,25.16896733734474
19175,corn,2022,9,149.4,186.8235113068455,-37.423511306845484,37.423511306845484,25.04920435531826
19175,corn,2022,10,149.4,185.04113546308008,-35.641135463080076,35.641135463080076,23.856181702195496
19175,corn,2022,11,149.4,185.93073601734804,-36.53073601734803,36.53073601734803,24.451630533700154
19175,corn,2022,12,149.4,185.7778612349344,-36.377861234934386,36.377861234934386,24.349304708791422
19177,corn,2022,1,151.9,187.90655689023708,-36.00655689023708,36.00655689023708,23.704119085080364
19177,corn,2022,2,151.9,189.58245795116946,-37.682457951169454,37.682457951169454,24.807411422758033
19177,corn,2022,3,151.9,186.37209458127856,-34.472094581278554,34.472094581278554,22.693939816509907
19177,corn,2022,4,151.9,182.5556576584106,-30.655657658410604,30.655657658410604,20.181473112844373
19177,corn,2022,5,151.9,177.88280125248752,-25.98280125248752,25.98280125248752,17.105201614540828
19177,corn,2022,6,151.9,183.08759591815243,-31.187595918152425,31.187595918152425,20.53166288225966
19177,corn,2022,7,151.9,190.329357033973,-38.42935703397299,38.42935703397299,25.29911588806649
19177,corn,2022,8,151.9,190.83147324127052,-38.93147324127051,38.93147324127051,25.629672969895
19177,corn,2022,9,151.9,185.40922167153502,-33.509221671535016,33.509221671535016,22.06005376664583
19177,corn,2022,10,151.9,184.82669842323986,-32.926698423239856,32.926698423239856,21.67656249061215
19177,corn,2022,11,151.9,184.099154538077,-32.19915453807698,32.19915453807698,21.197600090899922
19177,corn,2022,12,151.9,182.85944832287387,-30.959448322873868,30.959448322873868,20.381466967000573
19179,corn,2022,1,170.8,189.24793295630772,-18.44793295630771,18.44793295630771,10.800897515402639
19179,corn,2022,2,170.8,188.52382077850388,-17.723820778503864,17.723820778503864,10.376944249709522
19179,corn,2022,3,170.8,190.04822099236668,-19.24822099236667,19.24822099236667,11.269450229722873
19179,corn,2022,4,170.8,189.34923423851149,-18.549234238511474,18.549234238511474,10.86020739959688
19179,corn,2022,5,170.8,180.84019448149166,-10.040194481491653,10.040194481491653,5.878334005557174
19179,corn,2022,6,170.8,186.7657030274712,-15.965703027471193,15.965703027471193,9.347601304140042
19179,corn,2022,7,170.8,189.57620668687937,-18.776206686879362,18.776206686879362,10.993095249929368
19179,corn,2022,8,170.8,192.41211352965928,-21.61211352965927,21.61211352965927,12.653462253898867
19179,corn,2022,9,170.8,186.67837668614288,-15.878376686142872,15.878376686142872,9.296473469638682
19179,corn,2022,10,170.8,185.847229153673,-15.047229153672987,15.047229153672987,8.809853134468963
19179,corn,2022,11,170.8,186.99046028118622,-16.190460281186205,16.190460281186205,9.47919220209965
19179,corn,2022,12,170.8,184.87276733289363,-14.07276733289362,14.07276733289362,8.239325136354578
19181,corn,2022,1,157.8,187.6494400292447,-29.849440029244676,29.849440029244676,18.915994948824256
19181,corn,2022,2,157.8,189.9274504726509,-32.12745047265088,32.12745047265088,20.359601059981543
19181,corn,2022,3,157.8,191.8745118441599,-34.0745118441599,34.0745118441599,21.59348025612161
19181,corn,2022,4,157.8,186.699320320319,-28.899320320318992,28.899320320318992,18.313891204257914
19181,corn,2022,5,157.8,180.7505604215298,-22.950560421529786,22.950560421529786,14.54408138246501
19181,corn,2022,6,157.8,189.90268719835493,-32.102687198354914,32.102687198354914,20.343908237233784
19181,corn,2022,7,157.8,188.11465375932482,-30.314653759324813,30.314653759324813,19.21080719855818
19181,corn,2022,8,157.8,189.66934908216538,-31.86934908216537,31.86934908216537,20.196038708596557
19181,corn,2022,9,157.8,187.10011841002225,-29.300118410022236,29.300118410022236,18.567882389114217
19181,corn,2022,10,157.8,184.19127951044302,-26.391279510443013,26.391279510443013,16.724511730318763
19181,corn,2022,11,157.8,181.2412123464794,-23.441212346479375,23.441212346479375,14.85501416126703
19181,corn,2022,12,157.8,185.74202153823657,-27.94202153823656,27.94202153823656,17.70723798367336
19183,corn,2022,1,185.7,194.44686816791875,-8.746868167918763,8.746868167918763,4.710214414603534
19183,corn,2022,2,185.7,190.67514187331068,-4.97514187331069,4.97514187331069,2.679128633985294
19183,corn,2022,3,185.7,191.8043263868806,-6.104326386880615,6.104326386880615,3.2871978389233254
19183,corn,2022,4,185.7,187.994183703032,-2.2941837030320187,2.2941837030320187,1.2354247189186962
19183,corn,2022,5,185.7,186.86458028904903,-1.1645802890490415,1.1645802890490415,0.6271299348675508
19183,corn,2022,6,185.7,189.79523098094475,-4.095230980944763,4.095230980944763,2.205294012355823
19183,corn,2022,7,185.7,191.5244045534186,-5.824404553418617,5.824404553418617,3.1364591025409894
19183,corn,2022,8,185.7,194.65965109723942,-8.95965109723943,8.95965109723943,4.824798652256021
19183,corn,2022,9,185.7,190.53705064671146,-4.837050646711475,4.837050646711475,2.6047660994676765
19183,corn,2022,10,185.7,187.44804490926708,-1.7480449092670938,1.7480449092670938,0.9413273609408153
19183,corn,2022,11,185.7,189.02878027164778,-3.328780271647787,3.328780271647787,1.792558035351528
19183,corn,2022,12,185.7,190.5883905622093,-4.88839056220931,4.88839056220931,2.6324127960200916
19185,corn,2022,1,170.1,187.9537789540487,-17.853778954048693,17.853778954048693,10.496048767812283
19185,corn,2022,2,170.1,191.19950122923902,-21.099501229239024,21.099501229239024,12.404174737941814
19185,corn,2022,3,170.1,191.16229963812202,-21.062299638122028,21.062299638122028,12.38230431400472
19185,corn,2022,4,170.1,191.0610575987081,-20.961057598708095,20.961057598708095,12.322785184425689
19185,corn,2022,5,170.1,179.67317484500137,-9.573174845001375,9.573174845001375,5.627968750735671
19185,corn,2022,6,170.1,186.28388525489186,-16.183885254891862,16.183885254891862,9.514335834739484
19185,corn,2022,7,170.1,189.96957023866048,-19.869570238660486,19.869570238660486,11.6811112514171
19185,corn,2022,8,170.1,188.6403576037037,-18.54035760370371,18.54035760370371,10.899681130925169
19185,corn,2022,9,170.1,190.4712798931468,-20.371279893146806,20.371279893146806,11.976061077687717
19185,corn,2022,10,170.1,186.83180866705914,-16.73180866705914,16.73180866705914,9.836454242833122
19185,corn,2022,11,170.1,182.5996689675895,-12.499668967589514,12.499668967589514,7.348423849258974
19185,corn,2022,12,170.1,189.2401900726811,-19.140190072681094,19.140190072681094,11.252316327266957
19187,corn,2022,1,201.5,195.4849014843163,6.01509851568369,6.01509851568369,2.985160553689176
19187,corn,2022,2,201.5,196.5343367198252,4.965663280174795,4.965663280174795,2.464349022419253
19187,corn,2022,3,201.5,194.3531876146651,7.146812385334897,7.146812385334897,3.5468051540123557
19187,corn,2022,4,201.5,200.6011326603289,0.8988673396711135,0.8988673396711135,0.44608800976233925
19187,corn,2022,5,201.5,194.94633521047123,6.553664789528767,6.553664789528767,3.25243910150311
19187,corn,2022,6,201.5,196.27593090261223,5.224069097387769,5.224069097387769,2.5925901227730863
19187,corn,2022,7,201.5,186.3795343414899,15.120465658510113,15.120465658510113,7.503953180402041
19187,corn,2022,8,201.5,197.01639573210232,4.483604267897675,4.483604267897675,2.2251137805943797
19187,corn,2022,9,201.5,193.40523765936683,8.094762340633167,8.094762340633167,4.017251781951944
19187,corn,2022,10,201.5,186.42062067276154,15.079379327238456,15.079379327238456,7.483562941557547
19187,corn,2022,11,201.5,196.9316759198274,4.5683240801726015,4.5683240801726015,2.267158352442978
19187,corn,2022,12,201.5,193.05472105134146,8.44527894865854,8.44527894865854,4.191205433577439
19189,corn,2022,1,217.6,191.26416751467244,26.335832485327558,26.335832485327558,12.102864193624798
19189,corn,2022,2,217.6,197.97644915279042,19.62355084720957,19.62355084720957,9.018175940813222
19189,corn,2022,3,217.6,194.76895100405366,22.831048995946333,22.831048995946333,10.492210016519454
19189,corn,2022,4,217.6,198.23970298751507,19.36029701248492,19.36029701248492,8.897195318237555
19189,corn,2022,5,217.6,198.6133359899257,18.986664010074293,18.986664010074293,8.725488975217965
19189,corn,2022,6,217.6,202.27933903102107,15.320660968978927,15.320660968978927,7.040744930596935
19189,corn,2022,7,217.6,187.6084802026916,29.9915197973084,29.9915197973084,13.78286755391011
19189,corn,2022,8,217.6,197.16917377475656,20.430826225243436,20.430826225243436,9.389166463806726
19189,corn,2022,9,217.6,197.57310530426503,20.026894695734967,20.026894695734967,9.20353616531938
19189,corn,2022,10,217.6,185.13746986822306,32.46253013177693,32.46253013177693,14.918442156147488
19189,corn,2022,11,217.6,198.66172125516525,18.938278744834747,18.938278744834747,8.703253099648322
19189,corn,2022,12,217.6,188.7757679422577,28.824232057742307,28.824232057742307,13.246430173594812
19191,corn,2022,1,212.4,190.87117772701134,21.528822272988663,21.528822272988663,10.135980354514436
19191,corn,2022,2,212.4,190.53915937202953,21.860840627970475,21.860840627970475,10.292297847443727
19191,corn,2022,3,212.4,195.11767353661332,17.28232646338668,17.28232646338668,8.136688542084125
19191,corn,2022,4,212.4,191.31854161196875,21.08145838803125,21.08145838803125,9.925357056511888
19191,corn,2022,5,212.4,190.51075905995629,21.88924094004372,21.88924094004372,10.305668992487627
19191,corn,2022,6,212.4,186.51104970625673,25.888950293743278,25.888950293743278,12.188771324737889
19191,corn,2022,7,212.4,188.34439139850377,24.055608601496232,24.055608601496232,11.325616102399355
19191,corn,2022,8,212.4,191.1163737634096,21.283626236590408,21.283626236590408,10.02053965941168
19191,corn,2022,9,212.4,192.24286770329485,20.157132296705157,20.157132296705157,9.490175280934633
19191,corn,2022,10,212.4,183.15350170453556,29.24649829546445,29.24649829546445,13.769537803890982
19191,corn,2022,11,212.4,182.41463966445835,29.985360335541657,29.985360335541657,14.117401287919801
19191,corn,2022,12,212.4,188.9331135107768,23.466886489223214,23.466886489223214,11.048439966677595
19193,corn,2022,1,200.2,200.64366756150463,-0.4436675615046397,0.4436675615046397,0.22161216858373614
19193,corn,2022,2,200.2,200.23351202501115,-0.033512025011162905,0.033512025011162905,0.016739273232349104
19193,corn,2022,3,200.2,200.63856276204618,-0.43856276204618894,0.43856276204618894,0.21906231870439008
19193,corn,2022,4,200.2,200.66767614794,-0.46767614794001133,0.46767614794001133,0.23360446950050515
19193,corn,2022,5,200.2,200.89958788109976,-0.6995878810997738,0.6995878810997738,0.34944449605383304
19193,corn,2022,6,200.2,198.92463099892234,1.2753690010776495,1.2753690010776495,0.6370474530857391
19193,corn,2022,7,200.2,185.81449519639298,14.385504803607006,14.385504803607006,7.185566834968535
19193,corn,2022,8,200.2,191.4318459140905,8.768154085909487,8.768154085909487,4.379697345609134
19193,corn,2022,9,200.2,191.85280802618544,8.347191973814546,8.347191973814546,4.169426560346926
19193,corn,2022,10,200.2,185.6871599293634,14.5128400706366,14.5128400706366,7.249170864453847
19193,corn,2022,11,200.2,192.04995998730962,8.150040012690368,8.150040012690368,4.070949057287897
19193,corn,2022,12,200.2,197.0759418659347,3.1240581340652795,3.1240581340652795,1.5604685984342055
19195,corn,2022,1,219.5,193.82939144118495,25.670608558815047,25.670608558815047,11.695038067797288
19195,corn,2022,2,219.5,199.91040347307245,19.58959652692755,19.58959652692755,8.924645342563805
19195,corn,2022,3,219.5,195.70390087025322,23.79609912974678,23.79609912974678,10.841047439520173
19195,corn,2022,4,219.5,199.59170034124864,19.90829965875136,19.90829965875136,9.069840391230688
19195,corn,2022,5,219.5,201.62547825877337,17.87452174122663,17.87452174122663,8.143290087119194
19195,corn,2022,6,219.5,200.00951489093183,19.490485109068175,19.490485109068175,8.879492077024226
19195,corn,2022,7,219.5,188.4363984851298,31.063601514870186,31.063601514870186,14.151982466911248
19195,corn,2022,8,219.5,197.53556310379315,21.96443689620685,21.96443689620685,10.006577173670546
19195,corn,2022,9,219.5,196.8461186509915,22.653881349008486,22.653881349008486,10.320674874263547
19195,corn,2022,10,219.5,183.21875106856243,36.281248931437574,36.281248931437574,16.529042793365637
19195,corn,2022,11,219.5,201.7851711626548,17.71482883734521,17.71482883734521,8.070537055738136
19195,corn,2022,12,219.5,191.89558077909683,27.604419220903168,27.604419220903168,12.57604520314495
19197,corn,2022,1,209.7,199.1273624717793,10.572637528220696,10.572637528220696,5.041791858951215
19197,corn,2022,2,209.7,199.5460523632438,10.153947636756186,10.153947636756186,4.84213048963099
19197,corn,2022,3,209.7,192.96279365937363,16.737206340626358,16.737206340626358,7.981500400870939
19197,corn,2022,4,209.7,195.1458350787641,14.554164921235895,14.554164921235895,6.940469681085311
19197,corn,2022,5,209.7,198.80065108377167,10.89934891622832,10.89934891622832,5.197591280986323
19197,corn,2022,6,209.7,201.2783207032908,8.421679296709186,8.421679296709186,4.016060704200852
19197,corn,2022,7,209.7,185.8301861473073,23.869813852692687,23.869813852692687,11.382839223983162
19197,corn,2022,8,209.7,200.283030582636,9.416969417363987,9.416969417363987,4.490686417436331
19197,corn,2022,9,209.7,196.02911924100763,13.670880758992354,13.670880758992354,6.51925644205644
19197,corn,2022,10,209.7,181.2529783249573,28.44702167504269,28.44702167504269,13.565580197922122
19197,corn,2022,11,209.7,202.6778398709728,7.022160129027185,7.022160129027185,3.348669589426412
19197,corn,2022,12,209.7,195.51716267931715,14.182837320682836,14.182837320682836,6.763394048966541
